year,crop_year,province_name,commodity,subcom,month,item,data,unit,data_date,year_ce
2547,2547,อุตรดิตถ์,ทุเรียน,ทุเรียน,มิถุนายน,ร้อยละผลผลิตรายเดือน,23.86,ร้อยละ,2026-07-22,2004
2547,2547,อุตรดิตถ์,ทุเรียน,ทุเรียน,กรกฎาคม,ร้อยละผลผลิตรายเดือน,67.77,ร้อยละ,2026-07-22,2004
2547,2547,อุตรดิตถ์,ทุเรียน,ทุเรียน,สิงหาคม,ร้อยละผลผลิตรายเดือน,8.37,ร้อยละ,2026-07-22,2004
2548,2548,อุตรดิตถ์,ทุเรียน,ทุเรียน,มิถุนายน,ร้อยละผลผลิตรายเดือน,23.86,ร้อยละ,2026-07-22,2005
2548,2548,อุตรดิตถ์,ทุเรียน,ทุเรียน,กรกฎาคม,ร้อยละผลผลิตรายเดือน,67.77,ร้อยละ,2026-07-22,2005
2548,2548,อุตรดิตถ์,ทุเรียน,ทุเรียน,สิงหาคม,ร้อยละผลผลิตรายเดือน,8.37,ร้อยละ,2026-07-22,2005
2549,2549,อุตรดิตถ์,ทุเรียน,ทุเรียน,พฤษภาคม,ร้อยละผลผลิตรายเดือน,11.74,ร้อยละ,2026-07-22,2006
2549,2549,อุตรดิตถ์,ทุเรียน,ทุเรียน,มิถุนายน,ร้อยละผลผลิตรายเดือน,17.76,ร้อยละ,2026-07-22,2006
2549,2549,อุตรดิตถ์,ทุเรียน,ทุเรียน,กรกฎาคม,ร้อยละผลผลิตรายเดือน,19.75,ร้อยละ,2026-07-22,2006
2549,2549,อุตรดิตถ์,ทุเรียน,ทุเรียน,สิงหาคม,ร้อยละผลผลิตรายเดือน,49.36,ร้อยละ,2026-07-22,2006
2549,2549,อุตรดิตถ์,ทุเรียน,ทุเรียน,กันยายน,ร้อยละผลผลิตรายเดือน,1.39,ร้อยละ,2026-07-22,2006
2550,2550,อุตรดิตถ์,ทุเรียน,ทุเรียน,พฤษภาคม,ร้อยละผลผลิตรายเดือน,7.07,ร้อยละ,2026-07-22,2007
2550,2550,อุตรดิตถ์,ทุเรียน,ทุเรียน,มิถุนายน,ร้อยละผลผลิตรายเดือน,11.24,ร้อยละ,2026-07-22,2007
2550,2550,อุตรดิตถ์,ทุเรียน,ทุเรียน,กรกฎาคม,ร้อยละผลผลิตรายเดือน,22.83,ร้อยละ,2026-07-22,2007
2550,2550,อุตรดิตถ์,ทุเรียน,ทุเรียน,สิงหาคม,ร้อยละผลผลิตรายเดือน,34.72,ร้อยละ,2026-07-22,2007
2550,2550,อุตรดิตถ์,ทุเรียน,ทุเรียน,กันยายน,ร้อยละผลผลิตรายเดือน,19.33,ร้อยละ,2026-07-22,2007
2550,2550,อุตรดิตถ์,ทุเรียน,ทุเรียน,ตุลาคม,ร้อยละผลผลิตรายเดือน,4.81,ร้อยละ,2026-07-22,2007
2551,2551,อุตรดิตถ์,ทุเรียน,ทุเรียน,พฤษภาคม,ร้อยละผลผลิตรายเดือน,2.91,ร้อยละ,2026-07-22,2008
2551,2551,อุตรดิตถ์,ทุเรียน,ทุเรียน,มิถุนายน,ร้อยละผลผลิตรายเดือน,7.2,ร้อยละ,2026-07-22,2008
2551,2551,อุตรดิตถ์,ทุเรียน,ทุเรียน,กรกฎาคม,ร้อยละผลผลิตรายเดือน,85.21,ร้อยละ,2026-07-22,2008
2551,2551,อุตรดิตถ์,ทุเรียน,ทุเรียน,สิงหาคม,ร้อยละผลผลิตรายเดือน,4.68,ร้อยละ,2026-07-22,2008
2552,2552,อุตรดิตถ์,ทุเรียน,ทุเรียน,พฤษภาคม,ร้อยละผลผลิตรายเดือน,5.16,ร้อยละ,2026-07-22,2009
2552,2552,อุตรดิตถ์,ทุเรียน,ทุเรียน,มิถุนายน,ร้อยละผลผลิตรายเดือน,13.93,ร้อยละ,2026-07-22,2009
2552,2552,อุตรดิตถ์,ทุเรียน,ทุเรียน,กรกฎาคม,ร้อยละผลผลิตรายเดือน,41.04,ร้อยละ,2026-07-22,2009
2552,2552,อุตรดิตถ์,ทุเรียน,ทุเรียน,สิงหาคม,ร้อยละผลผลิตรายเดือน,27.45,ร้อยละ,2026-07-22,2009
2552,2552,อุตรดิตถ์,ทุเรียน,ทุเรียน,กันยายน,ร้อยละผลผลิตรายเดือน,10.24,ร้อยละ,2026-07-22,2009
2552,2552,อุตรดิตถ์,ทุเรียน,ทุเรียน,ตุลาคม,ร้อยละผลผลิตรายเดือน,2.18,ร้อยละ,2026-07-22,2009
2553,2553,อุตรดิตถ์,ทุเรียน,ทุเรียน,พฤษภาคม,ร้อยละผลผลิตรายเดือน,4.4,ร้อยละ,2026-07-22,2010
2553,2553,อุตรดิตถ์,ทุเรียน,ทุเรียน,มิถุนายน,ร้อยละผลผลิตรายเดือน,9.16,ร้อยละ,2026-07-22,2010
2553,2553,อุตรดิตถ์,ทุเรียน,ทุเรียน,กรกฎาคม,ร้อยละผลผลิตรายเดือน,30.01,ร้อยละ,2026-07-22,2010
2553,2553,อุตรดิตถ์,ทุเรียน,ทุเรียน,สิงหาคม,ร้อยละผลผลิตรายเดือน,40.1,ร้อยละ,2026-07-22,2010
2553,2553,อุตรดิตถ์,ทุเรียน,ทุเรียน,กันยายน,ร้อยละผลผลิตรายเดือน,11.41,ร้อยละ,2026-07-22,2010
2553,2553,อุตรดิตถ์,ทุเรียน,ทุเรียน,ตุลาคม,ร้อยละผลผลิตรายเดือน,4.92,ร้อยละ,2026-07-22,2010
2554,2554,อุตรดิตถ์,ทุเรียน,ทุเรียน,พฤษภาคม,ร้อยละผลผลิตรายเดือน,4.16,ร้อยละ,2026-07-22,2011
2554,2554,อุตรดิตถ์,ทุเรียน,ทุเรียน,มิถุนายน,ร้อยละผลผลิตรายเดือน,10.1,ร้อยละ,2026-07-22,2011
2554,2554,อุตรดิตถ์,ทุเรียน,ทุเรียน,กรกฎาคม,ร้อยละผลผลิตรายเดือน,51.07,ร้อยละ,2026-07-22,2011
2554,2554,อุตรดิตถ์,ทุเรียน,ทุเรียน,สิงหาคม,ร้อยละผลผลิตรายเดือน,24.08,ร้อยละ,2026-07-22,2011
2554,2554,อุตรดิตถ์,ทุเรียน,ทุเรียน,กันยายน,ร้อยละผลผลิตรายเดือน,8.22,ร้อยละ,2026-07-22,2011
2554,2554,อุตรดิตถ์,ทุเรียน,ทุเรียน,ตุลาคม,ร้อยละผลผลิตรายเดือน,2.37,ร้อยละ,2026-07-22,2011
2555,2555,อุตรดิตถ์,ทุเรียน,ทุเรียน,เมษายน,ร้อยละผลผลิตรายเดือน,4.72,ร้อยละ,2026-07-22,2012
2555,2555,อุตรดิตถ์,ทุเรียน,ทุเรียน,พฤษภาคม,ร้อยละผลผลิตรายเดือน,9.0,ร้อยละ,2026-07-22,2012
2555,2555,อุตรดิตถ์,ทุเรียน,ทุเรียน,มิถุนายน,ร้อยละผลผลิตรายเดือน,22.9,ร้อยละ,2026-07-22,2012
2555,2555,อุตรดิตถ์,ทุเรียน,ทุเรียน,กรกฎาคม,ร้อยละผลผลิตรายเดือน,33.31,ร้อยละ,2026-07-22,2012
2555,2555,อุตรดิตถ์,ทุเรียน,ทุเรียน,สิงหาคม,ร้อยละผลผลิตรายเดือน,23.42,ร้อยละ,2026-07-22,2012
2555,2555,อุตรดิตถ์,ทุเรียน,ทุเรียน,กันยายน,ร้อยละผลผลิตรายเดือน,6.65,ร้อยละ,2026-07-22,2012
2556,2556,อุตรดิตถ์,ทุเรียน,ทุเรียน,พฤษภาคม,ร้อยละผลผลิตรายเดือน,3.15,ร้อยละ,2026-07-22,2013
2556,2556,อุตรดิตถ์,ทุเรียน,ทุเรียน,มิถุนายน,ร้อยละผลผลิตรายเดือน,10.41,ร้อยละ,2026-07-22,2013
2556,2556,อุตรดิตถ์,ทุเรียน,ทุเรียน,กรกฎาคม,ร้อยละผลผลิตรายเดือน,58.09,ร้อยละ,2026-07-22,2013
2556,2556,อุตรดิตถ์,ทุเรียน,ทุเรียน,สิงหาคม,ร้อยละผลผลิตรายเดือน,20.92,ร้อยละ,2026-07-22,2013
2556,2556,อุตรดิตถ์,ทุเรียน,ทุเรียน,กันยายน,ร้อยละผลผลิตรายเดือน,7.43,ร้อยละ,2026-07-22,2013
2557,2557,อุตรดิตถ์,ทุเรียน,ทุเรียน,มิถุนายน,ร้อยละผลผลิตรายเดือน,1.01,ร้อยละ,2026-07-22,2014
2557,2557,อุตรดิตถ์,ทุเรียน,ทุเรียน,กรกฎาคม,ร้อยละผลผลิตรายเดือน,13.27,ร้อยละ,2026-07-22,2014
2557,2557,อุตรดิตถ์,ทุเรียน,ทุเรียน,สิงหาคม,ร้อยละผลผลิตรายเดือน,45.88,ร้อยละ,2026-07-22,2014
2557,2557,อุตรดิตถ์,ทุเรียน,ทุเรียน,กันยายน,ร้อยละผลผลิตรายเดือน,30.95,ร้อยละ,2026-07-22,2014
2557,2557,อุตรดิตถ์,ทุเรียน,ทุเรียน,ตุลาคม,ร้อยละผลผลิตรายเดือน,8.89,ร้อยละ,2026-07-22,2014
2558,2558,อุตรดิตถ์,ทุเรียน,ทุเรียน,มิถุนายน,ร้อยละผลผลิตรายเดือน,5.88,ร้อยละ,2026-07-22,2015
2558,2558,อุตรดิตถ์,ทุเรียน,ทุเรียน,กรกฎาคม,ร้อยละผลผลิตรายเดือน,62.16,ร้อยละ,2026-07-22,2015
2558,2558,อุตรดิตถ์,ทุเรียน,ทุเรียน,สิงหาคม,ร้อยละผลผลิตรายเดือน,29.75,ร้อยละ,2026-07-22,2015
2558,2558,อุตรดิตถ์,ทุเรียน,ทุเรียน,กันยายน,ร้อยละผลผลิตรายเดือน,2.21,ร้อยละ,2026-07-22,2015
2559,2559,อุตรดิตถ์,ทุเรียน,ทุเรียน,พฤษภาคม,ร้อยละผลผลิตรายเดือน,4.52,ร้อยละ,2026-07-22,2016
2559,2559,อุตรดิตถ์,ทุเรียน,ทุเรียน,มิถุนายน,ร้อยละผลผลิตรายเดือน,22.43,ร้อยละ,2026-07-22,2016
2559,2559,อุตรดิตถ์,ทุเรียน,ทุเรียน,กรกฎาคม,ร้อยละผลผลิตรายเดือน,71.33,ร้อยละ,2026-07-22,2016
2559,2559,อุตรดิตถ์,ทุเรียน,ทุเรียน,สิงหาคม,ร้อยละผลผลิตรายเดือน,1.3,ร้อยละ,2026-07-22,2016
2559,2559,อุตรดิตถ์,ทุเรียน,ทุเรียน,กันยายน,ร้อยละผลผลิตรายเดือน,0.42,ร้อยละ,2026-07-22,2016
2560,2560,อุตรดิตถ์,ทุเรียน,ทุเรียน,พฤษภาคม,ร้อยละผลผลิตรายเดือน,8.93,ร้อยละ,2026-07-22,2017
2560,2560,อุตรดิตถ์,ทุเรียน,ทุเรียน,มิถุนายน,ร้อยละผลผลิตรายเดือน,20.17,ร้อยละ,2026-07-22,2017
2560,2560,อุตรดิตถ์,ทุเรียน,ทุเรียน,กรกฎาคม,ร้อยละผลผลิตรายเดือน,20.75,ร้อยละ,2026-07-22,2017
2560,2560,อุตรดิตถ์,ทุเรียน,ทุเรียน,สิงหาคม,ร้อยละผลผลิตรายเดือน,20.34,ร้อยละ,2026-07-22,2017
2560,2560,อุตรดิตถ์,ทุเรียน,ทุเรียน,กันยายน,ร้อยละผลผลิตรายเดือน,14.65,ร้อยละ,2026-07-22,2017
2560,2560,อุตรดิตถ์,ทุเรียน,ทุเรียน,ตุลาคม,ร้อยละผลผลิตรายเดือน,10.63,ร้อยละ,2026-07-22,2017
2560,2560,อุตรดิตถ์,ทุเรียน,ทุเรียน,พฤศจิกายน,ร้อยละผลผลิตรายเดือน,4.53,ร้อยละ,2026-07-22,2017
2561,2561,อุตรดิตถ์,ทุเรียน,ทุเรียน,มีนาคม,ร้อยละผลผลิตรายเดือน,2.31,ร้อยละ,2026-07-22,2018
2561,2561,อุตรดิตถ์,ทุเรียน,ทุเรียน,เมษายน,ร้อยละผลผลิตรายเดือน,2.87,ร้อยละ,2026-07-22,2018
2561,2561,อุตรดิตถ์,ทุเรียน,ทุเรียน,พฤษภาคม,ร้อยละผลผลิตรายเดือน,6.12,ร้อยละ,2026-07-22,2018
2561,2561,อุตรดิตถ์,ทุเรียน,ทุเรียน,มิถุนายน,ร้อยละผลผลิตรายเดือน,30.98,ร้อยละ,2026-07-22,2018
2561,2561,อุตรดิตถ์,ทุเรียน,ทุเรียน,กรกฎาคม,ร้อยละผลผลิตรายเดือน,34.72,ร้อยละ,2026-07-22,2018
2561,2561,อุตรดิตถ์,ทุเรียน,ทุเรียน,สิงหาคม,ร้อยละผลผลิตรายเดือน,17.26,ร้อยละ,2026-07-22,2018
2561,2561,อุตรดิตถ์,ทุเรียน,ทุเรียน,กันยายน,ร้อยละผลผลิตรายเดือน,4.8,ร้อยละ,2026-07-22,2018
2561,2561,อุตรดิตถ์,ทุเรียน,ทุเรียน,ตุลาคม,ร้อยละผลผลิตรายเดือน,0.94,ร้อยละ,2026-07-22,2018
2562,2562,อุตรดิตถ์,ทุเรียน,ทุเรียน,เมษายน,ร้อยละผลผลิตรายเดือน,0.03,ร้อยละ,2026-07-22,2019
2562,2562,อุตรดิตถ์,ทุเรียน,ทุเรียน,พฤษภาคม,ร้อยละผลผลิตรายเดือน,3.12,ร้อยละ,2026-07-22,2019
2562,2562,อุตรดิตถ์,ทุเรียน,ทุเรียน,มิถุนายน,ร้อยละผลผลิตรายเดือน,17.23,ร้อยละ,2026-07-22,2019
2562,2562,อุตรดิตถ์,ทุเรียน,ทุเรียน,กรกฎาคม,ร้อยละผลผลิตรายเดือน,57.25,ร้อยละ,2026-07-22,2019
2562,2562,อุตรดิตถ์,ทุเรียน,ทุเรียน,สิงหาคม,ร้อยละผลผลิตรายเดือน,15.68,ร้อยละ,2026-07-22,2019
2562,2562,อุตรดิตถ์,ทุเรียน,ทุเรียน,กันยายน,ร้อยละผลผลิตรายเดือน,1.75,ร้อยละ,2026-07-22,2019
2562,2562,อุตรดิตถ์,ทุเรียน,ทุเรียน,ตุลาคม,ร้อยละผลผลิตรายเดือน,4.94,ร้อยละ,2026-07-22,2019
2563,2563,อุตรดิตถ์,ทุเรียน,ทุเรียน,เมษายน,ร้อยละผลผลิตรายเดือน,0.02,ร้อยละ,2026-07-22,2020
2563,2563,อุตรดิตถ์,ทุเรียน,ทุเรียน,พฤษภาคม,ร้อยละผลผลิตรายเดือน,3.42,ร้อยละ,2026-07-22,2020
2563,2563,อุตรดิตถ์,ทุเรียน,ทุเรียน,มิถุนายน,ร้อยละผลผลิตรายเดือน,46.49,ร้อยละ,2026-07-22,2020
2563,2563,อุตรดิตถ์,ทุเรียน,ทุเรียน,กรกฎาคม,ร้อยละผลผลิตรายเดือน,27.46,ร้อยละ,2026-07-22,2020
2563,2563,อุตรดิตถ์,ทุเรียน,ทุเรียน,สิงหาคม,ร้อยละผลผลิตรายเดือน,18.63,ร้อยละ,2026-07-22,2020
2563,2563,อุตรดิตถ์,ทุเรียน,ทุเรียน,กันยายน,ร้อยละผลผลิตรายเดือน,3.61,ร้อยละ,2026-07-22,2020
2563,2563,อุตรดิตถ์,ทุเรียน,ทุเรียน,ตุลาคม,ร้อยละผลผลิตรายเดือน,0.17,ร้อยละ,2026-07-22,2020
2563,2563,อุตรดิตถ์,ทุเรียน,ทุเรียน,พฤศจิกายน,ร้อยละผลผลิตรายเดือน,0.2,ร้อยละ,2026-07-22,2020
2564,2564,อุตรดิตถ์,ทุเรียน,ทุเรียน,พฤษภาคม,ร้อยละผลผลิตรายเดือน,29.17,ร้อยละ,2026-07-22,2021
2564,2564,อุตรดิตถ์,ทุเรียน,ทุเรียน,มิถุนายน,ร้อยละผลผลิตรายเดือน,65.89,ร้อยละ,2026-07-22,2021
2564,2564,อุตรดิตถ์,ทุเรียน,ทุเรียน,กรกฎาคม,ร้อยละผลผลิตรายเดือน,3.0,ร้อยละ,2026-07-22,2021
2564,2564,อุตรดิตถ์,ทุเรียน,ทุเรียน,สิงหาคม,ร้อยละผลผลิตรายเดือน,1.46,ร้อยละ,2026-07-22,2021
2564,2564,อุตรดิตถ์,ทุเรียน,ทุเรียน,กันยายน,ร้อยละผลผลิตรายเดือน,0.43,ร้อยละ,2026-07-22,2021
2564,2564,อุตรดิตถ์,ทุเรียน,ทุเรียน,ตุลาคม,ร้อยละผลผลิตรายเดือน,0.05,ร้อยละ,2026-07-22,2021
2565,2565,อุตรดิตถ์,ทุเรียน,ทุเรียน,พฤษภาคม,ร้อยละผลผลิตรายเดือน,6.17,ร้อยละ,2026-07-22,2022
2565,2565,อุตรดิตถ์,ทุเรียน,ทุเรียน,มิถุนายน,ร้อยละผลผลิตรายเดือน,42.35,ร้อยละ,2026-07-22,2022
2565,2565,อุตรดิตถ์,ทุเรียน,ทุเรียน,กรกฎาคม,ร้อยละผลผลิตรายเดือน,31.43,ร้อยละ,2026-07-22,2022
2565,2565,อุตรดิตถ์,ทุเรียน,ทุเรียน,สิงหาคม,ร้อยละผลผลิตรายเดือน,15.21,ร้อยละ,2026-07-22,2022
2565,2565,อุตรดิตถ์,ทุเรียน,ทุเรียน,กันยายน,ร้อยละผลผลิตรายเดือน,4.84,ร้อยละ,2026-07-22,2022
2566,2566,อุตรดิตถ์,ทุเรียน,ทุเรียน,เมษายน,ร้อยละผลผลิตรายเดือน,3.37,ร้อยละ,2026-07-22,2023
2566,2566,อุตรดิตถ์,ทุเรียน,ทุเรียน,พฤษภาคม,ร้อยละผลผลิตรายเดือน,8.52,ร้อยละ,2026-07-22,2023
2566,2566,อุตรดิตถ์,ทุเรียน,ทุเรียน,มิถุนายน,ร้อยละผลผลิตรายเดือน,42.73,ร้อยละ,2026-07-22,2023
2566,2566,อุตรดิตถ์,ทุเรียน,ทุเรียน,กรกฎาคม,ร้อยละผลผลิตรายเดือน,37.41,ร้อยละ,2026-07-22,2023
2566,2566,อุตรดิตถ์,ทุเรียน,ทุเรียน,สิงหาคม,ร้อยละผลผลิตรายเดือน,7.0,ร้อยละ,2026-07-22,2023
2566,2566,อุตรดิตถ์,ทุเรียน,ทุเรียน,กันยายน,ร้อยละผลผลิตรายเดือน,0.97,ร้อยละ,2026-07-22,2023
2567,2567,อุตรดิตถ์,ทุเรียน,ทุเรียน,เมษายน,ร้อยละผลผลิตรายเดือน,3.0,ร้อยละ,2026-07-22,2024
2567,2567,อุตรดิตถ์,ทุเรียน,ทุเรียน,พฤษภาคม,ร้อยละผลผลิตรายเดือน,5.0,ร้อยละ,2026-07-22,2024
2567,2567,อุตรดิตถ์,ทุเรียน,ทุเรียน,มิถุนายน,ร้อยละผลผลิตรายเดือน,10.0,ร้อยละ,2026-07-22,2024
2567,2567,อุตรดิตถ์,ทุเรียน,ทุเรียน,กรกฎาคม,ร้อยละผลผลิตรายเดือน,42.0,ร้อยละ,2026-07-22,2024
2567,2567,อุตรดิตถ์,ทุเรียน,ทุเรียน,สิงหาคม,ร้อยละผลผลิตรายเดือน,30.0,ร้อยละ,2026-07-22,2024
2567,2567,อุตรดิตถ์,ทุเรียน,ทุเรียน,กันยายน,ร้อยละผลผลิตรายเดือน,10.0,ร้อยละ,2026-07-22,2024
2568,2568,อุตรดิตถ์,ทุเรียน,ทุเรียน,เมษายน,ร้อยละผลผลิตรายเดือน,0.14,ร้อยละ,2026-07-22,2025
2568,2568,อุตรดิตถ์,ทุเรียน,ทุเรียน,พฤษภาคม,ร้อยละผลผลิตรายเดือน,9.82,ร้อยละ,2026-07-22,2025
2568,2568,อุตรดิตถ์,ทุเรียน,ทุเรียน,มิถุนายน,ร้อยละผลผลิตรายเดือน,46.05,ร้อยละ,2026-07-22,2025
2568,2568,อุตรดิตถ์,ทุเรียน,ทุเรียน,กรกฎาคม,ร้อยละผลผลิตรายเดือน,30.67,ร้อยละ,2026-07-22,2025
2568,2568,อุตรดิตถ์,ทุเรียน,ทุเรียน,สิงหาคม,ร้อยละผลผลิตรายเดือน,9.07,ร้อยละ,2026-07-22,2025
2568,2568,อุตรดิตถ์,ทุเรียน,ทุเรียน,กันยายน,ร้อยละผลผลิตรายเดือน,4.25,ร้อยละ,2026-07-22,2025
2547,2547,ศรีสะเกษ,ทุเรียน,ทุเรียน,เมษายน,ร้อยละผลผลิตรายเดือน,0.96,ร้อยละ,2026-07-22,2004
2547,2547,ศรีสะเกษ,ทุเรียน,ทุเรียน,พฤษภาคม,ร้อยละผลผลิตรายเดือน,35.03,ร้อยละ,2026-07-22,2004
2547,2547,ศรีสะเกษ,ทุเรียน,ทุเรียน,มิถุนายน,ร้อยละผลผลิตรายเดือน,62.53,ร้อยละ,2026-07-22,2004
2547,2547,ศรีสะเกษ,ทุเรียน,ทุเรียน,กรกฎาคม,ร้อยละผลผลิตรายเดือน,1.48,ร้อยละ,2026-07-22,2004
2548,2548,ศรีสะเกษ,ทุเรียน,ทุเรียน,พฤษภาคม,ร้อยละผลผลิตรายเดือน,35.07,ร้อยละ,2026-07-22,2005
2548,2548,ศรีสะเกษ,ทุเรียน,ทุเรียน,มิถุนายน,ร้อยละผลผลิตรายเดือน,62.39,ร้อยละ,2026-07-22,2005
2548,2548,ศรีสะเกษ,ทุเรียน,ทุเรียน,กรกฎาคม,ร้อยละผลผลิตรายเดือน,2.54,ร้อยละ,2026-07-22,2005
2549,2549,ศรีสะเกษ,ทุเรียน,ทุเรียน,เมษายน,ร้อยละผลผลิตรายเดือน,4.45,ร้อยละ,2026-07-22,2006
2549,2549,ศรีสะเกษ,ทุเรียน,ทุเรียน,พฤษภาคม,ร้อยละผลผลิตรายเดือน,25.2,ร้อยละ,2026-07-22,2006
2549,2549,ศรีสะเกษ,ทุเรียน,ทุเรียน,มิถุนายน,ร้อยละผลผลิตรายเดือน,57.41,ร้อยละ,2026-07-22,2006
2549,2549,ศรีสะเกษ,ทุเรียน,ทุเรียน,กรกฎาคม,ร้อยละผลผลิตรายเดือน,12.94,ร้อยละ,2026-07-22,2006
2550,2550,ศรีสะเกษ,ทุเรียน,ทุเรียน,เมษายน,ร้อยละผลผลิตรายเดือน,8.44,ร้อยละ,2026-07-22,2007
2550,2550,ศรีสะเกษ,ทุเรียน,ทุเรียน,พฤษภาคม,ร้อยละผลผลิตรายเดือน,18.31,ร้อยละ,2026-07-22,2007
2550,2550,ศรีสะเกษ,ทุเรียน,ทุเรียน,มิถุนายน,ร้อยละผลผลิตรายเดือน,39.63,ร้อยละ,2026-07-22,2007
2550,2550,ศรีสะเกษ,ทุเรียน,ทุเรียน,กรกฎาคม,ร้อยละผลผลิตรายเดือน,25.89,ร้อยละ,2026-07-22,2007
2550,2550,ศรีสะเกษ,ทุเรียน,ทุเรียน,สิงหาคม,ร้อยละผลผลิตรายเดือน,7.73,ร้อยละ,2026-07-22,2007
2551,2551,ศรีสะเกษ,ทุเรียน,ทุเรียน,พฤษภาคม,ร้อยละผลผลิตรายเดือน,3.13,ร้อยละ,2026-07-22,2008
2551,2551,ศรีสะเกษ,ทุเรียน,ทุเรียน,มิถุนายน,ร้อยละผลผลิตรายเดือน,37.09,ร้อยละ,2026-07-22,2008
2551,2551,ศรีสะเกษ,ทุเรียน,ทุเรียน,กรกฎาคม,ร้อยละผลผลิตรายเดือน,59.78,ร้อยละ,2026-07-22,2008
2552,2552,ศรีสะเกษ,ทุเรียน,ทุเรียน,พฤษภาคม,ร้อยละผลผลิตรายเดือน,4.59,ร้อยละ,2026-07-22,2009
2552,2552,ศรีสะเกษ,ทุเรียน,ทุเรียน,มิถุนายน,ร้อยละผลผลิตรายเดือน,28.74,ร้อยละ,2026-07-22,2009
2552,2552,ศรีสะเกษ,ทุเรียน,ทุเรียน,กรกฎาคม,ร้อยละผลผลิตรายเดือน,44.46,ร้อยละ,2026-07-22,2009
2552,2552,ศรีสะเกษ,ทุเรียน,ทุเรียน,สิงหาคม,ร้อยละผลผลิตรายเดือน,22.21,ร้อยละ,2026-07-22,2009
2553,2553,ศรีสะเกษ,ทุเรียน,ทุเรียน,พฤษภาคม,ร้อยละผลผลิตรายเดือน,8.91,ร้อยละ,2026-07-22,2010
2553,2553,ศรีสะเกษ,ทุเรียน,ทุเรียน,มิถุนายน,ร้อยละผลผลิตรายเดือน,62.51,ร้อยละ,2026-07-22,2010
2553,2553,ศรีสะเกษ,ทุเรียน,ทุเรียน,กรกฎาคม,ร้อยละผลผลิตรายเดือน,21.79,ร้อยละ,2026-07-22,2010
2553,2553,ศรีสะเกษ,ทุเรียน,ทุเรียน,สิงหาคม,ร้อยละผลผลิตรายเดือน,6.79,ร้อยละ,2026-07-22,2010
2554,2554,ศรีสะเกษ,ทุเรียน,ทุเรียน,พฤษภาคม,ร้อยละผลผลิตรายเดือน,5.54,ร้อยละ,2026-07-22,2011
2554,2554,ศรีสะเกษ,ทุเรียน,ทุเรียน,มิถุนายน,ร้อยละผลผลิตรายเดือน,41.78,ร้อยละ,2026-07-22,2011
2554,2554,ศรีสะเกษ,ทุเรียน,ทุเรียน,กรกฎาคม,ร้อยละผลผลิตรายเดือน,44.01,ร้อยละ,2026-07-22,2011
2554,2554,ศรีสะเกษ,ทุเรียน,ทุเรียน,สิงหาคม,ร้อยละผลผลิตรายเดือน,8.67,ร้อยละ,2026-07-22,2011
2555,2555,ศรีสะเกษ,ทุเรียน,ทุเรียน,พฤษภาคม,ร้อยละผลผลิตรายเดือน,5.05,ร้อยละ,2026-07-22,2012
2555,2555,ศรีสะเกษ,ทุเรียน,ทุเรียน,มิถุนายน,ร้อยละผลผลิตรายเดือน,64.15,ร้อยละ,2026-07-22,2012
2555,2555,ศรีสะเกษ,ทุเรียน,ทุเรียน,กรกฎาคม,ร้อยละผลผลิตรายเดือน,29.17,ร้อยละ,2026-07-22,2012
2555,2555,ศรีสะเกษ,ทุเรียน,ทุเรียน,สิงหาคม,ร้อยละผลผลิตรายเดือน,1.63,ร้อยละ,2026-07-22,2012
2556,2556,ศรีสะเกษ,ทุเรียน,ทุเรียน,พฤษภาคม,ร้อยละผลผลิตรายเดือน,16.42,ร้อยละ,2026-07-22,2013
2556,2556,ศรีสะเกษ,ทุเรียน,ทุเรียน,มิถุนายน,ร้อยละผลผลิตรายเดือน,73.12,ร้อยละ,2026-07-22,2013
2556,2556,ศรีสะเกษ,ทุเรียน,ทุเรียน,กรกฎาคม,ร้อยละผลผลิตรายเดือน,10.46,ร้อยละ,2026-07-22,2013
2557,2557,ศรีสะเกษ,ทุเรียน,ทุเรียน,พฤษภาคม,ร้อยละผลผลิตรายเดือน,2.04,ร้อยละ,2026-07-22,2014
2557,2557,ศรีสะเกษ,ทุเรียน,ทุเรียน,มิถุนายน,ร้อยละผลผลิตรายเดือน,48.31,ร้อยละ,2026-07-22,2014
2557,2557,ศรีสะเกษ,ทุเรียน,ทุเรียน,กรกฎาคม,ร้อยละผลผลิตรายเดือน,44.54,ร้อยละ,2026-07-22,2014
2557,2557,ศรีสะเกษ,ทุเรียน,ทุเรียน,สิงหาคม,ร้อยละผลผลิตรายเดือน,5.11,ร้อยละ,2026-07-22,2014
2558,2558,ศรีสะเกษ,ทุเรียน,ทุเรียน,พฤษภาคม,ร้อยละผลผลิตรายเดือน,10.6,ร้อยละ,2026-07-22,2015
2558,2558,ศรีสะเกษ,ทุเรียน,ทุเรียน,มิถุนายน,ร้อยละผลผลิตรายเดือน,42.5,ร้อยละ,2026-07-22,2015
2558,2558,ศรีสะเกษ,ทุเรียน,ทุเรียน,กรกฎาคม,ร้อยละผลผลิตรายเดือน,32.82,ร้อยละ,2026-07-22,2015
2558,2558,ศรีสะเกษ,ทุเรียน,ทุเรียน,สิงหาคม,ร้อยละผลผลิตรายเดือน,12.98,ร้อยละ,2026-07-22,2015
2558,2558,ศรีสะเกษ,ทุเรียน,ทุเรียน,กันยายน,ร้อยละผลผลิตรายเดือน,1.1,ร้อยละ,2026-07-22,2015
2559,2559,ศรีสะเกษ,ทุเรียน,ทุเรียน,เมษายน,ร้อยละผลผลิตรายเดือน,1.04,ร้อยละ,2026-07-22,2016
2559,2559,ศรีสะเกษ,ทุเรียน,ทุเรียน,พฤษภาคม,ร้อยละผลผลิตรายเดือน,7.3,ร้อยละ,2026-07-22,2016
2559,2559,ศรีสะเกษ,ทุเรียน,ทุเรียน,มิถุนายน,ร้อยละผลผลิตรายเดือน,63.51,ร้อยละ,2026-07-22,2016
2559,2559,ศรีสะเกษ,ทุเรียน,ทุเรียน,กรกฎาคม,ร้อยละผลผลิตรายเดือน,14.84,ร้อยละ,2026-07-22,2016
2559,2559,ศรีสะเกษ,ทุเรียน,ทุเรียน,สิงหาคม,ร้อยละผลผลิตรายเดือน,13.23,ร้อยละ,2026-07-22,2016
2559,2559,ศรีสะเกษ,ทุเรียน,ทุเรียน,กันยายน,ร้อยละผลผลิตรายเดือน,0.08,ร้อยละ,2026-07-22,2016
2560,2560,ศรีสะเกษ,ทุเรียน,ทุเรียน,พฤษภาคม,ร้อยละผลผลิตรายเดือน,0.13,ร้อยละ,2026-07-22,2017
2560,2560,ศรีสะเกษ,ทุเรียน,ทุเรียน,มิถุนายน,ร้อยละผลผลิตรายเดือน,59.67,ร้อยละ,2026-07-22,2017
2560,2560,ศรีสะเกษ,ทุเรียน,ทุเรียน,กรกฎาคม,ร้อยละผลผลิตรายเดือน,36.25,ร้อยละ,2026-07-22,2017
2560,2560,ศรีสะเกษ,ทุเรียน,ทุเรียน,สิงหาคม,ร้อยละผลผลิตรายเดือน,3.95,ร้อยละ,2026-07-22,2017
2561,2561,ศรีสะเกษ,ทุเรียน,ทุเรียน,เมษายน,ร้อยละผลผลิตรายเดือน,0.03,ร้อยละ,2026-07-22,2018
2561,2561,ศรีสะเกษ,ทุเรียน,ทุเรียน,พฤษภาคม,ร้อยละผลผลิตรายเดือน,4.53,ร้อยละ,2026-07-22,2018
2561,2561,ศรีสะเกษ,ทุเรียน,ทุเรียน,มิถุนายน,ร้อยละผลผลิตรายเดือน,76.36,ร้อยละ,2026-07-22,2018
2561,2561,ศรีสะเกษ,ทุเรียน,ทุเรียน,กรกฎาคม,ร้อยละผลผลิตรายเดือน,17.37,ร้อยละ,2026-07-22,2018
2561,2561,ศรีสะเกษ,ทุเรียน,ทุเรียน,สิงหาคม,ร้อยละผลผลิตรายเดือน,1.71,ร้อยละ,2026-07-22,2018
2562,2562,ศรีสะเกษ,ทุเรียน,ทุเรียน,มีนาคม,ร้อยละผลผลิตรายเดือน,0.39,ร้อยละ,2026-07-22,2019
2562,2562,ศรีสะเกษ,ทุเรียน,ทุเรียน,เมษายน,ร้อยละผลผลิตรายเดือน,1.65,ร้อยละ,2026-07-22,2019
2562,2562,ศรีสะเกษ,ทุเรียน,ทุเรียน,พฤษภาคม,ร้อยละผลผลิตรายเดือน,9.21,ร้อยละ,2026-07-22,2019
2562,2562,ศรีสะเกษ,ทุเรียน,ทุเรียน,มิถุนายน,ร้อยละผลผลิตรายเดือน,74.86,ร้อยละ,2026-07-22,2019
2562,2562,ศรีสะเกษ,ทุเรียน,ทุเรียน,กรกฎาคม,ร้อยละผลผลิตรายเดือน,6.45,ร้อยละ,2026-07-22,2019
2562,2562,ศรีสะเกษ,ทุเรียน,ทุเรียน,สิงหาคม,ร้อยละผลผลิตรายเดือน,7.28,ร้อยละ,2026-07-22,2019
2562,2562,ศรีสะเกษ,ทุเรียน,ทุเรียน,กันยายน,ร้อยละผลผลิตรายเดือน,0.16,ร้อยละ,2026-07-22,2019
2563,2563,ศรีสะเกษ,ทุเรียน,ทุเรียน,เมษายน,ร้อยละผลผลิตรายเดือน,0.45,ร้อยละ,2026-07-22,2020
2563,2563,ศรีสะเกษ,ทุเรียน,ทุเรียน,พฤษภาคม,ร้อยละผลผลิตรายเดือน,6.67,ร้อยละ,2026-07-22,2020
2563,2563,ศรีสะเกษ,ทุเรียน,ทุเรียน,มิถุนายน,ร้อยละผลผลิตรายเดือน,42.87,ร้อยละ,2026-07-22,2020
2563,2563,ศรีสะเกษ,ทุเรียน,ทุเรียน,กรกฎาคม,ร้อยละผลผลิตรายเดือน,49.62,ร้อยละ,2026-07-22,2020
2563,2563,ศรีสะเกษ,ทุเรียน,ทุเรียน,สิงหาคม,ร้อยละผลผลิตรายเดือน,0.39,ร้อยละ,2026-07-22,2020
2564,2564,ศรีสะเกษ,ทุเรียน,ทุเรียน,พฤษภาคม,ร้อยละผลผลิตรายเดือน,7.01,ร้อยละ,2026-07-22,2021
2564,2564,ศรีสะเกษ,ทุเรียน,ทุเรียน,มิถุนายน,ร้อยละผลผลิตรายเดือน,29.55,ร้อยละ,2026-07-22,2021
2564,2564,ศรีสะเกษ,ทุเรียน,ทุเรียน,กรกฎาคม,ร้อยละผลผลิตรายเดือน,33.03,ร้อยละ,2026-07-22,2021
2564,2564,ศรีสะเกษ,ทุเรียน,ทุเรียน,สิงหาคม,ร้อยละผลผลิตรายเดือน,30.41,ร้อยละ,2026-07-22,2021
2565,2565,ศรีสะเกษ,ทุเรียน,ทุเรียน,พฤษภาคม,ร้อยละผลผลิตรายเดือน,4.84,ร้อยละ,2026-07-22,2022
2565,2565,ศรีสะเกษ,ทุเรียน,ทุเรียน,มิถุนายน,ร้อยละผลผลิตรายเดือน,52.19,ร้อยละ,2026-07-22,2022
2565,2565,ศรีสะเกษ,ทุเรียน,ทุเรียน,กรกฎาคม,ร้อยละผลผลิตรายเดือน,42.5,ร้อยละ,2026-07-22,2022
2565,2565,ศรีสะเกษ,ทุเรียน,ทุเรียน,สิงหาคม,ร้อยละผลผลิตรายเดือน,0.47,ร้อยละ,2026-07-22,2022
2566,2566,ศรีสะเกษ,ทุเรียน,ทุเรียน,พฤษภาคม,ร้อยละผลผลิตรายเดือน,4.84,ร้อยละ,2026-07-22,2023
2566,2566,ศรีสะเกษ,ทุเรียน,ทุเรียน,มิถุนายน,ร้อยละผลผลิตรายเดือน,52.19,ร้อยละ,2026-07-22,2023
2566,2566,ศรีสะเกษ,ทุเรียน,ทุเรียน,กรกฎาคม,ร้อยละผลผลิตรายเดือน,42.5,ร้อยละ,2026-07-22,2023
2566,2566,ศรีสะเกษ,ทุเรียน,ทุเรียน,สิงหาคม,ร้อยละผลผลิตรายเดือน,0.47,ร้อยละ,2026-07-22,2023
2567,2567,ศรีสะเกษ,ทุเรียน,ทุเรียน,พฤษภาคม,ร้อยละผลผลิตรายเดือน,17.0,ร้อยละ,2026-07-22,2024
2567,2567,ศรีสะเกษ,ทุเรียน,ทุเรียน,มิถุนายน,ร้อยละผลผลิตรายเดือน,40.5,ร้อยละ,2026-07-22,2024
2567,2567,ศรีสะเกษ,ทุเรียน,ทุเรียน,กรกฎาคม,ร้อยละผลผลิตรายเดือน,41.2,ร้อยละ,2026-07-22,2024
2567,2567,ศรีสะเกษ,ทุเรียน,ทุเรียน,สิงหาคม,ร้อยละผลผลิตรายเดือน,1.3,ร้อยละ,2026-07-22,2024
2568,2568,ศรีสะเกษ,ทุเรียน,ทุเรียน,พฤษภาคม,ร้อยละผลผลิตรายเดือน,7.73,ร้อยละ,2026-07-22,2025
2568,2568,ศรีสะเกษ,ทุเรียน,ทุเรียน,มิถุนายน,ร้อยละผลผลิตรายเดือน,55.72,ร้อยละ,2026-07-22,2025
2568,2568,ศรีสะเกษ,ทุเรียน,ทุเรียน,กรกฎาคม,ร้อยละผลผลิตรายเดือน,31.83,ร้อยละ,2026-07-22,2025
2568,2568,ศรีสะเกษ,ทุเรียน,ทุเรียน,สิงหาคม,ร้อยละผลผลิตรายเดือน,4.72,ร้อยละ,2026-07-22,2025
2547,2547,จันทบุรี,ทุเรียน,ทุเรียน,มีนาคม,ร้อยละผลผลิตรายเดือน,3.1,ร้อยละ,2026-07-22,2004
2547,2547,จันทบุรี,ทุเรียน,ทุเรียน,เมษายน,ร้อยละผลผลิตรายเดือน,15.6,ร้อยละ,2026-07-22,2004
2547,2547,จันทบุรี,ทุเรียน,ทุเรียน,พฤษภาคม,ร้อยละผลผลิตรายเดือน,59.76,ร้อยละ,2026-07-22,2004
2547,2547,จันทบุรี,ทุเรียน,ทุเรียน,มิถุนายน,ร้อยละผลผลิตรายเดือน,18.48,ร้อยละ,2026-07-22,2004
2547,2547,จันทบุรี,ทุเรียน,ทุเรียน,กรกฎาคม,ร้อยละผลผลิตรายเดือน,2.94,ร้อยละ,2026-07-22,2004
2547,2547,จันทบุรี,ทุเรียน,ทุเรียน,สิงหาคม,ร้อยละผลผลิตรายเดือน,0.08,ร้อยละ,2026-07-22,2004
2547,2547,จันทบุรี,ทุเรียน,ทุเรียน,กันยายน,ร้อยละผลผลิตรายเดือน,0.04,ร้อยละ,2026-07-22,2004
2548,2548,จันทบุรี,ทุเรียน,ทุเรียน,มีนาคม,ร้อยละผลผลิตรายเดือน,4.46,ร้อยละ,2026-07-22,2005
2548,2548,จันทบุรี,ทุเรียน,ทุเรียน,เมษายน,ร้อยละผลผลิตรายเดือน,51.87,ร้อยละ,2026-07-22,2005
2548,2548,จันทบุรี,ทุเรียน,ทุเรียน,พฤษภาคม,ร้อยละผลผลิตรายเดือน,31.7,ร้อยละ,2026-07-22,2005
2548,2548,จันทบุรี,ทุเรียน,ทุเรียน,มิถุนายน,ร้อยละผลผลิตรายเดือน,10.24,ร้อยละ,2026-07-22,2005
2548,2548,จันทบุรี,ทุเรียน,ทุเรียน,กรกฎาคม,ร้อยละผลผลิตรายเดือน,1.73,ร้อยละ,2026-07-22,2005
2549,2549,จันทบุรี,ทุเรียน,ทุเรียน,มีนาคม,ร้อยละผลผลิตรายเดือน,0.78,ร้อยละ,2026-07-22,2006
2549,2549,จันทบุรี,ทุเรียน,ทุเรียน,เมษายน,ร้อยละผลผลิตรายเดือน,14.93,ร้อยละ,2026-07-22,2006
2549,2549,จันทบุรี,ทุเรียน,ทุเรียน,พฤษภาคม,ร้อยละผลผลิตรายเดือน,32.93,ร้อยละ,2026-07-22,2006
2549,2549,จันทบุรี,ทุเรียน,ทุเรียน,มิถุนายน,ร้อยละผลผลิตรายเดือน,41.27,ร้อยละ,2026-07-22,2006
2549,2549,จันทบุรี,ทุเรียน,ทุเรียน,กรกฎาคม,ร้อยละผลผลิตรายเดือน,10.09,ร้อยละ,2026-07-22,2006
2550,2550,จันทบุรี,ทุเรียน,ทุเรียน,มีนาคม,ร้อยละผลผลิตรายเดือน,2.03,ร้อยละ,2026-07-22,2007
2550,2550,จันทบุรี,ทุเรียน,ทุเรียน,เมษายน,ร้อยละผลผลิตรายเดือน,44.79,ร้อยละ,2026-07-22,2007
2550,2550,จันทบุรี,ทุเรียน,ทุเรียน,พฤษภาคม,ร้อยละผลผลิตรายเดือน,47.09,ร้อยละ,2026-07-22,2007
2550,2550,จันทบุรี,ทุเรียน,ทุเรียน,มิถุนายน,ร้อยละผลผลิตรายเดือน,5.12,ร้อยละ,2026-07-22,2007
2550,2550,จันทบุรี,ทุเรียน,ทุเรียน,กรกฎาคม,ร้อยละผลผลิตรายเดือน,0.97,ร้อยละ,2026-07-22,2007
2551,2551,จันทบุรี,ทุเรียน,ทุเรียน,มีนาคม,ร้อยละผลผลิตรายเดือน,0.77,ร้อยละ,2026-07-22,2008
2551,2551,จันทบุรี,ทุเรียน,ทุเรียน,เมษายน,ร้อยละผลผลิตรายเดือน,19.11,ร้อยละ,2026-07-22,2008
2551,2551,จันทบุรี,ทุเรียน,ทุเรียน,พฤษภาคม,ร้อยละผลผลิตรายเดือน,69.92,ร้อยละ,2026-07-22,2008
2551,2551,จันทบุรี,ทุเรียน,ทุเรียน,มิถุนายน,ร้อยละผลผลิตรายเดือน,9.14,ร้อยละ,2026-07-22,2008
2551,2551,จันทบุรี,ทุเรียน,ทุเรียน,กรกฎาคม,ร้อยละผลผลิตรายเดือน,1.06,ร้อยละ,2026-07-22,2008
2552,2552,จันทบุรี,ทุเรียน,ทุเรียน,มีนาคม,ร้อยละผลผลิตรายเดือน,0.18,ร้อยละ,2026-07-22,2009
2552,2552,จันทบุรี,ทุเรียน,ทุเรียน,เมษายน,ร้อยละผลผลิตรายเดือน,11.12,ร้อยละ,2026-07-22,2009
2552,2552,จันทบุรี,ทุเรียน,ทุเรียน,พฤษภาคม,ร้อยละผลผลิตรายเดือน,73.78,ร้อยละ,2026-07-22,2009
2552,2552,จันทบุรี,ทุเรียน,ทุเรียน,มิถุนายน,ร้อยละผลผลิตรายเดือน,14.14,ร้อยละ,2026-07-22,2009
2552,2552,จันทบุรี,ทุเรียน,ทุเรียน,กรกฎาคม,ร้อยละผลผลิตรายเดือน,0.78,ร้อยละ,2026-07-22,2009
2553,2553,จันทบุรี,ทุเรียน,ทุเรียน,มีนาคม,ร้อยละผลผลิตรายเดือน,1.0,ร้อยละ,2026-07-22,2010
2553,2553,จันทบุรี,ทุเรียน,ทุเรียน,เมษายน,ร้อยละผลผลิตรายเดือน,31.87,ร้อยละ,2026-07-22,2010
2553,2553,จันทบุรี,ทุเรียน,ทุเรียน,พฤษภาคม,ร้อยละผลผลิตรายเดือน,56.37,ร้อยละ,2026-07-22,2010
2553,2553,จันทบุรี,ทุเรียน,ทุเรียน,มิถุนายน,ร้อยละผลผลิตรายเดือน,10.71,ร้อยละ,2026-07-22,2010
2553,2553,จันทบุรี,ทุเรียน,ทุเรียน,กรกฎาคม,ร้อยละผลผลิตรายเดือน,0.05,ร้อยละ,2026-07-22,2010
2554,2554,จันทบุรี,ทุเรียน,ทุเรียน,กุมภาพันธ์,ร้อยละผลผลิตรายเดือน,0.03,ร้อยละ,2026-07-22,2011
2554,2554,จันทบุรี,ทุเรียน,ทุเรียน,มีนาคม,ร้อยละผลผลิตรายเดือน,4.09,ร้อยละ,2026-07-22,2011
2554,2554,จันทบุรี,ทุเรียน,ทุเรียน,เมษายน,ร้อยละผลผลิตรายเดือน,41.96,ร้อยละ,2026-07-22,2011
2554,2554,จันทบุรี,ทุเรียน,ทุเรียน,พฤษภาคม,ร้อยละผลผลิตรายเดือน,46.85,ร้อยละ,2026-07-22,2011
2554,2554,จันทบุรี,ทุเรียน,ทุเรียน,มิถุนายน,ร้อยละผลผลิตรายเดือน,6.72,ร้อยละ,2026-07-22,2011
2554,2554,จันทบุรี,ทุเรียน,ทุเรียน,กรกฎาคม,ร้อยละผลผลิตรายเดือน,0.35,ร้อยละ,2026-07-22,2011
2555,2555,จันทบุรี,ทุเรียน,ทุเรียน,มีนาคม,ร้อยละผลผลิตรายเดือน,2.07,ร้อยละ,2026-07-22,2012
2555,2555,จันทบุรี,ทุเรียน,ทุเรียน,เมษายน,ร้อยละผลผลิตรายเดือน,45.17,ร้อยละ,2026-07-22,2012
2555,2555,จันทบุรี,ทุเรียน,ทุเรียน,พฤษภาคม,ร้อยละผลผลิตรายเดือน,48.33,ร้อยละ,2026-07-22,2012
2555,2555,จันทบุรี,ทุเรียน,ทุเรียน,มิถุนายน,ร้อยละผลผลิตรายเดือน,4.42,ร้อยละ,2026-07-22,2012
2555,2555,จันทบุรี,ทุเรียน,ทุเรียน,กรกฎาคม,ร้อยละผลผลิตรายเดือน,0.01,ร้อยละ,2026-07-22,2012
2556,2556,จันทบุรี,ทุเรียน,ทุเรียน,มีนาคม,ร้อยละผลผลิตรายเดือน,3.6,ร้อยละ,2026-07-22,2013
2556,2556,จันทบุรี,ทุเรียน,ทุเรียน,เมษายน,ร้อยละผลผลิตรายเดือน,16.55,ร้อยละ,2026-07-22,2013
2556,2556,จันทบุรี,ทุเรียน,ทุเรียน,พฤษภาคม,ร้อยละผลผลิตรายเดือน,38.94,ร้อยละ,2026-07-22,2013
2556,2556,จันทบุรี,ทุเรียน,ทุเรียน,มิถุนายน,ร้อยละผลผลิตรายเดือน,40.58,ร้อยละ,2026-07-22,2013
2556,2556,จันทบุรี,ทุเรียน,ทุเรียน,กรกฎาคม,ร้อยละผลผลิตรายเดือน,0.33,ร้อยละ,2026-07-22,2013
2557,2557,จันทบุรี,ทุเรียน,ทุเรียน,กุมภาพันธ์,ร้อยละผลผลิตรายเดือน,0.12,ร้อยละ,2026-07-22,2014
2557,2557,จันทบุรี,ทุเรียน,ทุเรียน,มีนาคม,ร้อยละผลผลิตรายเดือน,4.39,ร้อยละ,2026-07-22,2014
2557,2557,จันทบุรี,ทุเรียน,ทุเรียน,เมษายน,ร้อยละผลผลิตรายเดือน,27.94,ร้อยละ,2026-07-22,2014
2557,2557,จันทบุรี,ทุเรียน,ทุเรียน,พฤษภาคม,ร้อยละผลผลิตรายเดือน,43.04,ร้อยละ,2026-07-22,2014
2557,2557,จันทบุรี,ทุเรียน,ทุเรียน,มิถุนายน,ร้อยละผลผลิตรายเดือน,21.61,ร้อยละ,2026-07-22,2014
2557,2557,จันทบุรี,ทุเรียน,ทุเรียน,กรกฎาคม,ร้อยละผลผลิตรายเดือน,2.9,ร้อยละ,2026-07-22,2014
2558,2558,จันทบุรี,ทุเรียน,ทุเรียน,กุมภาพันธ์,ร้อยละผลผลิตรายเดือน,0.27,ร้อยละ,2026-07-22,2015
2558,2558,จันทบุรี,ทุเรียน,ทุเรียน,มีนาคม,ร้อยละผลผลิตรายเดือน,6.58,ร้อยละ,2026-07-22,2015
2558,2558,จันทบุรี,ทุเรียน,ทุเรียน,เมษายน,ร้อยละผลผลิตรายเดือน,26.85,ร้อยละ,2026-07-22,2015
2558,2558,จันทบุรี,ทุเรียน,ทุเรียน,พฤษภาคม,ร้อยละผลผลิตรายเดือน,37.11,ร้อยละ,2026-07-22,2015
2558,2558,จันทบุรี,ทุเรียน,ทุเรียน,มิถุนายน,ร้อยละผลผลิตรายเดือน,25.24,ร้อยละ,2026-07-22,2015
2558,2558,จันทบุรี,ทุเรียน,ทุเรียน,กรกฎาคม,ร้อยละผลผลิตรายเดือน,3.95,ร้อยละ,2026-07-22,2015
2559,2559,จันทบุรี,ทุเรียน,ทุเรียน,มกราคม,ร้อยละผลผลิตรายเดือน,0.71,ร้อยละ,2026-07-22,2016
2559,2559,จันทบุรี,ทุเรียน,ทุเรียน,กุมภาพันธ์,ร้อยละผลผลิตรายเดือน,0.26,ร้อยละ,2026-07-22,2016
2559,2559,จันทบุรี,ทุเรียน,ทุเรียน,มีนาคม,ร้อยละผลผลิตรายเดือน,9.3,ร้อยละ,2026-07-22,2016
2559,2559,จันทบุรี,ทุเรียน,ทุเรียน,เมษายน,ร้อยละผลผลิตรายเดือน,32.84,ร้อยละ,2026-07-22,2016
2559,2559,จันทบุรี,ทุเรียน,ทุเรียน,พฤษภาคม,ร้อยละผลผลิตรายเดือน,31.09,ร้อยละ,2026-07-22,2016
2559,2559,จันทบุรี,ทุเรียน,ทุเรียน,มิถุนายน,ร้อยละผลผลิตรายเดือน,12.55,ร้อยละ,2026-07-22,2016
2559,2559,จันทบุรี,ทุเรียน,ทุเรียน,กรกฎาคม,ร้อยละผลผลิตรายเดือน,4.53,ร้อยละ,2026-07-22,2016
2559,2559,จันทบุรี,ทุเรียน,ทุเรียน,สิงหาคม,ร้อยละผลผลิตรายเดือน,8.72,ร้อยละ,2026-07-22,2016
2560,2560,จันทบุรี,ทุเรียน,ทุเรียน,กุมภาพันธ์,ร้อยละผลผลิตรายเดือน,0.2,ร้อยละ,2026-07-22,2017
2560,2560,จันทบุรี,ทุเรียน,ทุเรียน,มีนาคม,ร้อยละผลผลิตรายเดือน,6.99,ร้อยละ,2026-07-22,2017
2560,2560,จันทบุรี,ทุเรียน,ทุเรียน,เมษายน,ร้อยละผลผลิตรายเดือน,22.44,ร้อยละ,2026-07-22,2017
2560,2560,จันทบุรี,ทุเรียน,ทุเรียน,พฤษภาคม,ร้อยละผลผลิตรายเดือน,41.07,ร้อยละ,2026-07-22,2017
2560,2560,จันทบุรี,ทุเรียน,ทุเรียน,มิถุนายน,ร้อยละผลผลิตรายเดือน,23.25,ร้อยละ,2026-07-22,2017
2560,2560,จันทบุรี,ทุเรียน,ทุเรียน,กรกฎาคม,ร้อยละผลผลิตรายเดือน,6.05,ร้อยละ,2026-07-22,2017
2561,2561,จันทบุรี,ทุเรียน,ทุเรียน,กุมภาพันธ์,ร้อยละผลผลิตรายเดือน,0.22,ร้อยละ,2026-07-22,2018
2561,2561,จันทบุรี,ทุเรียน,ทุเรียน,มีนาคม,ร้อยละผลผลิตรายเดือน,6.92,ร้อยละ,2026-07-22,2018
2561,2561,จันทบุรี,ทุเรียน,ทุเรียน,เมษายน,ร้อยละผลผลิตรายเดือน,33.45,ร้อยละ,2026-07-22,2018
2561,2561,จันทบุรี,ทุเรียน,ทุเรียน,พฤษภาคม,ร้อยละผลผลิตรายเดือน,38.49,ร้อยละ,2026-07-22,2018
2561,2561,จันทบุรี,ทุเรียน,ทุเรียน,มิถุนายน,ร้อยละผลผลิตรายเดือน,17.04,ร้อยละ,2026-07-22,2018
2561,2561,จันทบุรี,ทุเรียน,ทุเรียน,กรกฎาคม,ร้อยละผลผลิตรายเดือน,3.88,ร้อยละ,2026-07-22,2018
2562,2562,จันทบุรี,ทุเรียน,ทุเรียน,มกราคม,ร้อยละผลผลิตรายเดือน,0.02,ร้อยละ,2026-07-22,2019
2562,2562,จันทบุรี,ทุเรียน,ทุเรียน,กุมภาพันธ์,ร้อยละผลผลิตรายเดือน,0.41,ร้อยละ,2026-07-22,2019
2562,2562,จันทบุรี,ทุเรียน,ทุเรียน,มีนาคม,ร้อยละผลผลิตรายเดือน,6.26,ร้อยละ,2026-07-22,2019
2562,2562,จันทบุรี,ทุเรียน,ทุเรียน,เมษายน,ร้อยละผลผลิตรายเดือน,44.49,ร้อยละ,2026-07-22,2019
2562,2562,จันทบุรี,ทุเรียน,ทุเรียน,พฤษภาคม,ร้อยละผลผลิตรายเดือน,31.87,ร้อยละ,2026-07-22,2019
2562,2562,จันทบุรี,ทุเรียน,ทุเรียน,มิถุนายน,ร้อยละผลผลิตรายเดือน,12.38,ร้อยละ,2026-07-22,2019
2562,2562,จันทบุรี,ทุเรียน,ทุเรียน,กรกฎาคม,ร้อยละผลผลิตรายเดือน,4.54,ร้อยละ,2026-07-22,2019
2562,2562,จันทบุรี,ทุเรียน,ทุเรียน,สิงหาคม,ร้อยละผลผลิตรายเดือน,0.03,ร้อยละ,2026-07-22,2019
2563,2563,จันทบุรี,ทุเรียน,ทุเรียน,มกราคม,ร้อยละผลผลิตรายเดือน,0.01,ร้อยละ,2026-07-22,2020
2563,2563,จันทบุรี,ทุเรียน,ทุเรียน,กุมภาพันธ์,ร้อยละผลผลิตรายเดือน,1.08,ร้อยละ,2026-07-22,2020
2563,2563,จันทบุรี,ทุเรียน,ทุเรียน,มีนาคม,ร้อยละผลผลิตรายเดือน,14.52,ร้อยละ,2026-07-22,2020
2563,2563,จันทบุรี,ทุเรียน,ทุเรียน,เมษายน,ร้อยละผลผลิตรายเดือน,35.84,ร้อยละ,2026-07-22,2020
2563,2563,จันทบุรี,ทุเรียน,ทุเรียน,พฤษภาคม,ร้อยละผลผลิตรายเดือน,31.8,ร้อยละ,2026-07-22,2020
2563,2563,จันทบุรี,ทุเรียน,ทุเรียน,มิถุนายน,ร้อยละผลผลิตรายเดือน,11.32,ร้อยละ,2026-07-22,2020
2563,2563,จันทบุรี,ทุเรียน,ทุเรียน,กรกฎาคม,ร้อยละผลผลิตรายเดือน,5.23,ร้อยละ,2026-07-22,2020
2563,2563,จันทบุรี,ทุเรียน,ทุเรียน,สิงหาคม,ร้อยละผลผลิตรายเดือน,0.2,ร้อยละ,2026-07-22,2020
2564,2564,จันทบุรี,ทุเรียน,ทุเรียน,มกราคม,ร้อยละผลผลิตรายเดือน,0.22,ร้อยละ,2026-07-22,2021
2564,2564,จันทบุรี,ทุเรียน,ทุเรียน,กุมภาพันธ์,ร้อยละผลผลิตรายเดือน,1.95,ร้อยละ,2026-07-22,2021
2564,2564,จันทบุรี,ทุเรียน,ทุเรียน,มีนาคม,ร้อยละผลผลิตรายเดือน,3.03,ร้อยละ,2026-07-22,2021
2564,2564,จันทบุรี,ทุเรียน,ทุเรียน,เมษายน,ร้อยละผลผลิตรายเดือน,28.04,ร้อยละ,2026-07-22,2021
2564,2564,จันทบุรี,ทุเรียน,ทุเรียน,พฤษภาคม,ร้อยละผลผลิตรายเดือน,41.79,ร้อยละ,2026-07-22,2021
2564,2564,จันทบุรี,ทุเรียน,ทุเรียน,มิถุนายน,ร้อยละผลผลิตรายเดือน,21.34,ร้อยละ,2026-07-22,2021
2564,2564,จันทบุรี,ทุเรียน,ทุเรียน,กรกฎาคม,ร้อยละผลผลิตรายเดือน,3.63,ร้อยละ,2026-07-22,2021
2565,2565,จันทบุรี,ทุเรียน,ทุเรียน,กุมภาพันธ์,ร้อยละผลผลิตรายเดือน,0.02,ร้อยละ,2026-07-22,2022
2565,2565,จันทบุรี,ทุเรียน,ทุเรียน,มีนาคม,ร้อยละผลผลิตรายเดือน,2.78,ร้อยละ,2026-07-22,2022
2565,2565,จันทบุรี,ทุเรียน,ทุเรียน,เมษายน,ร้อยละผลผลิตรายเดือน,18.12,ร้อยละ,2026-07-22,2022
2565,2565,จันทบุรี,ทุเรียน,ทุเรียน,พฤษภาคม,ร้อยละผลผลิตรายเดือน,47.34,ร้อยละ,2026-07-22,2022
2565,2565,จันทบุรี,ทุเรียน,ทุเรียน,มิถุนายน,ร้อยละผลผลิตรายเดือน,26.72,ร้อยละ,2026-07-22,2022
2565,2565,จันทบุรี,ทุเรียน,ทุเรียน,กรกฎาคม,ร้อยละผลผลิตรายเดือน,5.02,ร้อยละ,2026-07-22,2022
2566,2566,จันทบุรี,ทุเรียน,ทุเรียน,กุมภาพันธ์,ร้อยละผลผลิตรายเดือน,0.66,ร้อยละ,2026-07-22,2023
2566,2566,จันทบุรี,ทุเรียน,ทุเรียน,มีนาคม,ร้อยละผลผลิตรายเดือน,7.27,ร้อยละ,2026-07-22,2023
2566,2566,จันทบุรี,ทุเรียน,ทุเรียน,เมษายน,ร้อยละผลผลิตรายเดือน,57.31,ร้อยละ,2026-07-22,2023
2566,2566,จันทบุรี,ทุเรียน,ทุเรียน,พฤษภาคม,ร้อยละผลผลิตรายเดือน,17.37,ร้อยละ,2026-07-22,2023
2566,2566,จันทบุรี,ทุเรียน,ทุเรียน,มิถุนายน,ร้อยละผลผลิตรายเดือน,16.73,ร้อยละ,2026-07-22,2023
2566,2566,จันทบุรี,ทุเรียน,ทุเรียน,กรกฎาคม,ร้อยละผลผลิตรายเดือน,0.55,ร้อยละ,2026-07-22,2023
2566,2566,จันทบุรี,ทุเรียน,ทุเรียน,สิงหาคม,ร้อยละผลผลิตรายเดือน,0.11,ร้อยละ,2026-07-22,2023
2567,2567,จันทบุรี,ทุเรียน,ทุเรียน,มกราคม,ร้อยละผลผลิตรายเดือน,0.01,ร้อยละ,2026-07-22,2024
2567,2567,จันทบุรี,ทุเรียน,ทุเรียน,กุมภาพันธ์,ร้อยละผลผลิตรายเดือน,0.09,ร้อยละ,2026-07-22,2024
2567,2567,จันทบุรี,ทุเรียน,ทุเรียน,มีนาคม,ร้อยละผลผลิตรายเดือน,0.91,ร้อยละ,2026-07-22,2024
2567,2567,จันทบุรี,ทุเรียน,ทุเรียน,เมษายน,ร้อยละผลผลิตรายเดือน,40.09,ร้อยละ,2026-07-22,2024
2567,2567,จันทบุรี,ทุเรียน,ทุเรียน,พฤษภาคม,ร้อยละผลผลิตรายเดือน,54.26,ร้อยละ,2026-07-22,2024
2567,2567,จันทบุรี,ทุเรียน,ทุเรียน,มิถุนายน,ร้อยละผลผลิตรายเดือน,4.64,ร้อยละ,2026-07-22,2024
2568,2568,จันทบุรี,ทุเรียน,ทุเรียน,กุมภาพันธ์,ร้อยละผลผลิตรายเดือน,0.09,ร้อยละ,2026-07-22,2025
2568,2568,จันทบุรี,ทุเรียน,ทุเรียน,มีนาคม,ร้อยละผลผลิตรายเดือน,1.31,ร้อยละ,2026-07-22,2025
2568,2568,จันทบุรี,ทุเรียน,ทุเรียน,เมษายน,ร้อยละผลผลิตรายเดือน,22.82,ร้อยละ,2026-07-22,2025
2568,2568,จันทบุรี,ทุเรียน,ทุเรียน,พฤษภาคม,ร้อยละผลผลิตรายเดือน,56.74,ร้อยละ,2026-07-22,2025
2568,2568,จันทบุรี,ทุเรียน,ทุเรียน,มิถุนายน,ร้อยละผลผลิตรายเดือน,18.15,ร้อยละ,2026-07-22,2025
2568,2568,จันทบุรี,ทุเรียน,ทุเรียน,กรกฎาคม,ร้อยละผลผลิตรายเดือน,0.89,ร้อยละ,2026-07-22,2025
2547,2547,ชุมพร,ทุเรียน,ทุเรียน,มกราคม,ร้อยละผลผลิตรายเดือน,1.06,ร้อยละ,2026-07-22,2004
2547,2547,ชุมพร,ทุเรียน,ทุเรียน,กุมภาพันธ์,ร้อยละผลผลิตรายเดือน,1.47,ร้อยละ,2026-07-22,2004
2547,2547,ชุมพร,ทุเรียน,ทุเรียน,มีนาคม,ร้อยละผลผลิตรายเดือน,2.57,ร้อยละ,2026-07-22,2004
2547,2547,ชุมพร,ทุเรียน,ทุเรียน,เมษายน,ร้อยละผลผลิตรายเดือน,0.12,ร้อยละ,2026-07-22,2004
2547,2547,ชุมพร,ทุเรียน,ทุเรียน,พฤษภาคม,ร้อยละผลผลิตรายเดือน,1.86,ร้อยละ,2026-07-22,2004
2547,2547,ชุมพร,ทุเรียน,ทุเรียน,มิถุนายน,ร้อยละผลผลิตรายเดือน,4.25,ร้อยละ,2026-07-22,2004
2547,2547,ชุมพร,ทุเรียน,ทุเรียน,กรกฎาคม,ร้อยละผลผลิตรายเดือน,12.05,ร้อยละ,2026-07-22,2004
2547,2547,ชุมพร,ทุเรียน,ทุเรียน,สิงหาคม,ร้อยละผลผลิตรายเดือน,16.64,ร้อยละ,2026-07-22,2004
2547,2547,ชุมพร,ทุเรียน,ทุเรียน,กันยายน,ร้อยละผลผลิตรายเดือน,23.02,ร้อยละ,2026-07-22,2004
2547,2547,ชุมพร,ทุเรียน,ทุเรียน,ตุลาคม,ร้อยละผลผลิตรายเดือน,12.59,ร้อยละ,2026-07-22,2004
2547,2547,ชุมพร,ทุเรียน,ทุเรียน,พฤศจิกายน,ร้อยละผลผลิตรายเดือน,19.8,ร้อยละ,2026-07-22,2004
2547,2547,ชุมพร,ทุเรียน,ทุเรียน,ธันวาคม,ร้อยละผลผลิตรายเดือน,4.57,ร้อยละ,2026-07-22,2004
2548,2548,ชุมพร,ทุเรียน,ทุเรียน,พฤษภาคม,ร้อยละผลผลิตรายเดือน,4.91,ร้อยละ,2026-07-22,2005
2548,2548,ชุมพร,ทุเรียน,ทุเรียน,มิถุนายน,ร้อยละผลผลิตรายเดือน,10.0,ร้อยละ,2026-07-22,2005
2548,2548,ชุมพร,ทุเรียน,ทุเรียน,กรกฎาคม,ร้อยละผลผลิตรายเดือน,20.05,ร้อยละ,2026-07-22,2005
2548,2548,ชุมพร,ทุเรียน,ทุเรียน,สิงหาคม,ร้อยละผลผลิตรายเดือน,45.03,ร้อยละ,2026-07-22,2005
2548,2548,ชุมพร,ทุเรียน,ทุเรียน,กันยายน,ร้อยละผลผลิตรายเดือน,15.01,ร้อยละ,2026-07-22,2005
2548,2548,ชุมพร,ทุเรียน,ทุเรียน,ตุลาคม,ร้อยละผลผลิตรายเดือน,5.0,ร้อยละ,2026-07-22,2005
2549,2549,ชุมพร,ทุเรียน,ทุเรียน,พฤษภาคม,ร้อยละผลผลิตรายเดือน,2.13,ร้อยละ,2026-07-22,2006
2549,2549,ชุมพร,ทุเรียน,ทุเรียน,มิถุนายน,ร้อยละผลผลิตรายเดือน,12.87,ร้อยละ,2026-07-22,2006
2549,2549,ชุมพร,ทุเรียน,ทุเรียน,กรกฎาคม,ร้อยละผลผลิตรายเดือน,35.87,ร้อยละ,2026-07-22,2006
2549,2549,ชุมพร,ทุเรียน,ทุเรียน,สิงหาคม,ร้อยละผลผลิตรายเดือน,34.13,ร้อยละ,2026-07-22,2006
2549,2549,ชุมพร,ทุเรียน,ทุเรียน,กันยายน,ร้อยละผลผลิตรายเดือน,10.0,ร้อยละ,2026-07-22,2006
2549,2549,ชุมพร,ทุเรียน,ทุเรียน,ตุลาคม,ร้อยละผลผลิตรายเดือน,3.0,ร้อยละ,2026-07-22,2006
2549,2549,ชุมพร,ทุเรียน,ทุเรียน,พฤศจิกายน,ร้อยละผลผลิตรายเดือน,0.7,ร้อยละ,2026-07-22,2006
2549,2549,ชุมพร,ทุเรียน,ทุเรียน,ธันวาคม,ร้อยละผลผลิตรายเดือน,1.3,ร้อยละ,2026-07-22,2006
2550,2550,ชุมพร,ทุเรียน,ทุเรียน,กุมภาพันธ์,ร้อยละผลผลิตรายเดือน,1.2,ร้อยละ,2026-07-22,2007
2550,2550,ชุมพร,ทุเรียน,ทุเรียน,มีนาคม,ร้อยละผลผลิตรายเดือน,0.5,ร้อยละ,2026-07-22,2007
2550,2550,ชุมพร,ทุเรียน,ทุเรียน,พฤษภาคม,ร้อยละผลผลิตรายเดือน,3.9,ร้อยละ,2026-07-22,2007
2550,2550,ชุมพร,ทุเรียน,ทุเรียน,มิถุนายน,ร้อยละผลผลิตรายเดือน,11.9,ร้อยละ,2026-07-22,2007
2550,2550,ชุมพร,ทุเรียน,ทุเรียน,กรกฎาคม,ร้อยละผลผลิตรายเดือน,28.1,ร้อยละ,2026-07-22,2007
2550,2550,ชุมพร,ทุเรียน,ทุเรียน,สิงหาคม,ร้อยละผลผลิตรายเดือน,32.8,ร้อยละ,2026-07-22,2007
2550,2550,ชุมพร,ทุเรียน,ทุเรียน,กันยายน,ร้อยละผลผลิตรายเดือน,12.3,ร้อยละ,2026-07-22,2007
2550,2550,ชุมพร,ทุเรียน,ทุเรียน,ตุลาคม,ร้อยละผลผลิตรายเดือน,2.3,ร้อยละ,2026-07-22,2007
2550,2550,ชุมพร,ทุเรียน,ทุเรียน,พฤศจิกายน,ร้อยละผลผลิตรายเดือน,4.1,ร้อยละ,2026-07-22,2007
2550,2550,ชุมพร,ทุเรียน,ทุเรียน,ธันวาคม,ร้อยละผลผลิตรายเดือน,2.9,ร้อยละ,2026-07-22,2007
2551,2551,ชุมพร,ทุเรียน,ทุเรียน,พฤษภาคม,ร้อยละผลผลิตรายเดือน,5.07,ร้อยละ,2026-07-22,2008
2551,2551,ชุมพร,ทุเรียน,ทุเรียน,มิถุนายน,ร้อยละผลผลิตรายเดือน,15.77,ร้อยละ,2026-07-22,2008
2551,2551,ชุมพร,ทุเรียน,ทุเรียน,กรกฎาคม,ร้อยละผลผลิตรายเดือน,19.99,ร้อยละ,2026-07-22,2008
2551,2551,ชุมพร,ทุเรียน,ทุเรียน,สิงหาคม,ร้อยละผลผลิตรายเดือน,27.41,ร้อยละ,2026-07-22,2008
2551,2551,ชุมพร,ทุเรียน,ทุเรียน,กันยายน,ร้อยละผลผลิตรายเดือน,23.36,ร้อยละ,2026-07-22,2008
2551,2551,ชุมพร,ทุเรียน,ทุเรียน,ตุลาคม,ร้อยละผลผลิตรายเดือน,3.78,ร้อยละ,2026-07-22,2008
2551,2551,ชุมพร,ทุเรียน,ทุเรียน,พฤศจิกายน,ร้อยละผลผลิตรายเดือน,3.26,ร้อยละ,2026-07-22,2008
2551,2551,ชุมพร,ทุเรียน,ทุเรียน,ธันวาคม,ร้อยละผลผลิตรายเดือน,1.36,ร้อยละ,2026-07-22,2008
2552,2552,ชุมพร,ทุเรียน,ทุเรียน,มกราคม,ร้อยละผลผลิตรายเดือน,2.05,ร้อยละ,2026-07-22,2009
2552,2552,ชุมพร,ทุเรียน,ทุเรียน,กุมภาพันธ์,ร้อยละผลผลิตรายเดือน,2.05,ร้อยละ,2026-07-22,2009
2552,2552,ชุมพร,ทุเรียน,ทุเรียน,มีนาคม,ร้อยละผลผลิตรายเดือน,2.05,ร้อยละ,2026-07-22,2009
2552,2552,ชุมพร,ทุเรียน,ทุเรียน,พฤษภาคม,ร้อยละผลผลิตรายเดือน,3.12,ร้อยละ,2026-07-22,2009
2552,2552,ชุมพร,ทุเรียน,ทุเรียน,มิถุนายน,ร้อยละผลผลิตรายเดือน,7.54,ร้อยละ,2026-07-22,2009
2552,2552,ชุมพร,ทุเรียน,ทุเรียน,กรกฎาคม,ร้อยละผลผลิตรายเดือน,29.12,ร้อยละ,2026-07-22,2009
2552,2552,ชุมพร,ทุเรียน,ทุเรียน,สิงหาคม,ร้อยละผลผลิตรายเดือน,29.14,ร้อยละ,2026-07-22,2009
2552,2552,ชุมพร,ทุเรียน,ทุเรียน,กันยายน,ร้อยละผลผลิตรายเดือน,11.39,ร้อยละ,2026-07-22,2009
2552,2552,ชุมพร,ทุเรียน,ทุเรียน,ตุลาคม,ร้อยละผลผลิตรายเดือน,8.02,ร้อยละ,2026-07-22,2009
2552,2552,ชุมพร,ทุเรียน,ทุเรียน,พฤศจิกายน,ร้อยละผลผลิตรายเดือน,3.47,ร้อยละ,2026-07-22,2009
2552,2552,ชุมพร,ทุเรียน,ทุเรียน,ธันวาคม,ร้อยละผลผลิตรายเดือน,2.05,ร้อยละ,2026-07-22,2009
2553,2553,ชุมพร,ทุเรียน,ทุเรียน,มกราคม,ร้อยละผลผลิตรายเดือน,0.05,ร้อยละ,2026-07-22,2010
2553,2553,ชุมพร,ทุเรียน,ทุเรียน,มีนาคม,ร้อยละผลผลิตรายเดือน,3.98,ร้อยละ,2026-07-22,2010
2553,2553,ชุมพร,ทุเรียน,ทุเรียน,เมษายน,ร้อยละผลผลิตรายเดือน,0.04,ร้อยละ,2026-07-22,2010
2553,2553,ชุมพร,ทุเรียน,ทุเรียน,พฤษภาคม,ร้อยละผลผลิตรายเดือน,3.24,ร้อยละ,2026-07-22,2010
2553,2553,ชุมพร,ทุเรียน,ทุเรียน,มิถุนายน,ร้อยละผลผลิตรายเดือน,1.9,ร้อยละ,2026-07-22,2010
2553,2553,ชุมพร,ทุเรียน,ทุเรียน,กรกฎาคม,ร้อยละผลผลิตรายเดือน,5.13,ร้อยละ,2026-07-22,2010
2553,2553,ชุมพร,ทุเรียน,ทุเรียน,สิงหาคม,ร้อยละผลผลิตรายเดือน,37.07,ร้อยละ,2026-07-22,2010
2553,2553,ชุมพร,ทุเรียน,ทุเรียน,กันยายน,ร้อยละผลผลิตรายเดือน,19.37,ร้อยละ,2026-07-22,2010
2553,2553,ชุมพร,ทุเรียน,ทุเรียน,ตุลาคม,ร้อยละผลผลิตรายเดือน,14.67,ร้อยละ,2026-07-22,2010
2553,2553,ชุมพร,ทุเรียน,ทุเรียน,พฤศจิกายน,ร้อยละผลผลิตรายเดือน,13.84,ร้อยละ,2026-07-22,2010
2553,2553,ชุมพร,ทุเรียน,ทุเรียน,ธันวาคม,ร้อยละผลผลิตรายเดือน,0.71,ร้อยละ,2026-07-22,2010
2554,2554,ชุมพร,ทุเรียน,ทุเรียน,มิถุนายน,ร้อยละผลผลิตรายเดือน,11.53,ร้อยละ,2026-07-22,2011
2554,2554,ชุมพร,ทุเรียน,ทุเรียน,กรกฎาคม,ร้อยละผลผลิตรายเดือน,17.24,ร้อยละ,2026-07-22,2011
2554,2554,ชุมพร,ทุเรียน,ทุเรียน,สิงหาคม,ร้อยละผลผลิตรายเดือน,33.35,ร้อยละ,2026-07-22,2011
2554,2554,ชุมพร,ทุเรียน,ทุเรียน,กันยายน,ร้อยละผลผลิตรายเดือน,23.23,ร้อยละ,2026-07-22,2011
2554,2554,ชุมพร,ทุเรียน,ทุเรียน,ตุลาคม,ร้อยละผลผลิตรายเดือน,2.66,ร้อยละ,2026-07-22,2011
2554,2554,ชุมพร,ทุเรียน,ทุเรียน,พฤศจิกายน,ร้อยละผลผลิตรายเดือน,2.96,ร้อยละ,2026-07-22,2011
2554,2554,ชุมพร,ทุเรียน,ทุเรียน,ธันวาคม,ร้อยละผลผลิตรายเดือน,9.03,ร้อยละ,2026-07-22,2011
2555,2555,ชุมพร,ทุเรียน,ทุเรียน,มกราคม,ร้อยละผลผลิตรายเดือน,3.02,ร้อยละ,2026-07-22,2012
2555,2555,ชุมพร,ทุเรียน,ทุเรียน,กุมภาพันธ์,ร้อยละผลผลิตรายเดือน,1.94,ร้อยละ,2026-07-22,2012
2555,2555,ชุมพร,ทุเรียน,ทุเรียน,มีนาคม,ร้อยละผลผลิตรายเดือน,0.66,ร้อยละ,2026-07-22,2012
2555,2555,ชุมพร,ทุเรียน,ทุเรียน,เมษายน,ร้อยละผลผลิตรายเดือน,1.62,ร้อยละ,2026-07-22,2012
2555,2555,ชุมพร,ทุเรียน,ทุเรียน,พฤษภาคม,ร้อยละผลผลิตรายเดือน,3.9,ร้อยละ,2026-07-22,2012
2555,2555,ชุมพร,ทุเรียน,ทุเรียน,มิถุนายน,ร้อยละผลผลิตรายเดือน,10.61,ร้อยละ,2026-07-22,2012
2555,2555,ชุมพร,ทุเรียน,ทุเรียน,กรกฎาคม,ร้อยละผลผลิตรายเดือน,18.67,ร้อยละ,2026-07-22,2012
2555,2555,ชุมพร,ทุเรียน,ทุเรียน,สิงหาคม,ร้อยละผลผลิตรายเดือน,19.22,ร้อยละ,2026-07-22,2012
2555,2555,ชุมพร,ทุเรียน,ทุเรียน,กันยายน,ร้อยละผลผลิตรายเดือน,22.74,ร้อยละ,2026-07-22,2012
2555,2555,ชุมพร,ทุเรียน,ทุเรียน,ตุลาคม,ร้อยละผลผลิตรายเดือน,9.11,ร้อยละ,2026-07-22,2012
2555,2555,ชุมพร,ทุเรียน,ทุเรียน,พฤศจิกายน,ร้อยละผลผลิตรายเดือน,4.0,ร้อยละ,2026-07-22,2012
2555,2555,ชุมพร,ทุเรียน,ทุเรียน,ธันวาคม,ร้อยละผลผลิตรายเดือน,4.51,ร้อยละ,2026-07-22,2012
2556,2556,ชุมพร,ทุเรียน,ทุเรียน,มกราคม,ร้อยละผลผลิตรายเดือน,5.37,ร้อยละ,2026-07-22,2013
2556,2556,ชุมพร,ทุเรียน,ทุเรียน,กุมภาพันธ์,ร้อยละผลผลิตรายเดือน,3.9,ร้อยละ,2026-07-22,2013
2556,2556,ชุมพร,ทุเรียน,ทุเรียน,มิถุนายน,ร้อยละผลผลิตรายเดือน,5.49,ร้อยละ,2026-07-22,2013
2556,2556,ชุมพร,ทุเรียน,ทุเรียน,กรกฎาคม,ร้อยละผลผลิตรายเดือน,9.55,ร้อยละ,2026-07-22,2013
2556,2556,ชุมพร,ทุเรียน,ทุเรียน,สิงหาคม,ร้อยละผลผลิตรายเดือน,30.17,ร้อยละ,2026-07-22,2013
2556,2556,ชุมพร,ทุเรียน,ทุเรียน,กันยายน,ร้อยละผลผลิตรายเดือน,25.78,ร้อยละ,2026-07-22,2013
2556,2556,ชุมพร,ทุเรียน,ทุเรียน,ตุลาคม,ร้อยละผลผลิตรายเดือน,7.04,ร้อยละ,2026-07-22,2013
2556,2556,ชุมพร,ทุเรียน,ทุเรียน,พฤศจิกายน,ร้อยละผลผลิตรายเดือน,7.58,ร้อยละ,2026-07-22,2013
2556,2556,ชุมพร,ทุเรียน,ทุเรียน,ธันวาคม,ร้อยละผลผลิตรายเดือน,5.12,ร้อยละ,2026-07-22,2013
2557,2557,ชุมพร,ทุเรียน,ทุเรียน,มกราคม,ร้อยละผลผลิตรายเดือน,0.4,ร้อยละ,2026-07-22,2014
2557,2557,ชุมพร,ทุเรียน,ทุเรียน,กุมภาพันธ์,ร้อยละผลผลิตรายเดือน,0.6,ร้อยละ,2026-07-22,2014
2557,2557,ชุมพร,ทุเรียน,ทุเรียน,มีนาคม,ร้อยละผลผลิตรายเดือน,0.3,ร้อยละ,2026-07-22,2014
2557,2557,ชุมพร,ทุเรียน,ทุเรียน,เมษายน,ร้อยละผลผลิตรายเดือน,0.2,ร้อยละ,2026-07-22,2014
2557,2557,ชุมพร,ทุเรียน,ทุเรียน,พฤษภาคม,ร้อยละผลผลิตรายเดือน,0.5,ร้อยละ,2026-07-22,2014
2557,2557,ชุมพร,ทุเรียน,ทุเรียน,มิถุนายน,ร้อยละผลผลิตรายเดือน,3.9,ร้อยละ,2026-07-22,2014
2557,2557,ชุมพร,ทุเรียน,ทุเรียน,กรกฎาคม,ร้อยละผลผลิตรายเดือน,19.3,ร้อยละ,2026-07-22,2014
2557,2557,ชุมพร,ทุเรียน,ทุเรียน,สิงหาคม,ร้อยละผลผลิตรายเดือน,52.4,ร้อยละ,2026-07-22,2014
2557,2557,ชุมพร,ทุเรียน,ทุเรียน,กันยายน,ร้อยละผลผลิตรายเดือน,15.3,ร้อยละ,2026-07-22,2014
2557,2557,ชุมพร,ทุเรียน,ทุเรียน,ตุลาคม,ร้อยละผลผลิตรายเดือน,5.3,ร้อยละ,2026-07-22,2014
2557,2557,ชุมพร,ทุเรียน,ทุเรียน,พฤศจิกายน,ร้อยละผลผลิตรายเดือน,1.2,ร้อยละ,2026-07-22,2014
2557,2557,ชุมพร,ทุเรียน,ทุเรียน,ธันวาคม,ร้อยละผลผลิตรายเดือน,0.6,ร้อยละ,2026-07-22,2014
2558,2558,ชุมพร,ทุเรียน,ทุเรียน,มกราคม,ร้อยละผลผลิตรายเดือน,1.03,ร้อยละ,2026-07-22,2015
2558,2558,ชุมพร,ทุเรียน,ทุเรียน,กุมภาพันธ์,ร้อยละผลผลิตรายเดือน,0.55,ร้อยละ,2026-07-22,2015
2558,2558,ชุมพร,ทุเรียน,ทุเรียน,มีนาคม,ร้อยละผลผลิตรายเดือน,0.08,ร้อยละ,2026-07-22,2015
2558,2558,ชุมพร,ทุเรียน,ทุเรียน,เมษายน,ร้อยละผลผลิตรายเดือน,0.03,ร้อยละ,2026-07-22,2015
2558,2558,ชุมพร,ทุเรียน,ทุเรียน,พฤษภาคม,ร้อยละผลผลิตรายเดือน,0.17,ร้อยละ,2026-07-22,2015
2558,2558,ชุมพร,ทุเรียน,ทุเรียน,มิถุนายน,ร้อยละผลผลิตรายเดือน,8.09,ร้อยละ,2026-07-22,2015
2558,2558,ชุมพร,ทุเรียน,ทุเรียน,กรกฎาคม,ร้อยละผลผลิตรายเดือน,27.23,ร้อยละ,2026-07-22,2015
2558,2558,ชุมพร,ทุเรียน,ทุเรียน,สิงหาคม,ร้อยละผลผลิตรายเดือน,36.07,ร้อยละ,2026-07-22,2015
2558,2558,ชุมพร,ทุเรียน,ทุเรียน,กันยายน,ร้อยละผลผลิตรายเดือน,12.8,ร้อยละ,2026-07-22,2015
2558,2558,ชุมพร,ทุเรียน,ทุเรียน,ตุลาคม,ร้อยละผลผลิตรายเดือน,4.74,ร้อยละ,2026-07-22,2015
2558,2558,ชุมพร,ทุเรียน,ทุเรียน,พฤศจิกายน,ร้อยละผลผลิตรายเดือน,4.19,ร้อยละ,2026-07-22,2015
2558,2558,ชุมพร,ทุเรียน,ทุเรียน,ธันวาคม,ร้อยละผลผลิตรายเดือน,5.02,ร้อยละ,2026-07-22,2015
2559,2559,ชุมพร,ทุเรียน,ทุเรียน,มกราคม,ร้อยละผลผลิตรายเดือน,3.16,ร้อยละ,2026-07-22,2016
2559,2559,ชุมพร,ทุเรียน,ทุเรียน,กุมภาพันธ์,ร้อยละผลผลิตรายเดือน,4.62,ร้อยละ,2026-07-22,2016
2559,2559,ชุมพร,ทุเรียน,ทุเรียน,มีนาคม,ร้อยละผลผลิตรายเดือน,1.98,ร้อยละ,2026-07-22,2016
2559,2559,ชุมพร,ทุเรียน,ทุเรียน,เมษายน,ร้อยละผลผลิตรายเดือน,0.1,ร้อยละ,2026-07-22,2016
2559,2559,ชุมพร,ทุเรียน,ทุเรียน,พฤษภาคม,ร้อยละผลผลิตรายเดือน,0.24,ร้อยละ,2026-07-22,2016
2559,2559,ชุมพร,ทุเรียน,ทุเรียน,มิถุนายน,ร้อยละผลผลิตรายเดือน,2.14,ร้อยละ,2026-07-22,2016
2559,2559,ชุมพร,ทุเรียน,ทุเรียน,กรกฎาคม,ร้อยละผลผลิตรายเดือน,20.53,ร้อยละ,2026-07-22,2016
2559,2559,ชุมพร,ทุเรียน,ทุเรียน,สิงหาคม,ร้อยละผลผลิตรายเดือน,4.98,ร้อยละ,2026-07-22,2016
2559,2559,ชุมพร,ทุเรียน,ทุเรียน,กันยายน,ร้อยละผลผลิตรายเดือน,35.33,ร้อยละ,2026-07-22,2016
2559,2559,ชุมพร,ทุเรียน,ทุเรียน,ตุลาคม,ร้อยละผลผลิตรายเดือน,23.15,ร้อยละ,2026-07-22,2016
2559,2559,ชุมพร,ทุเรียน,ทุเรียน,พฤศจิกายน,ร้อยละผลผลิตรายเดือน,1.5,ร้อยละ,2026-07-22,2016
2559,2559,ชุมพร,ทุเรียน,ทุเรียน,ธันวาคม,ร้อยละผลผลิตรายเดือน,2.27,ร้อยละ,2026-07-22,2016
2560,2560,ชุมพร,ทุเรียน,ทุเรียน,มกราคม,ร้อยละผลผลิตรายเดือน,1.49,ร้อยละ,2026-07-22,2017
2560,2560,ชุมพร,ทุเรียน,ทุเรียน,กุมภาพันธ์,ร้อยละผลผลิตรายเดือน,1.87,ร้อยละ,2026-07-22,2017
2560,2560,ชุมพร,ทุเรียน,ทุเรียน,มีนาคม,ร้อยละผลผลิตรายเดือน,0.76,ร้อยละ,2026-07-22,2017
2560,2560,ชุมพร,ทุเรียน,ทุเรียน,เมษายน,ร้อยละผลผลิตรายเดือน,0.1,ร้อยละ,2026-07-22,2017
2560,2560,ชุมพร,ทุเรียน,ทุเรียน,พฤษภาคม,ร้อยละผลผลิตรายเดือน,1.0,ร้อยละ,2026-07-22,2017
2560,2560,ชุมพร,ทุเรียน,ทุเรียน,มิถุนายน,ร้อยละผลผลิตรายเดือน,1.1,ร้อยละ,2026-07-22,2017
2560,2560,ชุมพร,ทุเรียน,ทุเรียน,กรกฎาคม,ร้อยละผลผลิตรายเดือน,12.74,ร้อยละ,2026-07-22,2017
2560,2560,ชุมพร,ทุเรียน,ทุเรียน,สิงหาคม,ร้อยละผลผลิตรายเดือน,49.77,ร้อยละ,2026-07-22,2017
2560,2560,ชุมพร,ทุเรียน,ทุเรียน,กันยายน,ร้อยละผลผลิตรายเดือน,18.31,ร้อยละ,2026-07-22,2017
2560,2560,ชุมพร,ทุเรียน,ทุเรียน,ตุลาคม,ร้อยละผลผลิตรายเดือน,8.71,ร้อยละ,2026-07-22,2017
2560,2560,ชุมพร,ทุเรียน,ทุเรียน,พฤศจิกายน,ร้อยละผลผลิตรายเดือน,3.36,ร้อยละ,2026-07-22,2017
2560,2560,ชุมพร,ทุเรียน,ทุเรียน,ธันวาคม,ร้อยละผลผลิตรายเดือน,0.79,ร้อยละ,2026-07-22,2017
2561,2561,ชุมพร,ทุเรียน,ทุเรียน,มกราคม,ร้อยละผลผลิตรายเดือน,4.75,ร้อยละ,2026-07-22,2018
2561,2561,ชุมพร,ทุเรียน,ทุเรียน,กุมภาพันธ์,ร้อยละผลผลิตรายเดือน,6.29,ร้อยละ,2026-07-22,2018
2561,2561,ชุมพร,ทุเรียน,ทุเรียน,มีนาคม,ร้อยละผลผลิตรายเดือน,4.11,ร้อยละ,2026-07-22,2018
2561,2561,ชุมพร,ทุเรียน,ทุเรียน,เมษายน,ร้อยละผลผลิตรายเดือน,0.09,ร้อยละ,2026-07-22,2018
2561,2561,ชุมพร,ทุเรียน,ทุเรียน,พฤษภาคม,ร้อยละผลผลิตรายเดือน,3.81,ร้อยละ,2026-07-22,2018
2561,2561,ชุมพร,ทุเรียน,ทุเรียน,มิถุนายน,ร้อยละผลผลิตรายเดือน,7.14,ร้อยละ,2026-07-22,2018
2561,2561,ชุมพร,ทุเรียน,ทุเรียน,กรกฎาคม,ร้อยละผลผลิตรายเดือน,24.66,ร้อยละ,2026-07-22,2018
2561,2561,ชุมพร,ทุเรียน,ทุเรียน,สิงหาคม,ร้อยละผลผลิตรายเดือน,25.95,ร้อยละ,2026-07-22,2018
2561,2561,ชุมพร,ทุเรียน,ทุเรียน,กันยายน,ร้อยละผลผลิตรายเดือน,8.8,ร้อยละ,2026-07-22,2018
2561,2561,ชุมพร,ทุเรียน,ทุเรียน,ตุลาคม,ร้อยละผลผลิตรายเดือน,6.03,ร้อยละ,2026-07-22,2018
2561,2561,ชุมพร,ทุเรียน,ทุเรียน,พฤศจิกายน,ร้อยละผลผลิตรายเดือน,5.02,ร้อยละ,2026-07-22,2018
2561,2561,ชุมพร,ทุเรียน,ทุเรียน,ธันวาคม,ร้อยละผลผลิตรายเดือน,3.35,ร้อยละ,2026-07-22,2018
2562,2562,ชุมพร,ทุเรียน,ทุเรียน,มกราคม,ร้อยละผลผลิตรายเดือน,3.99,ร้อยละ,2026-07-22,2019
2562,2562,ชุมพร,ทุเรียน,ทุเรียน,กุมภาพันธ์,ร้อยละผลผลิตรายเดือน,5.11,ร้อยละ,2026-07-22,2019
2562,2562,ชุมพร,ทุเรียน,ทุเรียน,มีนาคม,ร้อยละผลผลิตรายเดือน,2.54,ร้อยละ,2026-07-22,2019
2562,2562,ชุมพร,ทุเรียน,ทุเรียน,เมษายน,ร้อยละผลผลิตรายเดือน,0.4,ร้อยละ,2026-07-22,2019
2562,2562,ชุมพร,ทุเรียน,ทุเรียน,พฤษภาคม,ร้อยละผลผลิตรายเดือน,0.38,ร้อยละ,2026-07-22,2019
2562,2562,ชุมพร,ทุเรียน,ทุเรียน,มิถุนายน,ร้อยละผลผลิตรายเดือน,2.27,ร้อยละ,2026-07-22,2019
2562,2562,ชุมพร,ทุเรียน,ทุเรียน,กรกฎาคม,ร้อยละผลผลิตรายเดือน,11.4,ร้อยละ,2026-07-22,2019
2562,2562,ชุมพร,ทุเรียน,ทุเรียน,สิงหาคม,ร้อยละผลผลิตรายเดือน,45.92,ร้อยละ,2026-07-22,2019
2562,2562,ชุมพร,ทุเรียน,ทุเรียน,กันยายน,ร้อยละผลผลิตรายเดือน,14.19,ร้อยละ,2026-07-22,2019
2562,2562,ชุมพร,ทุเรียน,ทุเรียน,ตุลาคม,ร้อยละผลผลิตรายเดือน,2.33,ร้อยละ,2026-07-22,2019
2562,2562,ชุมพร,ทุเรียน,ทุเรียน,พฤศจิกายน,ร้อยละผลผลิตรายเดือน,3.79,ร้อยละ,2026-07-22,2019
2562,2562,ชุมพร,ทุเรียน,ทุเรียน,ธันวาคม,ร้อยละผลผลิตรายเดือน,7.68,ร้อยละ,2026-07-22,2019
2563,2563,ชุมพร,ทุเรียน,ทุเรียน,มกราคม,ร้อยละผลผลิตรายเดือน,0.81,ร้อยละ,2026-07-22,2020
2563,2563,ชุมพร,ทุเรียน,ทุเรียน,กุมภาพันธ์,ร้อยละผลผลิตรายเดือน,0.44,ร้อยละ,2026-07-22,2020
2563,2563,ชุมพร,ทุเรียน,ทุเรียน,มีนาคม,ร้อยละผลผลิตรายเดือน,0.23,ร้อยละ,2026-07-22,2020
2563,2563,ชุมพร,ทุเรียน,ทุเรียน,เมษายน,ร้อยละผลผลิตรายเดือน,0.1,ร้อยละ,2026-07-22,2020
2563,2563,ชุมพร,ทุเรียน,ทุเรียน,พฤษภาคม,ร้อยละผลผลิตรายเดือน,2.54,ร้อยละ,2026-07-22,2020
2563,2563,ชุมพร,ทุเรียน,ทุเรียน,มิถุนายน,ร้อยละผลผลิตรายเดือน,12.52,ร้อยละ,2026-07-22,2020
2563,2563,ชุมพร,ทุเรียน,ทุเรียน,กรกฎาคม,ร้อยละผลผลิตรายเดือน,27.29,ร้อยละ,2026-07-22,2020
2563,2563,ชุมพร,ทุเรียน,ทุเรียน,สิงหาคม,ร้อยละผลผลิตรายเดือน,19.59,ร้อยละ,2026-07-22,2020
2563,2563,ชุมพร,ทุเรียน,ทุเรียน,กันยายน,ร้อยละผลผลิตรายเดือน,24.86,ร้อยละ,2026-07-22,2020
2563,2563,ชุมพร,ทุเรียน,ทุเรียน,ตุลาคม,ร้อยละผลผลิตรายเดือน,9.6,ร้อยละ,2026-07-22,2020
2563,2563,ชุมพร,ทุเรียน,ทุเรียน,พฤศจิกายน,ร้อยละผลผลิตรายเดือน,1.2,ร้อยละ,2026-07-22,2020
2563,2563,ชุมพร,ทุเรียน,ทุเรียน,ธันวาคม,ร้อยละผลผลิตรายเดือน,0.82,ร้อยละ,2026-07-22,2020
2564,2564,ชุมพร,ทุเรียน,ทุเรียน,มกราคม,ร้อยละผลผลิตรายเดือน,0.76,ร้อยละ,2026-07-22,2021
2564,2564,ชุมพร,ทุเรียน,ทุเรียน,กุมภาพันธ์,ร้อยละผลผลิตรายเดือน,0.86,ร้อยละ,2026-07-22,2021
2564,2564,ชุมพร,ทุเรียน,ทุเรียน,มีนาคม,ร้อยละผลผลิตรายเดือน,0.66,ร้อยละ,2026-07-22,2021
2564,2564,ชุมพร,ทุเรียน,ทุเรียน,เมษายน,ร้อยละผลผลิตรายเดือน,0.1,ร้อยละ,2026-07-22,2021
2564,2564,ชุมพร,ทุเรียน,ทุเรียน,พฤษภาคม,ร้อยละผลผลิตรายเดือน,2.53,ร้อยละ,2026-07-22,2021
2564,2564,ชุมพร,ทุเรียน,ทุเรียน,มิถุนายน,ร้อยละผลผลิตรายเดือน,13.01,ร้อยละ,2026-07-22,2021
2564,2564,ชุมพร,ทุเรียน,ทุเรียน,กรกฎาคม,ร้อยละผลผลิตรายเดือน,30.99,ร้อยละ,2026-07-22,2021
2564,2564,ชุมพร,ทุเรียน,ทุเรียน,สิงหาคม,ร้อยละผลผลิตรายเดือน,20.94,ร้อยละ,2026-07-22,2021
2564,2564,ชุมพร,ทุเรียน,ทุเรียน,กันยายน,ร้อยละผลผลิตรายเดือน,24.4,ร้อยละ,2026-07-22,2021
2564,2564,ชุมพร,ทุเรียน,ทุเรียน,ตุลาคม,ร้อยละผลผลิตรายเดือน,5.14,ร้อยละ,2026-07-22,2021
2564,2564,ชุมพร,ทุเรียน,ทุเรียน,พฤศจิกายน,ร้อยละผลผลิตรายเดือน,0.31,ร้อยละ,2026-07-22,2021
2564,2564,ชุมพร,ทุเรียน,ทุเรียน,ธันวาคม,ร้อยละผลผลิตรายเดือน,0.3,ร้อยละ,2026-07-22,2021
2565,2565,ชุมพร,ทุเรียน,ทุเรียน,มกราคม,ร้อยละผลผลิตรายเดือน,2.2,ร้อยละ,2026-07-22,2022
2565,2565,ชุมพร,ทุเรียน,ทุเรียน,กุมภาพันธ์,ร้อยละผลผลิตรายเดือน,0.32,ร้อยละ,2026-07-22,2022
2565,2565,ชุมพร,ทุเรียน,ทุเรียน,มีนาคม,ร้อยละผลผลิตรายเดือน,0.07,ร้อยละ,2026-07-22,2022
2565,2565,ชุมพร,ทุเรียน,ทุเรียน,พฤษภาคม,ร้อยละผลผลิตรายเดือน,2.22,ร้อยละ,2026-07-22,2022
2565,2565,ชุมพร,ทุเรียน,ทุเรียน,มิถุนายน,ร้อยละผลผลิตรายเดือน,42.68,ร้อยละ,2026-07-22,2022
2565,2565,ชุมพร,ทุเรียน,ทุเรียน,กรกฎาคม,ร้อยละผลผลิตรายเดือน,20.32,ร้อยละ,2026-07-22,2022
2565,2565,ชุมพร,ทุเรียน,ทุเรียน,สิงหาคม,ร้อยละผลผลิตรายเดือน,0.62,ร้อยละ,2026-07-22,2022
2565,2565,ชุมพร,ทุเรียน,ทุเรียน,กันยายน,ร้อยละผลผลิตรายเดือน,0.13,ร้อยละ,2026-07-22,2022
2565,2565,ชุมพร,ทุเรียน,ทุเรียน,ตุลาคม,ร้อยละผลผลิตรายเดือน,4.06,ร้อยละ,2026-07-22,2022
2565,2565,ชุมพร,ทุเรียน,ทุเรียน,พฤศจิกายน,ร้อยละผลผลิตรายเดือน,8.34,ร้อยละ,2026-07-22,2022
2565,2565,ชุมพร,ทุเรียน,ทุเรียน,ธันวาคม,ร้อยละผลผลิตรายเดือน,19.04,ร้อยละ,2026-07-22,2022
2566,2566,ชุมพร,ทุเรียน,ทุเรียน,มกราคม,ร้อยละผลผลิตรายเดือน,2.46,ร้อยละ,2026-07-22,2023
2566,2566,ชุมพร,ทุเรียน,ทุเรียน,กุมภาพันธ์,ร้อยละผลผลิตรายเดือน,2.25,ร้อยละ,2026-07-22,2023
2566,2566,ชุมพร,ทุเรียน,ทุเรียน,มิถุนายน,ร้อยละผลผลิตรายเดือน,62.4,ร้อยละ,2026-07-22,2023
2566,2566,ชุมพร,ทุเรียน,ทุเรียน,กรกฎาคม,ร้อยละผลผลิตรายเดือน,14.71,ร้อยละ,2026-07-22,2023
2566,2566,ชุมพร,ทุเรียน,ทุเรียน,สิงหาคม,ร้อยละผลผลิตรายเดือน,2.4,ร้อยละ,2026-07-22,2023
2566,2566,ชุมพร,ทุเรียน,ทุเรียน,กันยายน,ร้อยละผลผลิตรายเดือน,5.96,ร้อยละ,2026-07-22,2023
2566,2566,ชุมพร,ทุเรียน,ทุเรียน,ตุลาคม,ร้อยละผลผลิตรายเดือน,4.32,ร้อยละ,2026-07-22,2023
2566,2566,ชุมพร,ทุเรียน,ทุเรียน,พฤศจิกายน,ร้อยละผลผลิตรายเดือน,1.98,ร้อยละ,2026-07-22,2023
2566,2566,ชุมพร,ทุเรียน,ทุเรียน,ธันวาคม,ร้อยละผลผลิตรายเดือน,3.52,ร้อยละ,2026-07-22,2023
2567,2567,ชุมพร,ทุเรียน,ทุเรียน,มกราคม,ร้อยละผลผลิตรายเดือน,0.99,ร้อยละ,2026-07-22,2024
2567,2567,ชุมพร,ทุเรียน,ทุเรียน,กุมภาพันธ์,ร้อยละผลผลิตรายเดือน,0.82,ร้อยละ,2026-07-22,2024
2567,2567,ชุมพร,ทุเรียน,ทุเรียน,มีนาคม,ร้อยละผลผลิตรายเดือน,0.05,ร้อยละ,2026-07-22,2024
2567,2567,ชุมพร,ทุเรียน,ทุเรียน,พฤษภาคม,ร้อยละผลผลิตรายเดือน,4.41,ร้อยละ,2026-07-22,2024
2567,2567,ชุมพร,ทุเรียน,ทุเรียน,มิถุนายน,ร้อยละผลผลิตรายเดือน,35.2,ร้อยละ,2026-07-22,2024
2567,2567,ชุมพร,ทุเรียน,ทุเรียน,กรกฎาคม,ร้อยละผลผลิตรายเดือน,7.84,ร้อยละ,2026-07-22,2024
2567,2567,ชุมพร,ทุเรียน,ทุเรียน,สิงหาคม,ร้อยละผลผลิตรายเดือน,18.36,ร้อยละ,2026-07-22,2024
2567,2567,ชุมพร,ทุเรียน,ทุเรียน,กันยายน,ร้อยละผลผลิตรายเดือน,14.42,ร้อยละ,2026-07-22,2024
2567,2567,ชุมพร,ทุเรียน,ทุเรียน,ตุลาคม,ร้อยละผลผลิตรายเดือน,4.76,ร้อยละ,2026-07-22,2024
2567,2567,ชุมพร,ทุเรียน,ทุเรียน,พฤศจิกายน,ร้อยละผลผลิตรายเดือน,4.4,ร้อยละ,2026-07-22,2024
2567,2567,ชุมพร,ทุเรียน,ทุเรียน,ธันวาคม,ร้อยละผลผลิตรายเดือน,8.75,ร้อยละ,2026-07-22,2024
2568,2568,ชุมพร,ทุเรียน,ทุเรียน,มกราคม,ร้อยละผลผลิตรายเดือน,0.8,ร้อยละ,2026-07-22,2025
2568,2568,ชุมพร,ทุเรียน,ทุเรียน,กุมภาพันธ์,ร้อยละผลผลิตรายเดือน,2.87,ร้อยละ,2026-07-22,2025
2568,2568,ชุมพร,ทุเรียน,ทุเรียน,พฤษภาคม,ร้อยละผลผลิตรายเดือน,0.35,ร้อยละ,2026-07-22,2025
2568,2568,ชุมพร,ทุเรียน,ทุเรียน,มิถุนายน,ร้อยละผลผลิตรายเดือน,36.19,ร้อยละ,2026-07-22,2025
2568,2568,ชุมพร,ทุเรียน,ทุเรียน,กรกฎาคม,ร้อยละผลผลิตรายเดือน,43.18,ร้อยละ,2026-07-22,2025
2568,2568,ชุมพร,ทุเรียน,ทุเรียน,สิงหาคม,ร้อยละผลผลิตรายเดือน,2.93,ร้อยละ,2026-07-22,2025
2568,2568,ชุมพร,ทุเรียน,ทุเรียน,กันยายน,ร้อยละผลผลิตรายเดือน,4.31,ร้อยละ,2026-07-22,2025
2568,2568,ชุมพร,ทุเรียน,ทุเรียน,ตุลาคม,ร้อยละผลผลิตรายเดือน,3.7,ร้อยละ,2026-07-22,2025
2568,2568,ชุมพร,ทุเรียน,ทุเรียน,พฤศจิกายน,ร้อยละผลผลิตรายเดือน,3.46,ร้อยละ,2026-07-22,2025
2568,2568,ชุมพร,ทุเรียน,ทุเรียน,ธันวาคม,ร้อยละผลผลิตรายเดือน,2.21,ร้อยละ,2026-07-22,2025
2547,2547,สุราษฎร์ธานี,ทุเรียน,ทุเรียน,มกราคม,ร้อยละผลผลิตรายเดือน,0.56,ร้อยละ,2026-07-22,2004
2547,2547,สุราษฎร์ธานี,ทุเรียน,ทุเรียน,กุมภาพันธ์,ร้อยละผลผลิตรายเดือน,0.95,ร้อยละ,2026-07-22,2004
2547,2547,สุราษฎร์ธานี,ทุเรียน,ทุเรียน,พฤษภาคม,ร้อยละผลผลิตรายเดือน,0.06,ร้อยละ,2026-07-22,2004
2547,2547,สุราษฎร์ธานี,ทุเรียน,ทุเรียน,มิถุนายน,ร้อยละผลผลิตรายเดือน,0.6,ร้อยละ,2026-07-22,2004
2547,2547,สุราษฎร์ธานี,ทุเรียน,ทุเรียน,กรกฎาคม,ร้อยละผลผลิตรายเดือน,5.51,ร้อยละ,2026-07-22,2004
2547,2547,สุราษฎร์ธานี,ทุเรียน,ทุเรียน,สิงหาคม,ร้อยละผลผลิตรายเดือน,39.17,ร้อยละ,2026-07-22,2004
2547,2547,สุราษฎร์ธานี,ทุเรียน,ทุเรียน,กันยายน,ร้อยละผลผลิตรายเดือน,32.41,ร้อยละ,2026-07-22,2004
2547,2547,สุราษฎร์ธานี,ทุเรียน,ทุเรียน,ตุลาคม,ร้อยละผลผลิตรายเดือน,9.05,ร้อยละ,2026-07-22,2004
2547,2547,สุราษฎร์ธานี,ทุเรียน,ทุเรียน,พฤศจิกายน,ร้อยละผลผลิตรายเดือน,10.23,ร้อยละ,2026-07-22,2004
2547,2547,สุราษฎร์ธานี,ทุเรียน,ทุเรียน,ธันวาคม,ร้อยละผลผลิตรายเดือน,1.46,ร้อยละ,2026-07-22,2004
2548,2548,สุราษฎร์ธานี,ทุเรียน,ทุเรียน,มิถุนายน,ร้อยละผลผลิตรายเดือน,17.45,ร้อยละ,2026-07-22,2005
2548,2548,สุราษฎร์ธานี,ทุเรียน,ทุเรียน,กรกฎาคม,ร้อยละผลผลิตรายเดือน,30.89,ร้อยละ,2026-07-22,2005
2548,2548,สุราษฎร์ธานี,ทุเรียน,ทุเรียน,สิงหาคม,ร้อยละผลผลิตรายเดือน,31.66,ร้อยละ,2026-07-22,2005
2548,2548,สุราษฎร์ธานี,ทุเรียน,ทุเรียน,กันยายน,ร้อยละผลผลิตรายเดือน,14.48,ร้อยละ,2026-07-22,2005
2548,2548,สุราษฎร์ธานี,ทุเรียน,ทุเรียน,ตุลาคม,ร้อยละผลผลิตรายเดือน,5.52,ร้อยละ,2026-07-22,2005
2549,2549,สุราษฎร์ธานี,ทุเรียน,ทุเรียน,กรกฎาคม,ร้อยละผลผลิตรายเดือน,19.63,ร้อยละ,2026-07-22,2006
2549,2549,สุราษฎร์ธานี,ทุเรียน,ทุเรียน,สิงหาคม,ร้อยละผลผลิตรายเดือน,35.12,ร้อยละ,2026-07-22,2006
2549,2549,สุราษฎร์ธานี,ทุเรียน,ทุเรียน,กันยายน,ร้อยละผลผลิตรายเดือน,20.29,ร้อยละ,2026-07-22,2006
2549,2549,สุราษฎร์ธานี,ทุเรียน,ทุเรียน,ตุลาคม,ร้อยละผลผลิตรายเดือน,15.08,ร้อยละ,2026-07-22,2006
2549,2549,สุราษฎร์ธานี,ทุเรียน,ทุเรียน,พฤศจิกายน,ร้อยละผลผลิตรายเดือน,9.88,ร้อยละ,2026-07-22,2006
2550,2550,สุราษฎร์ธานี,ทุเรียน,ทุเรียน,พฤษภาคม,ร้อยละผลผลิตรายเดือน,4.1,ร้อยละ,2026-07-22,2007
2550,2550,สุราษฎร์ธานี,ทุเรียน,ทุเรียน,มิถุนายน,ร้อยละผลผลิตรายเดือน,8.6,ร้อยละ,2026-07-22,2007
2550,2550,สุราษฎร์ธานี,ทุเรียน,ทุเรียน,กรกฎาคม,ร้อยละผลผลิตรายเดือน,27.5,ร้อยละ,2026-07-22,2007
2550,2550,สุราษฎร์ธานี,ทุเรียน,ทุเรียน,สิงหาคม,ร้อยละผลผลิตรายเดือน,38.3,ร้อยละ,2026-07-22,2007
2550,2550,สุราษฎร์ธานี,ทุเรียน,ทุเรียน,กันยายน,ร้อยละผลผลิตรายเดือน,21.5,ร้อยละ,2026-07-22,2007
2551,2551,สุราษฎร์ธานี,ทุเรียน,ทุเรียน,พฤษภาคม,ร้อยละผลผลิตรายเดือน,0.77,ร้อยละ,2026-07-22,2008
2551,2551,สุราษฎร์ธานี,ทุเรียน,ทุเรียน,มิถุนายน,ร้อยละผลผลิตรายเดือน,4.29,ร้อยละ,2026-07-22,2008
2551,2551,สุราษฎร์ธานี,ทุเรียน,ทุเรียน,กรกฎาคม,ร้อยละผลผลิตรายเดือน,20.34,ร้อยละ,2026-07-22,2008
2551,2551,สุราษฎร์ธานี,ทุเรียน,ทุเรียน,สิงหาคม,ร้อยละผลผลิตรายเดือน,55.01,ร้อยละ,2026-07-22,2008
2551,2551,สุราษฎร์ธานี,ทุเรียน,ทุเรียน,กันยายน,ร้อยละผลผลิตรายเดือน,19.59,ร้อยละ,2026-07-22,2008
2552,2552,สุราษฎร์ธานี,ทุเรียน,ทุเรียน,มกราคม,ร้อยละผลผลิตรายเดือน,2.5,ร้อยละ,2026-07-22,2009
2552,2552,สุราษฎร์ธานี,ทุเรียน,ทุเรียน,กุมภาพันธ์,ร้อยละผลผลิตรายเดือน,5.2,ร้อยละ,2026-07-22,2009
2552,2552,สุราษฎร์ธานี,ทุเรียน,ทุเรียน,มีนาคม,ร้อยละผลผลิตรายเดือน,5.0,ร้อยละ,2026-07-22,2009
2552,2552,สุราษฎร์ธานี,ทุเรียน,ทุเรียน,พฤษภาคม,ร้อยละผลผลิตรายเดือน,0.31,ร้อยละ,2026-07-22,2009
2552,2552,สุราษฎร์ธานี,ทุเรียน,ทุเรียน,มิถุนายน,ร้อยละผลผลิตรายเดือน,3.62,ร้อยละ,2026-07-22,2009
2552,2552,สุราษฎร์ธานี,ทุเรียน,ทุเรียน,กรกฎาคม,ร้อยละผลผลิตรายเดือน,19.1,ร้อยละ,2026-07-22,2009
2552,2552,สุราษฎร์ธานี,ทุเรียน,ทุเรียน,สิงหาคม,ร้อยละผลผลิตรายเดือน,41.21,ร้อยละ,2026-07-22,2009
2552,2552,สุราษฎร์ธานี,ทุเรียน,ทุเรียน,กันยายน,ร้อยละผลผลิตรายเดือน,10.61,ร้อยละ,2026-07-22,2009
2552,2552,สุราษฎร์ธานี,ทุเรียน,ทุเรียน,ตุลาคม,ร้อยละผลผลิตรายเดือน,3.35,ร้อยละ,2026-07-22,2009
2552,2552,สุราษฎร์ธานี,ทุเรียน,ทุเรียน,พฤศจิกายน,ร้อยละผลผลิตรายเดือน,4.5,ร้อยละ,2026-07-22,2009
2552,2552,สุราษฎร์ธานี,ทุเรียน,ทุเรียน,ธันวาคม,ร้อยละผลผลิตรายเดือน,4.6,ร้อยละ,2026-07-22,2009
2553,2553,สุราษฎร์ธานี,ทุเรียน,ทุเรียน,พฤษภาคม,ร้อยละผลผลิตรายเดือน,0.02,ร้อยละ,2026-07-22,2010
2553,2553,สุราษฎร์ธานี,ทุเรียน,ทุเรียน,มิถุนายน,ร้อยละผลผลิตรายเดือน,12.05,ร้อยละ,2026-07-22,2010
2553,2553,สุราษฎร์ธานี,ทุเรียน,ทุเรียน,กรกฎาคม,ร้อยละผลผลิตรายเดือน,34.49,ร้อยละ,2026-07-22,2010
2553,2553,สุราษฎร์ธานี,ทุเรียน,ทุเรียน,สิงหาคม,ร้อยละผลผลิตรายเดือน,34.37,ร้อยละ,2026-07-22,2010
2553,2553,สุราษฎร์ธานี,ทุเรียน,ทุเรียน,กันยายน,ร้อยละผลผลิตรายเดือน,12.3,ร้อยละ,2026-07-22,2010
2553,2553,สุราษฎร์ธานี,ทุเรียน,ทุเรียน,ตุลาคม,ร้อยละผลผลิตรายเดือน,6.77,ร้อยละ,2026-07-22,2010
2554,2554,สุราษฎร์ธานี,ทุเรียน,ทุเรียน,มิถุนายน,ร้อยละผลผลิตรายเดือน,7.5,ร้อยละ,2026-07-22,2011
2554,2554,สุราษฎร์ธานี,ทุเรียน,ทุเรียน,กรกฎาคม,ร้อยละผลผลิตรายเดือน,12.4,ร้อยละ,2026-07-22,2011
2554,2554,สุราษฎร์ธานี,ทุเรียน,ทุเรียน,สิงหาคม,ร้อยละผลผลิตรายเดือน,73.38,ร้อยละ,2026-07-22,2011
2554,2554,สุราษฎร์ธานี,ทุเรียน,ทุเรียน,กันยายน,ร้อยละผลผลิตรายเดือน,6.72,ร้อยละ,2026-07-22,2011
2555,2555,สุราษฎร์ธานี,ทุเรียน,ทุเรียน,มกราคม,ร้อยละผลผลิตรายเดือน,8.62,ร้อยละ,2026-07-22,2012
2555,2555,สุราษฎร์ธานี,ทุเรียน,ทุเรียน,กุมภาพันธ์,ร้อยละผลผลิตรายเดือน,3.08,ร้อยละ,2026-07-22,2012
2555,2555,สุราษฎร์ธานี,ทุเรียน,ทุเรียน,มิถุนายน,ร้อยละผลผลิตรายเดือน,1.49,ร้อยละ,2026-07-22,2012
2555,2555,สุราษฎร์ธานี,ทุเรียน,ทุเรียน,กรกฎาคม,ร้อยละผลผลิตรายเดือน,10.33,ร้อยละ,2026-07-22,2012
2555,2555,สุราษฎร์ธานี,ทุเรียน,ทุเรียน,สิงหาคม,ร้อยละผลผลิตรายเดือน,31.16,ร้อยละ,2026-07-22,2012
2555,2555,สุราษฎร์ธานี,ทุเรียน,ทุเรียน,กันยายน,ร้อยละผลผลิตรายเดือน,13.7,ร้อยละ,2026-07-22,2012
2555,2555,สุราษฎร์ธานี,ทุเรียน,ทุเรียน,ตุลาคม,ร้อยละผลผลิตรายเดือน,12.93,ร้อยละ,2026-07-22,2012
2555,2555,สุราษฎร์ธานี,ทุเรียน,ทุเรียน,พฤศจิกายน,ร้อยละผลผลิตรายเดือน,8.28,ร้อยละ,2026-07-22,2012
2555,2555,สุราษฎร์ธานี,ทุเรียน,ทุเรียน,ธันวาคม,ร้อยละผลผลิตรายเดือน,10.41,ร้อยละ,2026-07-22,2012
2556,2556,สุราษฎร์ธานี,ทุเรียน,ทุเรียน,มกราคม,ร้อยละผลผลิตรายเดือน,6.44,ร้อยละ,2026-07-22,2013
2556,2556,สุราษฎร์ธานี,ทุเรียน,ทุเรียน,กุมภาพันธ์,ร้อยละผลผลิตรายเดือน,5.49,ร้อยละ,2026-07-22,2013
2556,2556,สุราษฎร์ธานี,ทุเรียน,ทุเรียน,กรกฎาคม,ร้อยละผลผลิตรายเดือน,23.66,ร้อยละ,2026-07-22,2013
2556,2556,สุราษฎร์ธานี,ทุเรียน,ทุเรียน,สิงหาคม,ร้อยละผลผลิตรายเดือน,34.11,ร้อยละ,2026-07-22,2013
2556,2556,สุราษฎร์ธานี,ทุเรียน,ทุเรียน,กันยายน,ร้อยละผลผลิตรายเดือน,15.35,ร้อยละ,2026-07-22,2013
2556,2556,สุราษฎร์ธานี,ทุเรียน,ทุเรียน,ตุลาคม,ร้อยละผลผลิตรายเดือน,5.86,ร้อยละ,2026-07-22,2013
2556,2556,สุราษฎร์ธานี,ทุเรียน,ทุเรียน,พฤศจิกายน,ร้อยละผลผลิตรายเดือน,7.8,ร้อยละ,2026-07-22,2013
2556,2556,สุราษฎร์ธานี,ทุเรียน,ทุเรียน,ธันวาคม,ร้อยละผลผลิตรายเดือน,1.29,ร้อยละ,2026-07-22,2013
2557,2557,สุราษฎร์ธานี,ทุเรียน,ทุเรียน,กรกฎาคม,ร้อยละผลผลิตรายเดือน,18.0,ร้อยละ,2026-07-22,2014
2557,2557,สุราษฎร์ธานี,ทุเรียน,ทุเรียน,สิงหาคม,ร้อยละผลผลิตรายเดือน,52.0,ร้อยละ,2026-07-22,2014
2557,2557,สุราษฎร์ธานี,ทุเรียน,ทุเรียน,กันยายน,ร้อยละผลผลิตรายเดือน,15.0,ร้อยละ,2026-07-22,2014
2557,2557,สุราษฎร์ธานี,ทุเรียน,ทุเรียน,ตุลาคม,ร้อยละผลผลิตรายเดือน,10.0,ร้อยละ,2026-07-22,2014
2557,2557,สุราษฎร์ธานี,ทุเรียน,ทุเรียน,พฤศจิกายน,ร้อยละผลผลิตรายเดือน,5.0,ร้อยละ,2026-07-22,2014
2558,2558,สุราษฎร์ธานี,ทุเรียน,ทุเรียน,มกราคม,ร้อยละผลผลิตรายเดือน,15.02,ร้อยละ,2026-07-22,2015
2558,2558,สุราษฎร์ธานี,ทุเรียน,ทุเรียน,กุมภาพันธ์,ร้อยละผลผลิตรายเดือน,27.13,ร้อยละ,2026-07-22,2015
2558,2558,สุราษฎร์ธานี,ทุเรียน,ทุเรียน,มิถุนายน,ร้อยละผลผลิตรายเดือน,0.19,ร้อยละ,2026-07-22,2015
2558,2558,สุราษฎร์ธานี,ทุเรียน,ทุเรียน,กรกฎาคม,ร้อยละผลผลิตรายเดือน,22.51,ร้อยละ,2026-07-22,2015
2558,2558,สุราษฎร์ธานี,ทุเรียน,ทุเรียน,สิงหาคม,ร้อยละผลผลิตรายเดือน,14.04,ร้อยละ,2026-07-22,2015
2558,2558,สุราษฎร์ธานี,ทุเรียน,ทุเรียน,กันยายน,ร้อยละผลผลิตรายเดือน,16.82,ร้อยละ,2026-07-22,2015
2558,2558,สุราษฎร์ธานี,ทุเรียน,ทุเรียน,ตุลาคม,ร้อยละผลผลิตรายเดือน,2.4,ร้อยละ,2026-07-22,2015
2558,2558,สุราษฎร์ธานี,ทุเรียน,ทุเรียน,พฤศจิกายน,ร้อยละผลผลิตรายเดือน,1.07,ร้อยละ,2026-07-22,2015
2558,2558,สุราษฎร์ธานี,ทุเรียน,ทุเรียน,ธันวาคม,ร้อยละผลผลิตรายเดือน,0.82,ร้อยละ,2026-07-22,2015
2559,2559,สุราษฎร์ธานี,ทุเรียน,ทุเรียน,มิถุนายน,ร้อยละผลผลิตรายเดือน,1.5,ร้อยละ,2026-07-22,2016
2559,2559,สุราษฎร์ธานี,ทุเรียน,ทุเรียน,กรกฎาคม,ร้อยละผลผลิตรายเดือน,41.32,ร้อยละ,2026-07-22,2016
2559,2559,สุราษฎร์ธานี,ทุเรียน,ทุเรียน,สิงหาคม,ร้อยละผลผลิตรายเดือน,43.2,ร้อยละ,2026-07-22,2016
2559,2559,สุราษฎร์ธานี,ทุเรียน,ทุเรียน,กันยายน,ร้อยละผลผลิตรายเดือน,12.09,ร้อยละ,2026-07-22,2016
2559,2559,สุราษฎร์ธานี,ทุเรียน,ทุเรียน,ตุลาคม,ร้อยละผลผลิตรายเดือน,1.89,ร้อยละ,2026-07-22,2016
2560,2560,สุราษฎร์ธานี,ทุเรียน,ทุเรียน,มกราคม,ร้อยละผลผลิตรายเดือน,0.29,ร้อยละ,2026-07-22,2017
2560,2560,สุราษฎร์ธานี,ทุเรียน,ทุเรียน,กุมภาพันธ์,ร้อยละผลผลิตรายเดือน,0.41,ร้อยละ,2026-07-22,2017
2560,2560,สุราษฎร์ธานี,ทุเรียน,ทุเรียน,มิถุนายน,ร้อยละผลผลิตรายเดือน,0.5,ร้อยละ,2026-07-22,2017
2560,2560,สุราษฎร์ธานี,ทุเรียน,ทุเรียน,กรกฎาคม,ร้อยละผลผลิตรายเดือน,7.2,ร้อยละ,2026-07-22,2017
2560,2560,สุราษฎร์ธานี,ทุเรียน,ทุเรียน,สิงหาคม,ร้อยละผลผลิตรายเดือน,39.6,ร้อยละ,2026-07-22,2017
2560,2560,สุราษฎร์ธานี,ทุเรียน,ทุเรียน,กันยายน,ร้อยละผลผลิตรายเดือน,33.85,ร้อยละ,2026-07-22,2017
2560,2560,สุราษฎร์ธานี,ทุเรียน,ทุเรียน,ตุลาคม,ร้อยละผลผลิตรายเดือน,14.0,ร้อยละ,2026-07-22,2017
2560,2560,สุราษฎร์ธานี,ทุเรียน,ทุเรียน,พฤศจิกายน,ร้อยละผลผลิตรายเดือน,3.65,ร้อยละ,2026-07-22,2017
2560,2560,สุราษฎร์ธานี,ทุเรียน,ทุเรียน,ธันวาคม,ร้อยละผลผลิตรายเดือน,0.5,ร้อยละ,2026-07-22,2017
2561,2561,สุราษฎร์ธานี,ทุเรียน,ทุเรียน,มกราคม,ร้อยละผลผลิตรายเดือน,1.55,ร้อยละ,2026-07-22,2018
2561,2561,สุราษฎร์ธานี,ทุเรียน,ทุเรียน,กุมภาพันธ์,ร้อยละผลผลิตรายเดือน,0.32,ร้อยละ,2026-07-22,2018
2561,2561,สุราษฎร์ธานี,ทุเรียน,ทุเรียน,มีนาคม,ร้อยละผลผลิตรายเดือน,0.13,ร้อยละ,2026-07-22,2018
2561,2561,สุราษฎร์ธานี,ทุเรียน,ทุเรียน,มิถุนายน,ร้อยละผลผลิตรายเดือน,0.08,ร้อยละ,2026-07-22,2018
2561,2561,สุราษฎร์ธานี,ทุเรียน,ทุเรียน,กรกฎาคม,ร้อยละผลผลิตรายเดือน,17.4,ร้อยละ,2026-07-22,2018
2561,2561,สุราษฎร์ธานี,ทุเรียน,ทุเรียน,สิงหาคม,ร้อยละผลผลิตรายเดือน,54.82,ร้อยละ,2026-07-22,2018
2561,2561,สุราษฎร์ธานี,ทุเรียน,ทุเรียน,กันยายน,ร้อยละผลผลิตรายเดือน,25.7,ร้อยละ,2026-07-22,2018
2562,2562,สุราษฎร์ธานี,ทุเรียน,ทุเรียน,มกราคม,ร้อยละผลผลิตรายเดือน,3.94,ร้อยละ,2026-07-22,2019
2562,2562,สุราษฎร์ธานี,ทุเรียน,ทุเรียน,กุมภาพันธ์,ร้อยละผลผลิตรายเดือน,1.66,ร้อยละ,2026-07-22,2019
2562,2562,สุราษฎร์ธานี,ทุเรียน,ทุเรียน,มิถุนายน,ร้อยละผลผลิตรายเดือน,2.23,ร้อยละ,2026-07-22,2019
2562,2562,สุราษฎร์ธานี,ทุเรียน,ทุเรียน,กรกฎาคม,ร้อยละผลผลิตรายเดือน,15.64,ร้อยละ,2026-07-22,2019
2562,2562,สุราษฎร์ธานี,ทุเรียน,ทุเรียน,สิงหาคม,ร้อยละผลผลิตรายเดือน,47.04,ร้อยละ,2026-07-22,2019
2562,2562,สุราษฎร์ธานี,ทุเรียน,ทุเรียน,กันยายน,ร้อยละผลผลิตรายเดือน,15.87,ร้อยละ,2026-07-22,2019
2562,2562,สุราษฎร์ธานี,ทุเรียน,ทุเรียน,ตุลาคม,ร้อยละผลผลิตรายเดือน,8.16,ร้อยละ,2026-07-22,2019
2562,2562,สุราษฎร์ธานี,ทุเรียน,ทุเรียน,พฤศจิกายน,ร้อยละผลผลิตรายเดือน,3.3,ร้อยละ,2026-07-22,2019
2562,2562,สุราษฎร์ธานี,ทุเรียน,ทุเรียน,ธันวาคม,ร้อยละผลผลิตรายเดือน,2.16,ร้อยละ,2026-07-22,2019
2563,2563,สุราษฎร์ธานี,ทุเรียน,ทุเรียน,มกราคม,ร้อยละผลผลิตรายเดือน,1.35,ร้อยละ,2026-07-22,2020
2563,2563,สุราษฎร์ธานี,ทุเรียน,ทุเรียน,กุมภาพันธ์,ร้อยละผลผลิตรายเดือน,0.05,ร้อยละ,2026-07-22,2020
2563,2563,สุราษฎร์ธานี,ทุเรียน,ทุเรียน,พฤษภาคม,ร้อยละผลผลิตรายเดือน,0.11,ร้อยละ,2026-07-22,2020
2563,2563,สุราษฎร์ธานี,ทุเรียน,ทุเรียน,มิถุนายน,ร้อยละผลผลิตรายเดือน,3.86,ร้อยละ,2026-07-22,2020
2563,2563,สุราษฎร์ธานี,ทุเรียน,ทุเรียน,กรกฎาคม,ร้อยละผลผลิตรายเดือน,41.47,ร้อยละ,2026-07-22,2020
2563,2563,สุราษฎร์ธานี,ทุเรียน,ทุเรียน,สิงหาคม,ร้อยละผลผลิตรายเดือน,38.7,ร้อยละ,2026-07-22,2020
2563,2563,สุราษฎร์ธานี,ทุเรียน,ทุเรียน,กันยายน,ร้อยละผลผลิตรายเดือน,9.24,ร้อยละ,2026-07-22,2020
2563,2563,สุราษฎร์ธานี,ทุเรียน,ทุเรียน,ตุลาคม,ร้อยละผลผลิตรายเดือน,5.22,ร้อยละ,2026-07-22,2020
2564,2564,สุราษฎร์ธานี,ทุเรียน,ทุเรียน,มกราคม,ร้อยละผลผลิตรายเดือน,1.33,ร้อยละ,2026-07-22,2021
2564,2564,สุราษฎร์ธานี,ทุเรียน,ทุเรียน,กุมภาพันธ์,ร้อยละผลผลิตรายเดือน,0.05,ร้อยละ,2026-07-22,2021
2564,2564,สุราษฎร์ธานี,ทุเรียน,ทุเรียน,มิถุนายน,ร้อยละผลผลิตรายเดือน,6.34,ร้อยละ,2026-07-22,2021
2564,2564,สุราษฎร์ธานี,ทุเรียน,ทุเรียน,กรกฎาคม,ร้อยละผลผลิตรายเดือน,52.71,ร้อยละ,2026-07-22,2021
2564,2564,สุราษฎร์ธานี,ทุเรียน,ทุเรียน,สิงหาคม,ร้อยละผลผลิตรายเดือน,37.95,ร้อยละ,2026-07-22,2021
2564,2564,สุราษฎร์ธานี,ทุเรียน,ทุเรียน,กันยายน,ร้อยละผลผลิตรายเดือน,1.62,ร้อยละ,2026-07-22,2021
2565,2565,สุราษฎร์ธานี,ทุเรียน,ทุเรียน,มกราคม,ร้อยละผลผลิตรายเดือน,0.53,ร้อยละ,2026-07-22,2022
2565,2565,สุราษฎร์ธานี,ทุเรียน,ทุเรียน,มิถุนายน,ร้อยละผลผลิตรายเดือน,16.66,ร้อยละ,2026-07-22,2022
2565,2565,สุราษฎร์ธานี,ทุเรียน,ทุเรียน,กรกฎาคม,ร้อยละผลผลิตรายเดือน,64.27,ร้อยละ,2026-07-22,2022
2565,2565,สุราษฎร์ธานี,ทุเรียน,ทุเรียน,สิงหาคม,ร้อยละผลผลิตรายเดือน,3.3,ร้อยละ,2026-07-22,2022
2565,2565,สุราษฎร์ธานี,ทุเรียน,ทุเรียน,กันยายน,ร้อยละผลผลิตรายเดือน,4.83,ร้อยละ,2026-07-22,2022
2565,2565,สุราษฎร์ธานี,ทุเรียน,ทุเรียน,ตุลาคม,ร้อยละผลผลิตรายเดือน,1.62,ร้อยละ,2026-07-22,2022
2565,2565,สุราษฎร์ธานี,ทุเรียน,ทุเรียน,พฤศจิกายน,ร้อยละผลผลิตรายเดือน,4.25,ร้อยละ,2026-07-22,2022
2565,2565,สุราษฎร์ธานี,ทุเรียน,ทุเรียน,ธันวาคม,ร้อยละผลผลิตรายเดือน,4.54,ร้อยละ,2026-07-22,2022
2566,2566,สุราษฎร์ธานี,ทุเรียน,ทุเรียน,มกราคม,ร้อยละผลผลิตรายเดือน,3.33,ร้อยละ,2026-07-22,2023
2566,2566,สุราษฎร์ธานี,ทุเรียน,ทุเรียน,กุมภาพันธ์,ร้อยละผลผลิตรายเดือน,2.54,ร้อยละ,2026-07-22,2023
2566,2566,สุราษฎร์ธานี,ทุเรียน,ทุเรียน,มีนาคม,ร้อยละผลผลิตรายเดือน,0.14,ร้อยละ,2026-07-22,2023
2566,2566,สุราษฎร์ธานี,ทุเรียน,ทุเรียน,พฤษภาคม,ร้อยละผลผลิตรายเดือน,0.07,ร้อยละ,2026-07-22,2023
2566,2566,สุราษฎร์ธานี,ทุเรียน,ทุเรียน,มิถุนายน,ร้อยละผลผลิตรายเดือน,11.72,ร้อยละ,2026-07-22,2023
2566,2566,สุราษฎร์ธานี,ทุเรียน,ทุเรียน,กรกฎาคม,ร้อยละผลผลิตรายเดือน,36.5,ร้อยละ,2026-07-22,2023
2566,2566,สุราษฎร์ธานี,ทุเรียน,ทุเรียน,สิงหาคม,ร้อยละผลผลิตรายเดือน,26.93,ร้อยละ,2026-07-22,2023
2566,2566,สุราษฎร์ธานี,ทุเรียน,ทุเรียน,กันยายน,ร้อยละผลผลิตรายเดือน,12.74,ร้อยละ,2026-07-22,2023
2566,2566,สุราษฎร์ธานี,ทุเรียน,ทุเรียน,ตุลาคม,ร้อยละผลผลิตรายเดือน,2.71,ร้อยละ,2026-07-22,2023
2566,2566,สุราษฎร์ธานี,ทุเรียน,ทุเรียน,พฤศจิกายน,ร้อยละผลผลิตรายเดือน,0.3,ร้อยละ,2026-07-22,2023
2566,2566,สุราษฎร์ธานี,ทุเรียน,ทุเรียน,ธันวาคม,ร้อยละผลผลิตรายเดือน,3.02,ร้อยละ,2026-07-22,2023
2567,2567,สุราษฎร์ธานี,ทุเรียน,ทุเรียน,มกราคม,ร้อยละผลผลิตรายเดือน,3.84,ร้อยละ,2026-07-22,2024
2567,2567,สุราษฎร์ธานี,ทุเรียน,ทุเรียน,กุมภาพันธ์,ร้อยละผลผลิตรายเดือน,2.61,ร้อยละ,2026-07-22,2024
2567,2567,สุราษฎร์ธานี,ทุเรียน,ทุเรียน,มีนาคม,ร้อยละผลผลิตรายเดือน,0.91,ร้อยละ,2026-07-22,2024
2567,2567,สุราษฎร์ธานี,ทุเรียน,ทุเรียน,พฤษภาคม,ร้อยละผลผลิตรายเดือน,0.1,ร้อยละ,2026-07-22,2024
2567,2567,สุราษฎร์ธานี,ทุเรียน,ทุเรียน,มิถุนายน,ร้อยละผลผลิตรายเดือน,13.11,ร้อยละ,2026-07-22,2024
2567,2567,สุราษฎร์ธานี,ทุเรียน,ทุเรียน,กรกฎาคม,ร้อยละผลผลิตรายเดือน,40.48,ร้อยละ,2026-07-22,2024
2567,2567,สุราษฎร์ธานี,ทุเรียน,ทุเรียน,สิงหาคม,ร้อยละผลผลิตรายเดือน,26.61,ร้อยละ,2026-07-22,2024
2567,2567,สุราษฎร์ธานี,ทุเรียน,ทุเรียน,กันยายน,ร้อยละผลผลิตรายเดือน,8.72,ร้อยละ,2026-07-22,2024
2567,2567,สุราษฎร์ธานี,ทุเรียน,ทุเรียน,ตุลาคม,ร้อยละผลผลิตรายเดือน,1.05,ร้อยละ,2026-07-22,2024
2567,2567,สุราษฎร์ธานี,ทุเรียน,ทุเรียน,พฤศจิกายน,ร้อยละผลผลิตรายเดือน,1.08,ร้อยละ,2026-07-22,2024
2567,2567,สุราษฎร์ธานี,ทุเรียน,ทุเรียน,ธันวาคม,ร้อยละผลผลิตรายเดือน,1.49,ร้อยละ,2026-07-22,2024
2568,2568,สุราษฎร์ธานี,ทุเรียน,ทุเรียน,มกราคม,ร้อยละผลผลิตรายเดือน,1.1,ร้อยละ,2026-07-22,2025
2568,2568,สุราษฎร์ธานี,ทุเรียน,ทุเรียน,กุมภาพันธ์,ร้อยละผลผลิตรายเดือน,0.42,ร้อยละ,2026-07-22,2025
2568,2568,สุราษฎร์ธานี,ทุเรียน,ทุเรียน,มีนาคม,ร้อยละผลผลิตรายเดือน,0.07,ร้อยละ,2026-07-22,2025
2568,2568,สุราษฎร์ธานี,ทุเรียน,ทุเรียน,พฤษภาคม,ร้อยละผลผลิตรายเดือน,0.19,ร้อยละ,2026-07-22,2025
2568,2568,สุราษฎร์ธานี,ทุเรียน,ทุเรียน,มิถุนายน,ร้อยละผลผลิตรายเดือน,11.62,ร้อยละ,2026-07-22,2025
2568,2568,สุราษฎร์ธานี,ทุเรียน,ทุเรียน,กรกฎาคม,ร้อยละผลผลิตรายเดือน,42.41,ร้อยละ,2026-07-22,2025
2568,2568,สุราษฎร์ธานี,ทุเรียน,ทุเรียน,สิงหาคม,ร้อยละผลผลิตรายเดือน,30.01,ร้อยละ,2026-07-22,2025
2568,2568,สุราษฎร์ธานี,ทุเรียน,ทุเรียน,กันยายน,ร้อยละผลผลิตรายเดือน,7.13,ร้อยละ,2026-07-22,2025
2568,2568,สุราษฎร์ธานี,ทุเรียน,ทุเรียน,ตุลาคม,ร้อยละผลผลิตรายเดือน,0.19,ร้อยละ,2026-07-22,2025
2568,2568,สุราษฎร์ธานี,ทุเรียน,ทุเรียน,พฤศจิกายน,ร้อยละผลผลิตรายเดือน,2.9,ร้อยละ,2026-07-22,2025
2568,2568,สุราษฎร์ธานี,ทุเรียน,ทุเรียน,ธันวาคม,ร้อยละผลผลิตรายเดือน,3.96,ร้อยละ,2026-07-22,2025
2547,2547,อุตรดิตถ์,ทุเรียน,ทุเรียน,มิถุนายน,ปริมาณผลผลิตรายเดือน,2391.0,ตัน,2026-07-22,2004
2547,2547,อุตรดิตถ์,ทุเรียน,ทุเรียน,กรกฎาคม,ปริมาณผลผลิตรายเดือน,6790.0,ตัน,2026-07-22,2004
2547,2547,อุตรดิตถ์,ทุเรียน,ทุเรียน,สิงหาคม,ปริมาณผลผลิตรายเดือน,838.0,ตัน,2026-07-22,2004
2548,2548,อุตรดิตถ์,ทุเรียน,ทุเรียน,มิถุนายน,ปริมาณผลผลิตรายเดือน,2507.0,ตัน,2026-07-22,2005
2548,2548,อุตรดิตถ์,ทุเรียน,ทุเรียน,กรกฎาคม,ปริมาณผลผลิตรายเดือน,7122.0,ตัน,2026-07-22,2005
2548,2548,อุตรดิตถ์,ทุเรียน,ทุเรียน,สิงหาคม,ปริมาณผลผลิตรายเดือน,880.0,ตัน,2026-07-22,2005
2549,2549,อุตรดิตถ์,ทุเรียน,ทุเรียน,พฤษภาคม,ปริมาณผลผลิตรายเดือน,1223.0,ตัน,2026-07-22,2006
2549,2549,อุตรดิตถ์,ทุเรียน,ทุเรียน,มิถุนายน,ปริมาณผลผลิตรายเดือน,1851.0,ตัน,2026-07-22,2006
2549,2549,อุตรดิตถ์,ทุเรียน,ทุเรียน,กรกฎาคม,ปริมาณผลผลิตรายเดือน,2058.0,ตัน,2026-07-22,2006
2549,2549,อุตรดิตถ์,ทุเรียน,ทุเรียน,สิงหาคม,ปริมาณผลผลิตรายเดือน,5143.0,ตัน,2026-07-22,2006
2549,2549,อุตรดิตถ์,ทุเรียน,ทุเรียน,กันยายน,ปริมาณผลผลิตรายเดือน,145.0,ตัน,2026-07-22,2006
2550,2550,อุตรดิตถ์,ทุเรียน,ทุเรียน,พฤษภาคม,ปริมาณผลผลิตรายเดือน,663.0,ตัน,2026-07-22,2007
2550,2550,อุตรดิตถ์,ทุเรียน,ทุเรียน,มิถุนายน,ปริมาณผลผลิตรายเดือน,1055.0,ตัน,2026-07-22,2007
2550,2550,อุตรดิตถ์,ทุเรียน,ทุเรียน,กรกฎาคม,ปริมาณผลผลิตรายเดือน,2142.0,ตัน,2026-07-22,2007
2550,2550,อุตรดิตถ์,ทุเรียน,ทุเรียน,สิงหาคม,ปริมาณผลผลิตรายเดือน,3258.0,ตัน,2026-07-22,2007
2550,2550,อุตรดิตถ์,ทุเรียน,ทุเรียน,กันยายน,ปริมาณผลผลิตรายเดือน,1814.0,ตัน,2026-07-22,2007
2550,2550,อุตรดิตถ์,ทุเรียน,ทุเรียน,ตุลาคม,ปริมาณผลผลิตรายเดือน,452.0,ตัน,2026-07-22,2007
2551,2551,อุตรดิตถ์,ทุเรียน,ทุเรียน,พฤษภาคม,ปริมาณผลผลิตรายเดือน,263.0,ตัน,2026-07-22,2008
2551,2551,อุตรดิตถ์,ทุเรียน,ทุเรียน,มิถุนายน,ปริมาณผลผลิตรายเดือน,650.0,ตัน,2026-07-22,2008
2551,2551,อุตรดิตถ์,ทุเรียน,ทุเรียน,กรกฎาคม,ปริมาณผลผลิตรายเดือน,7688.0,ตัน,2026-07-22,2008
2551,2551,อุตรดิตถ์,ทุเรียน,ทุเรียน,สิงหาคม,ปริมาณผลผลิตรายเดือน,422.0,ตัน,2026-07-22,2008
2552,2552,อุตรดิตถ์,ทุเรียน,ทุเรียน,พฤษภาคม,ปริมาณผลผลิตรายเดือน,453.0,ตัน,2026-07-22,2009
2552,2552,อุตรดิตถ์,ทุเรียน,ทุเรียน,มิถุนายน,ปริมาณผลผลิตรายเดือน,1222.0,ตัน,2026-07-22,2009
2552,2552,อุตรดิตถ์,ทุเรียน,ทุเรียน,กรกฎาคม,ปริมาณผลผลิตรายเดือน,3601.0,ตัน,2026-07-22,2009
2552,2552,อุตรดิตถ์,ทุเรียน,ทุเรียน,สิงหาคม,ปริมาณผลผลิตรายเดือน,2409.0,ตัน,2026-07-22,2009
2552,2552,อุตรดิตถ์,ทุเรียน,ทุเรียน,กันยายน,ปริมาณผลผลิตรายเดือน,899.0,ตัน,2026-07-22,2009
2552,2552,อุตรดิตถ์,ทุเรียน,ทุเรียน,ตุลาคม,ปริมาณผลผลิตรายเดือน,191.0,ตัน,2026-07-22,2009
2553,2553,อุตรดิตถ์,ทุเรียน,ทุเรียน,พฤษภาคม,ปริมาณผลผลิตรายเดือน,424.0,ตัน,2026-07-22,2010
2553,2553,อุตรดิตถ์,ทุเรียน,ทุเรียน,มิถุนายน,ปริมาณผลผลิตรายเดือน,883.0,ตัน,2026-07-22,2010
2553,2553,อุตรดิตถ์,ทุเรียน,ทุเรียน,กรกฎาคม,ปริมาณผลผลิตรายเดือน,2892.0,ตัน,2026-07-22,2010
2553,2553,อุตรดิตถ์,ทุเรียน,ทุเรียน,สิงหาคม,ปริมาณผลผลิตรายเดือน,3864.0,ตัน,2026-07-22,2010
2553,2553,อุตรดิตถ์,ทุเรียน,ทุเรียน,กันยายน,ปริมาณผลผลิตรายเดือน,1100.0,ตัน,2026-07-22,2010
2553,2553,อุตรดิตถ์,ทุเรียน,ทุเรียน,ตุลาคม,ปริมาณผลผลิตรายเดือน,474.0,ตัน,2026-07-22,2010
2554,2554,อุตรดิตถ์,ทุเรียน,ทุเรียน,พฤษภาคม,ปริมาณผลผลิตรายเดือน,310.0,ตัน,2026-07-22,2011
2554,2554,อุตรดิตถ์,ทุเรียน,ทุเรียน,มิถุนายน,ปริมาณผลผลิตรายเดือน,752.0,ตัน,2026-07-22,2011
2554,2554,อุตรดิตถ์,ทุเรียน,ทุเรียน,กรกฎาคม,ปริมาณผลผลิตรายเดือน,3805.0,ตัน,2026-07-22,2011
2554,2554,อุตรดิตถ์,ทุเรียน,ทุเรียน,สิงหาคม,ปริมาณผลผลิตรายเดือน,1794.0,ตัน,2026-07-22,2011
2554,2554,อุตรดิตถ์,ทุเรียน,ทุเรียน,กันยายน,ปริมาณผลผลิตรายเดือน,612.0,ตัน,2026-07-22,2011
2554,2554,อุตรดิตถ์,ทุเรียน,ทุเรียน,ตุลาคม,ปริมาณผลผลิตรายเดือน,177.0,ตัน,2026-07-22,2011
2555,2555,อุตรดิตถ์,ทุเรียน,ทุเรียน,เมษายน,ปริมาณผลผลิตรายเดือน,474.0,ตัน,2026-07-22,2012
2555,2555,อุตรดิตถ์,ทุเรียน,ทุเรียน,พฤษภาคม,ปริมาณผลผลิตรายเดือน,903.0,ตัน,2026-07-22,2012
2555,2555,อุตรดิตถ์,ทุเรียน,ทุเรียน,มิถุนายน,ปริมาณผลผลิตรายเดือน,2298.0,ตัน,2026-07-22,2012
2555,2555,อุตรดิตถ์,ทุเรียน,ทุเรียน,กรกฎาคม,ปริมาณผลผลิตรายเดือน,3343.0,ตัน,2026-07-22,2012
2555,2555,อุตรดิตถ์,ทุเรียน,ทุเรียน,สิงหาคม,ปริมาณผลผลิตรายเดือน,2350.0,ตัน,2026-07-22,2012
2555,2555,อุตรดิตถ์,ทุเรียน,ทุเรียน,กันยายน,ปริมาณผลผลิตรายเดือน,667.0,ตัน,2026-07-22,2012
2556,2556,อุตรดิตถ์,ทุเรียน,ทุเรียน,พฤษภาคม,ปริมาณผลผลิตรายเดือน,339.0,ตัน,2026-07-22,2013
2556,2556,อุตรดิตถ์,ทุเรียน,ทุเรียน,มิถุนายน,ปริมาณผลผลิตรายเดือน,1119.0,ตัน,2026-07-22,2013
2556,2556,อุตรดิตถ์,ทุเรียน,ทุเรียน,กรกฎาคม,ปริมาณผลผลิตรายเดือน,6245.0,ตัน,2026-07-22,2013
2556,2556,อุตรดิตถ์,ทุเรียน,ทุเรียน,สิงหาคม,ปริมาณผลผลิตรายเดือน,2249.0,ตัน,2026-07-22,2013
2556,2556,อุตรดิตถ์,ทุเรียน,ทุเรียน,กันยายน,ปริมาณผลผลิตรายเดือน,799.0,ตัน,2026-07-22,2013
2557,2557,อุตรดิตถ์,ทุเรียน,ทุเรียน,มิถุนายน,ปริมาณผลผลิตรายเดือน,185.0,ตัน,2026-07-22,2014
2557,2557,อุตรดิตถ์,ทุเรียน,ทุเรียน,กรกฎาคม,ปริมาณผลผลิตรายเดือน,2425.0,ตัน,2026-07-22,2014
2557,2557,อุตรดิตถ์,ทุเรียน,ทุเรียน,สิงหาคม,ปริมาณผลผลิตรายเดือน,8383.0,ตัน,2026-07-22,2014
2557,2557,อุตรดิตถ์,ทุเรียน,ทุเรียน,กันยายน,ปริมาณผลผลิตรายเดือน,5655.0,ตัน,2026-07-22,2014
2557,2557,อุตรดิตถ์,ทุเรียน,ทุเรียน,ตุลาคม,ปริมาณผลผลิตรายเดือน,1624.0,ตัน,2026-07-22,2014
2558,2558,อุตรดิตถ์,ทุเรียน,ทุเรียน,มิถุนายน,ปริมาณผลผลิตรายเดือน,968.0,ตัน,2026-07-22,2015
2558,2558,อุตรดิตถ์,ทุเรียน,ทุเรียน,กรกฎาคม,ปริมาณผลผลิตรายเดือน,10235.0,ตัน,2026-07-22,2015
2558,2558,อุตรดิตถ์,ทุเรียน,ทุเรียน,สิงหาคม,ปริมาณผลผลิตรายเดือน,4898.0,ตัน,2026-07-22,2015
2558,2558,อุตรดิตถ์,ทุเรียน,ทุเรียน,กันยายน,ปริมาณผลผลิตรายเดือน,364.0,ตัน,2026-07-22,2015
2559,2559,อุตรดิตถ์,ทุเรียน,ทุเรียน,พฤษภาคม,ปริมาณผลผลิตรายเดือน,341.0,ตัน,2026-07-22,2016
2559,2559,อุตรดิตถ์,ทุเรียน,ทุเรียน,มิถุนายน,ปริมาณผลผลิตรายเดือน,1690.0,ตัน,2026-07-22,2016
2559,2559,อุตรดิตถ์,ทุเรียน,ทุเรียน,กรกฎาคม,ปริมาณผลผลิตรายเดือน,5375.0,ตัน,2026-07-22,2016
2559,2559,อุตรดิตถ์,ทุเรียน,ทุเรียน,สิงหาคม,ปริมาณผลผลิตรายเดือน,98.0,ตัน,2026-07-22,2016
2559,2559,อุตรดิตถ์,ทุเรียน,ทุเรียน,กันยายน,ปริมาณผลผลิตรายเดือน,32.0,ตัน,2026-07-22,2016
2560,2560,อุตรดิตถ์,ทุเรียน,ทุเรียน,พฤษภาคม,ปริมาณผลผลิตรายเดือน,2582.0,ตัน,2026-07-22,2017
2560,2560,อุตรดิตถ์,ทุเรียน,ทุเรียน,มิถุนายน,ปริมาณผลผลิตรายเดือน,5831.0,ตัน,2026-07-22,2017
2560,2560,อุตรดิตถ์,ทุเรียน,ทุเรียน,กรกฎาคม,ปริมาณผลผลิตรายเดือน,5999.0,ตัน,2026-07-22,2017
2560,2560,อุตรดิตถ์,ทุเรียน,ทุเรียน,สิงหาคม,ปริมาณผลผลิตรายเดือน,5881.0,ตัน,2026-07-22,2017
2560,2560,อุตรดิตถ์,ทุเรียน,ทุเรียน,กันยายน,ปริมาณผลผลิตรายเดือน,4236.0,ตัน,2026-07-22,2017
2560,2560,อุตรดิตถ์,ทุเรียน,ทุเรียน,ตุลาคม,ปริมาณผลผลิตรายเดือน,3073.0,ตัน,2026-07-22,2017
2560,2560,อุตรดิตถ์,ทุเรียน,ทุเรียน,พฤศจิกายน,ปริมาณผลผลิตรายเดือน,1310.0,ตัน,2026-07-22,2017
2561,2561,อุตรดิตถ์,ทุเรียน,ทุเรียน,มีนาคม,ปริมาณผลผลิตรายเดือน,706.0,ตัน,2026-07-22,2018
2561,2561,อุตรดิตถ์,ทุเรียน,ทุเรียน,เมษายน,ปริมาณผลผลิตรายเดือน,878.0,ตัน,2026-07-22,2018
2561,2561,อุตรดิตถ์,ทุเรียน,ทุเรียน,พฤษภาคม,ปริมาณผลผลิตรายเดือน,1872.0,ตัน,2026-07-22,2018
2561,2561,อุตรดิตถ์,ทุเรียน,ทุเรียน,มิถุนายน,ปริมาณผลผลิตรายเดือน,9475.0,ตัน,2026-07-22,2018
2561,2561,อุตรดิตถ์,ทุเรียน,ทุเรียน,กรกฎาคม,ปริมาณผลผลิตรายเดือน,10618.0,ตัน,2026-07-22,2018
2561,2561,อุตรดิตถ์,ทุเรียน,ทุเรียน,สิงหาคม,ปริมาณผลผลิตรายเดือน,5279.0,ตัน,2026-07-22,2018
2561,2561,อุตรดิตถ์,ทุเรียน,ทุเรียน,กันยายน,ปริมาณผลผลิตรายเดือน,1468.0,ตัน,2026-07-22,2018
2561,2561,อุตรดิตถ์,ทุเรียน,ทุเรียน,ตุลาคม,ปริมาณผลผลิตรายเดือน,287.0,ตัน,2026-07-22,2018
2562,2562,อุตรดิตถ์,ทุเรียน,ทุเรียน,เมษายน,ปริมาณผลผลิตรายเดือน,7.0,ตัน,2026-07-22,2019
2562,2562,อุตรดิตถ์,ทุเรียน,ทุเรียน,พฤษภาคม,ปริมาณผลผลิตรายเดือน,713.0,ตัน,2026-07-22,2019
2562,2562,อุตรดิตถ์,ทุเรียน,ทุเรียน,มิถุนายน,ปริมาณผลผลิตรายเดือน,3934.0,ตัน,2026-07-22,2019
2562,2562,อุตรดิตถ์,ทุเรียน,ทุเรียน,กรกฎาคม,ปริมาณผลผลิตรายเดือน,13074.0,ตัน,2026-07-22,2019
2562,2562,อุตรดิตถ์,ทุเรียน,ทุเรียน,สิงหาคม,ปริมาณผลผลิตรายเดือน,3581.0,ตัน,2026-07-22,2019
2562,2562,อุตรดิตถ์,ทุเรียน,ทุเรียน,กันยายน,ปริมาณผลผลิตรายเดือน,400.0,ตัน,2026-07-22,2019
2562,2562,อุตรดิตถ์,ทุเรียน,ทุเรียน,ตุลาคม,ปริมาณผลผลิตรายเดือน,1128.0,ตัน,2026-07-22,2019
2563,2563,อุตรดิตถ์,ทุเรียน,ทุเรียน,เมษายน,ปริมาณผลผลิตรายเดือน,4.0,ตัน,2026-07-22,2020
2563,2563,อุตรดิตถ์,ทุเรียน,ทุเรียน,พฤษภาคม,ปริมาณผลผลิตรายเดือน,719.0,ตัน,2026-07-22,2020
2563,2563,อุตรดิตถ์,ทุเรียน,ทุเรียน,มิถุนายน,ปริมาณผลผลิตรายเดือน,9767.0,ตัน,2026-07-22,2020
2563,2563,อุตรดิตถ์,ทุเรียน,ทุเรียน,กรกฎาคม,ปริมาณผลผลิตรายเดือน,5770.0,ตัน,2026-07-22,2020
2563,2563,อุตรดิตถ์,ทุเรียน,ทุเรียน,สิงหาคม,ปริมาณผลผลิตรายเดือน,3915.0,ตัน,2026-07-22,2020
2563,2563,อุตรดิตถ์,ทุเรียน,ทุเรียน,กันยายน,ปริมาณผลผลิตรายเดือน,759.0,ตัน,2026-07-22,2020
2563,2563,อุตรดิตถ์,ทุเรียน,ทุเรียน,ตุลาคม,ปริมาณผลผลิตรายเดือน,36.0,ตัน,2026-07-22,2020
2563,2563,อุตรดิตถ์,ทุเรียน,ทุเรียน,พฤศจิกายน,ปริมาณผลผลิตรายเดือน,42.0,ตัน,2026-07-22,2020
2564,2564,อุตรดิตถ์,ทุเรียน,ทุเรียน,พฤษภาคม,ปริมาณผลผลิตรายเดือน,7973.0,ตัน,2026-07-22,2021
2564,2564,อุตรดิตถ์,ทุเรียน,ทุเรียน,มิถุนายน,ปริมาณผลผลิตรายเดือน,18010.0,ตัน,2026-07-22,2021
2564,2564,อุตรดิตถ์,ทุเรียน,ทุเรียน,กรกฎาคม,ปริมาณผลผลิตรายเดือน,820.0,ตัน,2026-07-22,2021
2564,2564,อุตรดิตถ์,ทุเรียน,ทุเรียน,สิงหาคม,ปริมาณผลผลิตรายเดือน,399.0,ตัน,2026-07-22,2021
2564,2564,อุตรดิตถ์,ทุเรียน,ทุเรียน,กันยายน,ปริมาณผลผลิตรายเดือน,118.0,ตัน,2026-07-22,2021
2564,2564,อุตรดิตถ์,ทุเรียน,ทุเรียน,ตุลาคม,ปริมาณผลผลิตรายเดือน,14.0,ตัน,2026-07-22,2021
2565,2565,อุตรดิตถ์,ทุเรียน,ทุเรียน,พฤษภาคม,ปริมาณผลผลิตรายเดือน,2020.0,ตัน,2026-07-22,2022
2565,2565,อุตรดิตถ์,ทุเรียน,ทุเรียน,มิถุนายน,ปริมาณผลผลิตรายเดือน,13869.0,ตัน,2026-07-22,2022
2565,2565,อุตรดิตถ์,ทุเรียน,ทุเรียน,กรกฎาคม,ปริมาณผลผลิตรายเดือน,10292.0,ตัน,2026-07-22,2022
2565,2565,อุตรดิตถ์,ทุเรียน,ทุเรียน,สิงหาคม,ปริมาณผลผลิตรายเดือน,4981.0,ตัน,2026-07-22,2022
2565,2565,อุตรดิตถ์,ทุเรียน,ทุเรียน,กันยายน,ปริมาณผลผลิตรายเดือน,1585.0,ตัน,2026-07-22,2022
2566,2566,อุตรดิตถ์,ทุเรียน,ทุเรียน,เมษายน,ปริมาณผลผลิตรายเดือน,1186.0,ตัน,2026-07-22,2023
2566,2566,อุตรดิตถ์,ทุเรียน,ทุเรียน,พฤษภาคม,ปริมาณผลผลิตรายเดือน,2998.0,ตัน,2026-07-22,2023
2566,2566,อุตรดิตถ์,ทุเรียน,ทุเรียน,มิถุนายน,ปริมาณผลผลิตรายเดือน,15037.0,ตัน,2026-07-22,2023
2566,2566,อุตรดิตถ์,ทุเรียน,ทุเรียน,กรกฎาคม,ปริมาณผลผลิตรายเดือน,13164.0,ตัน,2026-07-22,2023
2566,2566,อุตรดิตถ์,ทุเรียน,ทุเรียน,สิงหาคม,ปริมาณผลผลิตรายเดือน,2463.0,ตัน,2026-07-22,2023
2566,2566,อุตรดิตถ์,ทุเรียน,ทุเรียน,กันยายน,ปริมาณผลผลิตรายเดือน,341.0,ตัน,2026-07-22,2023
2567,2567,อุตรดิตถ์,ทุเรียน,ทุเรียน,เมษายน,ปริมาณผลผลิตรายเดือน,1021.0,ตัน,2026-07-22,2024
2567,2567,อุตรดิตถ์,ทุเรียน,ทุเรียน,พฤษภาคม,ปริมาณผลผลิตรายเดือน,1701.0,ตัน,2026-07-22,2024
2567,2567,อุตรดิตถ์,ทุเรียน,ทุเรียน,มิถุนายน,ปริมาณผลผลิตรายเดือน,3403.0,ตัน,2026-07-22,2024
2567,2567,อุตรดิตถ์,ทุเรียน,ทุเรียน,กรกฎาคม,ปริมาณผลผลิตรายเดือน,14292.0,ตัน,2026-07-22,2024
2567,2567,อุตรดิตถ์,ทุเรียน,ทุเรียน,สิงหาคม,ปริมาณผลผลิตรายเดือน,10208.0,ตัน,2026-07-22,2024
2567,2567,อุตรดิตถ์,ทุเรียน,ทุเรียน,กันยายน,ปริมาณผลผลิตรายเดือน,3403.0,ตัน,2026-07-22,2024
2568,2568,อุตรดิตถ์,ทุเรียน,ทุเรียน,เมษายน,ปริมาณผลผลิตรายเดือน,56.0,ตัน,2026-07-22,2025
2568,2568,อุตรดิตถ์,ทุเรียน,ทุเรียน,พฤษภาคม,ปริมาณผลผลิตรายเดือน,3897.0,ตัน,2026-07-22,2025
2568,2568,อุตรดิตถ์,ทุเรียน,ทุเรียน,มิถุนายน,ปริมาณผลผลิตรายเดือน,18274.0,ตัน,2026-07-22,2025
2568,2568,อุตรดิตถ์,ทุเรียน,ทุเรียน,กรกฎาคม,ปริมาณผลผลิตรายเดือน,12171.0,ตัน,2026-07-22,2025
2568,2568,อุตรดิตถ์,ทุเรียน,ทุเรียน,สิงหาคม,ปริมาณผลผลิตรายเดือน,3599.0,ตัน,2026-07-22,2025
2568,2568,อุตรดิตถ์,ทุเรียน,ทุเรียน,กันยายน,ปริมาณผลผลิตรายเดือน,1687.0,ตัน,2026-07-22,2025
2547,2547,ศรีสะเกษ,ทุเรียน,ทุเรียน,เมษายน,ปริมาณผลผลิตรายเดือน,9.0,ตัน,2026-07-22,2004
2547,2547,ศรีสะเกษ,ทุเรียน,ทุเรียน,พฤษภาคม,ปริมาณผลผลิตรายเดือน,330.0,ตัน,2026-07-22,2004
2547,2547,ศรีสะเกษ,ทุเรียน,ทุเรียน,มิถุนายน,ปริมาณผลผลิตรายเดือน,589.0,ตัน,2026-07-22,2004
2547,2547,ศรีสะเกษ,ทุเรียน,ทุเรียน,กรกฎาคม,ปริมาณผลผลิตรายเดือน,14.0,ตัน,2026-07-22,2004
2548,2548,ศรีสะเกษ,ทุเรียน,ทุเรียน,พฤษภาคม,ปริมาณผลผลิตรายเดือน,249.0,ตัน,2026-07-22,2005
2548,2548,ศรีสะเกษ,ทุเรียน,ทุเรียน,มิถุนายน,ปริมาณผลผลิตรายเดือน,443.0,ตัน,2026-07-22,2005
2548,2548,ศรีสะเกษ,ทุเรียน,ทุเรียน,กรกฎาคม,ปริมาณผลผลิตรายเดือน,18.0,ตัน,2026-07-22,2005
2549,2549,ศรีสะเกษ,ทุเรียน,ทุเรียน,เมษายน,ปริมาณผลผลิตรายเดือน,33.0,ตัน,2026-07-22,2006
2549,2549,ศรีสะเกษ,ทุเรียน,ทุเรียน,พฤษภาคม,ปริมาณผลผลิตรายเดือน,187.0,ตัน,2026-07-22,2006
2549,2549,ศรีสะเกษ,ทุเรียน,ทุเรียน,มิถุนายน,ปริมาณผลผลิตรายเดือน,426.0,ตัน,2026-07-22,2006
2549,2549,ศรีสะเกษ,ทุเรียน,ทุเรียน,กรกฎาคม,ปริมาณผลผลิตรายเดือน,96.0,ตัน,2026-07-22,2006
2550,2550,ศรีสะเกษ,ทุเรียน,ทุเรียน,เมษายน,ปริมาณผลผลิตรายเดือน,118.0,ตัน,2026-07-22,2007
2550,2550,ศรีสะเกษ,ทุเรียน,ทุเรียน,พฤษภาคม,ปริมาณผลผลิตรายเดือน,256.0,ตัน,2026-07-22,2007
2550,2550,ศรีสะเกษ,ทุเรียน,ทุเรียน,มิถุนายน,ปริมาณผลผลิตรายเดือน,554.0,ตัน,2026-07-22,2007
2550,2550,ศรีสะเกษ,ทุเรียน,ทุเรียน,กรกฎาคม,ปริมาณผลผลิตรายเดือน,362.0,ตัน,2026-07-22,2007
2550,2550,ศรีสะเกษ,ทุเรียน,ทุเรียน,สิงหาคม,ปริมาณผลผลิตรายเดือน,108.0,ตัน,2026-07-22,2007
2551,2551,ศรีสะเกษ,ทุเรียน,ทุเรียน,พฤษภาคม,ปริมาณผลผลิตรายเดือน,56.0,ตัน,2026-07-22,2008
2551,2551,ศรีสะเกษ,ทุเรียน,ทุเรียน,มิถุนายน,ปริมาณผลผลิตรายเดือน,666.0,ตัน,2026-07-22,2008
2551,2551,ศรีสะเกษ,ทุเรียน,ทุเรียน,กรกฎาคม,ปริมาณผลผลิตรายเดือน,1073.0,ตัน,2026-07-22,2008
2552,2552,ศรีสะเกษ,ทุเรียน,ทุเรียน,พฤษภาคม,ปริมาณผลผลิตรายเดือน,27.0,ตัน,2026-07-22,2009
2552,2552,ศรีสะเกษ,ทุเรียน,ทุเรียน,มิถุนายน,ปริมาณผลผลิตรายเดือน,171.0,ตัน,2026-07-22,2009
2552,2552,ศรีสะเกษ,ทุเรียน,ทุเรียน,กรกฎาคม,ปริมาณผลผลิตรายเดือน,265.0,ตัน,2026-07-22,2009
2552,2552,ศรีสะเกษ,ทุเรียน,ทุเรียน,สิงหาคม,ปริมาณผลผลิตรายเดือน,132.0,ตัน,2026-07-22,2009
2553,2553,ศรีสะเกษ,ทุเรียน,ทุเรียน,พฤษภาคม,ปริมาณผลผลิตรายเดือน,84.0,ตัน,2026-07-22,2010
2553,2553,ศรีสะเกษ,ทุเรียน,ทุเรียน,มิถุนายน,ปริมาณผลผลิตรายเดือน,589.0,ตัน,2026-07-22,2010
2553,2553,ศรีสะเกษ,ทุเรียน,ทุเรียน,กรกฎาคม,ปริมาณผลผลิตรายเดือน,205.0,ตัน,2026-07-22,2010
2553,2553,ศรีสะเกษ,ทุเรียน,ทุเรียน,สิงหาคม,ปริมาณผลผลิตรายเดือน,64.0,ตัน,2026-07-22,2010
2554,2554,ศรีสะเกษ,ทุเรียน,ทุเรียน,พฤษภาคม,ปริมาณผลผลิตรายเดือน,60.0,ตัน,2026-07-22,2011
2554,2554,ศรีสะเกษ,ทุเรียน,ทุเรียน,มิถุนายน,ปริมาณผลผลิตรายเดือน,455.0,ตัน,2026-07-22,2011
2554,2554,ศรีสะเกษ,ทุเรียน,ทุเรียน,กรกฎาคม,ปริมาณผลผลิตรายเดือน,479.0,ตัน,2026-07-22,2011
2554,2554,ศรีสะเกษ,ทุเรียน,ทุเรียน,สิงหาคม,ปริมาณผลผลิตรายเดือน,94.0,ตัน,2026-07-22,2011
2555,2555,ศรีสะเกษ,ทุเรียน,ทุเรียน,พฤษภาคม,ปริมาณผลผลิตรายเดือน,53.0,ตัน,2026-07-22,2012
2555,2555,ศรีสะเกษ,ทุเรียน,ทุเรียน,มิถุนายน,ปริมาณผลผลิตรายเดือน,668.0,ตัน,2026-07-22,2012
2555,2555,ศรีสะเกษ,ทุเรียน,ทุเรียน,กรกฎาคม,ปริมาณผลผลิตรายเดือน,304.0,ตัน,2026-07-22,2012
2555,2555,ศรีสะเกษ,ทุเรียน,ทุเรียน,สิงหาคม,ปริมาณผลผลิตรายเดือน,17.0,ตัน,2026-07-22,2012
2556,2556,ศรีสะเกษ,ทุเรียน,ทุเรียน,พฤษภาคม,ปริมาณผลผลิตรายเดือน,187.0,ตัน,2026-07-22,2013
2556,2556,ศรีสะเกษ,ทุเรียน,ทุเรียน,มิถุนายน,ปริมาณผลผลิตรายเดือน,834.0,ตัน,2026-07-22,2013
2556,2556,ศรีสะเกษ,ทุเรียน,ทุเรียน,กรกฎาคม,ปริมาณผลผลิตรายเดือน,119.0,ตัน,2026-07-22,2013
2557,2557,ศรีสะเกษ,ทุเรียน,ทุเรียน,พฤษภาคม,ปริมาณผลผลิตรายเดือน,47.0,ตัน,2026-07-22,2014
2557,2557,ศรีสะเกษ,ทุเรียน,ทุเรียน,มิถุนายน,ปริมาณผลผลิตรายเดือน,1113.0,ตัน,2026-07-22,2014
2557,2557,ศรีสะเกษ,ทุเรียน,ทุเรียน,กรกฎาคม,ปริมาณผลผลิตรายเดือน,1026.0,ตัน,2026-07-22,2014
2557,2557,ศรีสะเกษ,ทุเรียน,ทุเรียน,สิงหาคม,ปริมาณผลผลิตรายเดือน,118.0,ตัน,2026-07-22,2014
2558,2558,ศรีสะเกษ,ทุเรียน,ทุเรียน,พฤษภาคม,ปริมาณผลผลิตรายเดือน,217.0,ตัน,2026-07-22,2015
2558,2558,ศรีสะเกษ,ทุเรียน,ทุเรียน,มิถุนายน,ปริมาณผลผลิตรายเดือน,869.0,ตัน,2026-07-22,2015
2558,2558,ศรีสะเกษ,ทุเรียน,ทุเรียน,กรกฎาคม,ปริมาณผลผลิตรายเดือน,672.0,ตัน,2026-07-22,2015
2558,2558,ศรีสะเกษ,ทุเรียน,ทุเรียน,สิงหาคม,ปริมาณผลผลิตรายเดือน,266.0,ตัน,2026-07-22,2015
2558,2558,ศรีสะเกษ,ทุเรียน,ทุเรียน,กันยายน,ปริมาณผลผลิตรายเดือน,23.0,ตัน,2026-07-22,2015
2559,2559,ศรีสะเกษ,ทุเรียน,ทุเรียน,เมษายน,ปริมาณผลผลิตรายเดือน,17.0,ตัน,2026-07-22,2016
2559,2559,ศรีสะเกษ,ทุเรียน,ทุเรียน,พฤษภาคม,ปริมาณผลผลิตรายเดือน,116.0,ตัน,2026-07-22,2016
2559,2559,ศรีสะเกษ,ทุเรียน,ทุเรียน,มิถุนายน,ปริมาณผลผลิตรายเดือน,1010.0,ตัน,2026-07-22,2016
2559,2559,ศรีสะเกษ,ทุเรียน,ทุเรียน,กรกฎาคม,ปริมาณผลผลิตรายเดือน,236.0,ตัน,2026-07-22,2016
2559,2559,ศรีสะเกษ,ทุเรียน,ทุเรียน,สิงหาคม,ปริมาณผลผลิตรายเดือน,210.0,ตัน,2026-07-22,2016
2559,2559,ศรีสะเกษ,ทุเรียน,ทุเรียน,กันยายน,ปริมาณผลผลิตรายเดือน,1.0,ตัน,2026-07-22,2016
2560,2560,ศรีสะเกษ,ทุเรียน,ทุเรียน,พฤษภาคม,ปริมาณผลผลิตรายเดือน,3.0,ตัน,2026-07-22,2017
2560,2560,ศรีสะเกษ,ทุเรียน,ทุเรียน,มิถุนายน,ปริมาณผลผลิตรายเดือน,1585.0,ตัน,2026-07-22,2017
2560,2560,ศรีสะเกษ,ทุเรียน,ทุเรียน,กรกฎาคม,ปริมาณผลผลิตรายเดือน,962.0,ตัน,2026-07-22,2017
2560,2560,ศรีสะเกษ,ทุเรียน,ทุเรียน,สิงหาคม,ปริมาณผลผลิตรายเดือน,105.0,ตัน,2026-07-22,2017
2561,2561,ศรีสะเกษ,ทุเรียน,ทุเรียน,เมษายน,ปริมาณผลผลิตรายเดือน,1.0,ตัน,2026-07-22,2018
2561,2561,ศรีสะเกษ,ทุเรียน,ทุเรียน,พฤษภาคม,ปริมาณผลผลิตรายเดือน,189.0,ตัน,2026-07-22,2018
2561,2561,ศรีสะเกษ,ทุเรียน,ทุเรียน,มิถุนายน,ปริมาณผลผลิตรายเดือน,3186.0,ตัน,2026-07-22,2018
2561,2561,ศรีสะเกษ,ทุเรียน,ทุเรียน,กรกฎาคม,ปริมาณผลผลิตรายเดือน,725.0,ตัน,2026-07-22,2018
2561,2561,ศรีสะเกษ,ทุเรียน,ทุเรียน,สิงหาคม,ปริมาณผลผลิตรายเดือน,71.0,ตัน,2026-07-22,2018
2562,2562,ศรีสะเกษ,ทุเรียน,ทุเรียน,มีนาคม,ปริมาณผลผลิตรายเดือน,13.0,ตัน,2026-07-22,2019
2562,2562,ศรีสะเกษ,ทุเรียน,ทุเรียน,เมษายน,ปริมาณผลผลิตรายเดือน,53.0,ตัน,2026-07-22,2019
2562,2562,ศรีสะเกษ,ทุเรียน,ทุเรียน,พฤษภาคม,ปริมาณผลผลิตรายเดือน,297.0,ตัน,2026-07-22,2019
2562,2562,ศรีสะเกษ,ทุเรียน,ทุเรียน,มิถุนายน,ปริมาณผลผลิตรายเดือน,2416.0,ตัน,2026-07-22,2019
2562,2562,ศรีสะเกษ,ทุเรียน,ทุเรียน,กรกฎาคม,ปริมาณผลผลิตรายเดือน,208.0,ตัน,2026-07-22,2019
2562,2562,ศรีสะเกษ,ทุเรียน,ทุเรียน,สิงหาคม,ปริมาณผลผลิตรายเดือน,235.0,ตัน,2026-07-22,2019
2562,2562,ศรีสะเกษ,ทุเรียน,ทุเรียน,กันยายน,ปริมาณผลผลิตรายเดือน,5.0,ตัน,2026-07-22,2019
2563,2563,ศรีสะเกษ,ทุเรียน,ทุเรียน,เมษายน,ปริมาณผลผลิตรายเดือน,17.0,ตัน,2026-07-22,2020
2563,2563,ศรีสะเกษ,ทุเรียน,ทุเรียน,พฤษภาคม,ปริมาณผลผลิตรายเดือน,250.0,ตัน,2026-07-22,2020
2563,2563,ศรีสะเกษ,ทุเรียน,ทุเรียน,มิถุนายน,ปริมาณผลผลิตรายเดือน,1605.0,ตัน,2026-07-22,2020
2563,2563,ศรีสะเกษ,ทุเรียน,ทุเรียน,กรกฎาคม,ปริมาณผลผลิตรายเดือน,1858.0,ตัน,2026-07-22,2020
2563,2563,ศรีสะเกษ,ทุเรียน,ทุเรียน,สิงหาคม,ปริมาณผลผลิตรายเดือน,15.0,ตัน,2026-07-22,2020
2564,2564,ศรีสะเกษ,ทุเรียน,ทุเรียน,พฤษภาคม,ปริมาณผลผลิตรายเดือน,332.0,ตัน,2026-07-22,2021
2564,2564,ศรีสะเกษ,ทุเรียน,ทุเรียน,มิถุนายน,ปริมาณผลผลิตรายเดือน,1400.0,ตัน,2026-07-22,2021
2564,2564,ศรีสะเกษ,ทุเรียน,ทุเรียน,กรกฎาคม,ปริมาณผลผลิตรายเดือน,1566.0,ตัน,2026-07-22,2021
2564,2564,ศรีสะเกษ,ทุเรียน,ทุเรียน,สิงหาคม,ปริมาณผลผลิตรายเดือน,1441.0,ตัน,2026-07-22,2021
2565,2565,ศรีสะเกษ,ทุเรียน,ทุเรียน,พฤษภาคม,ปริมาณผลผลิตรายเดือน,399.0,ตัน,2026-07-22,2022
2565,2565,ศรีสะเกษ,ทุเรียน,ทุเรียน,มิถุนายน,ปริมาณผลผลิตรายเดือน,4297.0,ตัน,2026-07-22,2022
2565,2565,ศรีสะเกษ,ทุเรียน,ทุเรียน,กรกฎาคม,ปริมาณผลผลิตรายเดือน,3500.0,ตัน,2026-07-22,2022
2565,2565,ศรีสะเกษ,ทุเรียน,ทุเรียน,สิงหาคม,ปริมาณผลผลิตรายเดือน,39.0,ตัน,2026-07-22,2022
2566,2566,ศรีสะเกษ,ทุเรียน,ทุเรียน,พฤษภาคม,ปริมาณผลผลิตรายเดือน,513.0,ตัน,2026-07-22,2023
2566,2566,ศรีสะเกษ,ทุเรียน,ทุเรียน,มิถุนายน,ปริมาณผลผลิตรายเดือน,5531.0,ตัน,2026-07-22,2023
2566,2566,ศรีสะเกษ,ทุเรียน,ทุเรียน,กรกฎาคม,ปริมาณผลผลิตรายเดือน,4505.0,ตัน,2026-07-22,2023
2566,2566,ศรีสะเกษ,ทุเรียน,ทุเรียน,สิงหาคม,ปริมาณผลผลิตรายเดือน,50.0,ตัน,2026-07-22,2023
2567,2567,ศรีสะเกษ,ทุเรียน,ทุเรียน,พฤษภาคม,ปริมาณผลผลิตรายเดือน,1596.0,ตัน,2026-07-22,2024
2567,2567,ศรีสะเกษ,ทุเรียน,ทุเรียน,มิถุนายน,ปริมาณผลผลิตรายเดือน,3803.0,ตัน,2026-07-22,2024
2567,2567,ศรีสะเกษ,ทุเรียน,ทุเรียน,กรกฎาคม,ปริมาณผลผลิตรายเดือน,3869.0,ตัน,2026-07-22,2024
2567,2567,ศรีสะเกษ,ทุเรียน,ทุเรียน,สิงหาคม,ปริมาณผลผลิตรายเดือน,122.0,ตัน,2026-07-22,2024
2568,2568,ศรีสะเกษ,ทุเรียน,ทุเรียน,พฤษภาคม,ปริมาณผลผลิตรายเดือน,1438.0,ตัน,2026-07-22,2025
2568,2568,ศรีสะเกษ,ทุเรียน,ทุเรียน,มิถุนายน,ปริมาณผลผลิตรายเดือน,10366.0,ตัน,2026-07-22,2025
2568,2568,ศรีสะเกษ,ทุเรียน,ทุเรียน,กรกฎาคม,ปริมาณผลผลิตรายเดือน,5922.0,ตัน,2026-07-22,2025
2568,2568,ศรีสะเกษ,ทุเรียน,ทุเรียน,สิงหาคม,ปริมาณผลผลิตรายเดือน,878.0,ตัน,2026-07-22,2025
2547,2547,จันทบุรี,ทุเรียน,ทุเรียน,มีนาคม,ปริมาณผลผลิตรายเดือน,10914.0,ตัน,2026-07-22,2004
2547,2547,จันทบุรี,ทุเรียน,ทุเรียน,เมษายน,ปริมาณผลผลิตรายเดือน,54997.0,ตัน,2026-07-22,2004
2547,2547,จันทบุรี,ทุเรียน,ทุเรียน,พฤษภาคม,ปริมาณผลผลิตรายเดือน,210724.0,ตัน,2026-07-22,2004
2547,2547,จันทบุรี,ทุเรียน,ทุเรียน,มิถุนายน,ปริมาณผลผลิตรายเดือน,65160.0,ตัน,2026-07-22,2004
2547,2547,จันทบุรี,ทุเรียน,ทุเรียน,กรกฎาคม,ปริมาณผลผลิตรายเดือน,10360.0,ตัน,2026-07-22,2004
2547,2547,จันทบุรี,ทุเรียน,ทุเรียน,สิงหาคม,ปริมาณผลผลิตรายเดือน,268.0,ตัน,2026-07-22,2004
2547,2547,จันทบุรี,ทุเรียน,ทุเรียน,กันยายน,ปริมาณผลผลิตรายเดือน,176.0,ตัน,2026-07-22,2004
2548,2548,จันทบุรี,ทุเรียน,ทุเรียน,มีนาคม,ปริมาณผลผลิตรายเดือน,11481.0,ตัน,2026-07-22,2005
2548,2548,จันทบุรี,ทุเรียน,ทุเรียน,เมษายน,ปริมาณผลผลิตรายเดือน,133528.0,ตัน,2026-07-22,2005
2548,2548,จันทบุรี,ทุเรียน,ทุเรียน,พฤษภาคม,ปริมาณผลผลิตรายเดือน,81605.0,ตัน,2026-07-22,2005
2548,2548,จันทบุรี,ทุเรียน,ทุเรียน,มิถุนายน,ปริมาณผลผลิตรายเดือน,26360.0,ตัน,2026-07-22,2005
2548,2548,จันทบุรี,ทุเรียน,ทุเรียน,กรกฎาคม,ปริมาณผลผลิตรายเดือน,4454.0,ตัน,2026-07-22,2005
2549,2549,จันทบุรี,ทุเรียน,ทุเรียน,มีนาคม,ปริมาณผลผลิตรายเดือน,1990.0,ตัน,2026-07-22,2006
2549,2549,จันทบุรี,ทุเรียน,ทุเรียน,เมษายน,ปริมาณผลผลิตรายเดือน,38087.0,ตัน,2026-07-22,2006
2549,2549,จันทบุรี,ทุเรียน,ทุเรียน,พฤษภาคม,ปริมาณผลผลิตรายเดือน,84005.0,ตัน,2026-07-22,2006
2549,2549,จันทบุรี,ทุเรียน,ทุเรียน,มิถุนายน,ปริมาณผลผลิตรายเดือน,105281.0,ตัน,2026-07-22,2006
2549,2549,จันทบุรี,ทุเรียน,ทุเรียน,กรกฎาคม,ปริมาณผลผลิตรายเดือน,25740.0,ตัน,2026-07-22,2006
2550,2550,จันทบุรี,ทุเรียน,ทุเรียน,มีนาคม,ปริมาณผลผลิตรายเดือน,4936.0,ตัน,2026-07-22,2007
2550,2550,จันทบุรี,ทุเรียน,ทุเรียน,เมษายน,ปริมาณผลผลิตรายเดือน,108910.0,ตัน,2026-07-22,2007
2550,2550,จันทบุรี,ทุเรียน,ทุเรียน,พฤษภาคม,ปริมาณผลผลิตรายเดือน,114503.0,ตัน,2026-07-22,2007
2550,2550,จันทบุรี,ทุเรียน,ทุเรียน,มิถุนายน,ปริมาณผลผลิตรายเดือน,12450.0,ตัน,2026-07-22,2007
2550,2550,จันทบุรี,ทุเรียน,ทุเรียน,กรกฎาคม,ปริมาณผลผลิตรายเดือน,2358.0,ตัน,2026-07-22,2007
2551,2551,จันทบุรี,ทุเรียน,ทุเรียน,มีนาคม,ปริมาณผลผลิตรายเดือน,1878.0,ตัน,2026-07-22,2008
2551,2551,จันทบุรี,ทุเรียน,ทุเรียน,เมษายน,ปริมาณผลผลิตรายเดือน,46592.0,ตัน,2026-07-22,2008
2551,2551,จันทบุรี,ทุเรียน,ทุเรียน,พฤษภาคม,ปริมาณผลผลิตรายเดือน,170470.0,ตัน,2026-07-22,2008
2551,2551,จันทบุรี,ทุเรียน,ทุเรียน,มิถุนายน,ปริมาณผลผลิตรายเดือน,22284.0,ตัน,2026-07-22,2008
2551,2551,จันทบุรี,ทุเรียน,ทุเรียน,กรกฎาคม,ปริมาณผลผลิตรายเดือน,2584.0,ตัน,2026-07-22,2008
2552,2552,จันทบุรี,ทุเรียน,ทุเรียน,มีนาคม,ปริมาณผลผลิตรายเดือน,391.0,ตัน,2026-07-22,2009
2552,2552,จันทบุรี,ทุเรียน,ทุเรียน,เมษายน,ปริมาณผลผลิตรายเดือน,24152.0,ตัน,2026-07-22,2009
2552,2552,จันทบุรี,ทุเรียน,ทุเรียน,พฤษภาคม,ปริมาณผลผลิตรายเดือน,160246.0,ตัน,2026-07-22,2009
2552,2552,จันทบุรี,ทุเรียน,ทุเรียน,มิถุนายน,ปริมาณผลผลิตรายเดือน,30711.0,ตัน,2026-07-22,2009
2552,2552,จันทบุรี,ทุเรียน,ทุเรียน,กรกฎาคม,ปริมาณผลผลิตรายเดือน,1694.0,ตัน,2026-07-22,2009
2553,2553,จันทบุรี,ทุเรียน,ทุเรียน,มีนาคม,ปริมาณผลผลิตรายเดือน,2109.0,ตัน,2026-07-22,2010
2553,2553,จันทบุรี,ทุเรียน,ทุเรียน,เมษายน,ปริมาณผลผลิตรายเดือน,67211.0,ตัน,2026-07-22,2010
2553,2553,จันทบุรี,ทุเรียน,ทุเรียน,พฤษภาคม,ปริมาณผลผลิตรายเดือน,118879.0,ตัน,2026-07-22,2010
2553,2553,จันทบุรี,ทุเรียน,ทุเรียน,มิถุนายน,ปริมาณผลผลิตรายเดือน,22586.0,ตัน,2026-07-22,2010
2553,2553,จันทบุรี,ทุเรียน,ทุเรียน,กรกฎาคม,ปริมาณผลผลิตรายเดือน,105.0,ตัน,2026-07-22,2010
2554,2554,จันทบุรี,ทุเรียน,ทุเรียน,กุมภาพันธ์,ปริมาณผลผลิตรายเดือน,67.0,ตัน,2026-07-22,2011
2554,2554,จันทบุรี,ทุเรียน,ทุเรียน,มีนาคม,ปริมาณผลผลิตรายเดือน,9192.0,ตัน,2026-07-22,2011
2554,2554,จันทบุรี,ทุเรียน,ทุเรียน,เมษายน,ปริมาณผลผลิตรายเดือน,94307.0,ตัน,2026-07-22,2011
2554,2554,จันทบุรี,ทุเรียน,ทุเรียน,พฤษภาคม,ปริมาณผลผลิตรายเดือน,105298.0,ตัน,2026-07-22,2011
2554,2554,จันทบุรี,ทุเรียน,ทุเรียน,มิถุนายน,ปริมาณผลผลิตรายเดือน,15104.0,ตัน,2026-07-22,2011
2554,2554,จันทบุรี,ทุเรียน,ทุเรียน,กรกฎาคม,ปริมาณผลผลิตรายเดือน,787.0,ตัน,2026-07-22,2011
2555,2555,จันทบุรี,ทุเรียน,ทุเรียน,มีนาคม,ปริมาณผลผลิตรายเดือน,4268.0,ตัน,2026-07-22,2012
2555,2555,จันทบุรี,ทุเรียน,ทุเรียน,เมษายน,ปริมาณผลผลิตรายเดือน,93129.0,ตัน,2026-07-22,2012
2555,2555,จันทบุรี,ทุเรียน,ทุเรียน,พฤษภาคม,ปริมาณผลผลิตรายเดือน,99644.0,ตัน,2026-07-22,2012
2555,2555,จันทบุรี,ทุเรียน,ทุเรียน,มิถุนายน,ปริมาณผลผลิตรายเดือน,9113.0,ตัน,2026-07-22,2012
2555,2555,จันทบุรี,ทุเรียน,ทุเรียน,กรกฎาคม,ปริมาณผลผลิตรายเดือน,21.0,ตัน,2026-07-22,2012
2556,2556,จันทบุรี,ทุเรียน,ทุเรียน,มีนาคม,ปริมาณผลผลิตรายเดือน,8060.0,ตัน,2026-07-22,2013
2556,2556,จันทบุรี,ทุเรียน,ทุเรียน,เมษายน,ปริมาณผลผลิตรายเดือน,37054.0,ตัน,2026-07-22,2013
2556,2556,จันทบุรี,ทุเรียน,ทุเรียน,พฤษภาคม,ปริมาณผลผลิตรายเดือน,87182.0,ตัน,2026-07-22,2013
2556,2556,จันทบุรี,ทุเรียน,ทุเรียน,มิถุนายน,ปริมาณผลผลิตรายเดือน,90854.0,ตัน,2026-07-22,2013
2556,2556,จันทบุรี,ทุเรียน,ทุเรียน,กรกฎาคม,ปริมาณผลผลิตรายเดือน,739.0,ตัน,2026-07-22,2013
2557,2557,จันทบุรี,ทุเรียน,ทุเรียน,กุมภาพันธ์,ปริมาณผลผลิตรายเดือน,315.0,ตัน,2026-07-22,2014
2557,2557,จันทบุรี,ทุเรียน,ทุเรียน,มีนาคม,ปริมาณผลผลิตรายเดือน,11507.0,ตัน,2026-07-22,2014
2557,2557,จันทบุรี,ทุเรียน,ทุเรียน,เมษายน,ปริมาณผลผลิตรายเดือน,73235.0,ตัน,2026-07-22,2014
2557,2557,จันทบุรี,ทุเรียน,ทุเรียน,พฤษภาคม,ปริมาณผลผลิตรายเดือน,112814.0,ตัน,2026-07-22,2014
2557,2557,จันทบุรี,ทุเรียน,ทุเรียน,มิถุนายน,ปริมาณผลผลิตรายเดือน,56643.0,ตัน,2026-07-22,2014
2557,2557,จันทบุรี,ทุเรียน,ทุเรียน,กรกฎาคม,ปริมาณผลผลิตรายเดือน,7601.0,ตัน,2026-07-22,2014
2558,2558,จันทบุรี,ทุเรียน,ทุเรียน,กุมภาพันธ์,ปริมาณผลผลิตรายเดือน,682.0,ตัน,2026-07-22,2015
2558,2558,จันทบุรี,ทุเรียน,ทุเรียน,มีนาคม,ปริมาณผลผลิตรายเดือน,16625.0,ตัน,2026-07-22,2015
2558,2558,จันทบุรี,ทุเรียน,ทุเรียน,เมษายน,ปริมาณผลผลิตรายเดือน,67839.0,ตัน,2026-07-22,2015
2558,2558,จันทบุรี,ทุเรียน,ทุเรียน,พฤษภาคม,ปริมาณผลผลิตรายเดือน,93762.0,ตัน,2026-07-22,2015
2558,2558,จันทบุรี,ทุเรียน,ทุเรียน,มิถุนายน,ปริมาณผลผลิตรายเดือน,63771.0,ตัน,2026-07-22,2015
2558,2558,จันทบุรี,ทุเรียน,ทุเรียน,กรกฎาคม,ปริมาณผลผลิตรายเดือน,9980.0,ตัน,2026-07-22,2015
2559,2559,จันทบุรี,ทุเรียน,ทุเรียน,มกราคม,ปริมาณผลผลิตรายเดือน,1449.0,ตัน,2026-07-22,2016
2559,2559,จันทบุรี,ทุเรียน,ทุเรียน,กุมภาพันธ์,ปริมาณผลผลิตรายเดือน,531.0,ตัน,2026-07-22,2016
2559,2559,จันทบุรี,ทุเรียน,ทุเรียน,มีนาคม,ปริมาณผลผลิตรายเดือน,18982.0,ตัน,2026-07-22,2016
2559,2559,จันทบุรี,ทุเรียน,ทุเรียน,เมษายน,ปริมาณผลผลิตรายเดือน,67028.0,ตัน,2026-07-22,2016
2559,2559,จันทบุรี,ทุเรียน,ทุเรียน,พฤษภาคม,ปริมาณผลผลิตรายเดือน,63456.0,ตัน,2026-07-22,2016
2559,2559,จันทบุรี,ทุเรียน,ทุเรียน,มิถุนายน,ปริมาณผลผลิตรายเดือน,25615.0,ตัน,2026-07-22,2016
2559,2559,จันทบุรี,ทุเรียน,ทุเรียน,กรกฎาคม,ปริมาณผลผลิตรายเดือน,9246.0,ตัน,2026-07-22,2016
2559,2559,จันทบุรี,ทุเรียน,ทุเรียน,สิงหาคม,ปริมาณผลผลิตรายเดือน,17798.0,ตัน,2026-07-22,2016
2560,2560,จันทบุรี,ทุเรียน,ทุเรียน,กุมภาพันธ์,ปริมาณผลผลิตรายเดือน,615.0,ตัน,2026-07-22,2017
2560,2560,จันทบุรี,ทุเรียน,ทุเรียน,มีนาคม,ปริมาณผลผลิตรายเดือน,21492.0,ตัน,2026-07-22,2017
2560,2560,จันทบุรี,ทุเรียน,ทุเรียน,เมษายน,ปริมาณผลผลิตรายเดือน,68996.0,ตัน,2026-07-22,2017
2560,2560,จันทบุรี,ทุเรียน,ทุเรียน,พฤษภาคม,ปริมาณผลผลิตรายเดือน,126277.0,ตัน,2026-07-22,2017
2560,2560,จันทบุรี,ทุเรียน,ทุเรียน,มิถุนายน,ปริมาณผลผลิตรายเดือน,71487.0,ตัน,2026-07-22,2017
2560,2560,จันทบุรี,ทุเรียน,ทุเรียน,กรกฎาคม,ปริมาณผลผลิตรายเดือน,18602.0,ตัน,2026-07-22,2017
2561,2561,จันทบุรี,ทุเรียน,ทุเรียน,กุมภาพันธ์,ปริมาณผลผลิตรายเดือน,661.0,ตัน,2026-07-22,2018
2561,2561,จันทบุรี,ทุเรียน,ทุเรียน,มีนาคม,ปริมาณผลผลิตรายเดือน,20806.0,ตัน,2026-07-22,2018
2561,2561,จันทบุรี,ทุเรียน,ทุเรียน,เมษายน,ปริมาณผลผลิตรายเดือน,100572.0,ตัน,2026-07-22,2018
2561,2561,จันทบุรี,ทุเรียน,ทุเรียน,พฤษภาคม,ปริมาณผลผลิตรายเดือน,115725.0,ตัน,2026-07-22,2018
2561,2561,จันทบุรี,ทุเรียน,ทุเรียน,มิถุนายน,ปริมาณผลผลิตรายเดือน,51233.0,ตัน,2026-07-22,2018
2561,2561,จันทบุรี,ทุเรียน,ทุเรียน,กรกฎาคม,ปริมาณผลผลิตรายเดือน,11666.0,ตัน,2026-07-22,2018
2562,2562,จันทบุรี,ทุเรียน,ทุเรียน,มกราคม,ปริมาณผลผลิตรายเดือน,74.0,ตัน,2026-07-22,2019
2562,2562,จันทบุรี,ทุเรียน,ทุเรียน,กุมภาพันธ์,ปริมาณผลผลิตรายเดือน,1522.0,ตัน,2026-07-22,2019
2562,2562,จันทบุรี,ทุเรียน,ทุเรียน,มีนาคม,ปริมาณผลผลิตรายเดือน,23235.0,ตัน,2026-07-22,2019
2562,2562,จันทบุรี,ทุเรียน,ทุเรียน,เมษายน,ปริมาณผลผลิตรายเดือน,165133.0,ตัน,2026-07-22,2019
2562,2562,จันทบุรี,ทุเรียน,ทุเรียน,พฤษภาคม,ปริมาณผลผลิตรายเดือน,118291.0,ตัน,2026-07-22,2019
2562,2562,จันทบุรี,ทุเรียน,ทุเรียน,มิถุนายน,ปริมาณผลผลิตรายเดือน,45950.0,ตัน,2026-07-22,2019
2562,2562,จันทบุรี,ทุเรียน,ทุเรียน,กรกฎาคม,ปริมาณผลผลิตรายเดือน,16851.0,ตัน,2026-07-22,2019
2562,2562,จันทบุรี,ทุเรียน,ทุเรียน,สิงหาคม,ปริมาณผลผลิตรายเดือน,111.0,ตัน,2026-07-22,2019
2563,2563,จันทบุรี,ทุเรียน,ทุเรียน,มกราคม,ปริมาณผลผลิตรายเดือน,43.0,ตัน,2026-07-22,2020
2563,2563,จันทบุรี,ทุเรียน,ทุเรียน,กุมภาพันธ์,ปริมาณผลผลิตรายเดือน,4641.0,ตัน,2026-07-22,2020
2563,2563,จันทบุรี,ทุเรียน,ทุเรียน,มีนาคม,ปริมาณผลผลิตรายเดือน,62407.0,ตัน,2026-07-22,2020
2563,2563,จันทบุรี,ทุเรียน,ทุเรียน,เมษายน,ปริมาณผลผลิตรายเดือน,154017.0,ตัน,2026-07-22,2020
2563,2563,จันทบุรี,ทุเรียน,ทุเรียน,พฤษภาคม,ปริมาณผลผลิตรายเดือน,136656.0,ตัน,2026-07-22,2020
2563,2563,จันทบุรี,ทุเรียน,ทุเรียน,มิถุนายน,ปริมาณผลผลิตรายเดือน,48653.0,ตัน,2026-07-22,2020
2563,2563,จันทบุรี,ทุเรียน,ทุเรียน,กรกฎาคม,ปริมาณผลผลิตรายเดือน,22459.0,ตัน,2026-07-22,2020
2563,2563,จันทบุรี,ทุเรียน,ทุเรียน,สิงหาคม,ปริมาณผลผลิตรายเดือน,859.0,ตัน,2026-07-22,2020
2564,2564,จันทบุรี,ทุเรียน,ทุเรียน,มกราคม,ปริมาณผลผลิตรายเดือน,965.0,ตัน,2026-07-22,2021
2564,2564,จันทบุรี,ทุเรียน,ทุเรียน,กุมภาพันธ์,ปริมาณผลผลิตรายเดือน,8554.0,ตัน,2026-07-22,2021
2564,2564,จันทบุรี,ทุเรียน,ทุเรียน,มีนาคม,ปริมาณผลผลิตรายเดือน,13291.0,ตัน,2026-07-22,2021
2564,2564,จันทบุรี,ทุเรียน,ทุเรียน,เมษายน,ปริมาณผลผลิตรายเดือน,122997.0,ตัน,2026-07-22,2021
2564,2564,จันทบุรี,ทุเรียน,ทุเรียน,พฤษภาคม,ปริมาณผลผลิตรายเดือน,183312.0,ตัน,2026-07-22,2021
2564,2564,จันทบุรี,ทุเรียน,ทุเรียน,มิถุนายน,ปริมาณผลผลิตรายเดือน,93608.0,ตัน,2026-07-22,2021
2564,2564,จันทบุรี,ทุเรียน,ทุเรียน,กรกฎาคม,ปริมาณผลผลิตรายเดือน,15923.0,ตัน,2026-07-22,2021
2565,2565,จันทบุรี,ทุเรียน,ทุเรียน,กุมภาพันธ์,ปริมาณผลผลิตรายเดือน,114.0,ตัน,2026-07-22,2022
2565,2565,จันทบุรี,ทุเรียน,ทุเรียน,มีนาคม,ปริมาณผลผลิตรายเดือน,15850.0,ตัน,2026-07-22,2022
2565,2565,จันทบุรี,ทุเรียน,ทุเรียน,เมษายน,ปริมาณผลผลิตรายเดือน,103308.0,ตัน,2026-07-22,2022
2565,2565,จันทบุรี,ทุเรียน,ทุเรียน,พฤษภาคม,ปริมาณผลผลิตรายเดือน,269903.0,ตัน,2026-07-22,2022
2565,2565,จันทบุรี,ทุเรียน,ทุเรียน,มิถุนายน,ปริมาณผลผลิตรายเดือน,152341.0,ตัน,2026-07-22,2022
2565,2565,จันทบุรี,ทุเรียน,ทุเรียน,กรกฎาคม,ปริมาณผลผลิตรายเดือน,28621.0,ตัน,2026-07-22,2022
2566,2566,จันทบุรี,ทุเรียน,ทุเรียน,กุมภาพันธ์,ปริมาณผลผลิตรายเดือน,3554.0,ตัน,2026-07-22,2023
2566,2566,จันทบุรี,ทุเรียน,ทุเรียน,มีนาคม,ปริมาณผลผลิตรายเดือน,39146.0,ตัน,2026-07-22,2023
2566,2566,จันทบุรี,ทุเรียน,ทุเรียน,เมษายน,ปริมาณผลผลิตรายเดือน,308591.0,ตัน,2026-07-22,2023
2566,2566,จันทบุรี,ทุเรียน,ทุเรียน,พฤษภาคม,ปริมาณผลผลิตรายเดือน,93531.0,ตัน,2026-07-22,2023
2566,2566,จันทบุรี,ทุเรียน,ทุเรียน,มิถุนายน,ปริมาณผลผลิตรายเดือน,90085.0,ตัน,2026-07-22,2023
2566,2566,จันทบุรี,ทุเรียน,ทุเรียน,กรกฎาคม,ปริมาณผลผลิตรายเดือน,2962.0,ตัน,2026-07-22,2023
2566,2566,จันทบุรี,ทุเรียน,ทุเรียน,สิงหาคม,ปริมาณผลผลิตรายเดือน,592.0,ตัน,2026-07-22,2023
2567,2567,จันทบุรี,ทุเรียน,ทุเรียน,มกราคม,ปริมาณผลผลิตรายเดือน,45.0,ตัน,2026-07-22,2024
2567,2567,จันทบุรี,ทุเรียน,ทุเรียน,กุมภาพันธ์,ปริมาณผลผลิตรายเดือน,404.0,ตัน,2026-07-22,2024
2567,2567,จันทบุรี,ทุเรียน,ทุเรียน,มีนาคม,ปริมาณผลผลิตรายเดือน,4083.0,ตัน,2026-07-22,2024
2567,2567,จันทบุรี,ทุเรียน,ทุเรียน,เมษายน,ปริมาณผลผลิตรายเดือน,179881.0,ตัน,2026-07-22,2024
2567,2567,จันทบุรี,ทุเรียน,ทุเรียน,พฤษภาคม,ปริมาณผลผลิตรายเดือน,243460.0,ตัน,2026-07-22,2024
2567,2567,จันทบุรี,ทุเรียน,ทุเรียน,มิถุนายน,ปริมาณผลผลิตรายเดือน,20819.0,ตัน,2026-07-22,2024
2568,2568,จันทบุรี,ทุเรียน,ทุเรียน,กุมภาพันธ์,ปริมาณผลผลิตรายเดือน,518.0,ตัน,2026-07-22,2025
2568,2568,จันทบุรี,ทุเรียน,ทุเรียน,มีนาคม,ปริมาณผลผลิตรายเดือน,7541.0,ตัน,2026-07-22,2025
2568,2568,จันทบุรี,ทุเรียน,ทุเรียน,เมษายน,ปริมาณผลผลิตรายเดือน,131354.0,ตัน,2026-07-22,2025
2568,2568,จันทบุรี,ทุเรียน,ทุเรียน,พฤษภาคม,ปริมาณผลผลิตรายเดือน,326602.0,ตัน,2026-07-22,2025
2568,2568,จันทบุรี,ทุเรียน,ทุเรียน,มิถุนายน,ปริมาณผลผลิตรายเดือน,104473.0,ตัน,2026-07-22,2025
2568,2568,จันทบุรี,ทุเรียน,ทุเรียน,กรกฎาคม,ปริมาณผลผลิตรายเดือน,5123.0,ตัน,2026-07-22,2025
2547,2547,ชุมพร,ทุเรียน,ทุเรียน,มกราคม,ปริมาณผลผลิตรายเดือน,1233.0,ตัน,2026-07-22,2004
2547,2547,ชุมพร,ทุเรียน,ทุเรียน,กุมภาพันธ์,ปริมาณผลผลิตรายเดือน,1710.0,ตัน,2026-07-22,2004
2547,2547,ชุมพร,ทุเรียน,ทุเรียน,มีนาคม,ปริมาณผลผลิตรายเดือน,2989.0,ตัน,2026-07-22,2004
2547,2547,ชุมพร,ทุเรียน,ทุเรียน,เมษายน,ปริมาณผลผลิตรายเดือน,139.0,ตัน,2026-07-22,2004
2547,2547,ชุมพร,ทุเรียน,ทุเรียน,พฤษภาคม,ปริมาณผลผลิตรายเดือน,2164.0,ตัน,2026-07-22,2004
2547,2547,ชุมพร,ทุเรียน,ทุเรียน,มิถุนายน,ปริมาณผลผลิตรายเดือน,4944.0,ตัน,2026-07-22,2004
2547,2547,ชุมพร,ทุเรียน,ทุเรียน,กรกฎาคม,ปริมาณผลผลิตรายเดือน,14017.0,ตัน,2026-07-22,2004
2547,2547,ชุมพร,ทุเรียน,ทุเรียน,สิงหาคม,ปริมาณผลผลิตรายเดือน,19356.0,ตัน,2026-07-22,2004
2547,2547,ชุมพร,ทุเรียน,ทุเรียน,กันยายน,ปริมาณผลผลิตรายเดือน,26777.0,ตัน,2026-07-22,2004
2547,2547,ชุมพร,ทุเรียน,ทุเรียน,ตุลาคม,ปริมาณผลผลิตรายเดือน,14645.0,ตัน,2026-07-22,2004
2547,2547,ชุมพร,ทุเรียน,ทุเรียน,พฤศจิกายน,ปริมาณผลผลิตรายเดือน,23032.0,ตัน,2026-07-22,2004
2547,2547,ชุมพร,ทุเรียน,ทุเรียน,ธันวาคม,ปริมาณผลผลิตรายเดือน,5316.0,ตัน,2026-07-22,2004
2548,2548,ชุมพร,ทุเรียน,ทุเรียน,พฤษภาคม,ปริมาณผลผลิตรายเดือน,4500.0,ตัน,2026-07-22,2005
2548,2548,ชุมพร,ทุเรียน,ทุเรียน,มิถุนายน,ปริมาณผลผลิตรายเดือน,9164.0,ตัน,2026-07-22,2005
2548,2548,ชุมพร,ทุเรียน,ทุเรียน,กรกฎาคม,ปริมาณผลผลิตรายเดือน,18381.0,ตัน,2026-07-22,2005
2548,2548,ชุมพร,ทุเรียน,ทุเรียน,สิงหาคม,ปริมาณผลผลิตรายเดือน,41274.0,ตัน,2026-07-22,2005
2548,2548,ชุมพร,ทุเรียน,ทุเรียน,กันยายน,ปริมาณผลผลิตรายเดือน,13753.0,ตัน,2026-07-22,2005
2548,2548,ชุมพร,ทุเรียน,ทุเรียน,ตุลาคม,ปริมาณผลผลิตรายเดือน,4583.0,ตัน,2026-07-22,2005
2549,2549,ชุมพร,ทุเรียน,ทุเรียน,พฤษภาคม,ปริมาณผลผลิตรายเดือน,1597.0,ตัน,2026-07-22,2006
2549,2549,ชุมพร,ทุเรียน,ทุเรียน,มิถุนายน,ปริมาณผลผลิตรายเดือน,9631.0,ตัน,2026-07-22,2006
2549,2549,ชุมพร,ทุเรียน,ทุเรียน,กรกฎาคม,ปริมาณผลผลิตรายเดือน,26849.0,ตัน,2026-07-22,2006
2549,2549,ชุมพร,ทุเรียน,ทุเรียน,สิงหาคม,ปริมาณผลผลิตรายเดือน,25552.0,ตัน,2026-07-22,2006
2549,2549,ชุมพร,ทุเรียน,ทุเรียน,กันยายน,ปริมาณผลผลิตรายเดือน,7486.0,ตัน,2026-07-22,2006
2549,2549,ชุมพร,ทุเรียน,ทุเรียน,ตุลาคม,ปริมาณผลผลิตรายเดือน,2249.0,ตัน,2026-07-22,2006
2549,2549,ชุมพร,ทุเรียน,ทุเรียน,พฤศจิกายน,ปริมาณผลผลิตรายเดือน,524.0,ตัน,2026-07-22,2006
2549,2549,ชุมพร,ทุเรียน,ทุเรียน,ธันวาคม,ปริมาณผลผลิตรายเดือน,973.0,ตัน,2026-07-22,2006
2550,2550,ชุมพร,ทุเรียน,ทุเรียน,กุมภาพันธ์,ปริมาณผลผลิตรายเดือน,1602.0,ตัน,2026-07-22,2007
2550,2550,ชุมพร,ทุเรียน,ทุเรียน,มีนาคม,ปริมาณผลผลิตรายเดือน,668.0,ตัน,2026-07-22,2007
2550,2550,ชุมพร,ทุเรียน,ทุเรียน,พฤษภาคม,ปริมาณผลผลิตรายเดือน,5208.0,ตัน,2026-07-22,2007
2550,2550,ชุมพร,ทุเรียน,ทุเรียน,มิถุนายน,ปริมาณผลผลิตรายเดือน,15890.0,ตัน,2026-07-22,2007
2550,2550,ชุมพร,ทุเรียน,ทุเรียน,กรกฎาคม,ปริมาณผลผลิตรายเดือน,37522.0,ตัน,2026-07-22,2007
2550,2550,ชุมพร,ทุเรียน,ทุเรียน,สิงหาคม,ปริมาณผลผลิตรายเดือน,43798.0,ตัน,2026-07-22,2007
2550,2550,ชุมพร,ทุเรียน,ทุเรียน,กันยายน,ปริมาณผลผลิตรายเดือน,16424.0,ตัน,2026-07-22,2007
2550,2550,ชุมพร,ทุเรียน,ทุเรียน,ตุลาคม,ปริมาณผลผลิตรายเดือน,3071.0,ตัน,2026-07-22,2007
2550,2550,ชุมพร,ทุเรียน,ทุเรียน,พฤศจิกายน,ปริมาณผลผลิตรายเดือน,5476.0,ตัน,2026-07-22,2007
2550,2550,ชุมพร,ทุเรียน,ทุเรียน,ธันวาคม,ปริมาณผลผลิตรายเดือน,3873.0,ตัน,2026-07-22,2007
2551,2551,ชุมพร,ทุเรียน,ทุเรียน,พฤษภาคม,ปริมาณผลผลิตรายเดือน,5100.0,ตัน,2026-07-22,2008
2551,2551,ชุมพร,ทุเรียน,ทุเรียน,มิถุนายน,ปริมาณผลผลิตรายเดือน,15862.0,ตัน,2026-07-22,2008
2551,2551,ชุมพร,ทุเรียน,ทุเรียน,กรกฎาคม,ปริมาณผลผลิตรายเดือน,20107.0,ตัน,2026-07-22,2008
2551,2551,ชุมพร,ทุเรียน,ทุเรียน,สิงหาคม,ปริมาณผลผลิตรายเดือน,27570.0,ตัน,2026-07-22,2008
2551,2551,ชุมพร,ทุเรียน,ทุเรียน,กันยายน,ปริมาณผลผลิตรายเดือน,23496.0,ตัน,2026-07-22,2008
2551,2551,ชุมพร,ทุเรียน,ทุเรียน,ตุลาคม,ปริมาณผลผลิตรายเดือน,3802.0,ตัน,2026-07-22,2008
2551,2551,ชุมพร,ทุเรียน,ทุเรียน,พฤศจิกายน,ปริมาณผลผลิตรายเดือน,3279.0,ตัน,2026-07-22,2008
2551,2551,ชุมพร,ทุเรียน,ทุเรียน,ธันวาคม,ปริมาณผลผลิตรายเดือน,1368.0,ตัน,2026-07-22,2008
2552,2552,ชุมพร,ทุเรียน,ทุเรียน,มกราคม,ปริมาณผลผลิตรายเดือน,2517.0,ตัน,2026-07-22,2009
2552,2552,ชุมพร,ทุเรียน,ทุเรียน,กุมภาพันธ์,ปริมาณผลผลิตรายเดือน,2517.0,ตัน,2026-07-22,2009
2552,2552,ชุมพร,ทุเรียน,ทุเรียน,มีนาคม,ปริมาณผลผลิตรายเดือน,2517.0,ตัน,2026-07-22,2009
2552,2552,ชุมพร,ทุเรียน,ทุเรียน,พฤษภาคม,ปริมาณผลผลิตรายเดือน,3831.0,ตัน,2026-07-22,2009
2552,2552,ชุมพร,ทุเรียน,ทุเรียน,มิถุนายน,ปริมาณผลผลิตรายเดือน,9257.0,ตัน,2026-07-22,2009
2552,2552,ชุมพร,ทุเรียน,ทุเรียน,กรกฎาคม,ปริมาณผลผลิตรายเดือน,35753.0,ตัน,2026-07-22,2009
2552,2552,ชุมพร,ทุเรียน,ทุเรียน,สิงหาคม,ปริมาณผลผลิตรายเดือน,35778.0,ตัน,2026-07-22,2009
2552,2552,ชุมพร,ทุเรียน,ทุเรียน,กันยายน,ปริมาณผลผลิตรายเดือน,13984.0,ตัน,2026-07-22,2009
2552,2552,ชุมพร,ทุเรียน,ทุเรียน,ตุลาคม,ปริมาณผลผลิตรายเดือน,9847.0,ตัน,2026-07-22,2009
2552,2552,ชุมพร,ทุเรียน,ทุเรียน,พฤศจิกายน,ปริมาณผลผลิตรายเดือน,4260.0,ตัน,2026-07-22,2009
2552,2552,ชุมพร,ทุเรียน,ทุเรียน,ธันวาคม,ปริมาณผลผลิตรายเดือน,2517.0,ตัน,2026-07-22,2009
2553,2553,ชุมพร,ทุเรียน,ทุเรียน,มกราคม,ปริมาณผลผลิตรายเดือน,33.0,ตัน,2026-07-22,2010
2553,2553,ชุมพร,ทุเรียน,ทุเรียน,มีนาคม,ปริมาณผลผลิตรายเดือน,2632.0,ตัน,2026-07-22,2010
2553,2553,ชุมพร,ทุเรียน,ทุเรียน,เมษายน,ปริมาณผลผลิตรายเดือน,26.0,ตัน,2026-07-22,2010
2553,2553,ชุมพร,ทุเรียน,ทุเรียน,พฤษภาคม,ปริมาณผลผลิตรายเดือน,2143.0,ตัน,2026-07-22,2010
2553,2553,ชุมพร,ทุเรียน,ทุเรียน,มิถุนายน,ปริมาณผลผลิตรายเดือน,1256.0,ตัน,2026-07-22,2010
2553,2553,ชุมพร,ทุเรียน,ทุเรียน,กรกฎาคม,ปริมาณผลผลิตรายเดือน,3393.0,ตัน,2026-07-22,2010
2553,2553,ชุมพร,ทุเรียน,ทุเรียน,สิงหาคม,ปริมาณผลผลิตรายเดือน,24515.0,ตัน,2026-07-22,2010
2553,2553,ชุมพร,ทุเรียน,ทุเรียน,กันยายน,ปริมาณผลผลิตรายเดือน,12810.0,ตัน,2026-07-22,2010
2553,2553,ชุมพร,ทุเรียน,ทุเรียน,ตุลาคม,ปริมาณผลผลิตรายเดือน,9701.0,ตัน,2026-07-22,2010
2553,2553,ชุมพร,ทุเรียน,ทุเรียน,พฤศจิกายน,ปริมาณผลผลิตรายเดือน,9153.0,ตัน,2026-07-22,2010
2553,2553,ชุมพร,ทุเรียน,ทุเรียน,ธันวาคม,ปริมาณผลผลิตรายเดือน,469.0,ตัน,2026-07-22,2010
2554,2554,ชุมพร,ทุเรียน,ทุเรียน,มิถุนายน,ปริมาณผลผลิตรายเดือน,6468.0,ตัน,2026-07-22,2011
2554,2554,ชุมพร,ทุเรียน,ทุเรียน,กรกฎาคม,ปริมาณผลผลิตรายเดือน,9670.0,ตัน,2026-07-22,2011
2554,2554,ชุมพร,ทุเรียน,ทุเรียน,สิงหาคม,ปริมาณผลผลิตรายเดือน,18707.0,ตัน,2026-07-22,2011
2554,2554,ชุมพร,ทุเรียน,ทุเรียน,กันยายน,ปริมาณผลผลิตรายเดือน,13030.0,ตัน,2026-07-22,2011
2554,2554,ชุมพร,ทุเรียน,ทุเรียน,ตุลาคม,ปริมาณผลผลิตรายเดือน,1492.0,ตัน,2026-07-22,2011
2554,2554,ชุมพร,ทุเรียน,ทุเรียน,พฤศจิกายน,ปริมาณผลผลิตรายเดือน,1660.0,ตัน,2026-07-22,2011
2554,2554,ชุมพร,ทุเรียน,ทุเรียน,ธันวาคม,ปริมาณผลผลิตรายเดือน,5065.0,ตัน,2026-07-22,2011
2555,2555,ชุมพร,ทุเรียน,ทุเรียน,มกราคม,ปริมาณผลผลิตรายเดือน,3323.0,ตัน,2026-07-22,2012
2555,2555,ชุมพร,ทุเรียน,ทุเรียน,กุมภาพันธ์,ปริมาณผลผลิตรายเดือน,2135.0,ตัน,2026-07-22,2012
2555,2555,ชุมพร,ทุเรียน,ทุเรียน,มีนาคม,ปริมาณผลผลิตรายเดือน,726.0,ตัน,2026-07-22,2012
2555,2555,ชุมพร,ทุเรียน,ทุเรียน,เมษายน,ปริมาณผลผลิตรายเดือน,1782.0,ตัน,2026-07-22,2012
2555,2555,ชุมพร,ทุเรียน,ทุเรียน,พฤษภาคม,ปริมาณผลผลิตรายเดือน,4291.0,ตัน,2026-07-22,2012
2555,2555,ชุมพร,ทุเรียน,ทุเรียน,มิถุนายน,ปริมาณผลผลิตรายเดือน,11674.0,ตัน,2026-07-22,2012
2555,2555,ชุมพร,ทุเรียน,ทุเรียน,กรกฎาคม,ปริมาณผลผลิตรายเดือน,20542.0,ตัน,2026-07-22,2012
2555,2555,ชุมพร,ทุเรียน,ทุเรียน,สิงหาคม,ปริมาณผลผลิตรายเดือน,21147.0,ตัน,2026-07-22,2012
2555,2555,ชุมพร,ทุเรียน,ทุเรียน,กันยายน,ปริมาณผลผลิตรายเดือน,25020.0,ตัน,2026-07-22,2012
2555,2555,ชุมพร,ทุเรียน,ทุเรียน,ตุลาคม,ปริมาณผลผลิตรายเดือน,10023.0,ตัน,2026-07-22,2012
2555,2555,ชุมพร,ทุเรียน,ทุเรียน,พฤศจิกายน,ปริมาณผลผลิตรายเดือน,4401.0,ตัน,2026-07-22,2012
2555,2555,ชุมพร,ทุเรียน,ทุเรียน,ธันวาคม,ปริมาณผลผลิตรายเดือน,4962.0,ตัน,2026-07-22,2012
2556,2556,ชุมพร,ทุเรียน,ทุเรียน,มกราคม,ปริมาณผลผลิตรายเดือน,6822.0,ตัน,2026-07-22,2013
2556,2556,ชุมพร,ทุเรียน,ทุเรียน,กุมภาพันธ์,ปริมาณผลผลิตรายเดือน,4955.0,ตัน,2026-07-22,2013
2556,2556,ชุมพร,ทุเรียน,ทุเรียน,มิถุนายน,ปริมาณผลผลิตรายเดือน,6975.0,ตัน,2026-07-22,2013
2556,2556,ชุมพร,ทุเรียน,ทุเรียน,กรกฎาคม,ปริมาณผลผลิตรายเดือน,12133.0,ตัน,2026-07-22,2013
2556,2556,ชุมพร,ทุเรียน,ทุเรียน,สิงหาคม,ปริมาณผลผลิตรายเดือน,38330.0,ตัน,2026-07-22,2013
2556,2556,ชุมพร,ทุเรียน,ทุเรียน,กันยายน,ปริมาณผลผลิตรายเดือน,32752.0,ตัน,2026-07-22,2013
2556,2556,ชุมพร,ทุเรียน,ทุเรียน,ตุลาคม,ปริมาณผลผลิตรายเดือน,8944.0,ตัน,2026-07-22,2013
2556,2556,ชุมพร,ทุเรียน,ทุเรียน,พฤศจิกายน,ปริมาณผลผลิตรายเดือน,9630.0,ตัน,2026-07-22,2013
2556,2556,ชุมพร,ทุเรียน,ทุเรียน,ธันวาคม,ปริมาณผลผลิตรายเดือน,6505.0,ตัน,2026-07-22,2013
2557,2557,ชุมพร,ทุเรียน,ทุเรียน,มกราคม,ปริมาณผลผลิตรายเดือน,605.0,ตัน,2026-07-22,2014
2557,2557,ชุมพร,ทุเรียน,ทุเรียน,กุมภาพันธ์,ปริมาณผลผลิตรายเดือน,907.0,ตัน,2026-07-22,2014
2557,2557,ชุมพร,ทุเรียน,ทุเรียน,มีนาคม,ปริมาณผลผลิตรายเดือน,453.0,ตัน,2026-07-22,2014
2557,2557,ชุมพร,ทุเรียน,ทุเรียน,เมษายน,ปริมาณผลผลิตรายเดือน,302.0,ตัน,2026-07-22,2014
2557,2557,ชุมพร,ทุเรียน,ทุเรียน,พฤษภาคม,ปริมาณผลผลิตรายเดือน,756.0,ตัน,2026-07-22,2014
2557,2557,ชุมพร,ทุเรียน,ทุเรียน,มิถุนายน,ปริมาณผลผลิตรายเดือน,5894.0,ตัน,2026-07-22,2014
2557,2557,ชุมพร,ทุเรียน,ทุเรียน,กรกฎาคม,ปริมาณผลผลิตรายเดือน,29170.0,ตัน,2026-07-22,2014
2557,2557,ชุมพร,ทุเรียน,ทุเรียน,สิงหาคม,ปริมาณผลผลิตรายเดือน,79198.0,ตัน,2026-07-22,2014
2557,2557,ชุมพร,ทุเรียน,ทุเรียน,กันยายน,ปริมาณผลผลิตรายเดือน,23125.0,ตัน,2026-07-22,2014
2557,2557,ชุมพร,ทุเรียน,ทุเรียน,ตุลาคม,ปริมาณผลผลิตรายเดือน,8010.0,ตัน,2026-07-22,2014
2557,2557,ชุมพร,ทุเรียน,ทุเรียน,พฤศจิกายน,ปริมาณผลผลิตรายเดือน,1814.0,ตัน,2026-07-22,2014
2557,2557,ชุมพร,ทุเรียน,ทุเรียน,ธันวาคม,ปริมาณผลผลิตรายเดือน,907.0,ตัน,2026-07-22,2014
2558,2558,ชุมพร,ทุเรียน,ทุเรียน,มกราคม,ปริมาณผลผลิตรายเดือน,1282.0,ตัน,2026-07-22,2015
2558,2558,ชุมพร,ทุเรียน,ทุเรียน,กุมภาพันธ์,ปริมาณผลผลิตรายเดือน,685.0,ตัน,2026-07-22,2015
2558,2558,ชุมพร,ทุเรียน,ทุเรียน,มีนาคม,ปริมาณผลผลิตรายเดือน,100.0,ตัน,2026-07-22,2015
2558,2558,ชุมพร,ทุเรียน,ทุเรียน,เมษายน,ปริมาณผลผลิตรายเดือน,37.0,ตัน,2026-07-22,2015
2558,2558,ชุมพร,ทุเรียน,ทุเรียน,พฤษภาคม,ปริมาณผลผลิตรายเดือน,212.0,ตัน,2026-07-22,2015
2558,2558,ชุมพร,ทุเรียน,ทุเรียน,มิถุนายน,ปริมาณผลผลิตรายเดือน,10072.0,ตัน,2026-07-22,2015
2558,2558,ชุมพร,ทุเรียน,ทุเรียน,กรกฎาคม,ปริมาณผลผลิตรายเดือน,33900.0,ตัน,2026-07-22,2015
2558,2558,ชุมพร,ทุเรียน,ทุเรียน,สิงหาคม,ปริมาณผลผลิตรายเดือน,44905.0,ตัน,2026-07-22,2015
2558,2558,ชุมพร,ทุเรียน,ทุเรียน,กันยายน,ปริมาณผลผลิตรายเดือน,15935.0,ตัน,2026-07-22,2015
2558,2558,ชุมพร,ทุเรียน,ทุเรียน,ตุลาคม,ปริมาณผลผลิตรายเดือน,5901.0,ตัน,2026-07-22,2015
2558,2558,ชุมพร,ทุเรียน,ทุเรียน,พฤศจิกายน,ปริมาณผลผลิตรายเดือน,5216.0,ตัน,2026-07-22,2015
2558,2558,ชุมพร,ทุเรียน,ทุเรียน,ธันวาคม,ปริมาณผลผลิตรายเดือน,6250.0,ตัน,2026-07-22,2015
2559,2559,ชุมพร,ทุเรียน,ทุเรียน,มกราคม,ปริมาณผลผลิตรายเดือน,4323.0,ตัน,2026-07-22,2016
2559,2559,ชุมพร,ทุเรียน,ทุเรียน,กุมภาพันธ์,ปริมาณผลผลิตรายเดือน,6320.0,ตัน,2026-07-22,2016
2559,2559,ชุมพร,ทุเรียน,ทุเรียน,มีนาคม,ปริมาณผลผลิตรายเดือน,2709.0,ตัน,2026-07-22,2016
2559,2559,ชุมพร,ทุเรียน,ทุเรียน,เมษายน,ปริมาณผลผลิตรายเดือน,137.0,ตัน,2026-07-22,2016
2559,2559,ชุมพร,ทุเรียน,ทุเรียน,พฤษภาคม,ปริมาณผลผลิตรายเดือน,328.0,ตัน,2026-07-22,2016
2559,2559,ชุมพร,ทุเรียน,ทุเรียน,มิถุนายน,ปริมาณผลผลิตรายเดือน,2928.0,ตัน,2026-07-22,2016
2559,2559,ชุมพร,ทุเรียน,ทุเรียน,กรกฎาคม,ปริมาณผลผลิตรายเดือน,28086.0,ตัน,2026-07-22,2016
2559,2559,ชุมพร,ทุเรียน,ทุเรียน,สิงหาคม,ปริมาณผลผลิตรายเดือน,6813.0,ตัน,2026-07-22,2016
2559,2559,ชุมพร,ทุเรียน,ทุเรียน,กันยายน,ปริมาณผลผลิตรายเดือน,48334.0,ตัน,2026-07-22,2016
2559,2559,ชุมพร,ทุเรียน,ทุเรียน,ตุลาคม,ปริมาณผลผลิตรายเดือน,31671.0,ตัน,2026-07-22,2016
2559,2559,ชุมพร,ทุเรียน,ทุเรียน,พฤศจิกายน,ปริมาณผลผลิตรายเดือน,2052.0,ตัน,2026-07-22,2016
2559,2559,ชุมพร,ทุเรียน,ทุเรียน,ธันวาคม,ปริมาณผลผลิตรายเดือน,3106.0,ตัน,2026-07-22,2016
2560,2560,ชุมพร,ทุเรียน,ทุเรียน,มกราคม,ปริมาณผลผลิตรายเดือน,1702.0,ตัน,2026-07-22,2017
2560,2560,ชุมพร,ทุเรียน,ทุเรียน,กุมภาพันธ์,ปริมาณผลผลิตรายเดือน,2137.0,ตัน,2026-07-22,2017
2560,2560,ชุมพร,ทุเรียน,ทุเรียน,มีนาคม,ปริมาณผลผลิตรายเดือน,868.0,ตัน,2026-07-22,2017
2560,2560,ชุมพร,ทุเรียน,ทุเรียน,เมษายน,ปริมาณผลผลิตรายเดือน,114.0,ตัน,2026-07-22,2017
2560,2560,ชุมพร,ทุเรียน,ทุเรียน,พฤษภาคม,ปริมาณผลผลิตรายเดือน,1143.0,ตัน,2026-07-22,2017
2560,2560,ชุมพร,ทุเรียน,ทุเรียน,มิถุนายน,ปริมาณผลผลิตรายเดือน,1257.0,ตัน,2026-07-22,2017
2560,2560,ชุมพร,ทุเรียน,ทุเรียน,กรกฎาคม,ปริมาณผลผลิตรายเดือน,14556.0,ตัน,2026-07-22,2017
2560,2560,ชุมพร,ทุเรียน,ทุเรียน,สิงหาคม,ปริมาณผลผลิตรายเดือน,56862.0,ตัน,2026-07-22,2017
2560,2560,ชุมพร,ทุเรียน,ทุเรียน,กันยายน,ปริมาณผลผลิตรายเดือน,20920.0,ตัน,2026-07-22,2017
2560,2560,ชุมพร,ทุเรียน,ทุเรียน,ตุลาคม,ปริมาณผลผลิตรายเดือน,9951.0,ตัน,2026-07-22,2017
2560,2560,ชุมพร,ทุเรียน,ทุเรียน,พฤศจิกายน,ปริมาณผลผลิตรายเดือน,3839.0,ตัน,2026-07-22,2017
2560,2560,ชุมพร,ทุเรียน,ทุเรียน,ธันวาคม,ปริมาณผลผลิตรายเดือน,903.0,ตัน,2026-07-22,2017
2561,2561,ชุมพร,ทุเรียน,ทุเรียน,มกราคม,ปริมาณผลผลิตรายเดือน,7352.0,ตัน,2026-07-22,2018
2561,2561,ชุมพร,ทุเรียน,ทุเรียน,กุมภาพันธ์,ปริมาณผลผลิตรายเดือน,9735.0,ตัน,2026-07-22,2018
2561,2561,ชุมพร,ทุเรียน,ทุเรียน,มีนาคม,ปริมาณผลผลิตรายเดือน,6361.0,ตัน,2026-07-22,2018
2561,2561,ชุมพร,ทุเรียน,ทุเรียน,เมษายน,ปริมาณผลผลิตรายเดือน,139.0,ตัน,2026-07-22,2018
2561,2561,ชุมพร,ทุเรียน,ทุเรียน,พฤษภาคม,ปริมาณผลผลิตรายเดือน,5897.0,ตัน,2026-07-22,2018
2561,2561,ชุมพร,ทุเรียน,ทุเรียน,มิถุนายน,ปริมาณผลผลิตรายเดือน,11051.0,ตัน,2026-07-22,2018
2561,2561,ชุมพร,ทุเรียน,ทุเรียน,กรกฎาคม,ปริมาณผลผลิตรายเดือน,38167.0,ตัน,2026-07-22,2018
2561,2561,ชุมพร,ทุเรียน,ทุเรียน,สิงหาคม,ปริมาณผลผลิตรายเดือน,40163.0,ตัน,2026-07-22,2018
2561,2561,ชุมพร,ทุเรียน,ทุเรียน,กันยายน,ปริมาณผลผลิตรายเดือน,13620.0,ตัน,2026-07-22,2018
2561,2561,ชุมพร,ทุเรียน,ทุเรียน,ตุลาคม,ปริมาณผลผลิตรายเดือน,9333.0,ตัน,2026-07-22,2018
2561,2561,ชุมพร,ทุเรียน,ทุเรียน,พฤศจิกายน,ปริมาณผลผลิตรายเดือน,7770.0,ตัน,2026-07-22,2018
2561,2561,ชุมพร,ทุเรียน,ทุเรียน,ธันวาคม,ปริมาณผลผลิตรายเดือน,5185.0,ตัน,2026-07-22,2018
2562,2562,ชุมพร,ทุเรียน,ทุเรียน,มกราคม,ปริมาณผลผลิตรายเดือน,11081.0,ตัน,2026-07-22,2019
2562,2562,ชุมพร,ทุเรียน,ทุเรียน,กุมภาพันธ์,ปริมาณผลผลิตรายเดือน,14192.0,ตัน,2026-07-22,2019
2562,2562,ชุมพร,ทุเรียน,ทุเรียน,มีนาคม,ปริมาณผลผลิตรายเดือน,7054.0,ตัน,2026-07-22,2019
2562,2562,ชุมพร,ทุเรียน,ทุเรียน,เมษายน,ปริมาณผลผลิตรายเดือน,1111.0,ตัน,2026-07-22,2019
2562,2562,ชุมพร,ทุเรียน,ทุเรียน,พฤษภาคม,ปริมาณผลผลิตรายเดือน,1055.0,ตัน,2026-07-22,2019
2562,2562,ชุมพร,ทุเรียน,ทุเรียน,มิถุนายน,ปริมาณผลผลิตรายเดือน,6304.0,ตัน,2026-07-22,2019
2562,2562,ชุมพร,ทุเรียน,ทุเรียน,กรกฎาคม,ปริมาณผลผลิตรายเดือน,31661.0,ตัน,2026-07-22,2019
2562,2562,ชุมพร,ทุเรียน,ทุเรียน,สิงหาคม,ปริมาณผลผลิตรายเดือน,127534.0,ตัน,2026-07-22,2019
2562,2562,ชุมพร,ทุเรียน,ทุเรียน,กันยายน,ปริมาณผลผลิตรายเดือน,39410.0,ตัน,2026-07-22,2019
2562,2562,ชุมพร,ทุเรียน,ทุเรียน,ตุลาคม,ปริมาณผลผลิตรายเดือน,6471.0,ตัน,2026-07-22,2019
2562,2562,ชุมพร,ทุเรียน,ทุเรียน,พฤศจิกายน,ปริมาณผลผลิตรายเดือน,10526.0,ตัน,2026-07-22,2019
2562,2562,ชุมพร,ทุเรียน,ทุเรียน,ธันวาคม,ปริมาณผลผลิตรายเดือน,21330.0,ตัน,2026-07-22,2019
2563,2563,ชุมพร,ทุเรียน,ทุเรียน,มกราคม,ปริมาณผลผลิตรายเดือน,2556.0,ตัน,2026-07-22,2020
2563,2563,ชุมพร,ทุเรียน,ทุเรียน,กุมภาพันธ์,ปริมาณผลผลิตรายเดือน,1383.0,ตัน,2026-07-22,2020
2563,2563,ชุมพร,ทุเรียน,ทุเรียน,มีนาคม,ปริมาณผลผลิตรายเดือน,731.0,ตัน,2026-07-22,2020
2563,2563,ชุมพร,ทุเรียน,ทุเรียน,เมษายน,ปริมาณผลผลิตรายเดือน,316.0,ตัน,2026-07-22,2020
2563,2563,ชุมพร,ทุเรียน,ทุเรียน,พฤษภาคม,ปริมาณผลผลิตรายเดือน,8015.0,ตัน,2026-07-22,2020
2563,2563,ชุมพร,ทุเรียน,ทุเรียน,มิถุนายน,ปริมาณผลผลิตรายเดือน,39507.0,ตัน,2026-07-22,2020
2563,2563,ชุมพร,ทุเรียน,ทุเรียน,กรกฎาคม,ปริมาณผลผลิตรายเดือน,86114.0,ตัน,2026-07-22,2020
2563,2563,ชุมพร,ทุเรียน,ทุเรียน,สิงหาคม,ปริมาณผลผลิตรายเดือน,61818.0,ตัน,2026-07-22,2020
2563,2563,ชุมพร,ทุเรียน,ทุเรียน,กันยายน,ปริมาณผลผลิตรายเดือน,78454.0,ตัน,2026-07-22,2020
2563,2563,ชุมพร,ทุเรียน,ทุเรียน,ตุลาคม,ปริมาณผลผลิตรายเดือน,30302.0,ตัน,2026-07-22,2020
2563,2563,ชุมพร,ทุเรียน,ทุเรียน,พฤศจิกายน,ปริมาณผลผลิตรายเดือน,3778.0,ตัน,2026-07-22,2020
2563,2563,ชุมพร,ทุเรียน,ทุเรียน,ธันวาคม,ปริมาณผลผลิตรายเดือน,2578.0,ตัน,2026-07-22,2020
2564,2564,ชุมพร,ทุเรียน,ทุเรียน,มกราคม,ปริมาณผลผลิตรายเดือน,2614.0,ตัน,2026-07-22,2021
2564,2564,ชุมพร,ทุเรียน,ทุเรียน,กุมภาพันธ์,ปริมาณผลผลิตรายเดือน,2958.0,ตัน,2026-07-22,2021
2564,2564,ชุมพร,ทุเรียน,ทุเรียน,มีนาคม,ปริมาณผลผลิตรายเดือน,2270.0,ตัน,2026-07-22,2021
2564,2564,ชุมพร,ทุเรียน,ทุเรียน,เมษายน,ปริมาณผลผลิตรายเดือน,344.0,ตัน,2026-07-22,2021
2564,2564,ชุมพร,ทุเรียน,ทุเรียน,พฤษภาคม,ปริมาณผลผลิตรายเดือน,8701.0,ตัน,2026-07-22,2021
2564,2564,ชุมพร,ทุเรียน,ทุเรียน,มิถุนายน,ปริมาณผลผลิตรายเดือน,44741.0,ตัน,2026-07-22,2021
2564,2564,ชุมพร,ทุเรียน,ทุเรียน,กรกฎาคม,ปริมาณผลผลิตรายเดือน,106573.0,ตัน,2026-07-22,2021
2564,2564,ชุมพร,ทุเรียน,ทุเรียน,สิงหาคม,ปริมาณผลผลิตรายเดือน,72013.0,ตัน,2026-07-22,2021
2564,2564,ชุมพร,ทุเรียน,ทุเรียน,กันยายน,ปริมาณผลผลิตรายเดือน,83912.0,ตัน,2026-07-22,2021
2564,2564,ชุมพร,ทุเรียน,ทุเรียน,ตุลาคม,ปริมาณผลผลิตรายเดือน,17676.0,ตัน,2026-07-22,2021
2564,2564,ชุมพร,ทุเรียน,ทุเรียน,พฤศจิกายน,ปริมาณผลผลิตรายเดือน,1066.0,ตัน,2026-07-22,2021
2564,2564,ชุมพร,ทุเรียน,ทุเรียน,ธันวาคม,ปริมาณผลผลิตรายเดือน,1032.0,ตัน,2026-07-22,2021
2565,2565,ชุมพร,ทุเรียน,ทุเรียน,มกราคม,ปริมาณผลผลิตรายเดือน,5740.0,ตัน,2026-07-22,2022
2565,2565,ชุมพร,ทุเรียน,ทุเรียน,กุมภาพันธ์,ปริมาณผลผลิตรายเดือน,848.0,ตัน,2026-07-22,2022
2565,2565,ชุมพร,ทุเรียน,ทุเรียน,มีนาคม,ปริมาณผลผลิตรายเดือน,195.0,ตัน,2026-07-22,2022
2565,2565,ชุมพร,ทุเรียน,ทุเรียน,พฤษภาคม,ปริมาณผลผลิตรายเดือน,5812.0,ตัน,2026-07-22,2022
2565,2565,ชุมพร,ทุเรียน,ทุเรียน,มิถุนายน,ปริมาณผลผลิตรายเดือน,111499.0,ตัน,2026-07-22,2022
2565,2565,ชุมพร,ทุเรียน,ทุเรียน,กรกฎาคม,ปริมาณผลผลิตรายเดือน,53067.0,ตัน,2026-07-22,2022
2565,2565,ชุมพร,ทุเรียน,ทุเรียน,สิงหาคม,ปริมาณผลผลิตรายเดือน,1617.0,ตัน,2026-07-22,2022
2565,2565,ชุมพร,ทุเรียน,ทุเรียน,กันยายน,ปริมาณผลผลิตรายเดือน,340.0,ตัน,2026-07-22,2022
2565,2565,ชุมพร,ทุเรียน,ทุเรียน,ตุลาคม,ปริมาณผลผลิตรายเดือน,10606.0,ตัน,2026-07-22,2022
2565,2565,ชุมพร,ทุเรียน,ทุเรียน,พฤศจิกายน,ปริมาณผลผลิตรายเดือน,21796.0,ตัน,2026-07-22,2022
2565,2565,ชุมพร,ทุเรียน,ทุเรียน,ธันวาคม,ปริมาณผลผลิตรายเดือน,49712.0,ตัน,2026-07-22,2022
2566,2566,ชุมพร,ทุเรียน,ทุเรียน,มกราคม,ปริมาณผลผลิตรายเดือน,6677.0,ตัน,2026-07-22,2023
2566,2566,ชุมพร,ทุเรียน,ทุเรียน,กุมภาพันธ์,ปริมาณผลผลิตรายเดือน,6102.0,ตัน,2026-07-22,2023
2566,2566,ชุมพร,ทุเรียน,ทุเรียน,มิถุนายน,ปริมาณผลผลิตรายเดือน,169362.0,ตัน,2026-07-22,2023
2566,2566,ชุมพร,ทุเรียน,ทุเรียน,กรกฎาคม,ปริมาณผลผลิตรายเดือน,39944.0,ตัน,2026-07-22,2023
2566,2566,ชุมพร,ทุเรียน,ทุเรียน,สิงหาคม,ปริมาณผลผลิตรายเดือน,6525.0,ตัน,2026-07-22,2023
2566,2566,ชุมพร,ทุเรียน,ทุเรียน,กันยายน,ปริมาณผลผลิตรายเดือน,16193.0,ตัน,2026-07-22,2023
2566,2566,ชุมพร,ทุเรียน,ทุเรียน,ตุลาคม,ปริมาณผลผลิตรายเดือน,11716.0,ตัน,2026-07-22,2023
2566,2566,ชุมพร,ทุเรียน,ทุเรียน,พฤศจิกายน,ปริมาณผลผลิตรายเดือน,5388.0,ตัน,2026-07-22,2023
2566,2566,ชุมพร,ทุเรียน,ทุเรียน,ธันวาคม,ปริมาณผลผลิตรายเดือน,9563.0,ตัน,2026-07-22,2023
2567,2567,ชุมพร,ทุเรียน,ทุเรียน,มกราคม,ปริมาณผลผลิตรายเดือน,2234.0,ตัน,2026-07-22,2024
2567,2567,ชุมพร,ทุเรียน,ทุเรียน,กุมภาพันธ์,ปริมาณผลผลิตรายเดือน,1856.0,ตัน,2026-07-22,2024
2567,2567,ชุมพร,ทุเรียน,ทุเรียน,มีนาคม,ปริมาณผลผลิตรายเดือน,120.0,ตัน,2026-07-22,2024
2567,2567,ชุมพร,ทุเรียน,ทุเรียน,พฤษภาคม,ปริมาณผลผลิตรายเดือน,10000.0,ตัน,2026-07-22,2024
2567,2567,ชุมพร,ทุเรียน,ทุเรียน,มิถุนายน,ปริมาณผลผลิตรายเดือน,79730.0,ตัน,2026-07-22,2024
2567,2567,ชุมพร,ทุเรียน,ทุเรียน,กรกฎาคม,ปริมาณผลผลิตรายเดือน,17773.0,ตัน,2026-07-22,2024
2567,2567,ชุมพร,ทุเรียน,ทุเรียน,สิงหาคม,ปริมาณผลผลิตรายเดือน,41615.0,ตัน,2026-07-22,2024
2567,2567,ชุมพร,ทุเรียน,ทุเรียน,กันยายน,ปริมาณผลผลิตรายเดือน,32675.0,ตัน,2026-07-22,2024
2567,2567,ชุมพร,ทุเรียน,ทุเรียน,ตุลาคม,ปริมาณผลผลิตรายเดือน,10770.0,ตัน,2026-07-22,2024
2567,2567,ชุมพร,ทุเรียน,ทุเรียน,พฤศจิกายน,ปริมาณผลผลิตรายเดือน,9979.0,ตัน,2026-07-22,2024
2567,2567,ชุมพร,ทุเรียน,ทุเรียน,ธันวาคม,ปริมาณผลผลิตรายเดือน,19822.0,ตัน,2026-07-22,2024
2568,2568,ชุมพร,ทุเรียน,ทุเรียน,มกราคม,ปริมาณผลผลิตรายเดือน,2219.0,ตัน,2026-07-22,2025
2568,2568,ชุมพร,ทุเรียน,ทุเรียน,กุมภาพันธ์,ปริมาณผลผลิตรายเดือน,8006.0,ตัน,2026-07-22,2025
2568,2568,ชุมพร,ทุเรียน,ทุเรียน,พฤษภาคม,ปริมาณผลผลิตรายเดือน,968.0,ตัน,2026-07-22,2025
2568,2568,ชุมพร,ทุเรียน,ทุเรียน,มิถุนายน,ปริมาณผลผลิตรายเดือน,100922.0,ตัน,2026-07-22,2025
2568,2568,ชุมพร,ทุเรียน,ทุเรียน,กรกฎาคม,ปริมาณผลผลิตรายเดือน,120405.0,ตัน,2026-07-22,2025
2568,2568,ชุมพร,ทุเรียน,ทุเรียน,สิงหาคม,ปริมาณผลผลิตรายเดือน,8183.0,ตัน,2026-07-22,2025
2568,2568,ชุมพร,ทุเรียน,ทุเรียน,กันยายน,ปริมาณผลผลิตรายเดือน,12017.0,ตัน,2026-07-22,2025
2568,2568,ชุมพร,ทุเรียน,ทุเรียน,ตุลาคม,ปริมาณผลผลิตรายเดือน,10331.0,ตัน,2026-07-22,2025
2568,2568,ชุมพร,ทุเรียน,ทุเรียน,พฤศจิกายน,ปริมาณผลผลิตรายเดือน,9640.0,ตัน,2026-07-22,2025
2568,2568,ชุมพร,ทุเรียน,ทุเรียน,ธันวาคม,ปริมาณผลผลิตรายเดือน,6149.0,ตัน,2026-07-22,2025
2547,2547,สุราษฎร์ธานี,ทุเรียน,ทุเรียน,มกราคม,ปริมาณผลผลิตรายเดือน,236.0,ตัน,2026-07-22,2004
2547,2547,สุราษฎร์ธานี,ทุเรียน,ทุเรียน,กุมภาพันธ์,ปริมาณผลผลิตรายเดือน,402.0,ตัน,2026-07-22,2004
2547,2547,สุราษฎร์ธานี,ทุเรียน,ทุเรียน,พฤษภาคม,ปริมาณผลผลิตรายเดือน,25.0,ตัน,2026-07-22,2004
2547,2547,สุราษฎร์ธานี,ทุเรียน,ทุเรียน,มิถุนายน,ปริมาณผลผลิตรายเดือน,253.0,ตัน,2026-07-22,2004
2547,2547,สุราษฎร์ธานี,ทุเรียน,ทุเรียน,กรกฎาคม,ปริมาณผลผลิตรายเดือน,2326.0,ตัน,2026-07-22,2004
2547,2547,สุราษฎร์ธานี,ทุเรียน,ทุเรียน,สิงหาคม,ปริมาณผลผลิตรายเดือน,16534.0,ตัน,2026-07-22,2004
2547,2547,สุราษฎร์ธานี,ทุเรียน,ทุเรียน,กันยายน,ปริมาณผลผลิตรายเดือน,13681.0,ตัน,2026-07-22,2004
2547,2547,สุราษฎร์ธานี,ทุเรียน,ทุเรียน,ตุลาคม,ปริมาณผลผลิตรายเดือน,3820.0,ตัน,2026-07-22,2004
2547,2547,สุราษฎร์ธานี,ทุเรียน,ทุเรียน,พฤศจิกายน,ปริมาณผลผลิตรายเดือน,4318.0,ตัน,2026-07-22,2004
2547,2547,สุราษฎร์ธานี,ทุเรียน,ทุเรียน,ธันวาคม,ปริมาณผลผลิตรายเดือน,617.0,ตัน,2026-07-22,2004
2548,2548,สุราษฎร์ธานี,ทุเรียน,ทุเรียน,มิถุนายน,ปริมาณผลผลิตรายเดือน,5808.0,ตัน,2026-07-22,2005
2548,2548,สุราษฎร์ธานี,ทุเรียน,ทุเรียน,กรกฎาคม,ปริมาณผลผลิตรายเดือน,10284.0,ตัน,2026-07-22,2005
2548,2548,สุราษฎร์ธานี,ทุเรียน,ทุเรียน,สิงหาคม,ปริมาณผลผลิตรายเดือน,10540.0,ตัน,2026-07-22,2005
2548,2548,สุราษฎร์ธานี,ทุเรียน,ทุเรียน,กันยายน,ปริมาณผลผลิตรายเดือน,4822.0,ตัน,2026-07-22,2005
2548,2548,สุราษฎร์ธานี,ทุเรียน,ทุเรียน,ตุลาคม,ปริมาณผลผลิตรายเดือน,1836.0,ตัน,2026-07-22,2005
2549,2549,สุราษฎร์ธานี,ทุเรียน,ทุเรียน,กรกฎาคม,ปริมาณผลผลิตรายเดือน,6431.0,ตัน,2026-07-22,2006
2549,2549,สุราษฎร์ธานี,ทุเรียน,ทุเรียน,สิงหาคม,ปริมาณผลผลิตรายเดือน,11506.0,ตัน,2026-07-22,2006
2549,2549,สุราษฎร์ธานี,ทุเรียน,ทุเรียน,กันยายน,ปริมาณผลผลิตรายเดือน,6647.0,ตัน,2026-07-22,2006
2549,2549,สุราษฎร์ธานี,ทุเรียน,ทุเรียน,ตุลาคม,ปริมาณผลผลิตรายเดือน,4940.0,ตัน,2026-07-22,2006
2549,2549,สุราษฎร์ธานี,ทุเรียน,ทุเรียน,พฤศจิกายน,ปริมาณผลผลิตรายเดือน,3237.0,ตัน,2026-07-22,2006
2550,2550,สุราษฎร์ธานี,ทุเรียน,ทุเรียน,พฤษภาคม,ปริมาณผลผลิตรายเดือน,1578.0,ตัน,2026-07-22,2007
2550,2550,สุราษฎร์ธานี,ทุเรียน,ทุเรียน,มิถุนายน,ปริมาณผลผลิตรายเดือน,3311.0,ตัน,2026-07-22,2007
2550,2550,สุราษฎร์ธานี,ทุเรียน,ทุเรียน,กรกฎาคม,ปริมาณผลผลิตรายเดือน,10587.0,ตัน,2026-07-22,2007
2550,2550,สุราษฎร์ธานี,ทุเรียน,ทุเรียน,สิงหาคม,ปริมาณผลผลิตรายเดือน,14745.0,ตัน,2026-07-22,2007
2550,2550,สุราษฎร์ธานี,ทุเรียน,ทุเรียน,กันยายน,ปริมาณผลผลิตรายเดือน,8277.0,ตัน,2026-07-22,2007
2551,2551,สุราษฎร์ธานี,ทุเรียน,ทุเรียน,พฤษภาคม,ปริมาณผลผลิตรายเดือน,289.0,ตัน,2026-07-22,2008
2551,2551,สุราษฎร์ธานี,ทุเรียน,ทุเรียน,มิถุนายน,ปริมาณผลผลิตรายเดือน,1609.0,ตัน,2026-07-22,2008
2551,2551,สุราษฎร์ธานี,ทุเรียน,ทุเรียน,กรกฎาคม,ปริมาณผลผลิตรายเดือน,7630.0,ตัน,2026-07-22,2008
2551,2551,สุราษฎร์ธานี,ทุเรียน,ทุเรียน,สิงหาคม,ปริมาณผลผลิตรายเดือน,20636.0,ตัน,2026-07-22,2008
2551,2551,สุราษฎร์ธานี,ทุเรียน,ทุเรียน,กันยายน,ปริมาณผลผลิตรายเดือน,7349.0,ตัน,2026-07-22,2008
2552,2552,สุราษฎร์ธานี,ทุเรียน,ทุเรียน,มกราคม,ปริมาณผลผลิตรายเดือน,902.0,ตัน,2026-07-22,2009
2552,2552,สุราษฎร์ธานี,ทุเรียน,ทุเรียน,กุมภาพันธ์,ปริมาณผลผลิตรายเดือน,1877.0,ตัน,2026-07-22,2009
2552,2552,สุราษฎร์ธานี,ทุเรียน,ทุเรียน,มีนาคม,ปริมาณผลผลิตรายเดือน,1805.0,ตัน,2026-07-22,2009
2552,2552,สุราษฎร์ธานี,ทุเรียน,ทุเรียน,พฤษภาคม,ปริมาณผลผลิตรายเดือน,112.0,ตัน,2026-07-22,2009
2552,2552,สุราษฎร์ธานี,ทุเรียน,ทุเรียน,มิถุนายน,ปริมาณผลผลิตรายเดือน,1307.0,ตัน,2026-07-22,2009
2552,2552,สุราษฎร์ธานี,ทุเรียน,ทุเรียน,กรกฎาคม,ปริมาณผลผลิตรายเดือน,6894.0,ตัน,2026-07-22,2009
2552,2552,สุราษฎร์ธานี,ทุเรียน,ทุเรียน,สิงหาคม,ปริมาณผลผลิตรายเดือน,14875.0,ตัน,2026-07-22,2009
2552,2552,สุราษฎร์ธานี,ทุเรียน,ทุเรียน,กันยายน,ปริมาณผลผลิตรายเดือน,3830.0,ตัน,2026-07-22,2009
2552,2552,สุราษฎร์ธานี,ทุเรียน,ทุเรียน,ตุลาคม,ปริมาณผลผลิตรายเดือน,1210.0,ตัน,2026-07-22,2009
2552,2552,สุราษฎร์ธานี,ทุเรียน,ทุเรียน,พฤศจิกายน,ปริมาณผลผลิตรายเดือน,1624.0,ตัน,2026-07-22,2009
2552,2552,สุราษฎร์ธานี,ทุเรียน,ทุเรียน,ธันวาคม,ปริมาณผลผลิตรายเดือน,1660.0,ตัน,2026-07-22,2009
2553,2553,สุราษฎร์ธานี,ทุเรียน,ทุเรียน,พฤษภาคม,ปริมาณผลผลิตรายเดือน,6.0,ตัน,2026-07-22,2010
2553,2553,สุราษฎร์ธานี,ทุเรียน,ทุเรียน,มิถุนายน,ปริมาณผลผลิตรายเดือน,3868.0,ตัน,2026-07-22,2010
2553,2553,สุราษฎร์ธานี,ทุเรียน,ทุเรียน,กรกฎาคม,ปริมาณผลผลิตรายเดือน,11072.0,ตัน,2026-07-22,2010
2553,2553,สุราษฎร์ธานี,ทุเรียน,ทุเรียน,สิงหาคม,ปริมาณผลผลิตรายเดือน,11033.0,ตัน,2026-07-22,2010
2553,2553,สุราษฎร์ธานี,ทุเรียน,ทุเรียน,กันยายน,ปริมาณผลผลิตรายเดือน,3949.0,ตัน,2026-07-22,2010
2553,2553,สุราษฎร์ธานี,ทุเรียน,ทุเรียน,ตุลาคม,ปริมาณผลผลิตรายเดือน,2173.0,ตัน,2026-07-22,2010
2554,2554,สุราษฎร์ธานี,ทุเรียน,ทุเรียน,มิถุนายน,ปริมาณผลผลิตรายเดือน,1675.0,ตัน,2026-07-22,2011
2554,2554,สุราษฎร์ธานี,ทุเรียน,ทุเรียน,กรกฎาคม,ปริมาณผลผลิตรายเดือน,2768.0,ตัน,2026-07-22,2011
2554,2554,สุราษฎร์ธานี,ทุเรียน,ทุเรียน,สิงหาคม,ปริมาณผลผลิตรายเดือน,16383.0,ตัน,2026-07-22,2011
2554,2554,สุราษฎร์ธานี,ทุเรียน,ทุเรียน,กันยายน,ปริมาณผลผลิตรายเดือน,1500.0,ตัน,2026-07-22,2011
2555,2555,สุราษฎร์ธานี,ทุเรียน,ทุเรียน,มกราคม,ปริมาณผลผลิตรายเดือน,2709.0,ตัน,2026-07-22,2012
2555,2555,สุราษฎร์ธานี,ทุเรียน,ทุเรียน,กุมภาพันธ์,ปริมาณผลผลิตรายเดือน,968.0,ตัน,2026-07-22,2012
2555,2555,สุราษฎร์ธานี,ทุเรียน,ทุเรียน,มิถุนายน,ปริมาณผลผลิตรายเดือน,468.0,ตัน,2026-07-22,2012
2555,2555,สุราษฎร์ธานี,ทุเรียน,ทุเรียน,กรกฎาคม,ปริมาณผลผลิตรายเดือน,3246.0,ตัน,2026-07-22,2012
2555,2555,สุราษฎร์ธานี,ทุเรียน,ทุเรียน,สิงหาคม,ปริมาณผลผลิตรายเดือน,9791.0,ตัน,2026-07-22,2012
2555,2555,สุราษฎร์ธานี,ทุเรียน,ทุเรียน,กันยายน,ปริมาณผลผลิตรายเดือน,4305.0,ตัน,2026-07-22,2012
2555,2555,สุราษฎร์ธานี,ทุเรียน,ทุเรียน,ตุลาคม,ปริมาณผลผลิตรายเดือน,4063.0,ตัน,2026-07-22,2012
2555,2555,สุราษฎร์ธานี,ทุเรียน,ทุเรียน,พฤศจิกายน,ปริมาณผลผลิตรายเดือน,2602.0,ตัน,2026-07-22,2012
2555,2555,สุราษฎร์ธานี,ทุเรียน,ทุเรียน,ธันวาคม,ปริมาณผลผลิตรายเดือน,3271.0,ตัน,2026-07-22,2012
2556,2556,สุราษฎร์ธานี,ทุเรียน,ทุเรียน,มกราคม,ปริมาณผลผลิตรายเดือน,2062.0,ตัน,2026-07-22,2013
2556,2556,สุราษฎร์ธานี,ทุเรียน,ทุเรียน,กุมภาพันธ์,ปริมาณผลผลิตรายเดือน,1757.0,ตัน,2026-07-22,2013
2556,2556,สุราษฎร์ธานี,ทุเรียน,ทุเรียน,กรกฎาคม,ปริมาณผลผลิตรายเดือน,7574.0,ตัน,2026-07-22,2013
2556,2556,สุราษฎร์ธานี,ทุเรียน,ทุเรียน,สิงหาคม,ปริมาณผลผลิตรายเดือน,10919.0,ตัน,2026-07-22,2013
2556,2556,สุราษฎร์ธานี,ทุเรียน,ทุเรียน,กันยายน,ปริมาณผลผลิตรายเดือน,4914.0,ตัน,2026-07-22,2013
2556,2556,สุราษฎร์ธานี,ทุเรียน,ทุเรียน,ตุลาคม,ปริมาณผลผลิตรายเดือน,1876.0,ตัน,2026-07-22,2013
2556,2556,สุราษฎร์ธานี,ทุเรียน,ทุเรียน,พฤศจิกายน,ปริมาณผลผลิตรายเดือน,2497.0,ตัน,2026-07-22,2013
2556,2556,สุราษฎร์ธานี,ทุเรียน,ทุเรียน,ธันวาคม,ปริมาณผลผลิตรายเดือน,413.0,ตัน,2026-07-22,2013
2557,2557,สุราษฎร์ธานี,ทุเรียน,ทุเรียน,กรกฎาคม,ปริมาณผลผลิตรายเดือน,5178.0,ตัน,2026-07-22,2014
2557,2557,สุราษฎร์ธานี,ทุเรียน,ทุเรียน,สิงหาคม,ปริมาณผลผลิตรายเดือน,14957.0,ตัน,2026-07-22,2014
2557,2557,สุราษฎร์ธานี,ทุเรียน,ทุเรียน,กันยายน,ปริมาณผลผลิตรายเดือน,4315.0,ตัน,2026-07-22,2014
2557,2557,สุราษฎร์ธานี,ทุเรียน,ทุเรียน,ตุลาคม,ปริมาณผลผลิตรายเดือน,2876.0,ตัน,2026-07-22,2014
2557,2557,สุราษฎร์ธานี,ทุเรียน,ทุเรียน,พฤศจิกายน,ปริมาณผลผลิตรายเดือน,1438.0,ตัน,2026-07-22,2014
2558,2558,สุราษฎร์ธานี,ทุเรียน,ทุเรียน,มกราคม,ปริมาณผลผลิตรายเดือน,4252.0,ตัน,2026-07-22,2015
2558,2558,สุราษฎร์ธานี,ทุเรียน,ทุเรียน,กุมภาพันธ์,ปริมาณผลผลิตรายเดือน,7681.0,ตัน,2026-07-22,2015
2558,2558,สุราษฎร์ธานี,ทุเรียน,ทุเรียน,มิถุนายน,ปริมาณผลผลิตรายเดือน,54.0,ตัน,2026-07-22,2015
2558,2558,สุราษฎร์ธานี,ทุเรียน,ทุเรียน,กรกฎาคม,ปริมาณผลผลิตรายเดือน,6373.0,ตัน,2026-07-22,2015
2558,2558,สุราษฎร์ธานี,ทุเรียน,ทุเรียน,สิงหาคม,ปริมาณผลผลิตรายเดือน,3975.0,ตัน,2026-07-22,2015
2558,2558,สุราษฎร์ธานี,ทุเรียน,ทุเรียน,กันยายน,ปริมาณผลผลิตรายเดือน,4762.0,ตัน,2026-07-22,2015
2558,2558,สุราษฎร์ธานี,ทุเรียน,ทุเรียน,ตุลาคม,ปริมาณผลผลิตรายเดือน,679.0,ตัน,2026-07-22,2015
2558,2558,สุราษฎร์ธานี,ทุเรียน,ทุเรียน,พฤศจิกายน,ปริมาณผลผลิตรายเดือน,303.0,ตัน,2026-07-22,2015
2558,2558,สุราษฎร์ธานี,ทุเรียน,ทุเรียน,ธันวาคม,ปริมาณผลผลิตรายเดือน,232.0,ตัน,2026-07-22,2015
2559,2559,สุราษฎร์ธานี,ทุเรียน,ทุเรียน,มิถุนายน,ปริมาณผลผลิตรายเดือน,349.0,ตัน,2026-07-22,2016
2559,2559,สุราษฎร์ธานี,ทุเรียน,ทุเรียน,กรกฎาคม,ปริมาณผลผลิตรายเดือน,9623.0,ตัน,2026-07-22,2016
2559,2559,สุราษฎร์ธานี,ทุเรียน,ทุเรียน,สิงหาคม,ปริมาณผลผลิตรายเดือน,10061.0,ตัน,2026-07-22,2016
2559,2559,สุราษฎร์ธานี,ทุเรียน,ทุเรียน,กันยายน,ปริมาณผลผลิตรายเดือน,2816.0,ตัน,2026-07-22,2016
2559,2559,สุราษฎร์ธานี,ทุเรียน,ทุเรียน,ตุลาคม,ปริมาณผลผลิตรายเดือน,440.0,ตัน,2026-07-22,2016
2560,2560,สุราษฎร์ธานี,ทุเรียน,ทุเรียน,มกราคม,ปริมาณผลผลิตรายเดือน,62.0,ตัน,2026-07-22,2017
2560,2560,สุราษฎร์ธานี,ทุเรียน,ทุเรียน,กุมภาพันธ์,ปริมาณผลผลิตรายเดือน,88.0,ตัน,2026-07-22,2017
2560,2560,สุราษฎร์ธานี,ทุเรียน,ทุเรียน,มิถุนายน,ปริมาณผลผลิตรายเดือน,107.0,ตัน,2026-07-22,2017
2560,2560,สุราษฎร์ธานี,ทุเรียน,ทุเรียน,กรกฎาคม,ปริมาณผลผลิตรายเดือน,1539.0,ตัน,2026-07-22,2017
2560,2560,สุราษฎร์ธานี,ทุเรียน,ทุเรียน,สิงหาคม,ปริมาณผลผลิตรายเดือน,8464.0,ตัน,2026-07-22,2017
2560,2560,สุราษฎร์ธานี,ทุเรียน,ทุเรียน,กันยายน,ปริมาณผลผลิตรายเดือน,7235.0,ตัน,2026-07-22,2017
2560,2560,สุราษฎร์ธานี,ทุเรียน,ทุเรียน,ตุลาคม,ปริมาณผลผลิตรายเดือน,2993.0,ตัน,2026-07-22,2017
2560,2560,สุราษฎร์ธานี,ทุเรียน,ทุเรียน,พฤศจิกายน,ปริมาณผลผลิตรายเดือน,780.0,ตัน,2026-07-22,2017
2560,2560,สุราษฎร์ธานี,ทุเรียน,ทุเรียน,ธันวาคม,ปริมาณผลผลิตรายเดือน,107.0,ตัน,2026-07-22,2017
2561,2561,สุราษฎร์ธานี,ทุเรียน,ทุเรียน,มกราคม,ปริมาณผลผลิตรายเดือน,393.0,ตัน,2026-07-22,2018
2561,2561,สุราษฎร์ธานี,ทุเรียน,ทุเรียน,กุมภาพันธ์,ปริมาณผลผลิตรายเดือน,81.0,ตัน,2026-07-22,2018
2561,2561,สุราษฎร์ธานี,ทุเรียน,ทุเรียน,มีนาคม,ปริมาณผลผลิตรายเดือน,33.0,ตัน,2026-07-22,2018
2561,2561,สุราษฎร์ธานี,ทุเรียน,ทุเรียน,มิถุนายน,ปริมาณผลผลิตรายเดือน,20.0,ตัน,2026-07-22,2018
2561,2561,สุราษฎร์ธานี,ทุเรียน,ทุเรียน,กรกฎาคม,ปริมาณผลผลิตรายเดือน,4414.0,ตัน,2026-07-22,2018
2561,2561,สุราษฎร์ธานี,ทุเรียน,ทุเรียน,สิงหาคม,ปริมาณผลผลิตรายเดือน,13907.0,ตัน,2026-07-22,2018
2561,2561,สุราษฎร์ธานี,ทุเรียน,ทุเรียน,กันยายน,ปริมาณผลผลิตรายเดือน,6520.0,ตัน,2026-07-22,2018
2562,2562,สุราษฎร์ธานี,ทุเรียน,ทุเรียน,มกราคม,ปริมาณผลผลิตรายเดือน,1806.0,ตัน,2026-07-22,2019
2562,2562,สุราษฎร์ธานี,ทุเรียน,ทุเรียน,กุมภาพันธ์,ปริมาณผลผลิตรายเดือน,761.0,ตัน,2026-07-22,2019
2562,2562,สุราษฎร์ธานี,ทุเรียน,ทุเรียน,มิถุนายน,ปริมาณผลผลิตรายเดือน,1022.0,ตัน,2026-07-22,2019
2562,2562,สุราษฎร์ธานี,ทุเรียน,ทุเรียน,กรกฎาคม,ปริมาณผลผลิตรายเดือน,7167.0,ตัน,2026-07-22,2019
2562,2562,สุราษฎร์ธานี,ทุเรียน,ทุเรียน,สิงหาคม,ปริมาณผลผลิตรายเดือน,21556.0,ตัน,2026-07-22,2019
2562,2562,สุราษฎร์ธานี,ทุเรียน,ทุเรียน,กันยายน,ปริมาณผลผลิตรายเดือน,7272.0,ตัน,2026-07-22,2019
2562,2562,สุราษฎร์ธานี,ทุเรียน,ทุเรียน,ตุลาคม,ปริมาณผลผลิตรายเดือน,3739.0,ตัน,2026-07-22,2019
2562,2562,สุราษฎร์ธานี,ทุเรียน,ทุเรียน,พฤศจิกายน,ปริมาณผลผลิตรายเดือน,1512.0,ตัน,2026-07-22,2019
2562,2562,สุราษฎร์ธานี,ทุเรียน,ทุเรียน,ธันวาคม,ปริมาณผลผลิตรายเดือน,990.0,ตัน,2026-07-22,2019
2563,2563,สุราษฎร์ธานี,ทุเรียน,ทุเรียน,มกราคม,ปริมาณผลผลิตรายเดือน,530.0,ตัน,2026-07-22,2020
2563,2563,สุราษฎร์ธานี,ทุเรียน,ทุเรียน,กุมภาพันธ์,ปริมาณผลผลิตรายเดือน,21.0,ตัน,2026-07-22,2020
2563,2563,สุราษฎร์ธานี,ทุเรียน,ทุเรียน,พฤษภาคม,ปริมาณผลผลิตรายเดือน,44.0,ตัน,2026-07-22,2020
2563,2563,สุราษฎร์ธานี,ทุเรียน,ทุเรียน,มิถุนายน,ปริมาณผลผลิตรายเดือน,1521.0,ตัน,2026-07-22,2020
2563,2563,สุราษฎร์ธานี,ทุเรียน,ทุเรียน,กรกฎาคม,ปริมาณผลผลิตรายเดือน,16336.0,ตัน,2026-07-22,2020
2563,2563,สุราษฎร์ธานี,ทุเรียน,ทุเรียน,สิงหาคม,ปริมาณผลผลิตรายเดือน,15247.0,ตัน,2026-07-22,2020
2563,2563,สุราษฎร์ธานี,ทุเรียน,ทุเรียน,กันยายน,ปริมาณผลผลิตรายเดือน,3641.0,ตัน,2026-07-22,2020
2563,2563,สุราษฎร์ธานี,ทุเรียน,ทุเรียน,ตุลาคม,ปริมาณผลผลิตรายเดือน,2056.0,ตัน,2026-07-22,2020
2564,2564,สุราษฎร์ธานี,ทุเรียน,ทุเรียน,มกราคม,ปริมาณผลผลิตรายเดือน,625.0,ตัน,2026-07-22,2021
2564,2564,สุราษฎร์ธานี,ทุเรียน,ทุเรียน,กุมภาพันธ์,ปริมาณผลผลิตรายเดือน,23.0,ตัน,2026-07-22,2021
2564,2564,สุราษฎร์ธานี,ทุเรียน,ทุเรียน,มิถุนายน,ปริมาณผลผลิตรายเดือน,2978.0,ตัน,2026-07-22,2021
2564,2564,สุราษฎร์ธานี,ทุเรียน,ทุเรียน,กรกฎาคม,ปริมาณผลผลิตรายเดือน,24749.0,ตัน,2026-07-22,2021
2564,2564,สุราษฎร์ธานี,ทุเรียน,ทุเรียน,สิงหาคม,ปริมาณผลผลิตรายเดือน,17819.0,ตัน,2026-07-22,2021
2564,2564,สุราษฎร์ธานี,ทุเรียน,ทุเรียน,กันยายน,ปริมาณผลผลิตรายเดือน,763.0,ตัน,2026-07-22,2021
2565,2565,สุราษฎร์ธานี,ทุเรียน,ทุเรียน,มกราคม,ปริมาณผลผลิตรายเดือน,257.0,ตัน,2026-07-22,2022
2565,2565,สุราษฎร์ธานี,ทุเรียน,ทุเรียน,มิถุนายน,ปริมาณผลผลิตรายเดือน,8049.0,ตัน,2026-07-22,2022
2565,2565,สุราษฎร์ธานี,ทุเรียน,ทุเรียน,กรกฎาคม,ปริมาณผลผลิตรายเดือน,31058.0,ตัน,2026-07-22,2022
2565,2565,สุราษฎร์ธานี,ทุเรียน,ทุเรียน,สิงหาคม,ปริมาณผลผลิตรายเดือน,1595.0,ตัน,2026-07-22,2022
2565,2565,สุราษฎร์ธานี,ทุเรียน,ทุเรียน,กันยายน,ปริมาณผลผลิตรายเดือน,2335.0,ตัน,2026-07-22,2022
2565,2565,สุราษฎร์ธานี,ทุเรียน,ทุเรียน,ตุลาคม,ปริมาณผลผลิตรายเดือน,785.0,ตัน,2026-07-22,2022
2565,2565,สุราษฎร์ธานี,ทุเรียน,ทุเรียน,พฤศจิกายน,ปริมาณผลผลิตรายเดือน,2053.0,ตัน,2026-07-22,2022
2565,2565,สุราษฎร์ธานี,ทุเรียน,ทุเรียน,ธันวาคม,ปริมาณผลผลิตรายเดือน,2195.0,ตัน,2026-07-22,2022
2566,2566,สุราษฎร์ธานี,ทุเรียน,ทุเรียน,มกราคม,ปริมาณผลผลิตรายเดือน,2565.0,ตัน,2026-07-22,2023
2566,2566,สุราษฎร์ธานี,ทุเรียน,ทุเรียน,กุมภาพันธ์,ปริมาณผลผลิตรายเดือน,1956.0,ตัน,2026-07-22,2023
2566,2566,สุราษฎร์ธานี,ทุเรียน,ทุเรียน,มีนาคม,ปริมาณผลผลิตรายเดือน,109.0,ตัน,2026-07-22,2023
2566,2566,สุราษฎร์ธานี,ทุเรียน,ทุเรียน,พฤษภาคม,ปริมาณผลผลิตรายเดือน,56.0,ตัน,2026-07-22,2023
2566,2566,สุราษฎร์ธานี,ทุเรียน,ทุเรียน,มิถุนายน,ปริมาณผลผลิตรายเดือน,9027.0,ตัน,2026-07-22,2023
2566,2566,สุราษฎร์ธานี,ทุเรียน,ทุเรียน,กรกฎาคม,ปริมาณผลผลิตรายเดือน,28108.0,ตัน,2026-07-22,2023
2566,2566,สุราษฎร์ธานี,ทุเรียน,ทุเรียน,สิงหาคม,ปริมาณผลผลิตรายเดือน,20736.0,ตัน,2026-07-22,2023
2566,2566,สุราษฎร์ธานี,ทุเรียน,ทุเรียน,กันยายน,ปริมาณผลผลิตรายเดือน,9815.0,ตัน,2026-07-22,2023
2566,2566,สุราษฎร์ธานี,ทุเรียน,ทุเรียน,ตุลาคม,ปริมาณผลผลิตรายเดือน,2087.0,ตัน,2026-07-22,2023
2566,2566,สุราษฎร์ธานี,ทุเรียน,ทุเรียน,พฤศจิกายน,ปริมาณผลผลิตรายเดือน,234.0,ตัน,2026-07-22,2023
2566,2566,สุราษฎร์ธานี,ทุเรียน,ทุเรียน,ธันวาคม,ปริมาณผลผลิตรายเดือน,2324.0,ตัน,2026-07-22,2023
2567,2567,สุราษฎร์ธานี,ทุเรียน,ทุเรียน,มกราคม,ปริมาณผลผลิตรายเดือน,2632.0,ตัน,2026-07-22,2024
2567,2567,สุราษฎร์ธานี,ทุเรียน,ทุเรียน,กุมภาพันธ์,ปริมาณผลผลิตรายเดือน,1791.0,ตัน,2026-07-22,2024
2567,2567,สุราษฎร์ธานี,ทุเรียน,ทุเรียน,มีนาคม,ปริมาณผลผลิตรายเดือน,621.0,ตัน,2026-07-22,2024
2567,2567,สุราษฎร์ธานี,ทุเรียน,ทุเรียน,พฤษภาคม,ปริมาณผลผลิตรายเดือน,70.0,ตัน,2026-07-22,2024
2567,2567,สุราษฎร์ธานี,ทุเรียน,ทุเรียน,มิถุนายน,ปริมาณผลผลิตรายเดือน,8996.0,ตัน,2026-07-22,2024
2567,2567,สุราษฎร์ธานี,ทุเรียน,ทุเรียน,กรกฎาคม,ปริมาณผลผลิตรายเดือน,27784.0,ตัน,2026-07-22,2024
2567,2567,สุราษฎร์ธานี,ทุเรียน,ทุเรียน,สิงหาคม,ปริมาณผลผลิตรายเดือน,18257.0,ตัน,2026-07-22,2024
2567,2567,สุราษฎร์ธานี,ทุเรียน,ทุเรียน,กันยายน,ปริมาณผลผลิตรายเดือน,5983.0,ตัน,2026-07-22,2024
2567,2567,สุราษฎร์ธานี,ทุเรียน,ทุเรียน,ตุลาคม,ปริมาณผลผลิตรายเดือน,715.0,ตัน,2026-07-22,2024
2567,2567,สุราษฎร์ธานี,ทุเรียน,ทุเรียน,พฤศจิกายน,ปริมาณผลผลิตรายเดือน,743.0,ตัน,2026-07-22,2024
2567,2567,สุราษฎร์ธานี,ทุเรียน,ทุเรียน,ธันวาคม,ปริมาณผลผลิตรายเดือน,1019.0,ตัน,2026-07-22,2024
2568,2568,สุราษฎร์ธานี,ทุเรียน,ทุเรียน,มกราคม,ปริมาณผลผลิตรายเดือน,877.0,ตัน,2026-07-22,2025
2568,2568,สุราษฎร์ธานี,ทุเรียน,ทุเรียน,กุมภาพันธ์,ปริมาณผลผลิตรายเดือน,336.0,ตัน,2026-07-22,2025
2568,2568,สุราษฎร์ธานี,ทุเรียน,ทุเรียน,มีนาคม,ปริมาณผลผลิตรายเดือน,52.0,ตัน,2026-07-22,2025
2568,2568,สุราษฎร์ธานี,ทุเรียน,ทุเรียน,พฤษภาคม,ปริมาณผลผลิตรายเดือน,148.0,ตัน,2026-07-22,2025
2568,2568,สุราษฎร์ธานี,ทุเรียน,ทุเรียน,มิถุนายน,ปริมาณผลผลิตรายเดือน,9297.0,ตัน,2026-07-22,2025
2568,2568,สุราษฎร์ธานี,ทุเรียน,ทุเรียน,กรกฎาคม,ปริมาณผลผลิตรายเดือน,33905.0,ตัน,2026-07-22,2025
2568,2568,สุราษฎร์ธานี,ทุเรียน,ทุเรียน,สิงหาคม,ปริมาณผลผลิตรายเดือน,23993.0,ตัน,2026-07-22,2025
2568,2568,สุราษฎร์ธานี,ทุเรียน,ทุเรียน,กันยายน,ปริมาณผลผลิตรายเดือน,5702.0,ตัน,2026-07-22,2025
2568,2568,สุราษฎร์ธานี,ทุเรียน,ทุเรียน,ตุลาคม,ปริมาณผลผลิตรายเดือน,150.0,ตัน,2026-07-22,2025
2568,2568,สุราษฎร์ธานี,ทุเรียน,ทุเรียน,พฤศจิกายน,ปริมาณผลผลิตรายเดือน,2318.0,ตัน,2026-07-22,2025
2568,2568,สุราษฎร์ธานี,ทุเรียน,ทุเรียน,ธันวาคม,ปริมาณผลผลิตรายเดือน,3166.0,ตัน,2026-07-22,2025
