province_code,province,soil_code,soil_name,district,fertility,topsoil_ph,topsoil_texture,source,display_note
22,จันทบุรี,Ca,ชะอำ,อ.ขลุง,ปานกลาง,กรดรุนแรงมากถึงกรดจัดมาก,ดินร่วนเหนียวปนทรายแป้ง,"กรมพัฒนาที่ดิน · ปีผลิต 2561 · มาตราส่วนต้นฉบับ 1:25,000",ลดรายละเอียดเส้น 50 เมตรเพื่อแสดงผล; ไม่ใช้ระบุแนวเขตแปลง
22,จันทบุรี,Cp,ชุมพร,อ.ขลุง,ต่ำ,กรดจัดมากถึงกรดปานกลาง,ดินร่วนเหนียวปนทราย,"กรมพัฒนาที่ดิน · ปีผลิต 2561 · มาตราส่วนต้นฉบับ 1:25,000",ลดรายละเอียดเส้น 50 เมตรเพื่อแสดงผล; ไม่ใช้ระบุแนวเขตแปลง
22,จันทบุรี,Ho-Klt,หน่วยดินเชิงซ้อนชุดดินห้วยยอดและชุดดินคลองเต็ง,อ.ขลุง,ต่ำ,กรดจัดมาก,ดินร่วนปนดินเหนียว,"กรมพัฒนาที่ดิน · ปีผลิต 2561 · มาตราส่วนต้นฉบับ 1:25,000",ลดรายละเอียดเส้น 50 เมตรเพื่อแสดงผล; ไม่ใช้ระบุแนวเขตแปลง
22,จันทบุรี,Kkl,ควนกาหลง,อ.ขลุง,ต่ำ,กรดจัดมากถึงกรดจัด,ดินร่วนปนทราย,"กรมพัฒนาที่ดิน · ปีผลิต 2561 · มาตราส่วนต้นฉบับ 1:25,000",ลดรายละเอียดเส้น 50 เมตรเพื่อแสดงผล; ไม่ใช้ระบุแนวเขตแปลง
22,จันทบุรี,Mak,มะขาม,อ.ขลุง,ต่ำ,กรดจัดมากถึงเป็นกลาง,ดินร่วนเหนียวปนทราย,"กรมพัฒนาที่ดิน · ปีผลิต 2561 · มาตราส่วนต้นฉบับ 1:25,000",ลดรายละเอียดเส้น 50 เมตรเพื่อแสดงผล; ไม่ใช้ระบุแนวเขตแปลง
22,จันทบุรี,Mu,มูโน๊ะ,อ.ขลุง,ปานกลาง,กรดจัดมาก,ดินร่วนเหนียวปนทรายแป้ง,"กรมพัฒนาที่ดิน · ปีผลิต 2561 · มาตราส่วนต้นฉบับ 1:25,000",ลดรายละเอียดเส้น 50 เมตรเพื่อแสดงผล; ไม่ใช้ระบุแนวเขตแปลง
22,จันทบุรี,Nb,หนองบอน,อ.ขลุง,ต่ำ,กรดเล็กน้อยถึงเป็นกลาง,ดินร่วนปนดินเหนียว,"กรมพัฒนาที่ดิน · ปีผลิต 2561 · มาตราส่วนต้นฉบับ 1:25,000",ลดรายละเอียดเส้น 50 เมตรเพื่อแสดงผล; ไม่ใช้ระบุแนวเขตแปลง
22,จันทบุรี,Ntm,นาท่าม,อ.ขลุง,ต่ำ,กรดจัดมากถึงกรดจัด,ดินร่วนปนทราย,"กรมพัฒนาที่ดิน · ปีผลิต 2561 · มาตราส่วนต้นฉบับ 1:25,000",ลดรายละเอียดเส้น 50 เมตรเพื่อแสดงผล; ไม่ใช้ระบุแนวเขตแปลง
22,จันทบุรี,Ntn,นาทอน,อ.ขลุง,ต่ำ,กรดจัดมากถึงกรดจัด,ดินร่วนปนดินเหนียว,"กรมพัฒนาที่ดิน · ปีผลิต 2561 · มาตราส่วนต้นฉบับ 1:25,000",ลดรายละเอียดเส้น 50 เมตรเพื่อแสดงผล; ไม่ใช้ระบุแนวเขตแปลง
22,จันทบุรี,Pac,ปากจั่น,อ.ขลุง,ปานกลาง,กรดปานกลางถึงเป็นกลาง,ดินร่วนปนดินเหนียว,"กรมพัฒนาที่ดิน · ปีผลิต 2561 · มาตราส่วนต้นฉบับ 1:25,000",ลดรายละเอียดเส้น 50 เมตรเพื่อแสดงผล; ไม่ใช้ระบุแนวเขตแปลง
22,จันทบุรี,Pga,พังงา,อ.ขลุง,ต่ำ,กรดจัดมากถึงกรดเล็กน้อย,ดินร่วนเหนียวปนทราย,"กรมพัฒนาที่ดิน · ปีผลิต 2561 · มาตราส่วนต้นฉบับ 1:25,000",ลดรายละเอียดเส้น 50 เมตรเพื่อแสดงผล; ไม่ใช้ระบุแนวเขตแปลง
22,จันทบุรี,Pk,ภูเก็ต,อ.ขลุง,ต่ำ,กรดจัดมากถึงกรดจัด,ดินร่วนเหนียวปนทราย,"กรมพัฒนาที่ดิน · ปีผลิต 2561 · มาตราส่วนต้นฉบับ 1:25,000",ลดรายละเอียดเส้น 50 เมตรเพื่อแสดงผล; ไม่ใช้ระบุแนวเขตแปลง
22,จันทบุรี,Ptl,พัทลุง,อ.ขลุง,ต่ำ,กรดจัดถึงกรดเล็กน้อย,ดินร่วนปนดินเหนียว,"กรมพัฒนาที่ดิน · ปีผลิต 2561 · มาตราส่วนต้นฉบับ 1:25,000",ลดรายละเอียดเส้น 50 เมตรเพื่อแสดงผล; ไม่ใช้ระบุแนวเขตแปลง
22,จันทบุรี,Sng,สงขลา,อ.ขลุง,ต่ำ,กรดจัดมากกรดปานกลาง,ดินร่วนปนทราย,"กรมพัฒนาที่ดิน · ปีผลิต 2561 · มาตราส่วนต้นฉบับ 1:25,000",ลดรายละเอียดเส้น 50 เมตรเพื่อแสดงผล; ไม่ใช้ระบุแนวเขตแปลง
22,จันทบุรี,Ta,ตากใบ,อ.ขลุง,ต่ำ,กรดจัดมากกรดปานกลาง,ดินร่วนเหนียวปนทรายแป้ง,"กรมพัฒนาที่ดิน · ปีผลิต 2561 · มาตราส่วนต้นฉบับ 1:25,000",ลดรายละเอียดเส้น 50 เมตรเพื่อแสดงผล; ไม่ใช้ระบุแนวเขตแปลง
22,จันทบุรี,Ti,ท่าใหม่,อ.ขลุง,ต่ำ,กรดเล็กน้อยถึงเป็นกลาง,ดินร่วนปนดินเหนียว,"กรมพัฒนาที่ดิน · ปีผลิต 2561 · มาตราส่วนต้นฉบับ 1:25,000",ลดรายละเอียดเส้น 50 เมตรเพื่อแสดงผล; ไม่ใช้ระบุแนวเขตแปลง
22,จันทบุรี,Tim,ท้ายเหมือง,อ.ขลุง,ต่ำ,กรดจัดมากถึงกรดเล็กน้อย,ดินร่วนเหนียวปนทราย,"กรมพัฒนาที่ดิน · ปีผลิต 2561 · มาตราส่วนต้นฉบับ 1:25,000",ลดรายละเอียดเส้น 50 เมตรเพื่อแสดงผล; ไม่ใช้ระบุแนวเขตแปลง
22,จันทบุรี,Ba,ชุดดินบางนารา,อ.ขลุง,ต่ำ,กรดจัดถึงกรดเล็กน้อย,ดินร่วนปนดินเหนียว,"กรมพัฒนาที่ดิน · ปีผลิต 2561 · มาตราส่วนต้นฉบับ 1:25,000",ลดรายละเอียดเส้น 50 เมตรเพื่อแสดงผล; ไม่ใช้ระบุแนวเขตแปลง
22,จันทบุรี,Cb,ชลบุรี,อ.ขลุง,ต่ำ,กรดปานกลางถึงเป็นกลาง,ดินร่วนปนทราย,"กรมพัฒนาที่ดิน · ปีผลิต 2561 · มาตราส่วนต้นฉบับ 1:25,000",ลดรายละเอียดเส้น 50 เมตรเพื่อแสดงผล; ไม่ใช้ระบุแนวเขตแปลง
22,จันทบุรี,Chl,ฉลอง,อ.ขลุง,ต่ำ,กรดจัดมากถึงกรดจัด,ดินร่วนปนทราย,"กรมพัฒนาที่ดิน · ปีผลิต 2561 · มาตราส่วนต้นฉบับ 1:25,000",ลดรายละเอียดเส้น 50 เมตรเพื่อแสดงผล; ไม่ใช้ระบุแนวเขตแปลง
22,จันทบุรี,Ho,ห้วยยอด,อ.ขลุง,ต่ำ,กรดจัดมาก,ดินร่วนปนดินเหนียวปนกรวด,"กรมพัฒนาที่ดิน · ปีผลิต 2561 · มาตราส่วนต้นฉบับ 1:25,000",ลดรายละเอียดเส้น 50 เมตรเพื่อแสดงผล; ไม่ใช้ระบุแนวเขตแปลง
22,จันทบุรี,Kc,คลองซาก,อ.ขลุง,ปานกลาง,กรดจัดมากถึงกรดปานกลาง,ดินร่วนปนดินเหนียว,"กรมพัฒนาที่ดิน · ปีผลิต 2561 · มาตราส่วนต้นฉบับ 1:25,000",ลดรายละเอียดเส้น 50 เมตรเพื่อแสดงผล; ไม่ใช้ระบุแนวเขตแปลง
22,จันทบุรี,Kl,แกลง,อ.ขลุง,ต่ำ,กรดจัดถึงกรดเล็กน้อย,ดินร่วนปนดินเหนียว,"กรมพัฒนาที่ดิน · ปีผลิต 2561 · มาตราส่วนต้นฉบับ 1:25,000",ลดรายละเอียดเส้น 50 เมตรเพื่อแสดงผล; ไม่ใช้ระบุแนวเขตแปลง
22,จันทบุรี,Klt,คลองเต็ง,อ.ขลุง,ต่ำ,กรดจัดมาก,ดินร่วนปนดินเหนียว,"กรมพัฒนาที่ดิน · ปีผลิต 2561 · มาตราส่วนต้นฉบับ 1:25,000",ลดรายละเอียดเส้น 50 เมตรเพื่อแสดงผล; ไม่ใช้ระบุแนวเขตแปลง
22,จันทบุรี,Knk,คลองนกกระทุง,อ.ขลุง,ต่ำ,กรดจัดมากถึงกรดจัด,ดินร่วนปนทราย,"กรมพัฒนาที่ดิน · ปีผลิต 2561 · มาตราส่วนต้นฉบับ 1:25,000",ลดรายละเอียดเส้น 50 เมตรเพื่อแสดงผล; ไม่ใช้ระบุแนวเขตแปลง
22,จันทบุรี,Ko,โคกเคียน,อ.ขลุง,ต่ำ,กรดจัดมากถึงกรดปานกลาง,ดินร่วนเหนียวปนทราย,"กรมพัฒนาที่ดิน · ปีผลิต 2561 · มาตราส่วนต้นฉบับ 1:25,000",ลดรายละเอียดเส้น 50 เมตรเพื่อแสดงผล; ไม่ใช้ระบุแนวเขตแปลง
22,จันทบุรี,Ko,โคกเคียน,อ.ขลุง,ต่ำ,กรดจัดมากถึงกรดปานกลาง,ดินร่วนปนทราย,"กรมพัฒนาที่ดิน · ปีผลิต 2561 · มาตราส่วนต้นฉบับ 1:25,000",ลดรายละเอียดเส้น 50 เมตรเพื่อแสดงผล; ไม่ใช้ระบุแนวเขตแปลง
22,จันทบุรี,Mak,มะขาม,อ.ขลุง,ต่ำ,กรดจัดมากถึงเป็นกลาง,ดินร่วนปนทราย,"กรมพัฒนาที่ดิน · ปีผลิต 2561 · มาตราส่วนต้นฉบับ 1:25,000",ลดรายละเอียดเส้น 50 เมตรเพื่อแสดงผล; ไม่ใช้ระบุแนวเขตแปลง
22,จันทบุรี,Pto,พะโต๊ะ,อ.ขลุง,ต่ำ,กรดจัดถึงกรดเล็กน้อย,ดินร่วนปนทราย,"กรมพัฒนาที่ดิน · ปีผลิต 2561 · มาตราส่วนต้นฉบับ 1:25,000",ลดรายละเอียดเส้น 50 เมตรเพื่อแสดงผล; ไม่ใช้ระบุแนวเขตแปลง
22,จันทบุรี,Ro,รือเสาะ,อ.ขลุง,ปานกลาง,กรดจัดมากกรดปานกลาง,ดินร่วนปนทรายแป้ง,"กรมพัฒนาที่ดิน · ปีผลิต 2561 · มาตราส่วนต้นฉบับ 1:25,000",ลดรายละเอียดเส้น 50 เมตรเพื่อแสดงผล; ไม่ใช้ระบุแนวเขตแปลง
22,จันทบุรี,Ro,รือเสาะ,อ.ขลุง,ปานกลาง,กรดจัดมากกรดปานกลาง,ดินร่วน,"กรมพัฒนาที่ดิน · ปีผลิต 2561 · มาตราส่วนต้นฉบับ 1:25,000",ลดรายละเอียดเส้น 50 เมตรเพื่อแสดงผล; ไม่ใช้ระบุแนวเขตแปลง
22,จันทบุรี,Ry,ระยอง,อ.ขลุง,ต่ำ,กรดจัดมากถึงกรดเล็กน้อย,ดินทรายปนดินร่วน,"กรมพัฒนาที่ดิน · ปีผลิต 2561 · มาตราส่วนต้นฉบับ 1:25,000",ลดรายละเอียดเส้น 50 เมตรเพื่อแสดงผล; ไม่ใช้ระบุแนวเขตแปลง
22,จันทบุรี,SC,พื้นที่ลาดชันเชิงซ้อน,อ.ขลุง,-,,,"กรมพัฒนาที่ดิน · ปีผลิต 2561 · มาตราส่วนต้นฉบับ 1:25,000",ลดรายละเอียดเส้น 50 เมตรเพื่อแสดงผล; ไม่ใช้ระบุแนวเขตแปลง
22,จันทบุรี,Sw,สวี,อ.ขลุง,ต่ำ,กรดจัดถึงกรดเล็กน้อย,ดินร่วนปนทราย,"กรมพัฒนาที่ดิน · ปีผลิต 2561 · มาตราส่วนต้นฉบับ 1:25,000",ลดรายละเอียดเส้น 50 เมตรเพื่อแสดงผล; ไม่ใช้ระบุแนวเขตแปลง
22,จันทบุรี,Tc,ท่าจีน,อ.ขลุง,สูง,กรดเล็กน้อยถึงเป็นกลาง,ดินร่วนเหนียวปนทรายแป้ง,"กรมพัฒนาที่ดิน · ปีผลิต 2561 · มาตราส่วนต้นฉบับ 1:25,000",ลดรายละเอียดเส้น 50 เมตรเพื่อแสดงผล; ไม่ใช้ระบุแนวเขตแปลง
22,จันทบุรี,Te,ท่าแซะ,อ.ขลุง,ต่ำ,กรดจัดมากถึงกรดจัด,ดินร่วนปนทราย,"กรมพัฒนาที่ดิน · ปีผลิต 2561 · มาตราส่วนต้นฉบับ 1:25,000",ลดรายละเอียดเส้น 50 เมตรเพื่อแสดงผล; ไม่ใช้ระบุแนวเขตแปลง
22,จันทบุรี,Tg,ทุ่งหว้า,อ.ขลุง,ต่ำ,กรดจัดมากึงกรดจัด,ดินร่วนปนทราย,"กรมพัฒนาที่ดิน · ปีผลิต 2561 · มาตราส่วนต้นฉบับ 1:25,000",ลดรายละเอียดเส้น 50 เมตรเพื่อแสดงผล; ไม่ใช้ระบุแนวเขตแปลง
22,จันทบุรี,Tkt,ตะกั่วทุ่ง,อ.ขลุง,สูง,กรดปานกลางถึงด่างปานกลาง,ดินร่วนปนทรายแป้ง,"กรมพัฒนาที่ดิน · ปีผลิต 2561 · มาตราส่วนต้นฉบับ 1:25,000",ลดรายละเอียดเส้น 50 เมตรเพื่อแสดงผล; ไม่ใช้ระบุแนวเขตแปลง
22,จันทบุรี,W,พื้นที่น้ำ,อ.ขลุง,-,,,"กรมพัฒนาที่ดิน · ปีผลิต 2561 · มาตราส่วนต้นฉบับ 1:25,000",ลดรายละเอียดเส้น 50 เมตรเพื่อแสดงผล; ไม่ใช้ระบุแนวเขตแปลง
22,จันทบุรี,AC,ตะกอนน้ำพาเชิงซ้อน,อ.เขาคิชฌกูฏ,ปานกลาง,กรดจัดมากถึงกรดเล็กน้อย,ดินร่วนปนทราย,"กรมพัฒนาที่ดิน · ปีผลิต 2561 · มาตราส่วนต้นฉบับ 1:25,000",ลดรายละเอียดเส้น 50 เมตรเพื่อแสดงผล; ไม่ใช้ระบุแนวเขตแปลง
22,จันทบุรี,Chl,ฉลอง,อ.เขาคิชฌกูฏ,ต่ำ,กรดจัดมากถึงกรดจัด,ดินร่วนปนทราย,"กรมพัฒนาที่ดิน · ปีผลิต 2561 · มาตราส่วนต้นฉบับ 1:25,000",ลดรายละเอียดเส้น 50 เมตรเพื่อแสดงผล; ไม่ใช้ระบุแนวเขตแปลง
22,จันทบุรี,Cp,ชุมพร,อ.เขาคิชฌกูฏ,ต่ำ,กรดจัดมากถึงกรดปานกลาง,ดินร่วนเหนียวปนทราย,"กรมพัฒนาที่ดิน · ปีผลิต 2561 · มาตราส่วนต้นฉบับ 1:25,000",ลดรายละเอียดเส้น 50 เมตรเพื่อแสดงผล; ไม่ใช้ระบุแนวเขตแปลง
22,จันทบุรี,Ho,ห้วยยอด,อ.เขาคิชฌกูฏ,ต่ำ,กรดจัดมาก,ดินร่วนปนดินเหนียวปนกรวด,"กรมพัฒนาที่ดิน · ปีผลิต 2561 · มาตราส่วนต้นฉบับ 1:25,000",ลดรายละเอียดเส้น 50 เมตรเพื่อแสดงผล; ไม่ใช้ระบุแนวเขตแปลง
22,จันทบุรี,Hp,ห้วยโป่ง,อ.เขาคิชฌกูฏ,ต่ำ,กรดจัดมากถึงกรดเล็กน้อย,ดินร่วนปนทราย,"กรมพัฒนาที่ดิน · ปีผลิต 2561 · มาตราส่วนต้นฉบับ 1:25,000",ลดรายละเอียดเส้น 50 เมตรเพื่อแสดงผล; ไม่ใช้ระบุแนวเขตแปลง
22,จันทบุรี,Kc,คลองซาก,อ.เขาคิชฌกูฏ,ปานกลาง,กรดจัดมากถึงกรดปานกลาง,ดินร่วนปนดินเหนียว,"กรมพัฒนาที่ดิน · ปีผลิต 2561 · มาตราส่วนต้นฉบับ 1:25,000",ลดรายละเอียดเส้น 50 เมตรเพื่อแสดงผล; ไม่ใช้ระบุแนวเขตแปลง
22,จันทบุรี,Kkl,ควนกาหลง,อ.เขาคิชฌกูฏ,ต่ำ,กรดจัดมากถึงกรดจัด,ดินร่วนปนทราย,"กรมพัฒนาที่ดิน · ปีผลิต 2561 · มาตราส่วนต้นฉบับ 1:25,000",ลดรายละเอียดเส้น 50 เมตรเพื่อแสดงผล; ไม่ใช้ระบุแนวเขตแปลง
22,จันทบุรี,Klt,คลองเต็ง,อ.เขาคิชฌกูฏ,ต่ำ,กรดจัดมาก,ดินร่วนปนดินเหนียว,"กรมพัฒนาที่ดิน · ปีผลิต 2561 · มาตราส่วนต้นฉบับ 1:25,000",ลดรายละเอียดเส้น 50 เมตรเพื่อแสดงผล; ไม่ใช้ระบุแนวเขตแปลง
22,จันทบุรี,Km,คลองท่อม,อ.เขาคิชฌกูฏ,ต่ำ,กรดจัดมากถึงกรดจัด,ดินร่วนปนทราย,"กรมพัฒนาที่ดิน · ปีผลิต 2561 · มาตราส่วนต้นฉบับ 1:25,000",ลดรายละเอียดเส้น 50 เมตรเพื่อแสดงผล; ไม่ใช้ระบุแนวเขตแปลง
22,จันทบุรี,Knk,คลองนกกระทุง,อ.เขาคิชฌกูฏ,ต่ำ,กรดจัดมากถึงกรดจัด,ดินร่วนปนทราย,"กรมพัฒนาที่ดิน · ปีผลิต 2561 · มาตราส่วนต้นฉบับ 1:25,000",ลดรายละเอียดเส้น 50 เมตรเพื่อแสดงผล; ไม่ใช้ระบุแนวเขตแปลง
22,จันทบุรี,Ko,โคกเคียน,อ.เขาคิชฌกูฏ,ต่ำ,กรดจัดมากถึงกรดปานกลาง,ดินร่วนเหนียวปนทราย,"กรมพัฒนาที่ดิน · ปีผลิต 2561 · มาตราส่วนต้นฉบับ 1:25,000",ลดรายละเอียดเส้น 50 เมตรเพื่อแสดงผล; ไม่ใช้ระบุแนวเขตแปลง
22,จันทบุรี,Koi,โคกกลอย,อ.เขาคิชฌกูฏ,ต่ำ,กรดจัดมากถึงกรดจัด,ดินร่วนเหนียวปนทราย,"กรมพัฒนาที่ดิน · ปีผลิต 2561 · มาตราส่วนต้นฉบับ 1:25,000",ลดรายละเอียดเส้น 50 เมตรเพื่อแสดงผล; ไม่ใช้ระบุแนวเขตแปลง
22,จันทบุรี,Koi,โคกกลอย,อ.เขาคิชฌกูฏ,ต่ำ,กรดจัดมากถึงกรดจัด,ดินร่วนปนทราย,"กรมพัฒนาที่ดิน · ปีผลิต 2561 · มาตราส่วนต้นฉบับ 1:25,000",ลดรายละเอียดเส้น 50 เมตรเพื่อแสดงผล; ไม่ใช้ระบุแนวเขตแปลง
22,จันทบุรี,Lh,ละหาน,อ.เขาคิชฌกูฏ,ต่ำ,กรดจัดมากถึงกรดจัด,ดินร่วนปนทราย,"กรมพัฒนาที่ดิน · ปีผลิต 2561 · มาตราส่วนต้นฉบับ 1:25,000",ลดรายละเอียดเส้น 50 เมตรเพื่อแสดงผล; ไม่ใช้ระบุแนวเขตแปลง
22,จันทบุรี,Ll,ลำภูรา,อ.เขาคิชฌกูฏ,ปานกลาง,กรดจัดมากถึงกรดเล็กน้อย,ดินร่วนปนดินเหนียว,"กรมพัฒนาที่ดิน · ปีผลิต 2561 · มาตราส่วนต้นฉบับ 1:25,000",ลดรายละเอียดเส้น 50 เมตรเพื่อแสดงผล; ไม่ใช้ระบุแนวเขตแปลง
22,จันทบุรี,Ll,ลำภูรา,อ.เขาคิชฌกูฏ,ปานกลาง,กรดจัดมากถึงกรดเล็กน้อย,ดินร่วนปนทราย,"กรมพัฒนาที่ดิน · ปีผลิต 2561 · มาตราส่วนต้นฉบับ 1:25,000",ลดรายละเอียดเส้น 50 เมตรเพื่อแสดงผล; ไม่ใช้ระบุแนวเขตแปลง
22,จันทบุรี,Mak,มะขาม,อ.เขาคิชฌกูฏ,ต่ำ,กรดจัดมากถึงเป็นกลาง,ดินร่วนเหนียวปนทราย,"กรมพัฒนาที่ดิน · ปีผลิต 2561 · มาตราส่วนต้นฉบับ 1:25,000",ลดรายละเอียดเส้น 50 เมตรเพื่อแสดงผล; ไม่ใช้ระบุแนวเขตแปลง
22,จันทบุรี,Pga,พังงา,อ.เขาคิชฌกูฏ,ต่ำ,กรดจัดมากถึงกรดเล็กน้อย,ดินร่วนเหนียวปนทราย,"กรมพัฒนาที่ดิน · ปีผลิต 2561 · มาตราส่วนต้นฉบับ 1:25,000",ลดรายละเอียดเส้น 50 เมตรเพื่อแสดงผล; ไม่ใช้ระบุแนวเขตแปลง
22,จันทบุรี,Pto,พะโต๊ะ,อ.เขาคิชฌกูฏ,ต่ำ,กรดจัดถึงกรดเล็กน้อย,ดินร่วนปนทรายปนกรวด,"กรมพัฒนาที่ดิน · ปีผลิต 2561 · มาตราส่วนต้นฉบับ 1:25,000",ลดรายละเอียดเส้น 50 เมตรเพื่อแสดงผล; ไม่ใช้ระบุแนวเขตแปลง
22,จันทบุรี,Rg,ระนอง,อ.เขาคิชฌกูฏ,ต่ำ,กรดจัดมาก,ดินร่วนปนทรายปนกรวด,"กรมพัฒนาที่ดิน · ปีผลิต 2561 · มาตราส่วนต้นฉบับ 1:25,000",ลดรายละเอียดเส้น 50 เมตรเพื่อแสดงผล; ไม่ใช้ระบุแนวเขตแปลง
22,จันทบุรี,Rg,ระนอง,อ.เขาคิชฌกูฏ,ต่ำ,กรดจัดมาก,ดินร่วนปนทรายปนกรวดมาก,"กรมพัฒนาที่ดิน · ปีผลิต 2561 · มาตราส่วนต้นฉบับ 1:25,000",ลดรายละเอียดเส้น 50 เมตรเพื่อแสดงผล; ไม่ใช้ระบุแนวเขตแปลง
22,จันทบุรี,Ro,รือเสาะ,อ.เขาคิชฌกูฏ,ปานกลาง,กรดจัดมากกรดปานกลาง,ดินร่วนปนทรายแป้ง,"กรมพัฒนาที่ดิน · ปีผลิต 2561 · มาตราส่วนต้นฉบับ 1:25,000",ลดรายละเอียดเส้น 50 เมตรเพื่อแสดงผล; ไม่ใช้ระบุแนวเขตแปลง
22,จันทบุรี,SC,พื้นที่ลาดชันเชิงซ้อน,อ.เขาคิชฌกูฏ,-,,,"กรมพัฒนาที่ดิน · ปีผลิต 2561 · มาตราส่วนต้นฉบับ 1:25,000",ลดรายละเอียดเส้น 50 เมตรเพื่อแสดงผล; ไม่ใช้ระบุแนวเขตแปลง
22,จันทบุรี,Sng,สงขลา,อ.เขาคิชฌกูฏ,ต่ำ,กรดจัดมากกรดปานกลาง,ดินร่วนปนทราย,"กรมพัฒนาที่ดิน · ปีผลิต 2561 · มาตราส่วนต้นฉบับ 1:25,000",ลดรายละเอียดเส้น 50 เมตรเพื่อแสดงผล; ไม่ใช้ระบุแนวเขตแปลง
22,จันทบุรี,Sw,สวี,อ.เขาคิชฌกูฏ,ต่ำ,กรดจัดถึงกรดเล็กน้อย,ดินร่วนปนทราย,"กรมพัฒนาที่ดิน · ปีผลิต 2561 · มาตราส่วนต้นฉบับ 1:25,000",ลดรายละเอียดเส้น 50 เมตรเพื่อแสดงผล; ไม่ใช้ระบุแนวเขตแปลง
22,จันทบุรี,Te,ท่าแซะ,อ.เขาคิชฌกูฏ,ต่ำ,กรดจัดมากถึงกรดจัด,ดินร่วนปนทราย,"กรมพัฒนาที่ดิน · ปีผลิต 2561 · มาตราส่วนต้นฉบับ 1:25,000",ลดรายละเอียดเส้น 50 เมตรเพื่อแสดงผล; ไม่ใช้ระบุแนวเขตแปลง
22,จันทบุรี,Tg,ทุ่งหว้า,อ.เขาคิชฌกูฏ,ต่ำ,กรดจัดมากึงกรดจัด,ดินร่วนปนทราย,"กรมพัฒนาที่ดิน · ปีผลิต 2561 · มาตราส่วนต้นฉบับ 1:25,000",ลดรายละเอียดเส้น 50 เมตรเพื่อแสดงผล; ไม่ใช้ระบุแนวเขตแปลง
22,จันทบุรี,Ti,ท่าใหม่,อ.เขาคิชฌกูฏ,ต่ำ,กรดเล็กน้อยถึงเป็นกลาง,ดินร่วนปนดินเหนียว,"กรมพัฒนาที่ดิน · ปีผลิต 2561 · มาตราส่วนต้นฉบับ 1:25,000",ลดรายละเอียดเส้น 50 เมตรเพื่อแสดงผล; ไม่ใช้ระบุแนวเขตแปลง
22,จันทบุรี,Tim,ท้ายเหมือง,อ.เขาคิชฌกูฏ,ต่ำ,กรดจัดมากถึงกรดเล็กน้อย,ดินร่วนเหนียวปนทราย,"กรมพัฒนาที่ดิน · ปีผลิต 2561 · มาตราส่วนต้นฉบับ 1:25,000",ลดรายละเอียดเส้น 50 เมตรเพื่อแสดงผล; ไม่ใช้ระบุแนวเขตแปลง
22,จันทบุรี,W,พื้นที่น้ำ,อ.เขาคิชฌกูฏ,-,,,"กรมพัฒนาที่ดิน · ปีผลิต 2561 · มาตราส่วนต้นฉบับ 1:25,000",ลดรายละเอียดเส้น 50 เมตรเพื่อแสดงผล; ไม่ใช้ระบุแนวเขตแปลง
22,จันทบุรี,Ml,มวกเหล็ก,อ.เขาคิชฌกูฏ,ปานกลาง,กรดเล็กน้อยถึงเป็นกลาง,ดินร่วนปนดินเหนียวปนกรวด,"กรมพัฒนาที่ดิน · ปีผลิต 2561 · มาตราส่วนต้นฉบับ 1:25,000",ลดรายละเอียดเส้น 50 เมตรเพื่อแสดงผล; ไม่ใช้ระบุแนวเขตแปลง
22,จันทบุรี,Ntn,นาทอน,อ.เขาคิชฌกูฏ,ต่ำ,กรดจัดมากถึงกรดจัด,ดินร่วนปนดินเหนียว,"กรมพัฒนาที่ดิน · ปีผลิต 2561 · มาตราส่วนต้นฉบับ 1:25,000",ลดรายละเอียดเส้น 50 เมตรเพื่อแสดงผล; ไม่ใช้ระบุแนวเขตแปลง
22,จันทบุรี,Pac,ปากจั่น,อ.เขาคิชฌกูฏ,ปานกลาง,กรดปานกลางถึงเป็นกลาง,ดินร่วนปนดินเหนียว,"กรมพัฒนาที่ดิน · ปีผลิต 2561 · มาตราส่วนต้นฉบับ 1:25,000",ลดรายละเอียดเส้น 50 เมตรเพื่อแสดงผล; ไม่ใช้ระบุแนวเขตแปลง
22,จันทบุรี,Ro,รือเสาะ,อ.เขาคิชฌกูฏ,ปานกลาง,กรดจัดมากกรดปานกลาง,ดินร่วน,"กรมพัฒนาที่ดิน · ปีผลิต 2561 · มาตราส่วนต้นฉบับ 1:25,000",ลดรายละเอียดเส้น 50 เมตรเพื่อแสดงผล; ไม่ใช้ระบุแนวเขตแปลง
22,จันทบุรี,Tg,ทุ่งหว้า,อ.เขาคิชฌกูฏ,ต่ำ,กรดจัดถึงกรดเล็กน้อย,ดินร่วนปนทราย,"กรมพัฒนาที่ดิน · ปีผลิต 2561 · มาตราส่วนต้นฉบับ 1:25,000",ลดรายละเอียดเส้น 50 เมตรเพื่อแสดงผล; ไม่ใช้ระบุแนวเขตแปลง
22,จันทบุรี,Ws,วังสะพุง,อ.เขาคิชฌกูฏ,ปานกลาง,กรดปานกลางถึงเป็นกลาง,ดินร่วนปนดินเหนียว,"กรมพัฒนาที่ดิน · ปีผลิต 2561 · มาตราส่วนต้นฉบับ 1:25,000",ลดรายละเอียดเส้น 50 เมตรเพื่อแสดงผล; ไม่ใช้ระบุแนวเขตแปลง
22,จันทบุรี,Kkl,ควนกาหลง,อ.ท่าใหม่,ต่ำ,กรดจัดมากถึงกรดจัด,ดินร่วนปนทราย,"กรมพัฒนาที่ดิน · ปีผลิต 2561 · มาตราส่วนต้นฉบับ 1:25,000",ลดรายละเอียดเส้น 50 เมตรเพื่อแสดงผล; ไม่ใช้ระบุแนวเขตแปลง
22,จันทบุรี,Ll,ลำภูรา,อ.ท่าใหม่,ปานกลาง,กรดจัดมากถึงกรดเล็กน้อย,ดินร่วนปนทราย,"กรมพัฒนาที่ดิน · ปีผลิต 2561 · มาตราส่วนต้นฉบับ 1:25,000",ลดรายละเอียดเส้น 50 เมตรเพื่อแสดงผล; ไม่ใช้ระบุแนวเขตแปลง
22,จันทบุรี,Nb,หนองบอน,อ.ท่าใหม่,ต่ำ,กรดเล็กน้อยถึงเป็นกลาง,ดินร่วนปนดินเหนียว,"กรมพัฒนาที่ดิน · ปีผลิต 2561 · มาตราส่วนต้นฉบับ 1:25,000",ลดรายละเอียดเส้น 50 เมตรเพื่อแสดงผล; ไม่ใช้ระบุแนวเขตแปลง
22,จันทบุรี,Pac,ปากจั่น,อ.ท่าใหม่,ปานกลาง,กรดปานกลางถึงเป็นกลาง,ดินร่วนปนดินเหนียว,"กรมพัฒนาที่ดิน · ปีผลิต 2561 · มาตราส่วนต้นฉบับ 1:25,000",ลดรายละเอียดเส้น 50 เมตรเพื่อแสดงผล; ไม่ใช้ระบุแนวเขตแปลง
22,จันทบุรี,Pga,พังงา,อ.ท่าใหม่,ต่ำ,กรดจัดมากถึงกรดเล็กน้อย,ดินร่วนเหนียวปนทราย,"กรมพัฒนาที่ดิน · ปีผลิต 2561 · มาตราส่วนต้นฉบับ 1:25,000",ลดรายละเอียดเส้น 50 เมตรเพื่อแสดงผล; ไม่ใช้ระบุแนวเขตแปลง
22,จันทบุรี,Ra,ระแงะ,อ.ท่าใหม่,ต่ำ,กรดจัดมาก,ดินร่วนปนดินเหนียว,"กรมพัฒนาที่ดิน · ปีผลิต 2561 · มาตราส่วนต้นฉบับ 1:25,000",ลดรายละเอียดเส้น 50 เมตรเพื่อแสดงผล; ไม่ใช้ระบุแนวเขตแปลง
22,จันทบุรี,Sm,สมุทรปราการ,อ.ท่าใหม่,สูง,กรดปานกลางถึงด่างปานกลาง,ดินร่วนเหนียวปนทรายแป้ง,"กรมพัฒนาที่ดิน · ปีผลิต 2561 · มาตราส่วนต้นฉบับ 1:25,000",ลดรายละเอียดเส้น 50 เมตรเพื่อแสดงผล; ไม่ใช้ระบุแนวเขตแปลง
22,จันทบุรี,Stn,สะท้อน,อ.ท่าใหม่,ต่ำ,กรดจัดมากึงกรดจัด,ดินร่วนปนทราย,"กรมพัฒนาที่ดิน · ปีผลิต 2561 · มาตราส่วนต้นฉบับ 1:25,000",ลดรายละเอียดเส้น 50 เมตรเพื่อแสดงผล; ไม่ใช้ระบุแนวเขตแปลง
22,จันทบุรี,Tan,ธัญบุรี,อ.ท่าใหม่,ปานกลาง,กรดจัดมาก,ดินร่วนปนดินเหนียว,"กรมพัฒนาที่ดิน · ปีผลิต 2561 · มาตราส่วนต้นฉบับ 1:25,000",ลดรายละเอียดเส้น 50 เมตรเพื่อแสดงผล; ไม่ใช้ระบุแนวเขตแปลง
22,จันทบุรี,Tan,ธัญบุรี,อ.ท่าใหม่,ปานกลาง,กรดจัดมาก,ดินร่วนปนทรายแป้ง,"กรมพัฒนาที่ดิน · ปีผลิต 2561 · มาตราส่วนต้นฉบับ 1:25,000",ลดรายละเอียดเส้น 50 เมตรเพื่อแสดงผล; ไม่ใช้ระบุแนวเขตแปลง
22,จันทบุรี,Ti,ท่าใหม่,อ.ท่าใหม่,ต่ำ,กรดเล็กน้อยถึงเป็นกลาง,ดินร่วนปนดินเหนียว,"กรมพัฒนาที่ดิน · ปีผลิต 2561 · มาตราส่วนต้นฉบับ 1:25,000",ลดรายละเอียดเส้น 50 เมตรเพื่อแสดงผล; ไม่ใช้ระบุแนวเขตแปลง
22,จันทบุรี,Tim,ท้ายเหมือง,อ.ท่าใหม่,ต่ำ,กรดจัดมากถึงกรดเล็กน้อย,ดินร่วนเหนียวปนทราย,"กรมพัฒนาที่ดิน · ปีผลิต 2561 · มาตราส่วนต้นฉบับ 1:25,000",ลดรายละเอียดเส้น 50 เมตรเพื่อแสดงผล; ไม่ใช้ระบุแนวเขตแปลง
22,จันทบุรี,Wat,วังตง,อ.ท่าใหม่,ต่ำ,กรดจัดถึงกรดเล็กน้อย,ดินร่วนปนดินเหนียว,"กรมพัฒนาที่ดิน · ปีผลิต 2561 · มาตราส่วนต้นฉบับ 1:25,000",ลดรายละเอียดเส้น 50 เมตรเพื่อแสดงผล; ไม่ใช้ระบุแนวเขตแปลง
22,จันทบุรี,Wp,วัลเปรียง,อ.ท่าใหม่,ต่ำ,กรดปานกลางถึงเป็นกลาง,ดินทรายปนดินร่วน,"กรมพัฒนาที่ดิน · ปีผลิต 2561 · มาตราส่วนต้นฉบับ 1:25,000",ลดรายละเอียดเส้น 50 เมตรเพื่อแสดงผล; ไม่ใช้ระบุแนวเขตแปลง
22,จันทบุรี,AQ,พื้นที่เลี้ยงสัตว์น้ำ,อ.ท่าใหม่,-,,,"กรมพัฒนาที่ดิน · ปีผลิต 2561 · มาตราส่วนต้นฉบับ 1:25,000",ลดรายละเอียดเส้น 50 เมตรเพื่อแสดงผล; ไม่ใช้ระบุแนวเขตแปลง
22,จันทบุรี,Ba,ชุดดินบางนารา,อ.ท่าใหม่,ต่ำ,กรดจัดถึงกรดเล็กน้อย,ดินร่วนปนดินเหนียว,"กรมพัฒนาที่ดิน · ปีผลิต 2561 · มาตราส่วนต้นฉบับ 1:25,000",ลดรายละเอียดเส้น 50 เมตรเพื่อแสดงผล; ไม่ใช้ระบุแนวเขตแปลง
22,จันทบุรี,Bc,บาเจาะ,อ.ท่าใหม่,ต่ำ,กรดจัดมากถึงกรดเล็กน้อย,ดินทรายปนดินร่วน,"กรมพัฒนาที่ดิน · ปีผลิต 2561 · มาตราส่วนต้นฉบับ 1:25,000",ลดรายละเอียดเส้น 50 เมตรเพื่อแสดงผล; ไม่ใช้ระบุแนวเขตแปลง
22,จันทบุรี,Bh,บ้านทอน,อ.ท่าใหม่,ต่ำ,กรดจัดมากกรดปานกลาง,ดินทรายปนดินร่วน,"กรมพัฒนาที่ดิน · ปีผลิต 2561 · มาตราส่วนต้นฉบับ 1:25,000",ลดรายละเอียดเส้น 50 เมตรเพื่อแสดงผล; ไม่ใช้ระบุแนวเขตแปลง
22,จันทบุรี,Blm,บางละมุง,อ.ท่าใหม่,ต่ำ,กรดจัดมากถึงกรดจัด,ดินทรายปนดินร่วน,"กรมพัฒนาที่ดิน · ปีผลิต 2561 · มาตราส่วนต้นฉบับ 1:25,000",ลดรายละเอียดเส้น 50 เมตรเพื่อแสดงผล; ไม่ใช้ระบุแนวเขตแปลง
22,จันทบุรี,Chl,ฉลอง,อ.ท่าใหม่,ต่ำ,กรดจัดมากถึงกรดจัด,ดินร่วนปนทราย,"กรมพัฒนาที่ดิน · ปีผลิต 2561 · มาตราส่วนต้นฉบับ 1:25,000",ลดรายละเอียดเส้น 50 เมตรเพื่อแสดงผล; ไม่ใช้ระบุแนวเขตแปลง
22,จันทบุรี,Cp,ชุมพร,อ.ท่าใหม่,ต่ำ,กรดจัดมากถึงกรดปานกลาง,ดินร่วนเหนียวปนทราย,"กรมพัฒนาที่ดิน · ปีผลิต 2561 · มาตราส่วนต้นฉบับ 1:25,000",ลดรายละเอียดเส้น 50 เมตรเพื่อแสดงผล; ไม่ใช้ระบุแนวเขตแปลง
22,จันทบุรี,Hh,หัวหิน,อ.ท่าใหม่,ต่ำ,กรดปานกลางถึงด่างปานกลาง,ดินทรายปนดินร่วน,"กรมพัฒนาที่ดิน · ปีผลิต 2561 · มาตราส่วนต้นฉบับ 1:25,000",ลดรายละเอียดเส้น 50 เมตรเพื่อแสดงผล; ไม่ใช้ระบุแนวเขตแปลง
22,จันทบุรี,Ho,ห้วยยอด,อ.ท่าใหม่,ต่ำ,กรดจัดมาก,ดินร่วนปนดินเหนียวปนกรวด,"กรมพัฒนาที่ดิน · ปีผลิต 2561 · มาตราส่วนต้นฉบับ 1:25,000",ลดรายละเอียดเส้น 50 เมตรเพื่อแสดงผล; ไม่ใช้ระบุแนวเขตแปลง
22,จันทบุรี,Hp,ห้วยโป่ง,อ.ท่าใหม่,ต่ำ,กรดจัดมากถึงกรดเล็กน้อย,ดินร่วนปนทราย,"กรมพัฒนาที่ดิน · ปีผลิต 2561 · มาตราส่วนต้นฉบับ 1:25,000",ลดรายละเอียดเส้น 50 เมตรเพื่อแสดงผล; ไม่ใช้ระบุแนวเขตแปลง
22,จันทบุรี,Kc,คลองซาก,อ.ท่าใหม่,ปานกลาง,กรดจัดมากถึงกรดปานกลาง,ดินร่วนปนดินเหนียว,"กรมพัฒนาที่ดิน · ปีผลิต 2561 · มาตราส่วนต้นฉบับ 1:25,000",ลดรายละเอียดเส้น 50 เมตรเพื่อแสดงผล; ไม่ใช้ระบุแนวเขตแปลง
22,จันทบุรี,Kh,คอหงษ์,อ.ท่าใหม่,ต่ำ,กรดจัดมากึงกรดจัด,ดินร่วนปนทราย,"กรมพัฒนาที่ดิน · ปีผลิต 2561 · มาตราส่วนต้นฉบับ 1:25,000",ลดรายละเอียดเส้น 50 เมตรเพื่อแสดงผล; ไม่ใช้ระบุแนวเขตแปลง
22,จันทบุรี,Kl,แกลง,อ.ท่าใหม่,ต่ำ,กรดจัดถึงกรดเล็กน้อย,ดินร่วนปนดินเหนียว,"กรมพัฒนาที่ดิน · ปีผลิต 2561 · มาตราส่วนต้นฉบับ 1:25,000",ลดรายละเอียดเส้น 50 เมตรเพื่อแสดงผล; ไม่ใช้ระบุแนวเขตแปลง
22,จันทบุรี,Klt,คลองเต็ง,อ.ท่าใหม่,ต่ำ,กรดจัดมาก,ดินร่วนปนดินเหนียว,"กรมพัฒนาที่ดิน · ปีผลิต 2561 · มาตราส่วนต้นฉบับ 1:25,000",ลดรายละเอียดเส้น 50 เมตรเพื่อแสดงผล; ไม่ใช้ระบุแนวเขตแปลง
22,จันทบุรี,Km,คลองท่อม,อ.ท่าใหม่,ต่ำ,กรดจัดมากถึงกรดจัด,ดินร่วนปนทราย,"กรมพัฒนาที่ดิน · ปีผลิต 2561 · มาตราส่วนต้นฉบับ 1:25,000",ลดรายละเอียดเส้น 50 เมตรเพื่อแสดงผล; ไม่ใช้ระบุแนวเขตแปลง
22,จันทบุรี,Knk,คลองนกกระทุง,อ.ท่าใหม่,ต่ำ,กรดจัดมากถึงกรดจัด,ดินร่วนปนทราย,"กรมพัฒนาที่ดิน · ปีผลิต 2561 · มาตราส่วนต้นฉบับ 1:25,000",ลดรายละเอียดเส้น 50 เมตรเพื่อแสดงผล; ไม่ใช้ระบุแนวเขตแปลง
22,จันทบุรี,Ko,โคกเคียน,อ.ท่าใหม่,ต่ำ,กรดจัดมากถึงกรดปานกลาง,ดินร่วนเหนียวปนทราย,"กรมพัฒนาที่ดิน · ปีผลิต 2561 · มาตราส่วนต้นฉบับ 1:25,000",ลดรายละเอียดเส้น 50 เมตรเพื่อแสดงผล; ไม่ใช้ระบุแนวเขตแปลง
22,จันทบุรี,Ko,โคกเคียน,อ.ท่าใหม่,ต่ำ,กรดจัดมากถึงกรดปานกลาง,ดินร่วนปนทราย,"กรมพัฒนาที่ดิน · ปีผลิต 2561 · มาตราส่วนต้นฉบับ 1:25,000",ลดรายละเอียดเส้น 50 เมตรเพื่อแสดงผล; ไม่ใช้ระบุแนวเขตแปลง
22,จันทบุรี,Koi,โคกกลอย,อ.ท่าใหม่,ต่ำ,กรดจัดมากถึงกรดจัด,ดินร่วนปนทราย,"กรมพัฒนาที่ดิน · ปีผลิต 2561 · มาตราส่วนต้นฉบับ 1:25,000",ลดรายละเอียดเส้น 50 เมตรเพื่อแสดงผล; ไม่ใช้ระบุแนวเขตแปลง
22,จันทบุรี,Koi,โคกกลอย,อ.ท่าใหม่,ต่ำ,กรดจัดมากถึงกรดจัด,ดินร่วนเหนียวปนทราย,"กรมพัฒนาที่ดิน · ปีผลิต 2561 · มาตราส่วนต้นฉบับ 1:25,000",ลดรายละเอียดเส้น 50 เมตรเพื่อแสดงผล; ไม่ใช้ระบุแนวเขตแปลง
22,จันทบุรี,Lh,ละหาน,อ.ท่าใหม่,ต่ำ,กรดจัดมากถึงกรดจัด,ดินร่วนปนทราย,"กรมพัฒนาที่ดิน · ปีผลิต 2561 · มาตราส่วนต้นฉบับ 1:25,000",ลดรายละเอียดเส้น 50 เมตรเพื่อแสดงผล; ไม่ใช้ระบุแนวเขตแปลง
22,จันทบุรี,Ll,ลำภูรา,อ.ท่าใหม่,ปานกลาง,กรดจัดมากถึงกรดเล็กน้อย,ดินร่วนปนดินเหนียว,"กรมพัฒนาที่ดิน · ปีผลิต 2561 · มาตราส่วนต้นฉบับ 1:25,000",ลดรายละเอียดเส้น 50 เมตรเพื่อแสดงผล; ไม่ใช้ระบุแนวเขตแปลง
22,จันทบุรี,Ntn,นาทอน,อ.ท่าใหม่,ต่ำ,กรดจัดมากถึงกรดจัด,ดินร่วนปนดินเหนียว,"กรมพัฒนาที่ดิน · ปีผลิต 2561 · มาตราส่วนต้นฉบับ 1:25,000",ลดรายละเอียดเส้น 50 เมตรเพื่อแสดงผล; ไม่ใช้ระบุแนวเขตแปลง
22,จันทบุรี,Pto,พะโต๊ะ,อ.ท่าใหม่,ต่ำ,กรดจัดถึงกรดเล็กน้อย,ดินร่วนปนทราย,"กรมพัฒนาที่ดิน · ปีผลิต 2561 · มาตราส่วนต้นฉบับ 1:25,000",ลดรายละเอียดเส้น 50 เมตรเพื่อแสดงผล; ไม่ใช้ระบุแนวเขตแปลง
22,จันทบุรี,Pto,พะโต๊ะ,อ.ท่าใหม่,ต่ำ,กรดจัดถึงกรดเล็กน้อย,ดินร่วนปนทรายปนกรวด,"กรมพัฒนาที่ดิน · ปีผลิต 2561 · มาตราส่วนต้นฉบับ 1:25,000",ลดรายละเอียดเส้น 50 เมตรเพื่อแสดงผล; ไม่ใช้ระบุแนวเขตแปลง
22,จันทบุรี,Rg,ระนอง,อ.ท่าใหม่,ต่ำ,กรดจัดมาก,ดินร่วนปนทรายปนกรวด,"กรมพัฒนาที่ดิน · ปีผลิต 2561 · มาตราส่วนต้นฉบับ 1:25,000",ลดรายละเอียดเส้น 50 เมตรเพื่อแสดงผล; ไม่ใช้ระบุแนวเขตแปลง
22,จันทบุรี,Ro,รือเสาะ,อ.ท่าใหม่,ปานกลาง,กรดจัดมากกรดปานกลาง,ดินร่วนปนทรายแป้ง,"กรมพัฒนาที่ดิน · ปีผลิต 2561 · มาตราส่วนต้นฉบับ 1:25,000",ลดรายละเอียดเส้น 50 เมตรเพื่อแสดงผล; ไม่ใช้ระบุแนวเขตแปลง
22,จันทบุรี,Ro,รือเสาะ,อ.ท่าใหม่,ปานกลาง,กรดจัดมากกรดปานกลาง,ดินร่วน,"กรมพัฒนาที่ดิน · ปีผลิต 2561 · มาตราส่วนต้นฉบับ 1:25,000",ลดรายละเอียดเส้น 50 เมตรเพื่อแสดงผล; ไม่ใช้ระบุแนวเขตแปลง
22,จันทบุรี,SC,พื้นที่ลาดชันเชิงซ้อน,อ.ท่าใหม่,-,,,"กรมพัฒนาที่ดิน · ปีผลิต 2561 · มาตราส่วนต้นฉบับ 1:25,000",ลดรายละเอียดเส้น 50 เมตรเพื่อแสดงผล; ไม่ใช้ระบุแนวเขตแปลง
22,จันทบุรี,Sw,สวี,อ.ท่าใหม่,ต่ำ,กรดจัดถึงกรดเล็กน้อย,ดินร่วนปนทราย,"กรมพัฒนาที่ดิน · ปีผลิต 2561 · มาตราส่วนต้นฉบับ 1:25,000",ลดรายละเอียดเส้น 50 เมตรเพื่อแสดงผล; ไม่ใช้ระบุแนวเขตแปลง
22,จันทบุรี,Ta,ตากใบ,อ.ท่าใหม่,ต่ำ,กรดจัดมากกรดปานกลาง,ดินร่วนปนทรายแป้ง,"กรมพัฒนาที่ดิน · ปีผลิต 2561 · มาตราส่วนต้นฉบับ 1:25,000",ลดรายละเอียดเส้น 50 เมตรเพื่อแสดงผล; ไม่ใช้ระบุแนวเขตแปลง
22,จันทบุรี,Tc,ท่าจีน,อ.ท่าใหม่,สูง,กรดเล็กน้อยถึงเป็นกลาง,ดินร่วนเหนียวปนทรายแป้ง,"กรมพัฒนาที่ดิน · ปีผลิต 2561 · มาตราส่วนต้นฉบับ 1:25,000",ลดรายละเอียดเส้น 50 เมตรเพื่อแสดงผล; ไม่ใช้ระบุแนวเขตแปลง
22,จันทบุรี,Te,ท่าแซะ,อ.ท่าใหม่,ต่ำ,กรดจัดมากถึงกรดจัด,ดินร่วนปนทราย,"กรมพัฒนาที่ดิน · ปีผลิต 2561 · มาตราส่วนต้นฉบับ 1:25,000",ลดรายละเอียดเส้น 50 เมตรเพื่อแสดงผล; ไม่ใช้ระบุแนวเขตแปลง
22,จันทบุรี,Tg,ทุ่งหว้า,อ.ท่าใหม่,ต่ำ,กรดจัดมากึงกรดจัด,ดินร่วนปนทราย,"กรมพัฒนาที่ดิน · ปีผลิต 2561 · มาตราส่วนต้นฉบับ 1:25,000",ลดรายละเอียดเส้น 50 เมตรเพื่อแสดงผล; ไม่ใช้ระบุแนวเขตแปลง
22,จันทบุรี,Vi,วิสัย,อ.ท่าใหม่,ต่ำ,กรดจัดมากกรดปานกลาง,ดินร่วนปนทราย,"กรมพัฒนาที่ดิน · ปีผลิต 2561 · มาตราส่วนต้นฉบับ 1:25,000",ลดรายละเอียดเส้น 50 เมตรเพื่อแสดงผล; ไม่ใช้ระบุแนวเขตแปลง
22,จันทบุรี,W,พื้นที่น้ำ,อ.ท่าใหม่,-,,,"กรมพัฒนาที่ดิน · ปีผลิต 2561 · มาตราส่วนต้นฉบับ 1:25,000",ลดรายละเอียดเส้น 50 เมตรเพื่อแสดงผล; ไม่ใช้ระบุแนวเขตแปลง
22,จันทบุรี,Cp,ชุมพร,อ.นายายอาม,ต่ำ,กรดจัดมากถึงกรดปานกลาง,ดินร่วนเหนียวปนทราย,"กรมพัฒนาที่ดิน · ปีผลิต 2561 · มาตราส่วนต้นฉบับ 1:25,000",ลดรายละเอียดเส้น 50 เมตรเพื่อแสดงผล; ไม่ใช้ระบุแนวเขตแปลง
22,จันทบุรี,Hh,หัวหิน,อ.นายายอาม,ต่ำ,กรดปานกลางถึงด่างปานกลาง,ดินทรายปนดินร่วน,"กรมพัฒนาที่ดิน · ปีผลิต 2561 · มาตราส่วนต้นฉบับ 1:25,000",ลดรายละเอียดเส้น 50 เมตรเพื่อแสดงผล; ไม่ใช้ระบุแนวเขตแปลง
22,จันทบุรี,Kc,คลองซาก,อ.นายายอาม,ปานกลาง,กรดจัดมากถึงกรดปานกลาง,ดินร่วนปนดินเหนียว,"กรมพัฒนาที่ดิน · ปีผลิต 2561 · มาตราส่วนต้นฉบับ 1:25,000",ลดรายละเอียดเส้น 50 เมตรเพื่อแสดงผล; ไม่ใช้ระบุแนวเขตแปลง
22,จันทบุรี,Kl,แกลง,อ.นายายอาม,ต่ำ,กรดจัดถึงกรดเล็กน้อย,ดินร่วนปนดินเหนียว,"กรมพัฒนาที่ดิน · ปีผลิต 2561 · มาตราส่วนต้นฉบับ 1:25,000",ลดรายละเอียดเส้น 50 เมตรเพื่อแสดงผล; ไม่ใช้ระบุแนวเขตแปลง
22,จันทบุรี,Pto,พะโต๊ะ,อ.นายายอาม,ต่ำ,กรดจัดถึงกรดเล็กน้อย,ดินร่วนปนทรายปนกรวด,"กรมพัฒนาที่ดิน · ปีผลิต 2561 · มาตราส่วนต้นฉบับ 1:25,000",ลดรายละเอียดเส้น 50 เมตรเพื่อแสดงผล; ไม่ใช้ระบุแนวเขตแปลง
22,จันทบุรี,SC,พื้นที่ลาดชันเชิงซ้อน,อ.นายายอาม,-,,,"กรมพัฒนาที่ดิน · ปีผลิต 2561 · มาตราส่วนต้นฉบับ 1:25,000",ลดรายละเอียดเส้น 50 เมตรเพื่อแสดงผล; ไม่ใช้ระบุแนวเขตแปลง
22,จันทบุรี,Sw,สวี,อ.นายายอาม,ต่ำ,กรดจัดถึงกรดเล็กน้อย,ดินร่วนปนทราย,"กรมพัฒนาที่ดิน · ปีผลิต 2561 · มาตราส่วนต้นฉบับ 1:25,000",ลดรายละเอียดเส้น 50 เมตรเพื่อแสดงผล; ไม่ใช้ระบุแนวเขตแปลง
22,จันทบุรี,Ta,ตากใบ,อ.นายายอาม,ต่ำ,กรดจัดมากกรดปานกลาง,ดินร่วนปนทรายแป้ง,"กรมพัฒนาที่ดิน · ปีผลิต 2561 · มาตราส่วนต้นฉบับ 1:25,000",ลดรายละเอียดเส้น 50 เมตรเพื่อแสดงผล; ไม่ใช้ระบุแนวเขตแปลง
22,จันทบุรี,Tc,ท่าจีน,อ.นายายอาม,สูง,กรดเล็กน้อยถึงเป็นกลาง,ดินร่วนเหนียวปนทรายแป้ง,"กรมพัฒนาที่ดิน · ปีผลิต 2561 · มาตราส่วนต้นฉบับ 1:25,000",ลดรายละเอียดเส้น 50 เมตรเพื่อแสดงผล; ไม่ใช้ระบุแนวเขตแปลง
22,จันทบุรี,Te,ท่าแซะ,อ.นายายอาม,ต่ำ,กรดจัดมากถึงกรดจัด,ดินร่วนปนทราย,"กรมพัฒนาที่ดิน · ปีผลิต 2561 · มาตราส่วนต้นฉบับ 1:25,000",ลดรายละเอียดเส้น 50 เมตรเพื่อแสดงผล; ไม่ใช้ระบุแนวเขตแปลง
22,จันทบุรี,Tkt,ตะกั่วทุ่ง,อ.นายายอาม,สูง,กรดปานกลางถึงด่างปานกลาง,ดินร่วนปนทรายแป้ง,"กรมพัฒนาที่ดิน · ปีผลิต 2561 · มาตราส่วนต้นฉบับ 1:25,000",ลดรายละเอียดเส้น 50 เมตรเพื่อแสดงผล; ไม่ใช้ระบุแนวเขตแปลง
22,จันทบุรี,Vi,วิสัย,อ.นายายอาม,ต่ำ,กรดจัดมากกรดปานกลาง,ดินร่วนปนทราย,"กรมพัฒนาที่ดิน · ปีผลิต 2561 · มาตราส่วนต้นฉบับ 1:25,000",ลดรายละเอียดเส้น 50 เมตรเพื่อแสดงผล; ไม่ใช้ระบุแนวเขตแปลง
22,จันทบุรี,W,พื้นที่น้ำ,อ.นายายอาม,-,,,"กรมพัฒนาที่ดิน · ปีผลิต 2561 · มาตราส่วนต้นฉบับ 1:25,000",ลดรายละเอียดเส้น 50 เมตรเพื่อแสดงผล; ไม่ใช้ระบุแนวเขตแปลง
22,จันทบุรี,AQ,พื้นที่เลี้ยงสัตว์น้ำ,อ.นายายอาม,-,,,"กรมพัฒนาที่ดิน · ปีผลิต 2561 · มาตราส่วนต้นฉบับ 1:25,000",ลดรายละเอียดเส้น 50 เมตรเพื่อแสดงผล; ไม่ใช้ระบุแนวเขตแปลง
22,จันทบุรี,Ba,ชุดดินบางนารา,อ.นายายอาม,ต่ำ,กรดจัดถึงกรดเล็กน้อย,ดินร่วนปนดินเหนียว,"กรมพัฒนาที่ดิน · ปีผลิต 2561 · มาตราส่วนต้นฉบับ 1:25,000",ลดรายละเอียดเส้น 50 เมตรเพื่อแสดงผล; ไม่ใช้ระบุแนวเขตแปลง
22,จันทบุรี,Bc,บาเจาะ,อ.นายายอาม,ต่ำ,กรดจัดมากถึงกรดเล็กน้อย,ดินทรายปนดินร่วน,"กรมพัฒนาที่ดิน · ปีผลิต 2561 · มาตราส่วนต้นฉบับ 1:25,000",ลดรายละเอียดเส้น 50 เมตรเพื่อแสดงผล; ไม่ใช้ระบุแนวเขตแปลง
22,จันทบุรี,Bh,บ้านทอน,อ.นายายอาม,ต่ำ,กรดจัดมากกรดปานกลาง,ดินทรายปนดินร่วน,"กรมพัฒนาที่ดิน · ปีผลิต 2561 · มาตราส่วนต้นฉบับ 1:25,000",ลดรายละเอียดเส้น 50 เมตรเพื่อแสดงผล; ไม่ใช้ระบุแนวเขตแปลง
22,จันทบุรี,Kh,คอหงษ์,อ.นายายอาม,ต่ำ,กรดจัดมากึงกรดจัด,ดินร่วนปนทราย,"กรมพัฒนาที่ดิน · ปีผลิต 2561 · มาตราส่วนต้นฉบับ 1:25,000",ลดรายละเอียดเส้น 50 เมตรเพื่อแสดงผล; ไม่ใช้ระบุแนวเขตแปลง
22,จันทบุรี,Knk,คลองนกกระทุง,อ.นายายอาม,ต่ำ,กรดจัดมากถึงกรดจัด,ดินร่วนปนทราย,"กรมพัฒนาที่ดิน · ปีผลิต 2561 · มาตราส่วนต้นฉบับ 1:25,000",ลดรายละเอียดเส้น 50 เมตรเพื่อแสดงผล; ไม่ใช้ระบุแนวเขตแปลง
22,จันทบุรี,Ll,ลำภูรา,อ.นายายอาม,ปานกลาง,กรดจัดมากถึงกรดเล็กน้อย,ดินร่วนปนดินเหนียว,"กรมพัฒนาที่ดิน · ปีผลิต 2561 · มาตราส่วนต้นฉบับ 1:25,000",ลดรายละเอียดเส้น 50 เมตรเพื่อแสดงผล; ไม่ใช้ระบุแนวเขตแปลง
22,จันทบุรี,Pto,พะโต๊ะ,อ.นายายอาม,ต่ำ,กรดจัดถึงกรดเล็กน้อย,ดินร่วนปนทราย,"กรมพัฒนาที่ดิน · ปีผลิต 2561 · มาตราส่วนต้นฉบับ 1:25,000",ลดรายละเอียดเส้น 50 เมตรเพื่อแสดงผล; ไม่ใช้ระบุแนวเขตแปลง
22,จันทบุรี,Rg,ระนอง,อ.นายายอาม,ต่ำ,กรดจัดมาก,ดินร่วนปนทรายปนกรวด,"กรมพัฒนาที่ดิน · ปีผลิต 2561 · มาตราส่วนต้นฉบับ 1:25,000",ลดรายละเอียดเส้น 50 เมตรเพื่อแสดงผล; ไม่ใช้ระบุแนวเขตแปลง
22,จันทบุรี,Ro,รือเสาะ,อ.นายายอาม,ปานกลาง,กรดจัดมากกรดปานกลาง,ดินร่วนปนทรายแป้ง,"กรมพัฒนาที่ดิน · ปีผลิต 2561 · มาตราส่วนต้นฉบับ 1:25,000",ลดรายละเอียดเส้น 50 เมตรเพื่อแสดงผล; ไม่ใช้ระบุแนวเขตแปลง
22,จันทบุรี,Ro,รือเสาะ,อ.นายายอาม,ปานกลาง,กรดจัดมากกรดปานกลาง,ดินร่วน,"กรมพัฒนาที่ดิน · ปีผลิต 2561 · มาตราส่วนต้นฉบับ 1:25,000",ลดรายละเอียดเส้น 50 เมตรเพื่อแสดงผล; ไม่ใช้ระบุแนวเขตแปลง
22,จันทบุรี,Tan,ธัญบุรี,อ.นายายอาม,ปานกลาง,กรดจัดมาก,ดินร่วนปนดินเหนียว,"กรมพัฒนาที่ดิน · ปีผลิต 2561 · มาตราส่วนต้นฉบับ 1:25,000",ลดรายละเอียดเส้น 50 เมตรเพื่อแสดงผล; ไม่ใช้ระบุแนวเขตแปลง
22,จันทบุรี,Wp,วัลเปรียง,อ.นายายอาม,ต่ำ,กรดปานกลางถึงเป็นกลาง,ดินทรายปนดินร่วน,"กรมพัฒนาที่ดิน · ปีผลิต 2561 · มาตราส่วนต้นฉบับ 1:25,000",ลดรายละเอียดเส้น 50 เมตรเพื่อแสดงผล; ไม่ใช้ระบุแนวเขตแปลง
22,จันทบุรี,Bng,บึงชะนัง,อ.โป่งน้ำร้อน,ปานกลาง,เป็นกลางถึงด่างปานกลาง,ดินร่วนปนดินเหนียว,"กรมพัฒนาที่ดิน · ปีผลิต 2561 · มาตราส่วนต้นฉบับ 1:25,000",ลดรายละเอียดเส้น 50 เมตรเพื่อแสดงผล; ไม่ใช้ระบุแนวเขตแปลง
22,จันทบุรี,Bu,สายบุรี,อ.โป่งน้ำร้อน,ต่ำ,กรดจัดมากกรดปานกลาง,ดินร่วนเหนียวปนทรายแป้ง,"กรมพัฒนาที่ดิน · ปีผลิต 2561 · มาตราส่วนต้นฉบับ 1:25,000",ลดรายละเอียดเส้น 50 เมตรเพื่อแสดงผล; ไม่ใช้ระบุแนวเขตแปลง
22,จันทบุรี,Ho,ห้วยยอด,อ.โป่งน้ำร้อน,ต่ำถึงปานกลาง,กรดจัดมากหรือกรดปานกลางถึงด่างปานกลาง,ดินร่วนปนดินเหนียว,"กรมพัฒนาที่ดิน · ปีผลิต 2561 · มาตราส่วนต้นฉบับ 1:25,000",ลดรายละเอียดเส้น 50 เมตรเพื่อแสดงผล; ไม่ใช้ระบุแนวเขตแปลง
22,จันทบุรี,Ho,ห้วยยอด,อ.โป่งน้ำร้อน,ต่ำ,กรดจัดมาก,ดินร่วนปนดินเหนียวปนกรวด,"กรมพัฒนาที่ดิน · ปีผลิต 2561 · มาตราส่วนต้นฉบับ 1:25,000",ลดรายละเอียดเส้น 50 เมตรเพื่อแสดงผล; ไม่ใช้ระบุแนวเขตแปลง
22,จันทบุรี,Ho-Klt,หน่วยดินเชิงซ้อนชุดดินห้วยยอดและชุดดินคลองเต็ง,อ.โป่งน้ำร้อน,ต่ำ,กรดจัดมาก,ดินร่วนปนดินเหนียว,"กรมพัฒนาที่ดิน · ปีผลิต 2561 · มาตราส่วนต้นฉบับ 1:25,000",ลดรายละเอียดเส้น 50 เมตรเพื่อแสดงผล; ไม่ใช้ระบุแนวเขตแปลง
22,จันทบุรี,Kc,คลองซาก,อ.โป่งน้ำร้อน,ปานกลาง,กรดจัดมากถึงกรดปานกลาง,ดินร่วนปนดินเหนียว,"กรมพัฒนาที่ดิน · ปีผลิต 2561 · มาตราส่วนต้นฉบับ 1:25,000",ลดรายละเอียดเส้น 50 เมตรเพื่อแสดงผล; ไม่ใช้ระบุแนวเขตแปลง
22,จันทบุรี,Klt,คลองเต็ง,อ.โป่งน้ำร้อน,ต่ำ,กรดจัดมาก,ดินร่วนปนดินเหนียว,"กรมพัฒนาที่ดิน · ปีผลิต 2561 · มาตราส่วนต้นฉบับ 1:25,000",ลดรายละเอียดเส้น 50 เมตรเพื่อแสดงผล; ไม่ใช้ระบุแนวเขตแปลง
22,จันทบุรี,Koi,โคกกลอย,อ.โป่งน้ำร้อน,ต่ำ,กรดจัดมากถึงกรดจัด,ดินร่วนปนทราย,"กรมพัฒนาที่ดิน · ปีผลิต 2561 · มาตราส่วนต้นฉบับ 1:25,000",ลดรายละเอียดเส้น 50 เมตรเพื่อแสดงผล; ไม่ใช้ระบุแนวเขตแปลง
22,จันทบุรี,Koi,โคกกลอย,อ.โป่งน้ำร้อน,ต่ำ,กรดจัดมากถึงกรดจัด,ดินร่วนเหนียวปนทราย,"กรมพัฒนาที่ดิน · ปีผลิต 2561 · มาตราส่วนต้นฉบับ 1:25,000",ลดรายละเอียดเส้น 50 เมตรเพื่อแสดงผล; ไม่ใช้ระบุแนวเขตแปลง
22,จันทบุรี,Lb,ลพบุรี,อ.โป่งน้ำร้อน,สูง,กรดปานกลางถึงเป็นกลาง,ดินเหนียว,"กรมพัฒนาที่ดิน · ปีผลิต 2561 · มาตราส่วนต้นฉบับ 1:25,000",ลดรายละเอียดเส้น 50 เมตรเพื่อแสดงผล; ไม่ใช้ระบุแนวเขตแปลง
22,จันทบุรี,Ll,ลำภูรา,อ.โป่งน้ำร้อน,ปานกลาง,กรดจัดมากถึงกรดเล็กน้อย,ดินร่วนปนดินเหนียว,"กรมพัฒนาที่ดิน · ปีผลิต 2561 · มาตราส่วนต้นฉบับ 1:25,000",ลดรายละเอียดเส้น 50 เมตรเพื่อแสดงผล; ไม่ใช้ระบุแนวเขตแปลง
22,จันทบุรี,Nb,หนองบอน,อ.โป่งน้ำร้อน,ต่ำ,กรดเล็กน้อยถึงเป็นกลาง,ดินร่วนปนดินเหนียว,"กรมพัฒนาที่ดิน · ปีผลิต 2561 · มาตราส่วนต้นฉบับ 1:25,000",ลดรายละเอียดเส้น 50 เมตรเพื่อแสดงผล; ไม่ใช้ระบุแนวเขตแปลง
22,จันทบุรี,Ntn,นาทอน,อ.โป่งน้ำร้อน,ต่ำ,กรดจัดมากถึงกรดจัด,ดินร่วนปนดินเหนียว,"กรมพัฒนาที่ดิน · ปีผลิต 2561 · มาตราส่วนต้นฉบับ 1:25,000",ลดรายละเอียดเส้น 50 เมตรเพื่อแสดงผล; ไม่ใช้ระบุแนวเขตแปลง
22,จันทบุรี,Oc,โอลำเจียก,อ.โป่งน้ำร้อน,ปานกลาง,กรดจัดถึงกรดเล็กน้อย,ดินร่วนปนดินเหนียว,"กรมพัฒนาที่ดิน · ปีผลิต 2561 · มาตราส่วนต้นฉบับ 1:25,000",ลดรายละเอียดเส้น 50 เมตรเพื่อแสดงผล; ไม่ใช้ระบุแนวเขตแปลง
22,จันทบุรี,Pac,ปากจั่น,อ.โป่งน้ำร้อน,ปานกลาง,กรดปานกลางถึงเป็นกลาง,ดินร่วนปนดินเหนียว,"กรมพัฒนาที่ดิน · ปีผลิต 2561 · มาตราส่วนต้นฉบับ 1:25,000",ลดรายละเอียดเส้น 50 เมตรเพื่อแสดงผล; ไม่ใช้ระบุแนวเขตแปลง
22,จันทบุรี,Pat,ผักกาด,อ.โป่งน้ำร้อน,ปานกลาง,กรดจัดมากถึงกรดเล็กน้อย,ดินร่วนปนดินเหนียว,"กรมพัฒนาที่ดิน · ปีผลิต 2561 · มาตราส่วนต้นฉบับ 1:25,000",ลดรายละเอียดเส้น 50 เมตรเพื่อแสดงผล; ไม่ใช้ระบุแนวเขตแปลง
22,จันทบุรี,Pon,โป่งน้ำร้อน,อ.โป่งน้ำร้อน,ปานกลาง,กรดเล็กน้อยถึงเป็นกลาง,ดินร่วนปนดินเหนียว,"กรมพัฒนาที่ดิน · ปีผลิต 2561 · มาตราส่วนต้นฉบับ 1:25,000",ลดรายละเอียดเส้น 50 เมตรเพื่อแสดงผล; ไม่ใช้ระบุแนวเขตแปลง
22,จันทบุรี,Rg,ระนอง,อ.โป่งน้ำร้อน,ต่ำ,กรดจัดมาก,ดินร่วนปนทรายปนกรวด,"กรมพัฒนาที่ดิน · ปีผลิต 2561 · มาตราส่วนต้นฉบับ 1:25,000",ลดรายละเอียดเส้น 50 เมตรเพื่อแสดงผล; ไม่ใช้ระบุแนวเขตแปลง
22,จันทบุรี,Ro,รือเสาะ,อ.โป่งน้ำร้อน,ปานกลาง,กรดจัดมากกรดปานกลาง,ดินร่วน,"กรมพัฒนาที่ดิน · ปีผลิต 2561 · มาตราส่วนต้นฉบับ 1:25,000",ลดรายละเอียดเส้น 50 เมตรเพื่อแสดงผล; ไม่ใช้ระบุแนวเขตแปลง
22,จันทบุรี,SC,พื้นที่ลาดชันเชิงซ้อน,อ.โป่งน้ำร้อน,-,,,"กรมพัฒนาที่ดิน · ปีผลิต 2561 · มาตราส่วนต้นฉบับ 1:25,000",ลดรายละเอียดเส้น 50 เมตรเพื่อแสดงผล; ไม่ใช้ระบุแนวเขตแปลง
22,จันทบุรี,Ti,ท่าใหม่,อ.โป่งน้ำร้อน,ต่ำ,กรดเล็กน้อยถึงเป็นกลาง,ดินร่วนปนดินเหนียว,"กรมพัฒนาที่ดิน · ปีผลิต 2561 · มาตราส่วนต้นฉบับ 1:25,000",ลดรายละเอียดเส้น 50 เมตรเพื่อแสดงผล; ไม่ใช้ระบุแนวเขตแปลง
22,จันทบุรี,Tpk,ทับพริก,อ.โป่งน้ำร้อน,ปานกลาง,กรดปานกลางถึงเป็นกลาง,ดินร่วนปนดินเหนียว,"กรมพัฒนาที่ดิน · ปีผลิต 2561 · มาตราส่วนต้นฉบับ 1:25,000",ลดรายละเอียดเส้น 50 เมตรเพื่อแสดงผล; ไม่ใช้ระบุแนวเขตแปลง
22,จันทบุรี,W,พื้นที่น้ำ,อ.โป่งน้ำร้อน,-,,,"กรมพัฒนาที่ดิน · ปีผลิต 2561 · มาตราส่วนต้นฉบับ 1:25,000",ลดรายละเอียดเส้น 50 เมตรเพื่อแสดงผล; ไม่ใช้ระบุแนวเขตแปลง
22,จันทบุรี,AC,ตะกอนน้ำพาเชิงซ้อน,อ.โป่งน้ำร้อน,ปานกลาง,กรดจัดมากถึงกรดเล็กน้อย,ดินร่วนปนทราย,"กรมพัฒนาที่ดิน · ปีผลิต 2561 · มาตราส่วนต้นฉบับ 1:25,000",ลดรายละเอียดเส้น 50 เมตรเพื่อแสดงผล; ไม่ใช้ระบุแนวเขตแปลง
22,จันทบุรี,Bar,บ้านไร่,อ.โป่งน้ำร้อน,ต่ำ,กรดจัดมากถึงกรดเล็กน้อย,ดินร่วนปนทราย,"กรมพัฒนาที่ดิน · ปีผลิต 2561 · มาตราส่วนต้นฉบับ 1:25,000",ลดรายละเอียดเส้น 50 เมตรเพื่อแสดงผล; ไม่ใช้ระบุแนวเขตแปลง
22,จันทบุรี,Bcg,บ้านฉาง,อ.โป่งน้ำร้อน,ต่ำ,กรดจัดถึงกรดเล็กน้อย,ดินร่วนปนทราย,"กรมพัฒนาที่ดิน · ปีผลิต 2561 · มาตราส่วนต้นฉบับ 1:25,000",ลดรายละเอียดเส้น 50 เมตรเพื่อแสดงผล; ไม่ใช้ระบุแนวเขตแปลง
22,จันทบุรี,Ll,ลำภูรา,อ.โป่งน้ำร้อน,ปานกลาง,กรดจัดมากถึงกรดเล็กน้อย,ดินร่วนปนทราย,"กรมพัฒนาที่ดิน · ปีผลิต 2561 · มาตราส่วนต้นฉบับ 1:25,000",ลดรายละเอียดเส้น 50 เมตรเพื่อแสดงผล; ไม่ใช้ระบุแนวเขตแปลง
22,จันทบุรี,Ml,มวกเหล็ก,อ.โป่งน้ำร้อน,ปานกลาง,กรดเล็กน้อยถึงเป็นกลาง,ดินร่วนปนดินเหนียวปนกรวด,"กรมพัฒนาที่ดิน · ปีผลิต 2561 · มาตราส่วนต้นฉบับ 1:25,000",ลดรายละเอียดเส้น 50 เมตรเพื่อแสดงผล; ไม่ใช้ระบุแนวเขตแปลง
22,จันทบุรี,Ro,รือเสาะ,อ.โป่งน้ำร้อน,ปานกลาง,กรดจัดมากกรดปานกลาง,ดินร่วนปนทรายแป้ง,"กรมพัฒนาที่ดิน · ปีผลิต 2561 · มาตราส่วนต้นฉบับ 1:25,000",ลดรายละเอียดเส้น 50 เมตรเพื่อแสดงผล; ไม่ใช้ระบุแนวเขตแปลง
22,จันทบุรี,Tas,ทับเสลา,อ.โป่งน้ำร้อน,ปานกลาง,กรดจัดถึงกรดเล็กน้อย,ดินร่วนปนทรายปนกรวด,"กรมพัฒนาที่ดิน · ปีผลิต 2561 · มาตราส่วนต้นฉบับ 1:25,000",ลดรายละเอียดเส้น 50 เมตรเพื่อแสดงผล; ไม่ใช้ระบุแนวเขตแปลง
22,จันทบุรี,Tk,ตาคลี,อ.โป่งน้ำร้อน,ต่ำ,เป็นกลางถึงด่างปานกลาง,ดินร่วนปนดินเหนียวปนกรวด,"กรมพัฒนาที่ดิน · ปีผลิต 2561 · มาตราส่วนต้นฉบับ 1:25,000",ลดรายละเอียดเส้น 50 เมตรเพื่อแสดงผล; ไม่ใช้ระบุแนวเขตแปลง
22,จันทบุรี,Tpk,ทับพริก,อ.โป่งน้ำร้อน,ปานกลาง,กรดปานกลางถึงเป็นกลาง,ดินร่วนปนดินเหนียวปนกรวด,"กรมพัฒนาที่ดิน · ปีผลิต 2561 · มาตราส่วนต้นฉบับ 1:25,000",ลดรายละเอียดเส้น 50 เมตรเพื่อแสดงผล; ไม่ใช้ระบุแนวเขตแปลง
22,จันทบุรี,Tw,ทับกวาง,อ.โป่งน้ำร้อน,ปานกลาง,กรดปานกลางถึงเป็นกลาง,ดินร่วนปนดินเหนียว,"กรมพัฒนาที่ดิน · ปีผลิต 2561 · มาตราส่วนต้นฉบับ 1:25,000",ลดรายละเอียดเส้น 50 เมตรเพื่อแสดงผล; ไม่ใช้ระบุแนวเขตแปลง
22,จันทบุรี,Wi,วังไห,อ.โป่งน้ำร้อน,ปานกลาง,กรดจัดถึงกรดปานกลาง,ดินร่วนปนดินเหนียว,"กรมพัฒนาที่ดิน · ปีผลิต 2561 · มาตราส่วนต้นฉบับ 1:25,000",ลดรายละเอียดเส้น 50 เมตรเพื่อแสดงผล; ไม่ใช้ระบุแนวเขตแปลง
22,จันทบุรี,Ws,วังสะพุง,อ.โป่งน้ำร้อน,ปานกลาง,กรดปานกลางถึงเป็นกลาง,ดินร่วนปนดินเหนียว,"กรมพัฒนาที่ดิน · ปีผลิต 2561 · มาตราส่วนต้นฉบับ 1:25,000",ลดรายละเอียดเส้น 50 เมตรเพื่อแสดงผล; ไม่ใช้ระบุแนวเขตแปลง
22,จันทบุรี,Cp,ชุมพร,อ.มะขาม,ต่ำ,กรดจัดมากถึงกรดปานกลาง,ดินร่วนเหนียวปนทราย,"กรมพัฒนาที่ดิน · ปีผลิต 2561 · มาตราส่วนต้นฉบับ 1:25,000",ลดรายละเอียดเส้น 50 เมตรเพื่อแสดงผล; ไม่ใช้ระบุแนวเขตแปลง
22,จันทบุรี,Ho-Klt,หน่วยดินเชิงซ้อนชุดดินห้วยยอดและชุดดินคลองเต็ง,อ.มะขาม,ต่ำ,กรดจัดมาก,ดินร่วนปนดินเหนียว,"กรมพัฒนาที่ดิน · ปีผลิต 2561 · มาตราส่วนต้นฉบับ 1:25,000",ลดรายละเอียดเส้น 50 เมตรเพื่อแสดงผล; ไม่ใช้ระบุแนวเขตแปลง
22,จันทบุรี,Kkl,ควนกาหลง,อ.มะขาม,ต่ำ,กรดจัดมากถึงกรดจัด,ดินร่วนปนทราย,"กรมพัฒนาที่ดิน · ปีผลิต 2561 · มาตราส่วนต้นฉบับ 1:25,000",ลดรายละเอียดเส้น 50 เมตรเพื่อแสดงผล; ไม่ใช้ระบุแนวเขตแปลง
22,จันทบุรี,Ll,ลำภูรา,อ.มะขาม,ปานกลาง,กรดจัดมากถึงกรดเล็กน้อย,ดินร่วนปนทราย,"กรมพัฒนาที่ดิน · ปีผลิต 2561 · มาตราส่วนต้นฉบับ 1:25,000",ลดรายละเอียดเส้น 50 เมตรเพื่อแสดงผล; ไม่ใช้ระบุแนวเขตแปลง
22,จันทบุรี,Mak,มะขาม,อ.มะขาม,ต่ำ,กรดจัดมากถึงเป็นกลาง,ดินร่วนปนทราย,"กรมพัฒนาที่ดิน · ปีผลิต 2561 · มาตราส่วนต้นฉบับ 1:25,000",ลดรายละเอียดเส้น 50 เมตรเพื่อแสดงผล; ไม่ใช้ระบุแนวเขตแปลง
22,จันทบุรี,Mak,มะขาม,อ.มะขาม,ต่ำ,กรดจัดมากถึงเป็นกลาง,ดินร่วนเหนียวปนทราย,"กรมพัฒนาที่ดิน · ปีผลิต 2561 · มาตราส่วนต้นฉบับ 1:25,000",ลดรายละเอียดเส้น 50 เมตรเพื่อแสดงผล; ไม่ใช้ระบุแนวเขตแปลง
22,จันทบุรี,Nok,หนองคล้า,อ.มะขาม,ต่ำ,กรดจัดมากถึงกรดปานกลาง,ดินร่วนปนดินเหนียว,"กรมพัฒนาที่ดิน · ปีผลิต 2561 · มาตราส่วนต้นฉบับ 1:25,000",ลดรายละเอียดเส้น 50 เมตรเพื่อแสดงผล; ไม่ใช้ระบุแนวเขตแปลง
22,จันทบุรี,Pat,ผักกาด,อ.มะขาม,ปานกลาง,กรดจัดมากถึงกรดเล็กน้อย,ดินร่วนปนทราย,"กรมพัฒนาที่ดิน · ปีผลิต 2561 · มาตราส่วนต้นฉบับ 1:25,000",ลดรายละเอียดเส้น 50 เมตรเพื่อแสดงผล; ไม่ใช้ระบุแนวเขตแปลง
22,จันทบุรี,Pat,ผักกาด,อ.มะขาม,ปานกลาง,กรดจัดมากถึงกรดเล็กน้อย,ดินร่วนปนดินเหนียว,"กรมพัฒนาที่ดิน · ปีผลิต 2561 · มาตราส่วนต้นฉบับ 1:25,000",ลดรายละเอียดเส้น 50 เมตรเพื่อแสดงผล; ไม่ใช้ระบุแนวเขตแปลง
22,จันทบุรี,Pga,พังงา,อ.มะขาม,ต่ำ,กรดจัดมากถึงกรดเล็กน้อย,ดินร่วนเหนียวปนทราย,"กรมพัฒนาที่ดิน · ปีผลิต 2561 · มาตราส่วนต้นฉบับ 1:25,000",ลดรายละเอียดเส้น 50 เมตรเพื่อแสดงผล; ไม่ใช้ระบุแนวเขตแปลง
22,จันทบุรี,Rg-Pto,หน่วยดินเชิงซ้อนชุดดินร้องกวางและชุดดินพะโต๊ะ,อ.มะขาม,ต่ำ,กรดจัดมาก,ดินร่วนปนทรายปนกรวด,"กรมพัฒนาที่ดิน · ปีผลิต 2561 · มาตราส่วนต้นฉบับ 1:25,000",ลดรายละเอียดเส้น 50 เมตรเพื่อแสดงผล; ไม่ใช้ระบุแนวเขตแปลง
22,จันทบุรี,Sng,สงขลา,อ.มะขาม,ต่ำ,กรดจัดมากกรดปานกลาง,ดินร่วนปนทราย,"กรมพัฒนาที่ดิน · ปีผลิต 2561 · มาตราส่วนต้นฉบับ 1:25,000",ลดรายละเอียดเส้น 50 เมตรเพื่อแสดงผล; ไม่ใช้ระบุแนวเขตแปลง
22,จันทบุรี,Td,ตราด,อ.มะขาม,ต่ำ,กรดจัดมากถึงกรดจัด,ดินร่วนปนดินเหนียว,"กรมพัฒนาที่ดิน · ปีผลิต 2561 · มาตราส่วนต้นฉบับ 1:25,000",ลดรายละเอียดเส้น 50 เมตรเพื่อแสดงผล; ไม่ใช้ระบุแนวเขตแปลง
22,จันทบุรี,Tg,ทุ่งหว้า,อ.มะขาม,ต่ำ,กรดจัดถึงกรดเล็กน้อย,ดินร่วนปนทราย,"กรมพัฒนาที่ดิน · ปีผลิต 2561 · มาตราส่วนต้นฉบับ 1:25,000",ลดรายละเอียดเส้น 50 เมตรเพื่อแสดงผล; ไม่ใช้ระบุแนวเขตแปลง
22,จันทบุรี,Tim,ท้ายเหมือง,อ.มะขาม,ต่ำ,กรดจัดมากถึงกรดเล็กน้อย,ดินร่วนเหนียวปนทราย,"กรมพัฒนาที่ดิน · ปีผลิต 2561 · มาตราส่วนต้นฉบับ 1:25,000",ลดรายละเอียดเส้น 50 เมตรเพื่อแสดงผล; ไม่ใช้ระบุแนวเขตแปลง
22,จันทบุรี,Chl,ฉลอง,อ.มะขาม,ต่ำ,กรดจัดมากถึงกรดจัด,ดินร่วนปนทราย,"กรมพัฒนาที่ดิน · ปีผลิต 2561 · มาตราส่วนต้นฉบับ 1:25,000",ลดรายละเอียดเส้น 50 เมตรเพื่อแสดงผล; ไม่ใช้ระบุแนวเขตแปลง
22,จันทบุรี,Ho,ห้วยยอด,อ.มะขาม,ต่ำ,กรดจัดมาก,ดินร่วนปนดินเหนียวปนกรวด,"กรมพัฒนาที่ดิน · ปีผลิต 2561 · มาตราส่วนต้นฉบับ 1:25,000",ลดรายละเอียดเส้น 50 เมตรเพื่อแสดงผล; ไม่ใช้ระบุแนวเขตแปลง
22,จันทบุรี,Kc,คลองซาก,อ.มะขาม,ปานกลาง,กรดจัดมากถึงกรดปานกลาง,ดินร่วนปนดินเหนียว,"กรมพัฒนาที่ดิน · ปีผลิต 2561 · มาตราส่วนต้นฉบับ 1:25,000",ลดรายละเอียดเส้น 50 เมตรเพื่อแสดงผล; ไม่ใช้ระบุแนวเขตแปลง
22,จันทบุรี,Kl,แกลง,อ.มะขาม,ต่ำ,กรดจัดถึงกรดเล็กน้อย,ดินร่วนปนดินเหนียว,"กรมพัฒนาที่ดิน · ปีผลิต 2561 · มาตราส่วนต้นฉบับ 1:25,000",ลดรายละเอียดเส้น 50 เมตรเพื่อแสดงผล; ไม่ใช้ระบุแนวเขตแปลง
22,จันทบุรี,Klt,คลองเต็ง,อ.มะขาม,ต่ำ,กรดจัดมาก,ดินร่วนปนดินเหนียว,"กรมพัฒนาที่ดิน · ปีผลิต 2561 · มาตราส่วนต้นฉบับ 1:25,000",ลดรายละเอียดเส้น 50 เมตรเพื่อแสดงผล; ไม่ใช้ระบุแนวเขตแปลง
22,จันทบุรี,Knk,คลองนกกระทุง,อ.มะขาม,ต่ำ,กรดจัดมากถึงกรดจัด,ดินร่วนปนทราย,"กรมพัฒนาที่ดิน · ปีผลิต 2561 · มาตราส่วนต้นฉบับ 1:25,000",ลดรายละเอียดเส้น 50 เมตรเพื่อแสดงผล; ไม่ใช้ระบุแนวเขตแปลง
22,จันทบุรี,Koi,โคกกลอย,อ.มะขาม,ต่ำ,กรดจัดมากถึงกรดจัด,ดินร่วนเหนียวปนทราย,"กรมพัฒนาที่ดิน · ปีผลิต 2561 · มาตราส่วนต้นฉบับ 1:25,000",ลดรายละเอียดเส้น 50 เมตรเพื่อแสดงผล; ไม่ใช้ระบุแนวเขตแปลง
22,จันทบุรี,Ll,ลำภูรา,อ.มะขาม,ปานกลาง,กรดจัดมากถึงกรดเล็กน้อย,ดินร่วนปนดินเหนียว,"กรมพัฒนาที่ดิน · ปีผลิต 2561 · มาตราส่วนต้นฉบับ 1:25,000",ลดรายละเอียดเส้น 50 เมตรเพื่อแสดงผล; ไม่ใช้ระบุแนวเขตแปลง
22,จันทบุรี,Ntn,นาทอน,อ.มะขาม,ต่ำ,กรดจัดมากถึงกรดจัด,ดินร่วนปนดินเหนียว,"กรมพัฒนาที่ดิน · ปีผลิต 2561 · มาตราส่วนต้นฉบับ 1:25,000",ลดรายละเอียดเส้น 50 เมตรเพื่อแสดงผล; ไม่ใช้ระบุแนวเขตแปลง
22,จันทบุรี,Pac,ปากจั่น,อ.มะขาม,ปานกลาง,กรดปานกลางถึงเป็นกลาง,ดินร่วนปนดินเหนียว,"กรมพัฒนาที่ดิน · ปีผลิต 2561 · มาตราส่วนต้นฉบับ 1:25,000",ลดรายละเอียดเส้น 50 เมตรเพื่อแสดงผล; ไม่ใช้ระบุแนวเขตแปลง
22,จันทบุรี,Pto,พะโต๊ะ,อ.มะขาม,ต่ำ,กรดจัดถึงกรดเล็กน้อย,ดินร่วนปนทรายปนกรวด,"กรมพัฒนาที่ดิน · ปีผลิต 2561 · มาตราส่วนต้นฉบับ 1:25,000",ลดรายละเอียดเส้น 50 เมตรเพื่อแสดงผล; ไม่ใช้ระบุแนวเขตแปลง
22,จันทบุรี,Rg,ระนอง,อ.มะขาม,ต่ำ,กรดจัดมาก,ดินร่วนปนทรายปนกรวด,"กรมพัฒนาที่ดิน · ปีผลิต 2561 · มาตราส่วนต้นฉบับ 1:25,000",ลดรายละเอียดเส้น 50 เมตรเพื่อแสดงผล; ไม่ใช้ระบุแนวเขตแปลง
22,จันทบุรี,Rg,ระนอง,อ.มะขาม,ต่ำ,กรดจัดมาก,ดินร่วนปนทรายปนกรวดมาก,"กรมพัฒนาที่ดิน · ปีผลิต 2561 · มาตราส่วนต้นฉบับ 1:25,000",ลดรายละเอียดเส้น 50 เมตรเพื่อแสดงผล; ไม่ใช้ระบุแนวเขตแปลง
22,จันทบุรี,Ro,รือเสาะ,อ.มะขาม,ปานกลาง,กรดจัดมากกรดปานกลาง,ดินร่วนปนทรายแป้ง,"กรมพัฒนาที่ดิน · ปีผลิต 2561 · มาตราส่วนต้นฉบับ 1:25,000",ลดรายละเอียดเส้น 50 เมตรเพื่อแสดงผล; ไม่ใช้ระบุแนวเขตแปลง
22,จันทบุรี,Ro,รือเสาะ,อ.มะขาม,ปานกลาง,กรดจัดมากกรดปานกลาง,ดินร่วน,"กรมพัฒนาที่ดิน · ปีผลิต 2561 · มาตราส่วนต้นฉบับ 1:25,000",ลดรายละเอียดเส้น 50 เมตรเพื่อแสดงผล; ไม่ใช้ระบุแนวเขตแปลง
22,จันทบุรี,SC,พื้นที่ลาดชันเชิงซ้อน,อ.มะขาม,-,,,"กรมพัฒนาที่ดิน · ปีผลิต 2561 · มาตราส่วนต้นฉบับ 1:25,000",ลดรายละเอียดเส้น 50 เมตรเพื่อแสดงผล; ไม่ใช้ระบุแนวเขตแปลง
22,จันทบุรี,Sw,สวี,อ.มะขาม,ต่ำ,กรดจัดถึงกรดเล็กน้อย,ดินร่วนปนทราย,"กรมพัฒนาที่ดิน · ปีผลิต 2561 · มาตราส่วนต้นฉบับ 1:25,000",ลดรายละเอียดเส้น 50 เมตรเพื่อแสดงผล; ไม่ใช้ระบุแนวเขตแปลง
22,จันทบุรี,Te,ท่าแซะ,อ.มะขาม,ต่ำ,กรดจัดมากถึงกรดจัด,ดินร่วนปนทราย,"กรมพัฒนาที่ดิน · ปีผลิต 2561 · มาตราส่วนต้นฉบับ 1:25,000",ลดรายละเอียดเส้น 50 เมตรเพื่อแสดงผล; ไม่ใช้ระบุแนวเขตแปลง
22,จันทบุรี,Tg,ทุ่งหว้า,อ.มะขาม,ต่ำ,กรดจัดมากึงกรดจัด,ดินร่วนปนทราย,"กรมพัฒนาที่ดิน · ปีผลิต 2561 · มาตราส่วนต้นฉบับ 1:25,000",ลดรายละเอียดเส้น 50 เมตรเพื่อแสดงผล; ไม่ใช้ระบุแนวเขตแปลง
22,จันทบุรี,W,พื้นที่น้ำ,อ.มะขาม,-,,,"กรมพัฒนาที่ดิน · ปีผลิต 2561 · มาตราส่วนต้นฉบับ 1:25,000",ลดรายละเอียดเส้น 50 เมตรเพื่อแสดงผล; ไม่ใช้ระบุแนวเขตแปลง
22,จันทบุรี,Ll,ลำภูรา,อ.เมืองจันทบุรี,ปานกลาง,กรดจัดมากถึงกรดเล็กน้อย,ดินร่วนปนทราย,"กรมพัฒนาที่ดิน · ปีผลิต 2561 · มาตราส่วนต้นฉบับ 1:25,000",ลดรายละเอียดเส้น 50 เมตรเพื่อแสดงผล; ไม่ใช้ระบุแนวเขตแปลง
22,จันทบุรี,Mu,มูโน๊ะ,อ.เมืองจันทบุรี,ปานกลาง,กรดจัดมาก,ดินร่วนเหนียวปนทรายแป้ง,"กรมพัฒนาที่ดิน · ปีผลิต 2561 · มาตราส่วนต้นฉบับ 1:25,000",ลดรายละเอียดเส้น 50 เมตรเพื่อแสดงผล; ไม่ใช้ระบุแนวเขตแปลง
22,จันทบุรี,Pat,ผักกาด,อ.เมืองจันทบุรี,ปานกลาง,กรดจัดมากถึงกรดเล็กน้อย,ดินร่วนปนดินเหนียว,"กรมพัฒนาที่ดิน · ปีผลิต 2561 · มาตราส่วนต้นฉบับ 1:25,000",ลดรายละเอียดเส้น 50 เมตรเพื่อแสดงผล; ไม่ใช้ระบุแนวเขตแปลง
22,จันทบุรี,Pk,ภูเก็ต,อ.เมืองจันทบุรี,ต่ำ,กรดจัดมากถึงกรดจัด,ดินร่วนเหนียวปนทราย,"กรมพัฒนาที่ดิน · ปีผลิต 2561 · มาตราส่วนต้นฉบับ 1:25,000",ลดรายละเอียดเส้น 50 เมตรเพื่อแสดงผล; ไม่ใช้ระบุแนวเขตแปลง
22,จันทบุรี,Pti,ปัตตานี,อ.เมืองจันทบุรี,ต่ำ,กรดจัดถึงกรดเล็กน้อย,ดินร่วนปนทราย,"กรมพัฒนาที่ดิน · ปีผลิต 2561 · มาตราส่วนต้นฉบับ 1:25,000",ลดรายละเอียดเส้น 50 เมตรเพื่อแสดงผล; ไม่ใช้ระบุแนวเขตแปลง
22,จันทบุรี,Sng,สงขลา,อ.เมืองจันทบุรี,ต่ำ,กรดจัดมากกรดปานกลาง,ดินร่วนปนทราย,"กรมพัฒนาที่ดิน · ปีผลิต 2561 · มาตราส่วนต้นฉบับ 1:25,000",ลดรายละเอียดเส้น 50 เมตรเพื่อแสดงผล; ไม่ใช้ระบุแนวเขตแปลง
22,จันทบุรี,Tan,ธัญบุรี,อ.เมืองจันทบุรี,ปานกลาง,กรดจัดมาก,ดินร่วนปนทรายแป้ง,"กรมพัฒนาที่ดิน · ปีผลิต 2561 · มาตราส่วนต้นฉบับ 1:25,000",ลดรายละเอียดเส้น 50 เมตรเพื่อแสดงผล; ไม่ใช้ระบุแนวเขตแปลง
22,จันทบุรี,Td,ตราด,อ.เมืองจันทบุรี,ต่ำ,กรดจัดมากถึงกรดจัด,ดินร่วนปนดินเหนียว,"กรมพัฒนาที่ดิน · ปีผลิต 2561 · มาตราส่วนต้นฉบับ 1:25,000",ลดรายละเอียดเส้น 50 เมตรเพื่อแสดงผล; ไม่ใช้ระบุแนวเขตแปลง
22,จันทบุรี,Ti,ท่าใหม่,อ.เมืองจันทบุรี,ต่ำ,กรดเล็กน้อยถึงเป็นกลาง,ดินร่วนปนดินเหนียว,"กรมพัฒนาที่ดิน · ปีผลิต 2561 · มาตราส่วนต้นฉบับ 1:25,000",ลดรายละเอียดเส้น 50 เมตรเพื่อแสดงผล; ไม่ใช้ระบุแนวเขตแปลง
22,จันทบุรี,Tim,ท้ายเหมือง,อ.เมืองจันทบุรี,ต่ำ,กรดจัดมากถึงกรดเล็กน้อย,ดินร่วนเหนียวปนทราย,"กรมพัฒนาที่ดิน · ปีผลิต 2561 · มาตราส่วนต้นฉบับ 1:25,000",ลดรายละเอียดเส้น 50 เมตรเพื่อแสดงผล; ไม่ใช้ระบุแนวเขตแปลง
22,จันทบุรี,Tkn,ตาขุน,อ.เมืองจันทบุรี,ต่ำ,กรดจัดมากถึงกรดจัด,ดินร่วนปนทราย,"กรมพัฒนาที่ดิน · ปีผลิต 2561 · มาตราส่วนต้นฉบับ 1:25,000",ลดรายละเอียดเส้น 50 เมตรเพื่อแสดงผล; ไม่ใช้ระบุแนวเขตแปลง
22,จันทบุรี,Ts,ต้นไทร,อ.เมืองจันทบุรี,ต่ำ,กรดจัดมาก,ดินร่วนปนทราย,"กรมพัฒนาที่ดิน · ปีผลิต 2561 · มาตราส่วนต้นฉบับ 1:25,000",ลดรายละเอียดเส้น 50 เมตรเพื่อแสดงผล; ไม่ใช้ระบุแนวเขตแปลง
22,จันทบุรี,AQ,พื้นที่เลี้ยงสัตว์น้ำ,อ.เมืองจันทบุรี,-,,,"กรมพัฒนาที่ดิน · ปีผลิต 2561 · มาตราส่วนต้นฉบับ 1:25,000",ลดรายละเอียดเส้น 50 เมตรเพื่อแสดงผล; ไม่ใช้ระบุแนวเขตแปลง
22,จันทบุรี,Ba,ชุดดินบางนารา,อ.เมืองจันทบุรี,ต่ำ,กรดจัดถึงกรดเล็กน้อย,ดินร่วนปนดินเหนียว,"กรมพัฒนาที่ดิน · ปีผลิต 2561 · มาตราส่วนต้นฉบับ 1:25,000",ลดรายละเอียดเส้น 50 เมตรเพื่อแสดงผล; ไม่ใช้ระบุแนวเขตแปลง
22,จันทบุรี,Cb,ชลบุรี,อ.เมืองจันทบุรี,ต่ำ,กรดปานกลางถึงเป็นกลาง,ดินร่วนปนทราย,"กรมพัฒนาที่ดิน · ปีผลิต 2561 · มาตราส่วนต้นฉบับ 1:25,000",ลดรายละเอียดเส้น 50 เมตรเพื่อแสดงผล; ไม่ใช้ระบุแนวเขตแปลง
22,จันทบุรี,Chl,ฉลอง,อ.เมืองจันทบุรี,ต่ำ,กรดจัดมากถึงกรดจัด,ดินร่วนปนทราย,"กรมพัฒนาที่ดิน · ปีผลิต 2561 · มาตราส่วนต้นฉบับ 1:25,000",ลดรายละเอียดเส้น 50 เมตรเพื่อแสดงผล; ไม่ใช้ระบุแนวเขตแปลง
22,จันทบุรี,Cp,ชุมพร,อ.เมืองจันทบุรี,ต่ำ,กรดจัดมากถึงกรดปานกลาง,ดินร่วนเหนียวปนทราย,"กรมพัฒนาที่ดิน · ปีผลิต 2561 · มาตราส่วนต้นฉบับ 1:25,000",ลดรายละเอียดเส้น 50 เมตรเพื่อแสดงผล; ไม่ใช้ระบุแนวเขตแปลง
22,จันทบุรี,Kc,คลองซาก,อ.เมืองจันทบุรี,ปานกลาง,กรดจัดมากถึงกรดปานกลาง,ดินร่วนปนดินเหนียว,"กรมพัฒนาที่ดิน · ปีผลิต 2561 · มาตราส่วนต้นฉบับ 1:25,000",ลดรายละเอียดเส้น 50 เมตรเพื่อแสดงผล; ไม่ใช้ระบุแนวเขตแปลง
22,จันทบุรี,Kl,แกลง,อ.เมืองจันทบุรี,ต่ำ,กรดจัดถึงกรดเล็กน้อย,ดินร่วนปนดินเหนียว,"กรมพัฒนาที่ดิน · ปีผลิต 2561 · มาตราส่วนต้นฉบับ 1:25,000",ลดรายละเอียดเส้น 50 เมตรเพื่อแสดงผล; ไม่ใช้ระบุแนวเขตแปลง
22,จันทบุรี,Km,คลองท่อม,อ.เมืองจันทบุรี,ต่ำ,กรดจัดมากถึงกรดจัด,ดินร่วนปนทราย,"กรมพัฒนาที่ดิน · ปีผลิต 2561 · มาตราส่วนต้นฉบับ 1:25,000",ลดรายละเอียดเส้น 50 เมตรเพื่อแสดงผล; ไม่ใช้ระบุแนวเขตแปลง
22,จันทบุรี,Knk,คลองนกกระทุง,อ.เมืองจันทบุรี,ต่ำ,กรดจัดมากถึงกรดจัด,ดินร่วนปนทราย,"กรมพัฒนาที่ดิน · ปีผลิต 2561 · มาตราส่วนต้นฉบับ 1:25,000",ลดรายละเอียดเส้น 50 เมตรเพื่อแสดงผล; ไม่ใช้ระบุแนวเขตแปลง
22,จันทบุรี,Ko,โคกเคียน,อ.เมืองจันทบุรี,ต่ำ,กรดจัดมากถึงกรดปานกลาง,ดินร่วนเหนียวปนทราย,"กรมพัฒนาที่ดิน · ปีผลิต 2561 · มาตราส่วนต้นฉบับ 1:25,000",ลดรายละเอียดเส้น 50 เมตรเพื่อแสดงผล; ไม่ใช้ระบุแนวเขตแปลง
22,จันทบุรี,Ko,โคกเคียน,อ.เมืองจันทบุรี,ต่ำ,กรดจัดมากถึงกรดปานกลาง,ดินร่วนปนทราย,"กรมพัฒนาที่ดิน · ปีผลิต 2561 · มาตราส่วนต้นฉบับ 1:25,000",ลดรายละเอียดเส้น 50 เมตรเพื่อแสดงผล; ไม่ใช้ระบุแนวเขตแปลง
22,จันทบุรี,Koi,โคกกลอย,อ.เมืองจันทบุรี,ต่ำ,กรดจัดมากถึงกรดจัด,ดินร่วนปนทราย,"กรมพัฒนาที่ดิน · ปีผลิต 2561 · มาตราส่วนต้นฉบับ 1:25,000",ลดรายละเอียดเส้น 50 เมตรเพื่อแสดงผล; ไม่ใช้ระบุแนวเขตแปลง
22,จันทบุรี,Koi,โคกกลอย,อ.เมืองจันทบุรี,ต่ำ,กรดจัดมากถึงกรดจัด,ดินร่วนเหนียวปนทราย,"กรมพัฒนาที่ดิน · ปีผลิต 2561 · มาตราส่วนต้นฉบับ 1:25,000",ลดรายละเอียดเส้น 50 เมตรเพื่อแสดงผล; ไม่ใช้ระบุแนวเขตแปลง
22,จันทบุรี,Lh,ละหาน,อ.เมืองจันทบุรี,ต่ำ,กรดจัดมากถึงกรดจัด,ดินร่วนปนทราย,"กรมพัฒนาที่ดิน · ปีผลิต 2561 · มาตราส่วนต้นฉบับ 1:25,000",ลดรายละเอียดเส้น 50 เมตรเพื่อแสดงผล; ไม่ใช้ระบุแนวเขตแปลง
22,จันทบุรี,Pto,พะโต๊ะ,อ.เมืองจันทบุรี,ต่ำ,กรดจัดถึงกรดเล็กน้อย,ดินร่วนปนทรายปนกรวด,"กรมพัฒนาที่ดิน · ปีผลิต 2561 · มาตราส่วนต้นฉบับ 1:25,000",ลดรายละเอียดเส้น 50 เมตรเพื่อแสดงผล; ไม่ใช้ระบุแนวเขตแปลง
22,จันทบุรี,Py,พัทยา,อ.เมืองจันทบุรี,ต่ำ,กรดจัดมากถึงกรดเล็กน้อย,ดินทรายปนดินร่วน,"กรมพัฒนาที่ดิน · ปีผลิต 2561 · มาตราส่วนต้นฉบับ 1:25,000",ลดรายละเอียดเส้น 50 เมตรเพื่อแสดงผล; ไม่ใช้ระบุแนวเขตแปลง
22,จันทบุรี,RL,ที่ดินเต็มไปด้วยก้อนหิน,อ.เมืองจันทบุรี,-,,,"กรมพัฒนาที่ดิน · ปีผลิต 2561 · มาตราส่วนต้นฉบับ 1:25,000",ลดรายละเอียดเส้น 50 เมตรเพื่อแสดงผล; ไม่ใช้ระบุแนวเขตแปลง
22,จันทบุรี,Ro,รือเสาะ,อ.เมืองจันทบุรี,ปานกลาง,กรดจัดมากกรดปานกลาง,ดินร่วนปนทรายแป้ง,"กรมพัฒนาที่ดิน · ปีผลิต 2561 · มาตราส่วนต้นฉบับ 1:25,000",ลดรายละเอียดเส้น 50 เมตรเพื่อแสดงผล; ไม่ใช้ระบุแนวเขตแปลง
22,จันทบุรี,SC,พื้นที่ลาดชันเชิงซ้อน,อ.เมืองจันทบุรี,-,,,"กรมพัฒนาที่ดิน · ปีผลิต 2561 · มาตราส่วนต้นฉบับ 1:25,000",ลดรายละเอียดเส้น 50 เมตรเพื่อแสดงผล; ไม่ใช้ระบุแนวเขตแปลง
22,จันทบุรี,Ta,ตากใบ,อ.เมืองจันทบุรี,ต่ำ,กรดจัดมากกรดปานกลาง,ดินร่วนปนทรายแป้ง,"กรมพัฒนาที่ดิน · ปีผลิต 2561 · มาตราส่วนต้นฉบับ 1:25,000",ลดรายละเอียดเส้น 50 เมตรเพื่อแสดงผล; ไม่ใช้ระบุแนวเขตแปลง
22,จันทบุรี,Tc,ท่าจีน,อ.เมืองจันทบุรี,สูง,กรดเล็กน้อยถึงเป็นกลาง,ดินร่วนเหนียวปนทรายแป้ง,"กรมพัฒนาที่ดิน · ปีผลิต 2561 · มาตราส่วนต้นฉบับ 1:25,000",ลดรายละเอียดเส้น 50 เมตรเพื่อแสดงผล; ไม่ใช้ระบุแนวเขตแปลง
22,จันทบุรี,Te,ท่าแซะ,อ.เมืองจันทบุรี,ต่ำ,กรดจัดมากถึงกรดจัด,ดินร่วนปนทราย,"กรมพัฒนาที่ดิน · ปีผลิต 2561 · มาตราส่วนต้นฉบับ 1:25,000",ลดรายละเอียดเส้น 50 เมตรเพื่อแสดงผล; ไม่ใช้ระบุแนวเขตแปลง
22,จันทบุรี,Tg,ทุ่งหว้า,อ.เมืองจันทบุรี,ต่ำ,กรดจัดมากึงกรดจัด,ดินร่วนปนทราย,"กรมพัฒนาที่ดิน · ปีผลิต 2561 · มาตราส่วนต้นฉบับ 1:25,000",ลดรายละเอียดเส้น 50 เมตรเพื่อแสดงผล; ไม่ใช้ระบุแนวเขตแปลง
22,จันทบุรี,Tkt,ตะกั่วทุ่ง,อ.เมืองจันทบุรี,สูง,กรดปานกลางถึงด่างปานกลาง,ดินร่วนปนทรายแป้ง,"กรมพัฒนาที่ดิน · ปีผลิต 2561 · มาตราส่วนต้นฉบับ 1:25,000",ลดรายละเอียดเส้น 50 เมตรเพื่อแสดงผล; ไม่ใช้ระบุแนวเขตแปลง
22,จันทบุรี,W,พื้นที่น้ำ,อ.เมืองจันทบุรี,-,,,"กรมพัฒนาที่ดิน · ปีผลิต 2561 · มาตราส่วนต้นฉบับ 1:25,000",ลดรายละเอียดเส้น 50 เมตรเพื่อแสดงผล; ไม่ใช้ระบุแนวเขตแปลง
22,จันทบุรี,AC,ตะกอนน้ำพาเชิงซ้อน,อ.สอยดาว,ปานกลาง,กรดจัดมากถึงกรดเล็กน้อย,ดินร่วนปนทราย,"กรมพัฒนาที่ดิน · ปีผลิต 2561 · มาตราส่วนต้นฉบับ 1:25,000",ลดรายละเอียดเส้น 50 เมตรเพื่อแสดงผล; ไม่ใช้ระบุแนวเขตแปลง
22,จันทบุรี,Dr,ดอนไร่,อ.สอยดาว,ต่ำ,กรดจัดถึงกรดเล็กน้อย,ดินร่วนปนทราย,"กรมพัฒนาที่ดิน · ปีผลิต 2561 · มาตราส่วนต้นฉบับ 1:25,000",ลดรายละเอียดเส้น 50 เมตรเพื่อแสดงผล; ไม่ใช้ระบุแนวเขตแปลง
22,จันทบุรี,Ml,มวกเหล็ก,อ.สอยดาว,ปานกลาง,กรดเล็กน้อยถึงเป็นกลาง,ดินร่วนปนดินเหนียวปนกรวด,"กรมพัฒนาที่ดิน · ปีผลิต 2561 · มาตราส่วนต้นฉบับ 1:25,000",ลดรายละเอียดเส้น 50 เมตรเพื่อแสดงผล; ไม่ใช้ระบุแนวเขตแปลง
22,จันทบุรี,SC,พื้นที่ลาดชันเชิงซ้อน,อ.สอยดาว,-,,,"กรมพัฒนาที่ดิน · ปีผลิต 2561 · มาตราส่วนต้นฉบับ 1:25,000",ลดรายละเอียดเส้น 50 เมตรเพื่อแสดงผล; ไม่ใช้ระบุแนวเขตแปลง
22,จันทบุรี,Ws,วังสะพุง,อ.สอยดาว,ปานกลาง,กรดปานกลางถึงเป็นกลาง,ดินร่วนปนดินเหนียว,"กรมพัฒนาที่ดิน · ปีผลิต 2561 · มาตราส่วนต้นฉบับ 1:25,000",ลดรายละเอียดเส้น 50 เมตรเพื่อแสดงผล; ไม่ใช้ระบุแนวเขตแปลง
22,จันทบุรี,Bng,บึงชะนัง,อ.สอยดาว,ปานกลาง,เป็นกลางถึงด่างปานกลาง,ดินร่วนปนดินเหนียว,"กรมพัฒนาที่ดิน · ปีผลิต 2561 · มาตราส่วนต้นฉบับ 1:25,000",ลดรายละเอียดเส้น 50 เมตรเพื่อแสดงผล; ไม่ใช้ระบุแนวเขตแปลง
22,จันทบุรี,Kld,กลางดง,อ.สอยดาว,ปานกลาง,กรดจัดถึงกรดเล็กน้อย,ดินร่วนปนดินเหนียว,"กรมพัฒนาที่ดิน · ปีผลิต 2561 · มาตราส่วนต้นฉบับ 1:25,000",ลดรายละเอียดเส้น 50 เมตรเพื่อแสดงผล; ไม่ใช้ระบุแนวเขตแปลง
22,จันทบุรี,RL,ที่ดินเต็มไปด้วยก้อนหิน,อ.สอยดาว,-,,,"กรมพัฒนาที่ดิน · ปีผลิต 2561 · มาตราส่วนต้นฉบับ 1:25,000",ลดรายละเอียดเส้น 50 เมตรเพื่อแสดงผล; ไม่ใช้ระบุแนวเขตแปลง
22,จันทบุรี,Tas,ทับเสลา,อ.สอยดาว,ปานกลาง,กรดจัดถึงกรดเล็กน้อย,ดินร่วนปนทรายปนกรวด,"กรมพัฒนาที่ดิน · ปีผลิต 2561 · มาตราส่วนต้นฉบับ 1:25,000",ลดรายละเอียดเส้น 50 เมตรเพื่อแสดงผล; ไม่ใช้ระบุแนวเขตแปลง
22,จันทบุรี,Tk,ตาคลี,อ.สอยดาว,สูง,เป็นกลางถึงด่างปานกลาง,ดินร่วนปนดินเหนียวปนกรวด,"กรมพัฒนาที่ดิน · ปีผลิต 2561 · มาตราส่วนต้นฉบับ 1:25,000",ลดรายละเอียดเส้น 50 เมตรเพื่อแสดงผล; ไม่ใช้ระบุแนวเขตแปลง
22,จันทบุรี,Tk,ตาคลี,อ.สอยดาว,ต่ำ,เป็นกลางถึงด่างปานกลาง,ดินร่วนปนดินเหนียวปนกรวด,"กรมพัฒนาที่ดิน · ปีผลิต 2561 · มาตราส่วนต้นฉบับ 1:25,000",ลดรายละเอียดเส้น 50 เมตรเพื่อแสดงผล; ไม่ใช้ระบุแนวเขตแปลง
22,จันทบุรี,Tpk,ทับพริก,อ.สอยดาว,ปานกลาง,กรดปานกลางถึงเป็นกลาง,ดินร่วนปนดินเหนียวปนกรวด,"กรมพัฒนาที่ดิน · ปีผลิต 2561 · มาตราส่วนต้นฉบับ 1:25,000",ลดรายละเอียดเส้น 50 เมตรเพื่อแสดงผล; ไม่ใช้ระบุแนวเขตแปลง
22,จันทบุรี,Tpk,ทับพริก,อ.สอยดาว,ปานกลาง,กรดปานกลางถึงเป็นกลาง,ดินร่วนปนดินเหนียว,"กรมพัฒนาที่ดิน · ปีผลิต 2561 · มาตราส่วนต้นฉบับ 1:25,000",ลดรายละเอียดเส้น 50 เมตรเพื่อแสดงผล; ไม่ใช้ระบุแนวเขตแปลง
22,จันทบุรี,Tw,ทับกวาง,อ.สอยดาว,ปานกลาง,กรดปานกลางถึงเป็นกลาง,ดินร่วนปนดินเหนียว,"กรมพัฒนาที่ดิน · ปีผลิต 2561 · มาตราส่วนต้นฉบับ 1:25,000",ลดรายละเอียดเส้น 50 เมตรเพื่อแสดงผล; ไม่ใช้ระบุแนวเขตแปลง
22,จันทบุรี,Wi,วังไห,อ.สอยดาว,ปานกลาง,กรดจัดถึงกรดปานกลาง,ดินร่วนปนดินเหนียว,"กรมพัฒนาที่ดิน · ปีผลิต 2561 · มาตราส่วนต้นฉบับ 1:25,000",ลดรายละเอียดเส้น 50 เมตรเพื่อแสดงผล; ไม่ใช้ระบุแนวเขตแปลง
22,จันทบุรี,Ca,ชะอำ,อ.แหลมสิงห์,ปานกลาง,กรดรุนแรงมากถึงกรดจัดมาก,ดินร่วนเหนียวปนทรายแป้ง,"กรมพัฒนาที่ดิน · ปีผลิต 2561 · มาตราส่วนต้นฉบับ 1:25,000",ลดรายละเอียดเส้น 50 เมตรเพื่อแสดงผล; ไม่ใช้ระบุแนวเขตแปลง
22,จันทบุรี,Pga,พังงา,อ.แหลมสิงห์,ต่ำ,กรดจัดมากถึงกรดเล็กน้อย,ดินร่วนเหนียวปนทราย,"กรมพัฒนาที่ดิน · ปีผลิต 2561 · มาตราส่วนต้นฉบับ 1:25,000",ลดรายละเอียดเส้น 50 เมตรเพื่อแสดงผล; ไม่ใช้ระบุแนวเขตแปลง
22,จันทบุรี,Pk,ภูเก็ต,อ.แหลมสิงห์,ต่ำ,กรดจัดมากถึงกรดจัด,ดินร่วนเหนียวปนทราย,"กรมพัฒนาที่ดิน · ปีผลิต 2561 · มาตราส่วนต้นฉบับ 1:25,000",ลดรายละเอียดเส้น 50 เมตรเพื่อแสดงผล; ไม่ใช้ระบุแนวเขตแปลง
22,จันทบุรี,Sm,สมุทรปราการ,อ.แหลมสิงห์,สูง,กรดปานกลางถึงด่างปานกลาง,ดินร่วนเหนียวปนทรายแป้ง,"กรมพัฒนาที่ดิน · ปีผลิต 2561 · มาตราส่วนต้นฉบับ 1:25,000",ลดรายละเอียดเส้น 50 เมตรเพื่อแสดงผล; ไม่ใช้ระบุแนวเขตแปลง
22,จันทบุรี,Sng,สงขลา,อ.แหลมสิงห์,ต่ำ,กรดจัดมากกรดปานกลาง,ดินร่วนปนทราย,"กรมพัฒนาที่ดิน · ปีผลิต 2561 · มาตราส่วนต้นฉบับ 1:25,000",ลดรายละเอียดเส้น 50 เมตรเพื่อแสดงผล; ไม่ใช้ระบุแนวเขตแปลง
22,จันทบุรี,Td,ตราด,อ.แหลมสิงห์,ต่ำ,กรดจัดมากถึงกรดจัด,ดินร่วนปนดินเหนียว,"กรมพัฒนาที่ดิน · ปีผลิต 2561 · มาตราส่วนต้นฉบับ 1:25,000",ลดรายละเอียดเส้น 50 เมตรเพื่อแสดงผล; ไม่ใช้ระบุแนวเขตแปลง
22,จันทบุรี,Ts,ต้นไทร,อ.แหลมสิงห์,ต่ำ,กรดจัดมาก,ดินร่วนปนทราย,"กรมพัฒนาที่ดิน · ปีผลิต 2561 · มาตราส่วนต้นฉบับ 1:25,000",ลดรายละเอียดเส้น 50 เมตรเพื่อแสดงผล; ไม่ใช้ระบุแนวเขตแปลง
22,จันทบุรี,Bc,บาเจาะ,อ.แหลมสิงห์,ต่ำ,กรดจัดมากถึงกรดเล็กน้อย,ดินทรายปนดินร่วน,"กรมพัฒนาที่ดิน · ปีผลิต 2561 · มาตราส่วนต้นฉบับ 1:25,000",ลดรายละเอียดเส้น 50 เมตรเพื่อแสดงผล; ไม่ใช้ระบุแนวเขตแปลง
22,จันทบุรี,Cb,ชลบุรี,อ.แหลมสิงห์,ต่ำ,กรดปานกลางถึงเป็นกลาง,ดินร่วนปนทราย,"กรมพัฒนาที่ดิน · ปีผลิต 2561 · มาตราส่วนต้นฉบับ 1:25,000",ลดรายละเอียดเส้น 50 เมตรเพื่อแสดงผล; ไม่ใช้ระบุแนวเขตแปลง
22,จันทบุรี,Hh,หัวหิน,อ.แหลมสิงห์,ต่ำ,กรดปานกลางถึงด่างปานกลาง,ดินทรายปนดินร่วน,"กรมพัฒนาที่ดิน · ปีผลิต 2561 · มาตราส่วนต้นฉบับ 1:25,000",ลดรายละเอียดเส้น 50 เมตรเพื่อแสดงผล; ไม่ใช้ระบุแนวเขตแปลง
22,จันทบุรี,Kc,คลองซาก,อ.แหลมสิงห์,ปานกลาง,กรดจัดมากถึงกรดปานกลาง,ดินร่วนปนดินเหนียว,"กรมพัฒนาที่ดิน · ปีผลิต 2561 · มาตราส่วนต้นฉบับ 1:25,000",ลดรายละเอียดเส้น 50 เมตรเพื่อแสดงผล; ไม่ใช้ระบุแนวเขตแปลง
22,จันทบุรี,Knk,คลองนกกระทุง,อ.แหลมสิงห์,ต่ำ,กรดจัดมากถึงกรดจัด,ดินร่วนปนทราย,"กรมพัฒนาที่ดิน · ปีผลิต 2561 · มาตราส่วนต้นฉบับ 1:25,000",ลดรายละเอียดเส้น 50 เมตรเพื่อแสดงผล; ไม่ใช้ระบุแนวเขตแปลง
22,จันทบุรี,Pto,พะโต๊ะ,อ.แหลมสิงห์,ต่ำ,กรดจัดถึงกรดเล็กน้อย,ดินร่วนปนทราย,"กรมพัฒนาที่ดิน · ปีผลิต 2561 · มาตราส่วนต้นฉบับ 1:25,000",ลดรายละเอียดเส้น 50 เมตรเพื่อแสดงผล; ไม่ใช้ระบุแนวเขตแปลง
22,จันทบุรี,Pto,พะโต๊ะ,อ.แหลมสิงห์,ต่ำ,กรดจัดถึงกรดเล็กน้อย,ดินร่วนปนทรายปนกรวด,"กรมพัฒนาที่ดิน · ปีผลิต 2561 · มาตราส่วนต้นฉบับ 1:25,000",ลดรายละเอียดเส้น 50 เมตรเพื่อแสดงผล; ไม่ใช้ระบุแนวเขตแปลง
22,จันทบุรี,Ry,ระยอง,อ.แหลมสิงห์,ต่ำ,กรดจัดมากถึงกรดเล็กน้อย,ดินทรายปนดินร่วน,"กรมพัฒนาที่ดิน · ปีผลิต 2561 · มาตราส่วนต้นฉบับ 1:25,000",ลดรายละเอียดเส้น 50 เมตรเพื่อแสดงผล; ไม่ใช้ระบุแนวเขตแปลง
22,จันทบุรี,SC,พื้นที่ลาดชันเชิงซ้อน,อ.แหลมสิงห์,-,,,"กรมพัฒนาที่ดิน · ปีผลิต 2561 · มาตราส่วนต้นฉบับ 1:25,000",ลดรายละเอียดเส้น 50 เมตรเพื่อแสดงผล; ไม่ใช้ระบุแนวเขตแปลง
22,จันทบุรี,Ta,ตากใบ,อ.แหลมสิงห์,ต่ำ,กรดจัดมากกรดปานกลาง,ดินร่วนปนทรายแป้ง,"กรมพัฒนาที่ดิน · ปีผลิต 2561 · มาตราส่วนต้นฉบับ 1:25,000",ลดรายละเอียดเส้น 50 เมตรเพื่อแสดงผล; ไม่ใช้ระบุแนวเขตแปลง
22,จันทบุรี,Tc,ท่าจีน,อ.แหลมสิงห์,สูง,กรดเล็กน้อยถึงเป็นกลาง,ดินร่วนเหนียวปนทรายแป้ง,"กรมพัฒนาที่ดิน · ปีผลิต 2561 · มาตราส่วนต้นฉบับ 1:25,000",ลดรายละเอียดเส้น 50 เมตรเพื่อแสดงผล; ไม่ใช้ระบุแนวเขตแปลง
22,จันทบุรี,Te,ท่าแซะ,อ.แหลมสิงห์,ต่ำ,กรดจัดมากถึงกรดจัด,ดินร่วนปนทราย,"กรมพัฒนาที่ดิน · ปีผลิต 2561 · มาตราส่วนต้นฉบับ 1:25,000",ลดรายละเอียดเส้น 50 เมตรเพื่อแสดงผล; ไม่ใช้ระบุแนวเขตแปลง
22,จันทบุรี,Tkt,ตะกั่วทุ่ง,อ.แหลมสิงห์,สูง,กรดปานกลางถึงด่างปานกลาง,ดินร่วนปนทรายแป้ง,"กรมพัฒนาที่ดิน · ปีผลิต 2561 · มาตราส่วนต้นฉบับ 1:25,000",ลดรายละเอียดเส้น 50 เมตรเพื่อแสดงผล; ไม่ใช้ระบุแนวเขตแปลง
22,จันทบุรี,W,พื้นที่น้ำ,อ.แหลมสิงห์,-,,,"กรมพัฒนาที่ดิน · ปีผลิต 2561 · มาตราส่วนต้นฉบับ 1:25,000",ลดรายละเอียดเส้น 50 เมตรเพื่อแสดงผล; ไม่ใช้ระบุแนวเขตแปลง
22,จันทบุรี,Chl,ฉลอง,อ.แก่งหางแมว,ต่ำ,กรดจัดมากถึงกรดจัด,ดินร่วนปนทราย,"กรมพัฒนาที่ดิน · ปีผลิต 2561 · มาตราส่วนต้นฉบับ 1:25,000",ลดรายละเอียดเส้น 50 เมตรเพื่อแสดงผล; ไม่ใช้ระบุแนวเขตแปลง
22,จันทบุรี,Cp,ชุมพร,อ.แก่งหางแมว,ต่ำ,กรดจัดมากถึงกรดปานกลาง,ดินร่วนเหนียวปนทราย,"กรมพัฒนาที่ดิน · ปีผลิต 2561 · มาตราส่วนต้นฉบับ 1:25,000",ลดรายละเอียดเส้น 50 เมตรเพื่อแสดงผล; ไม่ใช้ระบุแนวเขตแปลง
22,จันทบุรี,Ho,ห้วยยอด,อ.แก่งหางแมว,ต่ำ,กรดจัดมาก,ดินร่วนปนดินเหนียวปนกรวด,"กรมพัฒนาที่ดิน · ปีผลิต 2561 · มาตราส่วนต้นฉบับ 1:25,000",ลดรายละเอียดเส้น 50 เมตรเพื่อแสดงผล; ไม่ใช้ระบุแนวเขตแปลง
22,จันทบุรี,Kc,คลองซาก,อ.แก่งหางแมว,ปานกลาง,กรดจัดมากถึงกรดปานกลาง,ดินร่วนปนดินเหนียว,"กรมพัฒนาที่ดิน · ปีผลิต 2561 · มาตราส่วนต้นฉบับ 1:25,000",ลดรายละเอียดเส้น 50 เมตรเพื่อแสดงผล; ไม่ใช้ระบุแนวเขตแปลง
22,จันทบุรี,Knk,คลองนกกระทุง,อ.แก่งหางแมว,ต่ำ,กรดจัดมากถึงกรดจัด,ดินร่วนปนทราย,"กรมพัฒนาที่ดิน · ปีผลิต 2561 · มาตราส่วนต้นฉบับ 1:25,000",ลดรายละเอียดเส้น 50 เมตรเพื่อแสดงผล; ไม่ใช้ระบุแนวเขตแปลง
22,จันทบุรี,Ll,ลำภูรา,อ.แก่งหางแมว,ปานกลาง,กรดจัดมากถึงกรดเล็กน้อย,ดินร่วนปนดินเหนียว,"กรมพัฒนาที่ดิน · ปีผลิต 2561 · มาตราส่วนต้นฉบับ 1:25,000",ลดรายละเอียดเส้น 50 เมตรเพื่อแสดงผล; ไม่ใช้ระบุแนวเขตแปลง
22,จันทบุรี,Ntn,นาทอน,อ.แก่งหางแมว,ต่ำ,กรดจัดมากถึงกรดจัด,ดินร่วนปนดินเหนียว,"กรมพัฒนาที่ดิน · ปีผลิต 2561 · มาตราส่วนต้นฉบับ 1:25,000",ลดรายละเอียดเส้น 50 เมตรเพื่อแสดงผล; ไม่ใช้ระบุแนวเขตแปลง
22,จันทบุรี,Pac,ปากจั่น,อ.แก่งหางแมว,ปานกลาง,กรดปานกลางถึงเป็นกลาง,ดินร่วนปนดินเหนียว,"กรมพัฒนาที่ดิน · ปีผลิต 2561 · มาตราส่วนต้นฉบับ 1:25,000",ลดรายละเอียดเส้น 50 เมตรเพื่อแสดงผล; ไม่ใช้ระบุแนวเขตแปลง
22,จันทบุรี,Pto,พะโต๊ะ,อ.แก่งหางแมว,ต่ำ,กรดจัดถึงกรดเล็กน้อย,ดินร่วนปนทราย,"กรมพัฒนาที่ดิน · ปีผลิต 2561 · มาตราส่วนต้นฉบับ 1:25,000",ลดรายละเอียดเส้น 50 เมตรเพื่อแสดงผล; ไม่ใช้ระบุแนวเขตแปลง
22,จันทบุรี,Pto,พะโต๊ะ,อ.แก่งหางแมว,ต่ำ,กรดจัดถึงกรดเล็กน้อย,ดินร่วนปนทรายปนกรวด,"กรมพัฒนาที่ดิน · ปีผลิต 2561 · มาตราส่วนต้นฉบับ 1:25,000",ลดรายละเอียดเส้น 50 เมตรเพื่อแสดงผล; ไม่ใช้ระบุแนวเขตแปลง
22,จันทบุรี,RC,ที่ดินหินพื้นโผล่,อ.แก่งหางแมว,-,,,"กรมพัฒนาที่ดิน · ปีผลิต 2561 · มาตราส่วนต้นฉบับ 1:25,000",ลดรายละเอียดเส้น 50 เมตรเพื่อแสดงผล; ไม่ใช้ระบุแนวเขตแปลง
22,จันทบุรี,Rg,ระนอง,อ.แก่งหางแมว,ต่ำ,กรดจัดมาก,ดินร่วนปนทรายปนกรวด,"กรมพัฒนาที่ดิน · ปีผลิต 2561 · มาตราส่วนต้นฉบับ 1:25,000",ลดรายละเอียดเส้น 50 เมตรเพื่อแสดงผล; ไม่ใช้ระบุแนวเขตแปลง
22,จันทบุรี,Rg,ระนอง,อ.แก่งหางแมว,ต่ำ,กรดจัดมาก,ดินร่วนปนทรายปนกรวดมาก,"กรมพัฒนาที่ดิน · ปีผลิต 2561 · มาตราส่วนต้นฉบับ 1:25,000",ลดรายละเอียดเส้น 50 เมตรเพื่อแสดงผล; ไม่ใช้ระบุแนวเขตแปลง
22,จันทบุรี,Rg-Pto,หน่วยดินเชิงซ้อนชุดดินร้องกวางและชุดดินพะโต๊ะ,อ.แก่งหางแมว,ต่ำ,กรดจัดมาก,ดินร่วนปนทรายปนกรวด,"กรมพัฒนาที่ดิน · ปีผลิต 2561 · มาตราส่วนต้นฉบับ 1:25,000",ลดรายละเอียดเส้น 50 เมตรเพื่อแสดงผล; ไม่ใช้ระบุแนวเขตแปลง
22,จันทบุรี,Ro,รือเสาะ,อ.แก่งหางแมว,ปานกลาง,กรดจัดมากกรดปานกลาง,ดินร่วนปนทรายแป้ง,"กรมพัฒนาที่ดิน · ปีผลิต 2561 · มาตราส่วนต้นฉบับ 1:25,000",ลดรายละเอียดเส้น 50 เมตรเพื่อแสดงผล; ไม่ใช้ระบุแนวเขตแปลง
22,จันทบุรี,Ro,รือเสาะ,อ.แก่งหางแมว,ปานกลาง,กรดจัดมากกรดปานกลาง,ดินร่วน,"กรมพัฒนาที่ดิน · ปีผลิต 2561 · มาตราส่วนต้นฉบับ 1:25,000",ลดรายละเอียดเส้น 50 เมตรเพื่อแสดงผล; ไม่ใช้ระบุแนวเขตแปลง
22,จันทบุรี,SC,พื้นที่ลาดชันเชิงซ้อน,อ.แก่งหางแมว,-,,,"กรมพัฒนาที่ดิน · ปีผลิต 2561 · มาตราส่วนต้นฉบับ 1:25,000",ลดรายละเอียดเส้น 50 เมตรเพื่อแสดงผล; ไม่ใช้ระบุแนวเขตแปลง
22,จันทบุรี,Sw,สวี,อ.แก่งหางแมว,ต่ำ,กรดจัดถึงกรดเล็กน้อย,ดินร่วนปนทราย,"กรมพัฒนาที่ดิน · ปีผลิต 2561 · มาตราส่วนต้นฉบับ 1:25,000",ลดรายละเอียดเส้น 50 เมตรเพื่อแสดงผล; ไม่ใช้ระบุแนวเขตแปลง
22,จันทบุรี,Te,ท่าแซะ,อ.แก่งหางแมว,ต่ำ,กรดจัดมากถึงกรดจัด,ดินร่วนปนทราย,"กรมพัฒนาที่ดิน · ปีผลิต 2561 · มาตราส่วนต้นฉบับ 1:25,000",ลดรายละเอียดเส้น 50 เมตรเพื่อแสดงผล; ไม่ใช้ระบุแนวเขตแปลง
22,จันทบุรี,W,พื้นที่น้ำ,อ.แก่งหางแมว,-,,,"กรมพัฒนาที่ดิน · ปีผลิต 2561 · มาตราส่วนต้นฉบับ 1:25,000",ลดรายละเอียดเส้น 50 เมตรเพื่อแสดงผล; ไม่ใช้ระบุแนวเขตแปลง
22,จันทบุรี,Kkl,ควนกาหลง,อ.แก่งหางแมว,ต่ำ,กรดจัดมากถึงกรดจัด,ดินร่วนปนทราย,"กรมพัฒนาที่ดิน · ปีผลิต 2561 · มาตราส่วนต้นฉบับ 1:25,000",ลดรายละเอียดเส้น 50 เมตรเพื่อแสดงผล; ไม่ใช้ระบุแนวเขตแปลง
22,จันทบุรี,Klt,คลองเต็ง,อ.แก่งหางแมว,ต่ำ,กรดจัดมาก,ดินร่วนปนดินเหนียว,"กรมพัฒนาที่ดิน · ปีผลิต 2561 · มาตราส่วนต้นฉบับ 1:25,000",ลดรายละเอียดเส้น 50 เมตรเพื่อแสดงผล; ไม่ใช้ระบุแนวเขตแปลง
22,จันทบุรี,Ko,โคกเคียน,อ.แก่งหางแมว,ต่ำ,กรดจัดมากถึงกรดปานกลาง,ดินร่วนเหนียวปนทราย,"กรมพัฒนาที่ดิน · ปีผลิต 2561 · มาตราส่วนต้นฉบับ 1:25,000",ลดรายละเอียดเส้น 50 เมตรเพื่อแสดงผล; ไม่ใช้ระบุแนวเขตแปลง
22,จันทบุรี,Lh,ละหาน,อ.แก่งหางแมว,ต่ำ,กรดจัดมากถึงกรดจัด,ดินร่วนปนทราย,"กรมพัฒนาที่ดิน · ปีผลิต 2561 · มาตราส่วนต้นฉบับ 1:25,000",ลดรายละเอียดเส้น 50 เมตรเพื่อแสดงผล; ไม่ใช้ระบุแนวเขตแปลง
22,จันทบุรี,Tg,ทุ่งหว้า,อ.แก่งหางแมว,ต่ำ,กรดจัดมากึงกรดจัด,ดินร่วนปนทราย,"กรมพัฒนาที่ดิน · ปีผลิต 2561 · มาตราส่วนต้นฉบับ 1:25,000",ลดรายละเอียดเส้น 50 เมตรเพื่อแสดงผล; ไม่ใช้ระบุแนวเขตแปลง
22,จันทบุรี,Sw,สวี,อ.แก่งหางแมว,ต่ำ,กรดจัดถึงกรดเล็กน้อย,ดินร่วนปนทรายปนกรวด,"กรมพัฒนาที่ดิน · ปีผลิต 2561 · มาตราส่วนต้นฉบับ 1:25,000",ลดรายละเอียดเส้น 50 เมตรเพื่อแสดงผล; ไม่ใช้ระบุแนวเขตแปลง
22,จันทบุรี,Ty,ท่ายาง,อ.แก่งหางแมว,ปานกลาง,กรดจัดถึงกรดเล็กน้อย,ดินร่วนปนทราย,"กรมพัฒนาที่ดิน · ปีผลิต 2561 · มาตราส่วนต้นฉบับ 1:25,000",ลดรายละเอียดเส้น 50 เมตรเพื่อแสดงผล; ไม่ใช้ระบุแนวเขตแปลง
22,จันทบุรี,AC,ตะกอนน้ำพาเชิงซ้อน,อ.แก่งหางแมว,ปานกลาง,กรดจัดมากถึงกรดเล็กน้อย,ดินร่วนปนทราย,"กรมพัฒนาที่ดิน · ปีผลิต 2561 · มาตราส่วนต้นฉบับ 1:25,000",ลดรายละเอียดเส้น 50 เมตรเพื่อแสดงผล; ไม่ใช้ระบุแนวเขตแปลง
22,จันทบุรี,Ba,ชุดดินบางนารา,อ.แก่งหางแมว,ต่ำ,กรดจัดถึงกรดเล็กน้อย,ดินร่วนปนดินเหนียว,"กรมพัฒนาที่ดิน · ปีผลิต 2561 · มาตราส่วนต้นฉบับ 1:25,000",ลดรายละเอียดเส้น 50 เมตรเพื่อแสดงผล; ไม่ใช้ระบุแนวเขตแปลง
22,จันทบุรี,Kh,คอหงษ์,อ.แก่งหางแมว,ต่ำ,กรดจัดมากึงกรดจัด,ดินร่วนปนทราย,"กรมพัฒนาที่ดิน · ปีผลิต 2561 · มาตราส่วนต้นฉบับ 1:25,000",ลดรายละเอียดเส้น 50 เมตรเพื่อแสดงผล; ไม่ใช้ระบุแนวเขตแปลง
22,จันทบุรี,Kl,แกลง,อ.แก่งหางแมว,ต่ำ,กรดจัดถึงกรดเล็กน้อย,ดินร่วนปนดินเหนียว,"กรมพัฒนาที่ดิน · ปีผลิต 2561 · มาตราส่วนต้นฉบับ 1:25,000",ลดรายละเอียดเส้น 50 เมตรเพื่อแสดงผล; ไม่ใช้ระบุแนวเขตแปลง
22,จันทบุรี,Mak,มะขาม,อ.แก่งหางแมว,ต่ำ,กรดจัดมากถึงเป็นกลาง,ดินร่วนปนทราย,"กรมพัฒนาที่ดิน · ปีผลิต 2561 · มาตราส่วนต้นฉบับ 1:25,000",ลดรายละเอียดเส้น 50 เมตรเพื่อแสดงผล; ไม่ใช้ระบุแนวเขตแปลง
22,จันทบุรี,Tg,ทุ่งหว้า,อ.แก่งหางแมว,ต่ำ,กรดจัดถึงกรดเล็กน้อย,ดินร่วนปนทราย,"กรมพัฒนาที่ดิน · ปีผลิต 2561 · มาตราส่วนต้นฉบับ 1:25,000",ลดรายละเอียดเส้น 50 เมตรเพื่อแสดงผล; ไม่ใช้ระบุแนวเขตแปลง
33,ศรีสะเกษ,Chp,ชุมพลบุรี,อ.กันทรารมย์,ต่ำ,กรดจัดมากถึงกรดจัด,ดินร่วนปนทราย,"กรมพัฒนาที่ดิน · ปีผลิต 2561 · มาตราส่วนต้นฉบับ 1:25,000",ลดรายละเอียดเส้น 50 เมตรเพื่อแสดงผล; ไม่ใช้ระบุแนวเขตแปลง
33,ศรีสะเกษ,Chp/Ka,หน่วยดินสัมพันธ์ชุดดินชุมพลบุรีและชุดดินกันทรวิชัย,อ.กันทรารมย์,ต่ำถึงปานกลาง,กรดจัดมากถึงกรดจัด,ดินร่วนหรือดินร่วนเหนียวปนทรายแป้ง,"กรมพัฒนาที่ดิน · ปีผลิต 2561 · มาตราส่วนต้นฉบับ 1:25,000",ลดรายละเอียดเส้น 50 เมตรเพื่อแสดงผล; ไม่ใช้ระบุแนวเขตแปลง
33,ศรีสะเกษ,Cni,ชำนิ,อ.กันทรารมย์,ต่ำ,กรดจัดถึงกรดปานกลาง,ดินร่วน,"กรมพัฒนาที่ดิน · ปีผลิต 2561 · มาตราส่วนต้นฉบับ 1:25,000",ลดรายละเอียดเส้น 50 เมตรเพื่อแสดงผล; ไม่ใช้ระบุแนวเขตแปลง
33,ศรีสะเกษ,Cni,ชำนิ,อ.กันทรารมย์,ต่ำ,กรดจัดถึงกรดปานกลาง,ดินร่วนปนทรายแป้ง,"กรมพัฒนาที่ดิน · ปีผลิต 2561 · มาตราส่วนต้นฉบับ 1:25,000",ลดรายละเอียดเส้น 50 เมตรเพื่อแสดงผล; ไม่ใช้ระบุแนวเขตแปลง
33,ศรีสะเกษ,Kng,คง,อ.กันทรารมย์,ต่ำ,กรดจัดมากถึงกรดจัด,ดินร่วนปนทราย,"กรมพัฒนาที่ดิน · ปีผลิต 2561 · มาตราส่วนต้นฉบับ 1:25,000",ลดรายละเอียดเส้น 50 เมตรเพื่อแสดงผล; ไม่ใช้ระบุแนวเขตแปลง
33,ศรีสะเกษ,Msk,มหาสารคาม,อ.กันทรารมย์,ต่ำ,กรดจัดถึงกรดปานกลาง,ดินทรายปนดินร่วน,"กรมพัฒนาที่ดิน · ปีผลิต 2561 · มาตราส่วนต้นฉบับ 1:25,000",ลดรายละเอียดเส้น 50 เมตรเพื่อแสดงผล; ไม่ใช้ระบุแนวเขตแปลง
33,ศรีสะเกษ,Nad,นาดูน,อ.กันทรารมย์,ต่ำ,กรดจัดมากถึงกรดจัด,ดินร่วนปนทราย,"กรมพัฒนาที่ดิน · ปีผลิต 2561 · มาตราส่วนต้นฉบับ 1:25,000",ลดรายละเอียดเส้น 50 เมตรเพื่อแสดงผล; ไม่ใช้ระบุแนวเขตแปลง
33,ศรีสะเกษ,Nbn,หนองบุญนาก,อ.กันทรารมย์,ต่ำ,กรดจัดมากถึงกรดจัด,ดินร่วนปนทราย,"กรมพัฒนาที่ดิน · ปีผลิต 2561 · มาตราส่วนต้นฉบับ 1:25,000",ลดรายละเอียดเส้น 50 เมตรเพื่อแสดงผล; ไม่ใช้ระบุแนวเขตแปลง
33,ศรีสะเกษ,Ndg,โนนแดง,อ.กันทรารมย์,ต่ำ,กรดจัดมากถึงกรดจัด,ดินร่วนปนทราย,"กรมพัฒนาที่ดิน · ปีผลิต 2561 · มาตราส่วนต้นฉบับ 1:25,000",ลดรายละเอียดเส้น 50 เมตรเพื่อแสดงผล; ไม่ใช้ระบุแนวเขตแปลง
33,ศรีสะเกษ,Pho,พล,อ.กันทรารมย์,ต่ำ,กรดจัดถึงกรดปานกลาง,ดินร่วนปนทราย,"กรมพัฒนาที่ดิน · ปีผลิต 2561 · มาตราส่วนต้นฉบับ 1:25,000",ลดรายละเอียดเส้น 50 เมตรเพื่อแสดงผล; ไม่ใช้ระบุแนวเขตแปลง
33,ศรีสะเกษ,Ptk,พระทองคำ,อ.กันทรารมย์,ต่ำ,กรดจัดมากถึงกรดจัด,ดินร่วนปนทราย,"กรมพัฒนาที่ดิน · ปีผลิต 2561 · มาตราส่วนต้นฉบับ 1:25,000",ลดรายละเอียดเส้น 50 เมตรเพื่อแสดงผล; ไม่ใช้ระบุแนวเขตแปลง
33,ศรีสะเกษ,Re,ร้อยเอ็ด,อ.กันทรารมย์,ต่ำ,กรดจัดมากถึงกรดปานกลาง,ดินร่วนปนทราย,"กรมพัฒนาที่ดิน · ปีผลิต 2561 · มาตราส่วนต้นฉบับ 1:25,000",ลดรายละเอียดเส้น 50 เมตรเพื่อแสดงผล; ไม่ใช้ระบุแนวเขตแปลง
33,ศรีสะเกษ,Re,ร้อยเอ็ด,อ.กันทรารมย์,ต่ำ,กรดจัดมากถึงกรดจัด,ดินร่วนปนทราย,"กรมพัฒนาที่ดิน · ปีผลิต 2561 · มาตราส่วนต้นฉบับ 1:25,000",ลดรายละเอียดเส้น 50 เมตรเพื่อแสดงผล; ไม่ใช้ระบุแนวเขตแปลง
33,ศรีสะเกษ,St,สีทน,อ.กันทรารมย์,ต่ำ,กรดจัดมากถึงกรดจัด,ดินร่วนปนทราย,"กรมพัฒนาที่ดิน · ปีผลิต 2561 · มาตราส่วนต้นฉบับ 1:25,000",ลดรายละเอียดเส้น 50 เมตรเพื่อแสดงผล; ไม่ใช้ระบุแนวเขตแปลง
33,ศรีสะเกษ,Th,ธวัชบุรี,อ.กันทรารมย์,ปานกลาง,กรดปานกลางถึงกรดเล็กน้อย,ดินร่วนเหนียวปนทรายแป้ง,"กรมพัฒนาที่ดิน · ปีผลิต 2561 · มาตราส่วนต้นฉบับ 1:25,000",ลดรายละเอียดเส้น 50 เมตรเพื่อแสดงผล; ไม่ใช้ระบุแนวเขตแปลง
33,ศรีสะเกษ,Tt,ท่าตูม,อ.กันทรารมย์,ต่ำ,กรดจัดมากถึงกรดปานกลาง,ดินร่วนเหนียวปนทรายแป้ง,"กรมพัฒนาที่ดิน · ปีผลิต 2561 · มาตราส่วนต้นฉบับ 1:25,000",ลดรายละเอียดเส้น 50 เมตรเพื่อแสดงผล; ไม่ใช้ระบุแนวเขตแปลง
33,ศรีสะเกษ,W,พื้นที่น้ำ,อ.กันทรารมย์,-,,,"กรมพัฒนาที่ดิน · ปีผลิต 2561 · มาตราส่วนต้นฉบับ 1:25,000",ลดรายละเอียดเส้น 50 เมตรเพื่อแสดงผล; ไม่ใช้ระบุแนวเขตแปลง
33,ศรีสะเกษ,Chp/Ka,หน่วยดินสัมพันธ์ชุดดินชุมพลบุรีและชุดดินกันทรวิชัย,อ.ขุขันธ์,ต่ำถึงปานกลาง,กรดจัดมากถึงกรดจัด,ดินร่วนปนทรายหรือดินร่วนเหนียวปนทรายแป้ง,"กรมพัฒนาที่ดิน · ปีผลิต 2561 · มาตราส่วนต้นฉบับ 1:25,000",ลดรายละเอียดเส้น 50 เมตรเพื่อแสดงผล; ไม่ใช้ระบุแนวเขตแปลง
33,ศรีสะเกษ,Cni,ชำนิ,อ.ขุขันธ์,ต่ำ,กรดจัดถึงกรดปานกลาง,ดินร่วน,"กรมพัฒนาที่ดิน · ปีผลิต 2561 · มาตราส่วนต้นฉบับ 1:25,000",ลดรายละเอียดเส้น 50 เมตรเพื่อแสดงผล; ไม่ใช้ระบุแนวเขตแปลง
33,ศรีสะเกษ,Cni,ชำนิ,อ.ขุขันธ์,ต่ำ,กรดจัดถึงกรดปานกลาง,ดินร่วนปนทรายแป้ง,"กรมพัฒนาที่ดิน · ปีผลิต 2561 · มาตราส่วนต้นฉบับ 1:25,000",ลดรายละเอียดเส้น 50 เมตรเพื่อแสดงผล; ไม่ใช้ระบุแนวเขตแปลง
33,ศรีสะเกษ,Kng,คง,อ.ขุขันธ์,ต่ำ,กรดจัดมากถึงกรดจัด,ดินร่วนปนทราย,"กรมพัฒนาที่ดิน · ปีผลิต 2561 · มาตราส่วนต้นฉบับ 1:25,000",ลดรายละเอียดเส้น 50 เมตรเพื่อแสดงผล; ไม่ใช้ระบุแนวเขตแปลง
33,ศรีสะเกษ,Kt,โคราช,อ.ขุขันธ์,ต่ำ,กรดจัดมากถึงกรดจัด,ดินร่วนปนทราย,"กรมพัฒนาที่ดิน · ปีผลิต 2561 · มาตราส่วนต้นฉบับ 1:25,000",ลดรายละเอียดเส้น 50 เมตรเพื่อแสดงผล; ไม่ใช้ระบุแนวเขตแปลง
33,ศรีสะเกษ,Msk,มหาสารคาม,อ.ขุขันธ์,ต่ำ,กรดจัดถึงกรดปานกลาง,ดินทรายปนดินร่วน,"กรมพัฒนาที่ดิน · ปีผลิต 2561 · มาตราส่วนต้นฉบับ 1:25,000",ลดรายละเอียดเส้น 50 เมตรเพื่อแสดงผล; ไม่ใช้ระบุแนวเขตแปลง
33,ศรีสะเกษ,Nad,นาดูน,อ.ขุขันธ์,ต่ำ,กรดจัดมากถึงกรดจัด,ดินร่วนปนทราย,"กรมพัฒนาที่ดิน · ปีผลิต 2561 · มาตราส่วนต้นฉบับ 1:25,000",ลดรายละเอียดเส้น 50 เมตรเพื่อแสดงผล; ไม่ใช้ระบุแนวเขตแปลง
33,ศรีสะเกษ,Nbn,หนองบุญนาก,อ.ขุขันธ์,ต่ำ,กรดจัดมากถึงกรดจัด,ดินร่วนปนทราย,"กรมพัฒนาที่ดิน · ปีผลิต 2561 · มาตราส่วนต้นฉบับ 1:25,000",ลดรายละเอียดเส้น 50 เมตรเพื่อแสดงผล; ไม่ใช้ระบุแนวเขตแปลง
33,ศรีสะเกษ,Ndg,โนนแดง,อ.ขุขันธ์,ต่ำ,กรดจัดมากถึงกรดจัด,ดินร่วนปนทราย,"กรมพัฒนาที่ดิน · ปีผลิต 2561 · มาตราส่วนต้นฉบับ 1:25,000",ลดรายละเอียดเส้น 50 เมตรเพื่อแสดงผล; ไม่ใช้ระบุแนวเขตแปลง
33,ศรีสะเกษ,Pho,พล,อ.ขุขันธ์,ต่ำ,กรดจัดถึงกรดปานกลาง,ดินร่วนปนทราย,"กรมพัฒนาที่ดิน · ปีผลิต 2561 · มาตราส่วนต้นฉบับ 1:25,000",ลดรายละเอียดเส้น 50 เมตรเพื่อแสดงผล; ไม่ใช้ระบุแนวเขตแปลง
33,ศรีสะเกษ,Ptc,ปักธงชัย,อ.ขุขันธ์,ต่ำ,กรดจัดมากถึงกรดเล็กน้อย,ดินร่วนปนทราย,"กรมพัฒนาที่ดิน · ปีผลิต 2561 · มาตราส่วนต้นฉบับ 1:25,000",ลดรายละเอียดเส้น 50 เมตรเพื่อแสดงผล; ไม่ใช้ระบุแนวเขตแปลง
33,ศรีสะเกษ,Ptk,พระทองคำ,อ.ขุขันธ์,ต่ำ,กรดจัดมากถึงกรดจัด,ดินร่วนปนทราย,"กรมพัฒนาที่ดิน · ปีผลิต 2561 · มาตราส่วนต้นฉบับ 1:25,000",ลดรายละเอียดเส้น 50 เมตรเพื่อแสดงผล; ไม่ใช้ระบุแนวเขตแปลง
33,ศรีสะเกษ,Ptk-Ndg,หน่วยดินเชิงซ้อนชุดดินพระทองคำและชุดดินโนนแดง,อ.ขุขันธ์,ต่ำ,กรดจัดมากถึงกรดจัด,ดินร่วนปนทราย,"กรมพัฒนาที่ดิน · ปีผลิต 2561 · มาตราส่วนต้นฉบับ 1:25,000",ลดรายละเอียดเส้น 50 เมตรเพื่อแสดงผล; ไม่ใช้ระบุแนวเขตแปลง
33,ศรีสะเกษ,Pu,ภูพาน,อ.ขุขันธ์,ต่ำ,กรดจัดมากถึงกรดเล็กน้อย,ดินร่วนปนทราย,"กรมพัฒนาที่ดิน · ปีผลิต 2561 · มาตราส่วนต้นฉบับ 1:25,000",ลดรายละเอียดเส้น 50 เมตรเพื่อแสดงผล; ไม่ใช้ระบุแนวเขตแปลง
33,ศรีสะเกษ,Pu,ภูพาน,อ.ขุขันธ์,ต่ำ,กรดจัดมากถึงกรดจัด,ดินร่วนปนทราย,"กรมพัฒนาที่ดิน · ปีผลิต 2561 · มาตราส่วนต้นฉบับ 1:25,000",ลดรายละเอียดเส้น 50 เมตรเพื่อแสดงผล; ไม่ใช้ระบุแนวเขตแปลง
33,ศรีสะเกษ,Re,ร้อยเอ็ด,อ.ขุขันธ์,ต่ำ,กรดจัดมากถึงกรดปานกลาง,ดินร่วนปนทราย,"กรมพัฒนาที่ดิน · ปีผลิต 2561 · มาตราส่วนต้นฉบับ 1:25,000",ลดรายละเอียดเส้น 50 เมตรเพื่อแสดงผล; ไม่ใช้ระบุแนวเขตแปลง
33,ศรีสะเกษ,Re,ร้อยเอ็ด,อ.ขุขันธ์,ต่ำ,กรดจัดมากถึงกรดจัด,ดินร่วนปนทราย,"กรมพัฒนาที่ดิน · ปีผลิต 2561 · มาตราส่วนต้นฉบับ 1:25,000",ลดรายละเอียดเส้น 50 เมตรเพื่อแสดงผล; ไม่ใช้ระบุแนวเขตแปลง
33,ศรีสะเกษ,Sik,ศีขรภูมิ,อ.ขุขันธ์,ต่ำ,กรดจัดมากถึงกรดจัด,ดินร่วน,"กรมพัฒนาที่ดิน · ปีผลิต 2561 · มาตราส่วนต้นฉบับ 1:25,000",ลดรายละเอียดเส้น 50 เมตรเพื่อแสดงผล; ไม่ใช้ระบุแนวเขตแปลง
33,ศรีสะเกษ,Wk-RC,หน่วยดินเชิงซ้อนชุดดินวังน้ำเขียวและที่ดินหินพื้น*,อ.ขุขันธ์,ต่ำ,กรดจัดมากถึงกรดจัด,ดินร่วนปนทราย,"กรมพัฒนาที่ดิน · ปีผลิต 2561 · มาตราส่วนต้นฉบับ 1:25,000",ลดรายละเอียดเส้น 50 เมตรเพื่อแสดงผล; ไม่ใช้ระบุแนวเขตแปลง
33,ศรีสะเกษ,Br,บุรีรัมย์,อ.ขุนหาญ,ปานกลาง,กรดจัดถึงกรดเล็กน้อย,ดินเหนียว,"กรมพัฒนาที่ดิน · ปีผลิต 2561 · มาตราส่วนต้นฉบับ 1:25,000",ลดรายละเอียดเส้น 50 เมตรเพื่อแสดงผล; ไม่ใช้ระบุแนวเขตแปลง
33,ศรีสะเกษ,Ci,โชคชัย,อ.ขุนหาญ,ต่ำ,กรดปานกลางถึงเป็นกลาง,ดินร่วนปนดินเหนียว,"กรมพัฒนาที่ดิน · ปีผลิต 2561 · มาตราส่วนต้นฉบับ 1:25,000",ลดรายละเอียดเส้น 50 เมตรเพื่อแสดงผล; ไม่ใช้ระบุแนวเขตแปลง
33,ศรีสะเกษ,Cni,ชำนิ,อ.ขุนหาญ,ต่ำ,กรดจัดถึงกรดปานกลาง,ดินร่วน,"กรมพัฒนาที่ดิน · ปีผลิต 2561 · มาตราส่วนต้นฉบับ 1:25,000",ลดรายละเอียดเส้น 50 เมตรเพื่อแสดงผล; ไม่ใช้ระบุแนวเขตแปลง
33,ศรีสะเกษ,ES,หน้าผาชัน,อ.ขุนหาญ,-,,,"กรมพัฒนาที่ดิน · ปีผลิต 2561 · มาตราส่วนต้นฉบับ 1:25,000",ลดรายละเอียดเส้น 50 เมตรเพื่อแสดงผล; ไม่ใช้ระบุแนวเขตแปลง
33,ศรีสะเกษ,Ht,ห้วยแถลง,อ.ขุนหาญ,ต่ำ,กรดจัดมากถึงกรดจัด,ดินร่วนปนทราย,"กรมพัฒนาที่ดิน · ปีผลิต 2561 · มาตราส่วนต้นฉบับ 1:25,000",ลดรายละเอียดเส้น 50 เมตรเพื่อแสดงผล; ไม่ใช้ระบุแนวเขตแปลง
33,ศรีสะเกษ,Kbr,ครบุรี,อ.ขุนหาญ,ต่ำ,กรดปานกลางถึงเป็นกลาง,ดินร่วนปนดินเหนียว,"กรมพัฒนาที่ดิน · ปีผลิต 2561 · มาตราส่วนต้นฉบับ 1:25,000",ลดรายละเอียดเส้น 50 เมตรเพื่อแสดงผล; ไม่ใช้ระบุแนวเขตแปลง
33,ศรีสะเกษ,Lah,ละหานทราย,อ.ขุนหาญ,ต่ำ,กรดจัดมากถึงกรดจัด,ดินร่วนปนทราย,"กรมพัฒนาที่ดิน · ปีผลิต 2561 · มาตราส่วนต้นฉบับ 1:25,000",ลดรายละเอียดเส้น 50 เมตรเพื่อแสดงผล; ไม่ใช้ระบุแนวเขตแปลง
33,ศรีสะเกษ,Msk,มหาสารคาม,อ.ขุนหาญ,ต่ำ,กรดจัดถึงกรดปานกลาง,ดินทรายปนดินร่วน,"กรมพัฒนาที่ดิน · ปีผลิต 2561 · มาตราส่วนต้นฉบับ 1:25,000",ลดรายละเอียดเส้น 50 เมตรเพื่อแสดงผล; ไม่ใช้ระบุแนวเขตแปลง
33,ศรีสะเกษ,Nad,นาดูน,อ.ขุนหาญ,ต่ำ,กรดจัดมากถึงกรดจัด,ดินร่วนปนทราย,"กรมพัฒนาที่ดิน · ปีผลิต 2561 · มาตราส่วนต้นฉบับ 1:25,000",ลดรายละเอียดเส้น 50 เมตรเพื่อแสดงผล; ไม่ใช้ระบุแนวเขตแปลง
33,ศรีสะเกษ,Nbn,หนองบุญนาก,อ.ขุนหาญ,ต่ำ,กรดจัดมากถึงกรดจัด,ดินร่วนปนทราย,"กรมพัฒนาที่ดิน · ปีผลิต 2561 · มาตราส่วนต้นฉบับ 1:25,000",ลดรายละเอียดเส้น 50 เมตรเพื่อแสดงผล; ไม่ใช้ระบุแนวเขตแปลง
33,ศรีสะเกษ,Ndg,โนนแดง,อ.ขุนหาญ,ต่ำ,กรดจัดมากถึงกรดจัด,ดินร่วนปนทราย,"กรมพัฒนาที่ดิน · ปีผลิต 2561 · มาตราส่วนต้นฉบับ 1:25,000",ลดรายละเอียดเส้น 50 เมตรเพื่อแสดงผล; ไม่ใช้ระบุแนวเขตแปลง
33,ศรีสะเกษ,Pho,พล,อ.ขุนหาญ,ต่ำ,กรดจัดถึงกรดปานกลาง,ดินร่วนปนทราย,"กรมพัฒนาที่ดิน · ปีผลิต 2561 · มาตราส่วนต้นฉบับ 1:25,000",ลดรายละเอียดเส้น 50 เมตรเพื่อแสดงผล; ไม่ใช้ระบุแนวเขตแปลง
33,ศรีสะเกษ,Pp,โพนพิสัย,อ.ขุนหาญ,ต่ำ,กรดจัดมากถึงกรดจัด,ดินร่วนปนทราย,"กรมพัฒนาที่ดิน · ปีผลิต 2561 · มาตราส่วนต้นฉบับ 1:25,000",ลดรายละเอียดเส้น 50 เมตรเพื่อแสดงผล; ไม่ใช้ระบุแนวเขตแปลง
33,ศรีสะเกษ,Ptc,ปักธงชัย,อ.ขุนหาญ,ต่ำ,กรดจัดมากถึงกรดเล็กน้อย,ดินร่วนปนทราย,"กรมพัฒนาที่ดิน · ปีผลิต 2561 · มาตราส่วนต้นฉบับ 1:25,000",ลดรายละเอียดเส้น 50 เมตรเพื่อแสดงผล; ไม่ใช้ระบุแนวเขตแปลง
33,ศรีสะเกษ,Ptk,พระทองคำ,อ.ขุนหาญ,ต่ำ,กรดจัดมากถึงกรดจัด,ดินร่วนปนทราย,"กรมพัฒนาที่ดิน · ปีผลิต 2561 · มาตราส่วนต้นฉบับ 1:25,000",ลดรายละเอียดเส้น 50 เมตรเพื่อแสดงผล; ไม่ใช้ระบุแนวเขตแปลง
33,ศรีสะเกษ,Pu,ภูพาน,อ.ขุนหาญ,ต่ำ,กรดจัดมากถึงกรดเล็กน้อย,ดินร่วนปนทราย,"กรมพัฒนาที่ดิน · ปีผลิต 2561 · มาตราส่วนต้นฉบับ 1:25,000",ลดรายละเอียดเส้น 50 เมตรเพื่อแสดงผล; ไม่ใช้ระบุแนวเขตแปลง
33,ศรีสะเกษ,Pu,ภูพาน,อ.ขุนหาญ,ต่ำ,กรดจัดมากถึงกรดจัด,ดินร่วนปนทราย,"กรมพัฒนาที่ดิน · ปีผลิต 2561 · มาตราส่วนต้นฉบับ 1:25,000",ลดรายละเอียดเส้น 50 เมตรเพื่อแสดงผล; ไม่ใช้ระบุแนวเขตแปลง
33,ศรีสะเกษ,RC,ที่ดินหินพื้นโผล่,อ.ขุนหาญ,-,,,"กรมพัฒนาที่ดิน · ปีผลิต 2561 · มาตราส่วนต้นฉบับ 1:25,000",ลดรายละเอียดเส้น 50 เมตรเพื่อแสดงผล; ไม่ใช้ระบุแนวเขตแปลง
33,ศรีสะเกษ,Re,ร้อยเอ็ด,อ.ขุนหาญ,ต่ำ,กรดจัดมากถึงกรดปานกลาง,ดินร่วนปนทราย,"กรมพัฒนาที่ดิน · ปีผลิต 2561 · มาตราส่วนต้นฉบับ 1:25,000",ลดรายละเอียดเส้น 50 เมตรเพื่อแสดงผล; ไม่ใช้ระบุแนวเขตแปลง
33,ศรีสะเกษ,Re,ร้อยเอ็ด,อ.ขุนหาญ,ต่ำ,กรดจัดมากถึงกรดจัด,ดินร่วนปนทราย,"กรมพัฒนาที่ดิน · ปีผลิต 2561 · มาตราส่วนต้นฉบับ 1:25,000",ลดรายละเอียดเส้น 50 เมตรเพื่อแสดงผล; ไม่ใช้ระบุแนวเขตแปลง
33,ศรีสะเกษ,SC,พื้นที่ลาดชันเชิงซ้อน,อ.ขุนหาญ,-,,,"กรมพัฒนาที่ดิน · ปีผลิต 2561 · มาตราส่วนต้นฉบับ 1:25,000",ลดรายละเอียดเส้น 50 เมตรเพื่อแสดงผล; ไม่ใช้ระบุแนวเขตแปลง
33,ศรีสะเกษ,Sik,ศีขรภูมิ,อ.ขุนหาญ,ต่ำ,กรดจัดมากถึงกรดจัด,ดินร่วนปนทรายแป้ง,"กรมพัฒนาที่ดิน · ปีผลิต 2561 · มาตราส่วนต้นฉบับ 1:25,000",ลดรายละเอียดเส้น 50 เมตรเพื่อแสดงผล; ไม่ใช้ระบุแนวเขตแปลง
33,ศรีสะเกษ,Ssk,ศรีสะเกษ,อ.ขุนหาญ,ต่ำ,กรดจัดถึงเป็นกลาง,ดินร่วนปนดินเหนียวปนกรวด,"กรมพัฒนาที่ดิน · ปีผลิต 2561 · มาตราส่วนต้นฉบับ 1:25,000",ลดรายละเอียดเส้น 50 เมตรเพื่อแสดงผล; ไม่ใช้ระบุแนวเขตแปลง
33,ศรีสะเกษ,W,พื้นที่น้ำ,อ.ขุนหาญ,-,,,"กรมพัฒนาที่ดิน · ปีผลิต 2561 · มาตราส่วนต้นฉบับ 1:25,000",ลดรายละเอียดเส้น 50 เมตรเพื่อแสดงผล; ไม่ใช้ระบุแนวเขตแปลง
33,ศรีสะเกษ,Wk,วังน้ำเขียว,อ.ขุนหาญ,ต่ำ,กรดจัดมากถึงกรดจัด,ดินร่วนปนทราย,"กรมพัฒนาที่ดิน · ปีผลิต 2561 · มาตราส่วนต้นฉบับ 1:25,000",ลดรายละเอียดเส้น 50 เมตรเพื่อแสดงผล; ไม่ใช้ระบุแนวเขตแปลง
33,ศรีสะเกษ,Wk-RC,หน่วยดินเชิงซ้อนชุดดินวังน้ำเขียวและที่ดินหินพื้น*,อ.ขุนหาญ,ต่ำ,กรดจัดมากถึงกรดจัด,ดินร่วนปนทราย,"กรมพัฒนาที่ดิน · ปีผลิต 2561 · มาตราส่วนต้นฉบับ 1:25,000",ลดรายละเอียดเส้น 50 เมตรเพื่อแสดงผล; ไม่ใช้ระบุแนวเขตแปลง
33,ศรีสะเกษ,Br,บุรีรัมย์,อ.น้ำเกลี้ยง,ปานกลาง,กรดจัดถึงกรดเล็กน้อย,ดินเหนียว,"กรมพัฒนาที่ดิน · ปีผลิต 2561 · มาตราส่วนต้นฉบับ 1:25,000",ลดรายละเอียดเส้น 50 เมตรเพื่อแสดงผล; ไม่ใช้ระบุแนวเขตแปลง
33,ศรีสะเกษ,Chp,ชุมพลบุรี,อ.น้ำเกลี้ยง,ต่ำ,กรดจัดมากถึงกรดจัด,ดินร่วนปนทราย,"กรมพัฒนาที่ดิน · ปีผลิต 2561 · มาตราส่วนต้นฉบับ 1:25,000",ลดรายละเอียดเส้น 50 เมตรเพื่อแสดงผล; ไม่ใช้ระบุแนวเขตแปลง
33,ศรีสะเกษ,Kng,คง,อ.น้ำเกลี้ยง,ต่ำ,กรดจัดมากถึงกรดจัด,ดินร่วนปนทราย,"กรมพัฒนาที่ดิน · ปีผลิต 2561 · มาตราส่วนต้นฉบับ 1:25,000",ลดรายละเอียดเส้น 50 เมตรเพื่อแสดงผล; ไม่ใช้ระบุแนวเขตแปลง
33,ศรีสะเกษ,Msk,มหาสารคาม,อ.น้ำเกลี้ยง,ต่ำ,กรดจัดถึงกรดปานกลาง,ดินทรายปนดินร่วน,"กรมพัฒนาที่ดิน · ปีผลิต 2561 · มาตราส่วนต้นฉบับ 1:25,000",ลดรายละเอียดเส้น 50 เมตรเพื่อแสดงผล; ไม่ใช้ระบุแนวเขตแปลง
33,ศรีสะเกษ,Nad,นาดูน,อ.น้ำเกลี้ยง,ต่ำ,กรดจัดมากถึงกรดจัด,ดินร่วนปนทราย,"กรมพัฒนาที่ดิน · ปีผลิต 2561 · มาตราส่วนต้นฉบับ 1:25,000",ลดรายละเอียดเส้น 50 เมตรเพื่อแสดงผล; ไม่ใช้ระบุแนวเขตแปลง
33,ศรีสะเกษ,Nbn,หนองบุญนาก,อ.น้ำเกลี้ยง,ต่ำ,กรดจัดมากถึงกรดจัด,ดินร่วนปนทราย,"กรมพัฒนาที่ดิน · ปีผลิต 2561 · มาตราส่วนต้นฉบับ 1:25,000",ลดรายละเอียดเส้น 50 เมตรเพื่อแสดงผล; ไม่ใช้ระบุแนวเขตแปลง
33,ศรีสะเกษ,Ndg,โนนแดง,อ.น้ำเกลี้ยง,ต่ำ,กรดจัดมากถึงกรดจัด,ดินร่วนปนทราย,"กรมพัฒนาที่ดิน · ปีผลิต 2561 · มาตราส่วนต้นฉบับ 1:25,000",ลดรายละเอียดเส้น 50 เมตรเพื่อแสดงผล; ไม่ใช้ระบุแนวเขตแปลง
33,ศรีสะเกษ,Ndg,โนนแดง,อ.น้ำเกลี้ยง,ต่ำ,กรดจัดมากถึงกรดจัด,ดินทรายปนดินร่วน,"กรมพัฒนาที่ดิน · ปีผลิต 2561 · มาตราส่วนต้นฉบับ 1:25,000",ลดรายละเอียดเส้น 50 เมตรเพื่อแสดงผล; ไม่ใช้ระบุแนวเขตแปลง
33,ศรีสะเกษ,Pho,พล,อ.น้ำเกลี้ยง,ต่ำ,กรดจัดถึงกรดปานกลาง,ดินร่วนปนทราย,"กรมพัฒนาที่ดิน · ปีผลิต 2561 · มาตราส่วนต้นฉบับ 1:25,000",ลดรายละเอียดเส้น 50 เมตรเพื่อแสดงผล; ไม่ใช้ระบุแนวเขตแปลง
33,ศรีสะเกษ,Pp,โพนพิสัย,อ.น้ำเกลี้ยง,ต่ำ,กรดจัดมากถึงกรดจัด,ดินร่วนปนทราย,"กรมพัฒนาที่ดิน · ปีผลิต 2561 · มาตราส่วนต้นฉบับ 1:25,000",ลดรายละเอียดเส้น 50 เมตรเพื่อแสดงผล; ไม่ใช้ระบุแนวเขตแปลง
33,ศรีสะเกษ,Ptk,พระทองคำ,อ.น้ำเกลี้ยง,ต่ำ,กรดจัดมากถึงกรดจัด,ดินร่วนปนทราย,"กรมพัฒนาที่ดิน · ปีผลิต 2561 · มาตราส่วนต้นฉบับ 1:25,000",ลดรายละเอียดเส้น 50 เมตรเพื่อแสดงผล; ไม่ใช้ระบุแนวเขตแปลง
33,ศรีสะเกษ,Ptk-Ndg,หน่วยดินเชิงซ้อนชุดดินพระทองคำและชุดดินโนนแดง,อ.น้ำเกลี้ยง,ต่ำ,กรดจัดมากถึงกรดจัด,ดินร่วนปนทราย,"กรมพัฒนาที่ดิน · ปีผลิต 2561 · มาตราส่วนต้นฉบับ 1:25,000",ลดรายละเอียดเส้น 50 เมตรเพื่อแสดงผล; ไม่ใช้ระบุแนวเขตแปลง
33,ศรีสะเกษ,Re,ร้อยเอ็ด,อ.น้ำเกลี้ยง,ต่ำ,กรดจัดมากถึงกรดปานกลาง,ดินร่วนปนทราย,"กรมพัฒนาที่ดิน · ปีผลิต 2561 · มาตราส่วนต้นฉบับ 1:25,000",ลดรายละเอียดเส้น 50 เมตรเพื่อแสดงผล; ไม่ใช้ระบุแนวเขตแปลง
33,ศรีสะเกษ,Re,ร้อยเอ็ด,อ.น้ำเกลี้ยง,ต่ำ,กรดจัดมากถึงกรดจัด,ดินร่วนปนทราย,"กรมพัฒนาที่ดิน · ปีผลิต 2561 · มาตราส่วนต้นฉบับ 1:25,000",ลดรายละเอียดเส้น 50 เมตรเพื่อแสดงผล; ไม่ใช้ระบุแนวเขตแปลง
33,ศรีสะเกษ,Sik,ศีขรภูมิ,อ.น้ำเกลี้ยง,ต่ำ,กรดจัดมากถึงกรดจัด,ดินร่วนปนทรายแป้ง,"กรมพัฒนาที่ดิน · ปีผลิต 2561 · มาตราส่วนต้นฉบับ 1:25,000",ลดรายละเอียดเส้น 50 เมตรเพื่อแสดงผล; ไม่ใช้ระบุแนวเขตแปลง
33,ศรีสะเกษ,Ssk,ศรีสะเกษ,อ.น้ำเกลี้ยง,ต่ำ,กรดจัดถึงเป็นกลาง,ดินร่วนปนดินเหนียวปนกรวด,"กรมพัฒนาที่ดิน · ปีผลิต 2561 · มาตราส่วนต้นฉบับ 1:25,000",ลดรายละเอียดเส้น 50 เมตรเพื่อแสดงผล; ไม่ใช้ระบุแนวเขตแปลง
33,ศรีสะเกษ,St,สีทน,อ.น้ำเกลี้ยง,ต่ำ,กรดจัดมากถึงกรดจัด,ดินร่วนปนทราย,"กรมพัฒนาที่ดิน · ปีผลิต 2561 · มาตราส่วนต้นฉบับ 1:25,000",ลดรายละเอียดเส้น 50 เมตรเพื่อแสดงผล; ไม่ใช้ระบุแนวเขตแปลง
33,ศรีสะเกษ,Ub,อุบล,อ.น้ำเกลี้ยง,ต่ำ,กรดจัดถึงกรดเล็กน้อย,ดินทรายปนดินร่วน,"กรมพัฒนาที่ดิน · ปีผลิต 2561 · มาตราส่วนต้นฉบับ 1:25,000",ลดรายละเอียดเส้น 50 เมตรเพื่อแสดงผล; ไม่ใช้ระบุแนวเขตแปลง
33,ศรีสะเกษ,Chp,ชุมพลบุรี,อ.โนนคูณ,ต่ำ,กรดจัดมากถึงกรดจัด,ดินร่วนปนทราย,"กรมพัฒนาที่ดิน · ปีผลิต 2561 · มาตราส่วนต้นฉบับ 1:25,000",ลดรายละเอียดเส้น 50 เมตรเพื่อแสดงผล; ไม่ใช้ระบุแนวเขตแปลง
33,ศรีสะเกษ,Kt,โคราช,อ.โนนคูณ,ต่ำ,กรดจัดมากถึงกรดจัด,ดินร่วนปนทราย,"กรมพัฒนาที่ดิน · ปีผลิต 2561 · มาตราส่วนต้นฉบับ 1:25,000",ลดรายละเอียดเส้น 50 เมตรเพื่อแสดงผล; ไม่ใช้ระบุแนวเขตแปลง
33,ศรีสะเกษ,Msk,มหาสารคาม,อ.โนนคูณ,ต่ำ,กรดจัดถึงกรดปานกลาง,ดินทรายปนดินร่วน,"กรมพัฒนาที่ดิน · ปีผลิต 2561 · มาตราส่วนต้นฉบับ 1:25,000",ลดรายละเอียดเส้น 50 เมตรเพื่อแสดงผล; ไม่ใช้ระบุแนวเขตแปลง
33,ศรีสะเกษ,Nad,นาดูน,อ.โนนคูณ,ต่ำ,กรดจัดมากถึงกรดจัด,ดินร่วนปนทราย,"กรมพัฒนาที่ดิน · ปีผลิต 2561 · มาตราส่วนต้นฉบับ 1:25,000",ลดรายละเอียดเส้น 50 เมตรเพื่อแสดงผล; ไม่ใช้ระบุแนวเขตแปลง
33,ศรีสะเกษ,Ndg,โนนแดง,อ.โนนคูณ,ต่ำ,กรดจัดมากถึงกรดจัด,ดินร่วนปนทราย,"กรมพัฒนาที่ดิน · ปีผลิต 2561 · มาตราส่วนต้นฉบับ 1:25,000",ลดรายละเอียดเส้น 50 เมตรเพื่อแสดงผล; ไม่ใช้ระบุแนวเขตแปลง
33,ศรีสะเกษ,Ng,น้ำพอง,อ.โนนคูณ,ต่ำ,กรดจัดถึงกรดปานกลาง,ดินทรายปนดินร่วน,"กรมพัฒนาที่ดิน · ปีผลิต 2561 · มาตราส่วนต้นฉบับ 1:25,000",ลดรายละเอียดเส้น 50 เมตรเพื่อแสดงผล; ไม่ใช้ระบุแนวเขตแปลง
33,ศรีสะเกษ,Pho,พล,อ.โนนคูณ,ต่ำ,กรดจัดถึงกรดปานกลาง,ดินร่วนปนทราย,"กรมพัฒนาที่ดิน · ปีผลิต 2561 · มาตราส่วนต้นฉบับ 1:25,000",ลดรายละเอียดเส้น 50 เมตรเพื่อแสดงผล; ไม่ใช้ระบุแนวเขตแปลง
33,ศรีสะเกษ,Pp,โพนพิสัย,อ.โนนคูณ,ต่ำ,กรดจัดมากถึงกรดจัด,ดินร่วนปนทราย,"กรมพัฒนาที่ดิน · ปีผลิต 2561 · มาตราส่วนต้นฉบับ 1:25,000",ลดรายละเอียดเส้น 50 เมตรเพื่อแสดงผล; ไม่ใช้ระบุแนวเขตแปลง
33,ศรีสะเกษ,Ptk,พระทองคำ,อ.โนนคูณ,ต่ำ,กรดจัดมากถึงกรดจัด,ดินร่วนปนทราย,"กรมพัฒนาที่ดิน · ปีผลิต 2561 · มาตราส่วนต้นฉบับ 1:25,000",ลดรายละเอียดเส้น 50 เมตรเพื่อแสดงผล; ไม่ใช้ระบุแนวเขตแปลง
33,ศรีสะเกษ,Re,ร้อยเอ็ด,อ.โนนคูณ,ต่ำ,กรดจัดมากถึงกรดปานกลาง,ดินร่วนปนทราย,"กรมพัฒนาที่ดิน · ปีผลิต 2561 · มาตราส่วนต้นฉบับ 1:25,000",ลดรายละเอียดเส้น 50 เมตรเพื่อแสดงผล; ไม่ใช้ระบุแนวเขตแปลง
33,ศรีสะเกษ,St,สีทน,อ.โนนคูณ,ต่ำ,กรดจัดมากถึงกรดจัด,ดินร่วนปนทราย,"กรมพัฒนาที่ดิน · ปีผลิต 2561 · มาตราส่วนต้นฉบับ 1:25,000",ลดรายละเอียดเส้น 50 เมตรเพื่อแสดงผล; ไม่ใช้ระบุแนวเขตแปลง
33,ศรีสะเกษ,W,พื้นที่น้ำ,อ.โนนคูณ,-,,,"กรมพัฒนาที่ดิน · ปีผลิต 2561 · มาตราส่วนต้นฉบับ 1:25,000",ลดรายละเอียดเส้น 50 เมตรเพื่อแสดงผล; ไม่ใช้ระบุแนวเขตแปลง
33,ศรีสะเกษ,Chp/Ka,หน่วยดินสัมพันธ์ชุดดินชุมพลบุรีและชุดดินกันทรวิชัย,อ.บึงบูรพ์,ต่ำถึงปานกลาง,กรดจัดมากถึงกรดจัด,ดินร่วนปนทรายแป้งหรือดินร่วนเหนียวปนทรายแป้ง,"กรมพัฒนาที่ดิน · ปีผลิต 2561 · มาตราส่วนต้นฉบับ 1:25,000",ลดรายละเอียดเส้น 50 เมตรเพื่อแสดงผล; ไม่ใช้ระบุแนวเขตแปลง
33,ศรีสะเกษ,Ckr,จักราช,อ.บึงบูรพ์,ต่ำ,กรดจัดมากถึงกรดจัด,ดินร่วนปนทราย,"กรมพัฒนาที่ดิน · ปีผลิต 2561 · มาตราส่วนต้นฉบับ 1:25,000",ลดรายละเอียดเส้น 50 เมตรเพื่อแสดงผล; ไม่ใช้ระบุแนวเขตแปลง
33,ศรีสะเกษ,Cpg,ชุมพวง,อ.บึงบูรพ์,ต่ำ,กรดจัดมากถึงกรดจัด,ดินร่วนปนทราย,"กรมพัฒนาที่ดิน · ปีผลิต 2561 · มาตราส่วนต้นฉบับ 1:25,000",ลดรายละเอียดเส้น 50 เมตรเพื่อแสดงผล; ไม่ใช้ระบุแนวเขตแปลง
33,ศรีสะเกษ,Ndg,โนนแดง,อ.บึงบูรพ์,ต่ำ,กรดจัดมากถึงกรดจัด,ดินร่วนปนทราย,"กรมพัฒนาที่ดิน · ปีผลิต 2561 · มาตราส่วนต้นฉบับ 1:25,000",ลดรายละเอียดเส้น 50 เมตรเพื่อแสดงผล; ไม่ใช้ระบุแนวเขตแปลง
33,ศรีสะเกษ,Ptk,พระทองคำ,อ.บึงบูรพ์,ต่ำ,กรดจัดมากถึงกรดจัด,ดินร่วนปนทราย,"กรมพัฒนาที่ดิน · ปีผลิต 2561 · มาตราส่วนต้นฉบับ 1:25,000",ลดรายละเอียดเส้น 50 เมตรเพื่อแสดงผล; ไม่ใช้ระบุแนวเขตแปลง
33,ศรีสะเกษ,Re,ร้อยเอ็ด,อ.บึงบูรพ์,ต่ำ,กรดจัดมากถึงกรดปานกลาง,ดินร่วนปนทราย,"กรมพัฒนาที่ดิน · ปีผลิต 2561 · มาตราส่วนต้นฉบับ 1:25,000",ลดรายละเอียดเส้น 50 เมตรเพื่อแสดงผล; ไม่ใช้ระบุแนวเขตแปลง
33,ศรีสะเกษ,Re,ร้อยเอ็ด,อ.บึงบูรพ์,ต่ำ,กรดจัดมากถึงกรดจัด,ดินร่วนปนทราย,"กรมพัฒนาที่ดิน · ปีผลิต 2561 · มาตราส่วนต้นฉบับ 1:25,000",ลดรายละเอียดเส้น 50 เมตรเพื่อแสดงผล; ไม่ใช้ระบุแนวเขตแปลง
33,ศรีสะเกษ,Th,ธวัชบุรี,อ.บึงบูรพ์,ปานกลาง,กรดปานกลางถึงกรดเล็กน้อย,ดินร่วนเหนียวปนทรายแป้ง,"กรมพัฒนาที่ดิน · ปีผลิต 2561 · มาตราส่วนต้นฉบับ 1:25,000",ลดรายละเอียดเส้น 50 เมตรเพื่อแสดงผล; ไม่ใช้ระบุแนวเขตแปลง
33,ศรีสะเกษ,Chp,ชุมพลบุรี,อ.เบญจลักษ์,ต่ำ,กรดจัดมากถึงกรดจัด,ดินร่วนปนทราย,"กรมพัฒนาที่ดิน · ปีผลิต 2561 · มาตราส่วนต้นฉบับ 1:25,000",ลดรายละเอียดเส้น 50 เมตรเพื่อแสดงผล; ไม่ใช้ระบุแนวเขตแปลง
33,ศรีสะเกษ,Nad,นาดูน,อ.เบญจลักษ์,ต่ำ,กรดจัดมากถึงกรดจัด,ดินร่วนปนทราย,"กรมพัฒนาที่ดิน · ปีผลิต 2561 · มาตราส่วนต้นฉบับ 1:25,000",ลดรายละเอียดเส้น 50 เมตรเพื่อแสดงผล; ไม่ใช้ระบุแนวเขตแปลง
33,ศรีสะเกษ,Ndg,โนนแดง,อ.เบญจลักษ์,ต่ำ,กรดจัดมากถึงกรดจัด,ดินร่วนปนทราย,"กรมพัฒนาที่ดิน · ปีผลิต 2561 · มาตราส่วนต้นฉบับ 1:25,000",ลดรายละเอียดเส้น 50 เมตรเพื่อแสดงผล; ไม่ใช้ระบุแนวเขตแปลง
33,ศรีสะเกษ,Ng,น้ำพอง,อ.เบญจลักษ์,ต่ำ,กรดจัดถึงกรดปานกลาง,ดินทรายปนดินร่วน,"กรมพัฒนาที่ดิน · ปีผลิต 2561 · มาตราส่วนต้นฉบับ 1:25,000",ลดรายละเอียดเส้น 50 เมตรเพื่อแสดงผล; ไม่ใช้ระบุแนวเขตแปลง
33,ศรีสะเกษ,Pho,พล,อ.เบญจลักษ์,ต่ำ,กรดจัดถึงกรดปานกลาง,ดินร่วนปนทราย,"กรมพัฒนาที่ดิน · ปีผลิต 2561 · มาตราส่วนต้นฉบับ 1:25,000",ลดรายละเอียดเส้น 50 เมตรเพื่อแสดงผล; ไม่ใช้ระบุแนวเขตแปลง
33,ศรีสะเกษ,Pp,โพนพิสัย,อ.เบญจลักษ์,ต่ำ,กรดจัดมากถึงกรดจัด,ดินร่วนปนทราย,"กรมพัฒนาที่ดิน · ปีผลิต 2561 · มาตราส่วนต้นฉบับ 1:25,000",ลดรายละเอียดเส้น 50 เมตรเพื่อแสดงผล; ไม่ใช้ระบุแนวเขตแปลง
33,ศรีสะเกษ,Ptk,พระทองคำ,อ.เบญจลักษ์,ต่ำ,กรดจัดมากถึงกรดจัด,ดินร่วนปนทราย,"กรมพัฒนาที่ดิน · ปีผลิต 2561 · มาตราส่วนต้นฉบับ 1:25,000",ลดรายละเอียดเส้น 50 เมตรเพื่อแสดงผล; ไม่ใช้ระบุแนวเขตแปลง
33,ศรีสะเกษ,Re,ร้อยเอ็ด,อ.เบญจลักษ์,ต่ำ,กรดจัดมากถึงกรดปานกลาง,ดินร่วนปนทราย,"กรมพัฒนาที่ดิน · ปีผลิต 2561 · มาตราส่วนต้นฉบับ 1:25,000",ลดรายละเอียดเส้น 50 เมตรเพื่อแสดงผล; ไม่ใช้ระบุแนวเขตแปลง
33,ศรีสะเกษ,Re,ร้อยเอ็ด,อ.เบญจลักษ์,ต่ำ,กรดจัดมากถึงกรดจัด,ดินร่วนปนทราย,"กรมพัฒนาที่ดิน · ปีผลิต 2561 · มาตราส่วนต้นฉบับ 1:25,000",ลดรายละเอียดเส้น 50 เมตรเพื่อแสดงผล; ไม่ใช้ระบุแนวเขตแปลง
33,ศรีสะเกษ,Sik,ศีขรภูมิ,อ.เบญจลักษ์,ต่ำ,กรดจัดมากถึงกรดจัด,ดินร่วนปนทรายแป้ง,"กรมพัฒนาที่ดิน · ปีผลิต 2561 · มาตราส่วนต้นฉบับ 1:25,000",ลดรายละเอียดเส้น 50 เมตรเพื่อแสดงผล; ไม่ใช้ระบุแนวเขตแปลง
33,ศรีสะเกษ,Ssk,ศรีสะเกษ,อ.เบญจลักษ์,ต่ำ,กรดจัดถึงเป็นกลาง,ดินร่วนปนดินเหนียวปนกรวด,"กรมพัฒนาที่ดิน · ปีผลิต 2561 · มาตราส่วนต้นฉบับ 1:25,000",ลดรายละเอียดเส้น 50 เมตรเพื่อแสดงผล; ไม่ใช้ระบุแนวเขตแปลง
33,ศรีสะเกษ,St,สีทน,อ.เบญจลักษ์,ต่ำ,กรดจัดมากถึงกรดจัด,ดินร่วนปนทราย,"กรมพัฒนาที่ดิน · ปีผลิต 2561 · มาตราส่วนต้นฉบับ 1:25,000",ลดรายละเอียดเส้น 50 เมตรเพื่อแสดงผล; ไม่ใช้ระบุแนวเขตแปลง
33,ศรีสะเกษ,Cni,ชำนิ,อ.ปรางค์กู่,ต่ำ,กรดจัดถึงกรดปานกลาง,ดินร่วนปนทรายแป้ง,"กรมพัฒนาที่ดิน · ปีผลิต 2561 · มาตราส่วนต้นฉบับ 1:25,000",ลดรายละเอียดเส้น 50 เมตรเพื่อแสดงผล; ไม่ใช้ระบุแนวเขตแปลง
33,ศรีสะเกษ,Nad,นาดูน,อ.ปรางค์กู่,ต่ำ,กรดจัดมากถึงกรดจัด,ดินร่วนปนทราย,"กรมพัฒนาที่ดิน · ปีผลิต 2561 · มาตราส่วนต้นฉบับ 1:25,000",ลดรายละเอียดเส้น 50 เมตรเพื่อแสดงผล; ไม่ใช้ระบุแนวเขตแปลง
33,ศรีสะเกษ,Nbn,หนองบุญนาก,อ.ปรางค์กู่,ต่ำ,กรดจัดมากถึงกรดจัด,ดินร่วนปนทราย,"กรมพัฒนาที่ดิน · ปีผลิต 2561 · มาตราส่วนต้นฉบับ 1:25,000",ลดรายละเอียดเส้น 50 เมตรเพื่อแสดงผล; ไม่ใช้ระบุแนวเขตแปลง
33,ศรีสะเกษ,Ndg,โนนแดง,อ.ปรางค์กู่,ต่ำ,กรดจัดมากถึงกรดจัด,ดินร่วนปนทราย,"กรมพัฒนาที่ดิน · ปีผลิต 2561 · มาตราส่วนต้นฉบับ 1:25,000",ลดรายละเอียดเส้น 50 เมตรเพื่อแสดงผล; ไม่ใช้ระบุแนวเขตแปลง
33,ศรีสะเกษ,Pho,พล,อ.ปรางค์กู่,ต่ำ,กรดจัดถึงกรดปานกลาง,ดินร่วนปนทราย,"กรมพัฒนาที่ดิน · ปีผลิต 2561 · มาตราส่วนต้นฉบับ 1:25,000",ลดรายละเอียดเส้น 50 เมตรเพื่อแสดงผล; ไม่ใช้ระบุแนวเขตแปลง
33,ศรีสะเกษ,Ptk,พระทองคำ,อ.ปรางค์กู่,ต่ำ,กรดจัดมากถึงกรดจัด,ดินร่วนปนทราย,"กรมพัฒนาที่ดิน · ปีผลิต 2561 · มาตราส่วนต้นฉบับ 1:25,000",ลดรายละเอียดเส้น 50 เมตรเพื่อแสดงผล; ไม่ใช้ระบุแนวเขตแปลง
33,ศรีสะเกษ,Ptk-Ndg,หน่วยดินเชิงซ้อนชุดดินพระทองคำและชุดดินโนนแดง,อ.ปรางค์กู่,ต่ำ,กรดจัดมากถึงกรดจัด,ดินร่วนปนทราย,"กรมพัฒนาที่ดิน · ปีผลิต 2561 · มาตราส่วนต้นฉบับ 1:25,000",ลดรายละเอียดเส้น 50 เมตรเพื่อแสดงผล; ไม่ใช้ระบุแนวเขตแปลง
33,ศรีสะเกษ,Re,ร้อยเอ็ด,อ.ปรางค์กู่,ต่ำ,กรดจัดมากถึงกรดปานกลาง,ดินร่วนปนทราย,"กรมพัฒนาที่ดิน · ปีผลิต 2561 · มาตราส่วนต้นฉบับ 1:25,000",ลดรายละเอียดเส้น 50 เมตรเพื่อแสดงผล; ไม่ใช้ระบุแนวเขตแปลง
33,ศรีสะเกษ,Re,ร้อยเอ็ด,อ.ปรางค์กู่,ต่ำ,กรดจัดมากถึงกรดจัด,ดินร่วนปนทราย,"กรมพัฒนาที่ดิน · ปีผลิต 2561 · มาตราส่วนต้นฉบับ 1:25,000",ลดรายละเอียดเส้น 50 เมตรเพื่อแสดงผล; ไม่ใช้ระบุแนวเขตแปลง
33,ศรีสะเกษ,Sik,ศีขรภูมิ,อ.ปรางค์กู่,ต่ำ,กรดจัดมากถึงกรดจัด,ดินร่วน,"กรมพัฒนาที่ดิน · ปีผลิต 2561 · มาตราส่วนต้นฉบับ 1:25,000",ลดรายละเอียดเส้น 50 เมตรเพื่อแสดงผล; ไม่ใช้ระบุแนวเขตแปลง
33,ศรีสะเกษ,Chp,ชุมพลบุรี,อ.พยุห์,ต่ำ,กรดจัดมากถึงกรดจัด,ดินร่วนปนทราย,"กรมพัฒนาที่ดิน · ปีผลิต 2561 · มาตราส่วนต้นฉบับ 1:25,000",ลดรายละเอียดเส้น 50 เมตรเพื่อแสดงผล; ไม่ใช้ระบุแนวเขตแปลง
33,ศรีสะเกษ,Nad,นาดูน,อ.พยุห์,ต่ำ,กรดจัดมากถึงกรดจัด,ดินร่วนปนทราย,"กรมพัฒนาที่ดิน · ปีผลิต 2561 · มาตราส่วนต้นฉบับ 1:25,000",ลดรายละเอียดเส้น 50 เมตรเพื่อแสดงผล; ไม่ใช้ระบุแนวเขตแปลง
33,ศรีสะเกษ,Ndg,โนนแดง,อ.พยุห์,ต่ำ,กรดจัดมากถึงกรดจัด,ดินร่วนปนทราย,"กรมพัฒนาที่ดิน · ปีผลิต 2561 · มาตราส่วนต้นฉบับ 1:25,000",ลดรายละเอียดเส้น 50 เมตรเพื่อแสดงผล; ไม่ใช้ระบุแนวเขตแปลง
33,ศรีสะเกษ,Pho,พล,อ.พยุห์,ต่ำ,กรดจัดถึงกรดปานกลาง,ดินร่วนปนทราย,"กรมพัฒนาที่ดิน · ปีผลิต 2561 · มาตราส่วนต้นฉบับ 1:25,000",ลดรายละเอียดเส้น 50 เมตรเพื่อแสดงผล; ไม่ใช้ระบุแนวเขตแปลง
33,ศรีสะเกษ,Ptk,พระทองคำ,อ.พยุห์,ต่ำ,กรดจัดมากถึงกรดจัด,ดินร่วนปนทราย,"กรมพัฒนาที่ดิน · ปีผลิต 2561 · มาตราส่วนต้นฉบับ 1:25,000",ลดรายละเอียดเส้น 50 เมตรเพื่อแสดงผล; ไม่ใช้ระบุแนวเขตแปลง
33,ศรีสะเกษ,Re,ร้อยเอ็ด,อ.พยุห์,ต่ำ,กรดจัดมากถึงกรดปานกลาง,ดินร่วนปนทราย,"กรมพัฒนาที่ดิน · ปีผลิต 2561 · มาตราส่วนต้นฉบับ 1:25,000",ลดรายละเอียดเส้น 50 เมตรเพื่อแสดงผล; ไม่ใช้ระบุแนวเขตแปลง
33,ศรีสะเกษ,Re,ร้อยเอ็ด,อ.พยุห์,ต่ำ,กรดจัดมากถึงกรดจัด,ดินร่วนปนทราย,"กรมพัฒนาที่ดิน · ปีผลิต 2561 · มาตราส่วนต้นฉบับ 1:25,000",ลดรายละเอียดเส้น 50 เมตรเพื่อแสดงผล; ไม่ใช้ระบุแนวเขตแปลง
33,ศรีสะเกษ,Sik,ศีขรภูมิ,อ.พยุห์,ต่ำ,กรดจัดมากถึงกรดจัด,ดินร่วนปนทรายแป้ง,"กรมพัฒนาที่ดิน · ปีผลิต 2561 · มาตราส่วนต้นฉบับ 1:25,000",ลดรายละเอียดเส้น 50 เมตรเพื่อแสดงผล; ไม่ใช้ระบุแนวเขตแปลง
33,ศรีสะเกษ,Chp/Ka,หน่วยดินสัมพันธ์ชุดดินชุมพลบุรีและชุดดินกันทรวิชัย,อ.โพธิ์ศรีสุวรรณ,ต่ำถึงปานกลาง,กรดจัดมากถึงกรดจัด,ดินร่วนปนทรายแป้งหรือดินร่วนเหนียวปนทรายแป้ง,"กรมพัฒนาที่ดิน · ปีผลิต 2561 · มาตราส่วนต้นฉบับ 1:25,000",ลดรายละเอียดเส้น 50 เมตรเพื่อแสดงผล; ไม่ใช้ระบุแนวเขตแปลง
33,ศรีสะเกษ,Ckr,จักราช,อ.โพธิ์ศรีสุวรรณ,ต่ำ,กรดจัดมากถึงกรดจัด,ดินร่วนปนทราย,"กรมพัฒนาที่ดิน · ปีผลิต 2561 · มาตราส่วนต้นฉบับ 1:25,000",ลดรายละเอียดเส้น 50 เมตรเพื่อแสดงผล; ไม่ใช้ระบุแนวเขตแปลง
33,ศรีสะเกษ,Cpg,ชุมพวง,อ.โพธิ์ศรีสุวรรณ,ต่ำ,กรดจัดมากถึงกรดจัด,ดินร่วนปนทราย,"กรมพัฒนาที่ดิน · ปีผลิต 2561 · มาตราส่วนต้นฉบับ 1:25,000",ลดรายละเอียดเส้น 50 เมตรเพื่อแสดงผล; ไม่ใช้ระบุแนวเขตแปลง
33,ศรีสะเกษ,Nbn,หนองบุญนาก,อ.โพธิ์ศรีสุวรรณ,ต่ำ,กรดจัดมากถึงกรดจัด,ดินร่วนปนทราย,"กรมพัฒนาที่ดิน · ปีผลิต 2561 · มาตราส่วนต้นฉบับ 1:25,000",ลดรายละเอียดเส้น 50 เมตรเพื่อแสดงผล; ไม่ใช้ระบุแนวเขตแปลง
33,ศรีสะเกษ,Ndg,โนนแดง,อ.โพธิ์ศรีสุวรรณ,ต่ำ,กรดจัดมากถึงกรดจัด,ดินร่วนปนทราย,"กรมพัฒนาที่ดิน · ปีผลิต 2561 · มาตราส่วนต้นฉบับ 1:25,000",ลดรายละเอียดเส้น 50 เมตรเพื่อแสดงผล; ไม่ใช้ระบุแนวเขตแปลง
33,ศรีสะเกษ,Ptk,พระทองคำ,อ.โพธิ์ศรีสุวรรณ,ต่ำ,กรดจัดมากถึงกรดจัด,ดินร่วนปนทราย,"กรมพัฒนาที่ดิน · ปีผลิต 2561 · มาตราส่วนต้นฉบับ 1:25,000",ลดรายละเอียดเส้น 50 เมตรเพื่อแสดงผล; ไม่ใช้ระบุแนวเขตแปลง
33,ศรีสะเกษ,Re,ร้อยเอ็ด,อ.โพธิ์ศรีสุวรรณ,ต่ำ,กรดจัดมากถึงกรดปานกลาง,ดินร่วนปนทราย,"กรมพัฒนาที่ดิน · ปีผลิต 2561 · มาตราส่วนต้นฉบับ 1:25,000",ลดรายละเอียดเส้น 50 เมตรเพื่อแสดงผล; ไม่ใช้ระบุแนวเขตแปลง
33,ศรีสะเกษ,Re,ร้อยเอ็ด,อ.โพธิ์ศรีสุวรรณ,ต่ำ,กรดจัดมากถึงกรดจัด,ดินร่วนปนทราย,"กรมพัฒนาที่ดิน · ปีผลิต 2561 · มาตราส่วนต้นฉบับ 1:25,000",ลดรายละเอียดเส้น 50 เมตรเพื่อแสดงผล; ไม่ใช้ระบุแนวเขตแปลง
33,ศรีสะเกษ,Msk,มหาสารคาม,อ.ไพรบึง,ต่ำ,กรดจัดถึงกรดปานกลาง,ดินทรายปนดินร่วน,"กรมพัฒนาที่ดิน · ปีผลิต 2561 · มาตราส่วนต้นฉบับ 1:25,000",ลดรายละเอียดเส้น 50 เมตรเพื่อแสดงผล; ไม่ใช้ระบุแนวเขตแปลง
33,ศรีสะเกษ,Nbn,หนองบุญนาก,อ.ไพรบึง,ต่ำ,กรดจัดมากถึงกรดจัด,ดินร่วนปนทราย,"กรมพัฒนาที่ดิน · ปีผลิต 2561 · มาตราส่วนต้นฉบับ 1:25,000",ลดรายละเอียดเส้น 50 เมตรเพื่อแสดงผล; ไม่ใช้ระบุแนวเขตแปลง
33,ศรีสะเกษ,Ndg,โนนแดง,อ.ไพรบึง,ต่ำ,กรดจัดมากถึงกรดจัด,ดินร่วนปนทราย,"กรมพัฒนาที่ดิน · ปีผลิต 2561 · มาตราส่วนต้นฉบับ 1:25,000",ลดรายละเอียดเส้น 50 เมตรเพื่อแสดงผล; ไม่ใช้ระบุแนวเขตแปลง
33,ศรีสะเกษ,Pho,พล,อ.ไพรบึง,ต่ำ,กรดจัดถึงกรดปานกลาง,ดินร่วนปนทราย,"กรมพัฒนาที่ดิน · ปีผลิต 2561 · มาตราส่วนต้นฉบับ 1:25,000",ลดรายละเอียดเส้น 50 เมตรเพื่อแสดงผล; ไม่ใช้ระบุแนวเขตแปลง
33,ศรีสะเกษ,Ptk,พระทองคำ,อ.ไพรบึง,ต่ำ,กรดจัดมากถึงกรดจัด,ดินร่วนปนทราย,"กรมพัฒนาที่ดิน · ปีผลิต 2561 · มาตราส่วนต้นฉบับ 1:25,000",ลดรายละเอียดเส้น 50 เมตรเพื่อแสดงผล; ไม่ใช้ระบุแนวเขตแปลง
33,ศรีสะเกษ,Ptk-Ndg,หน่วยดินเชิงซ้อนชุดดินพระทองคำและชุดดินโนนแดง,อ.ไพรบึง,ต่ำ,กรดจัดมากถึงกรดจัด,ดินร่วนปนทราย,"กรมพัฒนาที่ดิน · ปีผลิต 2561 · มาตราส่วนต้นฉบับ 1:25,000",ลดรายละเอียดเส้น 50 เมตรเพื่อแสดงผล; ไม่ใช้ระบุแนวเขตแปลง
33,ศรีสะเกษ,Re,ร้อยเอ็ด,อ.ไพรบึง,ต่ำ,กรดจัดมากถึงกรดปานกลาง,ดินร่วนปนทราย,"กรมพัฒนาที่ดิน · ปีผลิต 2561 · มาตราส่วนต้นฉบับ 1:25,000",ลดรายละเอียดเส้น 50 เมตรเพื่อแสดงผล; ไม่ใช้ระบุแนวเขตแปลง
33,ศรีสะเกษ,Re,ร้อยเอ็ด,อ.ไพรบึง,ต่ำ,กรดจัดมากถึงกรดจัด,ดินร่วนปนทราย,"กรมพัฒนาที่ดิน · ปีผลิต 2561 · มาตราส่วนต้นฉบับ 1:25,000",ลดรายละเอียดเส้น 50 เมตรเพื่อแสดงผล; ไม่ใช้ระบุแนวเขตแปลง
33,ศรีสะเกษ,Sik,ศีขรภูมิ,อ.ไพรบึง,ต่ำ,กรดจัดมากถึงกรดจัด,ดินร่วนปนทรายแป้ง,"กรมพัฒนาที่ดิน · ปีผลิต 2561 · มาตราส่วนต้นฉบับ 1:25,000",ลดรายละเอียดเส้น 50 เมตรเพื่อแสดงผล; ไม่ใช้ระบุแนวเขตแปลง
33,ศรีสะเกษ,ES,หน้าผาชัน,อ.ภูสิงห์,-,,,"กรมพัฒนาที่ดิน · ปีผลิต 2561 · มาตราส่วนต้นฉบับ 1:25,000",ลดรายละเอียดเส้น 50 เมตรเพื่อแสดงผล; ไม่ใช้ระบุแนวเขตแปลง
33,ศรีสะเกษ,Kg,คำบง,อ.ภูสิงห์,ต่ำ,กรดปานกลางถึงกรดเล็กน้อย,ดินทรายปนดินร่วน,"กรมพัฒนาที่ดิน · ปีผลิต 2561 · มาตราส่วนต้นฉบับ 1:25,000",ลดรายละเอียดเส้น 50 เมตรเพื่อแสดงผล; ไม่ใช้ระบุแนวเขตแปลง
33,ศรีสะเกษ,Ptc,ปักธงชัย,อ.ภูสิงห์,ต่ำ,กรดจัดมากถึงกรดเล็กน้อย,ดินร่วนปนทราย,"กรมพัฒนาที่ดิน · ปีผลิต 2561 · มาตราส่วนต้นฉบับ 1:25,000",ลดรายละเอียดเส้น 50 เมตรเพื่อแสดงผล; ไม่ใช้ระบุแนวเขตแปลง
33,ศรีสะเกษ,Ptk,พระทองคำ,อ.ภูสิงห์,ต่ำ,กรดจัดมากถึงกรดจัด,ดินร่วนปนทราย,"กรมพัฒนาที่ดิน · ปีผลิต 2561 · มาตราส่วนต้นฉบับ 1:25,000",ลดรายละเอียดเส้น 50 เมตรเพื่อแสดงผล; ไม่ใช้ระบุแนวเขตแปลง
33,ศรีสะเกษ,Pu,ภูพาน,อ.ภูสิงห์,ต่ำ,กรดจัดมากถึงกรดเล็กน้อย,ดินร่วนปนทราย,"กรมพัฒนาที่ดิน · ปีผลิต 2561 · มาตราส่วนต้นฉบับ 1:25,000",ลดรายละเอียดเส้น 50 เมตรเพื่อแสดงผล; ไม่ใช้ระบุแนวเขตแปลง
33,ศรีสะเกษ,Pu,ภูพาน,อ.ภูสิงห์,ต่ำ,กรดจัดมากถึงกรดจัด,ดินร่วนปนทราย,"กรมพัฒนาที่ดิน · ปีผลิต 2561 · มาตราส่วนต้นฉบับ 1:25,000",ลดรายละเอียดเส้น 50 เมตรเพื่อแสดงผล; ไม่ใช้ระบุแนวเขตแปลง
33,ศรีสะเกษ,Re,ร้อยเอ็ด,อ.ภูสิงห์,ต่ำ,กรดจัดมากถึงกรดปานกลาง,ดินร่วนปนทราย,"กรมพัฒนาที่ดิน · ปีผลิต 2561 · มาตราส่วนต้นฉบับ 1:25,000",ลดรายละเอียดเส้น 50 เมตรเพื่อแสดงผล; ไม่ใช้ระบุแนวเขตแปลง
33,ศรีสะเกษ,Re,ร้อยเอ็ด,อ.ภูสิงห์,ต่ำ,กรดจัดมากถึงกรดจัด,ดินร่วนปนทราย,"กรมพัฒนาที่ดิน · ปีผลิต 2561 · มาตราส่วนต้นฉบับ 1:25,000",ลดรายละเอียดเส้น 50 เมตรเพื่อแสดงผล; ไม่ใช้ระบุแนวเขตแปลง
33,ศรีสะเกษ,SC,พื้นที่ลาดชันเชิงซ้อน,อ.ภูสิงห์,-,,,"กรมพัฒนาที่ดิน · ปีผลิต 2561 · มาตราส่วนต้นฉบับ 1:25,000",ลดรายละเอียดเส้น 50 เมตรเพื่อแสดงผล; ไม่ใช้ระบุแนวเขตแปลง
33,ศรีสะเกษ,Sik,ศีขรภูมิ,อ.ภูสิงห์,ต่ำ,กรดจัดมากถึงกรดจัด,ดินร่วน,"กรมพัฒนาที่ดิน · ปีผลิต 2561 · มาตราส่วนต้นฉบับ 1:25,000",ลดรายละเอียดเส้น 50 เมตรเพื่อแสดงผล; ไม่ใช้ระบุแนวเขตแปลง
33,ศรีสะเกษ,W,พื้นที่น้ำ,อ.ภูสิงห์,-,,,"กรมพัฒนาที่ดิน · ปีผลิต 2561 · มาตราส่วนต้นฉบับ 1:25,000",ลดรายละเอียดเส้น 50 เมตรเพื่อแสดงผล; ไม่ใช้ระบุแนวเขตแปลง
33,ศรีสะเกษ,Wk,วังน้ำเขียว,อ.ภูสิงห์,ต่ำ,กรดจัดมากถึงกรดจัด,ดินร่วนปนทราย,"กรมพัฒนาที่ดิน · ปีผลิต 2561 · มาตราส่วนต้นฉบับ 1:25,000",ลดรายละเอียดเส้น 50 เมตรเพื่อแสดงผล; ไม่ใช้ระบุแนวเขตแปลง
33,ศรีสะเกษ,Wk-RC,หน่วยดินเชิงซ้อนชุดดินวังน้ำเขียวและที่ดินหินพื้น*,อ.ภูสิงห์,ต่ำ,กรดจัดมากถึงกรดจัด,ดินร่วนปนทราย,"กรมพัฒนาที่ดิน · ปีผลิต 2561 · มาตราส่วนต้นฉบับ 1:25,000",ลดรายละเอียดเส้น 50 เมตรเพื่อแสดงผล; ไม่ใช้ระบุแนวเขตแปลง
33,ศรีสะเกษ,Chp,ชุมพลบุรี,อ.เมืองจันทร์,ต่ำ,กรดจัดมากถึงกรดจัด,ดินร่วน,"กรมพัฒนาที่ดิน · ปีผลิต 2561 · มาตราส่วนต้นฉบับ 1:25,000",ลดรายละเอียดเส้น 50 เมตรเพื่อแสดงผล; ไม่ใช้ระบุแนวเขตแปลง
33,ศรีสะเกษ,Nbn,หนองบุญนาก,อ.เมืองจันทร์,ต่ำ,กรดจัดมากถึงกรดจัด,ดินร่วนปนทราย,"กรมพัฒนาที่ดิน · ปีผลิต 2561 · มาตราส่วนต้นฉบับ 1:25,000",ลดรายละเอียดเส้น 50 เมตรเพื่อแสดงผล; ไม่ใช้ระบุแนวเขตแปลง
33,ศรีสะเกษ,Ndg,โนนแดง,อ.เมืองจันทร์,ต่ำ,กรดจัดมากถึงกรดจัด,ดินร่วนปนทราย,"กรมพัฒนาที่ดิน · ปีผลิต 2561 · มาตราส่วนต้นฉบับ 1:25,000",ลดรายละเอียดเส้น 50 เมตรเพื่อแสดงผล; ไม่ใช้ระบุแนวเขตแปลง
33,ศรีสะเกษ,Ptk,พระทองคำ,อ.เมืองจันทร์,ต่ำ,กรดจัดมากถึงกรดจัด,ดินร่วนปนทราย,"กรมพัฒนาที่ดิน · ปีผลิต 2561 · มาตราส่วนต้นฉบับ 1:25,000",ลดรายละเอียดเส้น 50 เมตรเพื่อแสดงผล; ไม่ใช้ระบุแนวเขตแปลง
33,ศรีสะเกษ,Ptk-Ndg,หน่วยดินเชิงซ้อนชุดดินพระทองคำและชุดดินโนนแดง,อ.เมืองจันทร์,ต่ำ,กรดจัดมากถึงกรดจัด,ดินร่วนปนทราย,"กรมพัฒนาที่ดิน · ปีผลิต 2561 · มาตราส่วนต้นฉบับ 1:25,000",ลดรายละเอียดเส้น 50 เมตรเพื่อแสดงผล; ไม่ใช้ระบุแนวเขตแปลง
33,ศรีสะเกษ,Re,ร้อยเอ็ด,อ.เมืองจันทร์,ต่ำ,กรดจัดมากถึงกรดจัด,ดินร่วนปนทราย,"กรมพัฒนาที่ดิน · ปีผลิต 2561 · มาตราส่วนต้นฉบับ 1:25,000",ลดรายละเอียดเส้น 50 เมตรเพื่อแสดงผล; ไม่ใช้ระบุแนวเขตแปลง
33,ศรีสะเกษ,Chp,ชุมพลบุรี,อ.เมืองศรีเกษ,ต่ำ,กรดจัดมากถึงกรดจัด,ดินร่วนปนทราย,"กรมพัฒนาที่ดิน · ปีผลิต 2561 · มาตราส่วนต้นฉบับ 1:25,000",ลดรายละเอียดเส้น 50 เมตรเพื่อแสดงผล; ไม่ใช้ระบุแนวเขตแปลง
33,ศรีสะเกษ,Chp,ชุมพลบุรี,อ.เมืองศรีเกษ,ต่ำ,กรดจัดมากถึงกรดจัด,ดินร่วน,"กรมพัฒนาที่ดิน · ปีผลิต 2561 · มาตราส่วนต้นฉบับ 1:25,000",ลดรายละเอียดเส้น 50 เมตรเพื่อแสดงผล; ไม่ใช้ระบุแนวเขตแปลง
33,ศรีสะเกษ,Chp/Ka,หน่วยดินสัมพันธ์ชุดดินชุมพลบุรีและชุดดินกันทรวิชัย,อ.เมืองศรีเกษ,ต่ำถึงปานกลาง,กรดจัดมากถึงกรดจัด,ดินร่วนปนทรายหรือดินร่วนเหนียวปนทรายแป้ง,"กรมพัฒนาที่ดิน · ปีผลิต 2561 · มาตราส่วนต้นฉบับ 1:25,000",ลดรายละเอียดเส้น 50 เมตรเพื่อแสดงผล; ไม่ใช้ระบุแนวเขตแปลง
33,ศรีสะเกษ,Cni,ชำนิ,อ.เมืองศรีเกษ,ต่ำ,กรดจัดถึงกรดปานกลาง,ดินร่วนปนทรายแป้ง,"กรมพัฒนาที่ดิน · ปีผลิต 2561 · มาตราส่วนต้นฉบับ 1:25,000",ลดรายละเอียดเส้น 50 เมตรเพื่อแสดงผล; ไม่ใช้ระบุแนวเขตแปลง
33,ศรีสะเกษ,Cni,ชำนิ,อ.เมืองศรีเกษ,ต่ำ,กรดจัดถึงกรดปานกลาง,ดินร่วนเหนียวปนทรายแป้ง,"กรมพัฒนาที่ดิน · ปีผลิต 2561 · มาตราส่วนต้นฉบับ 1:25,000",ลดรายละเอียดเส้น 50 เมตรเพื่อแสดงผล; ไม่ใช้ระบุแนวเขตแปลง
33,ศรีสะเกษ,Kng,คง,อ.เมืองศรีเกษ,ต่ำ,กรดจัดมากถึงกรดจัด,ดินร่วนปนทราย,"กรมพัฒนาที่ดิน · ปีผลิต 2561 · มาตราส่วนต้นฉบับ 1:25,000",ลดรายละเอียดเส้น 50 เมตรเพื่อแสดงผล; ไม่ใช้ระบุแนวเขตแปลง
33,ศรีสะเกษ,Msk,มหาสารคาม,อ.เมืองศรีเกษ,ต่ำ,กรดจัดถึงกรดปานกลาง,ดินทรายปนดินร่วน,"กรมพัฒนาที่ดิน · ปีผลิต 2561 · มาตราส่วนต้นฉบับ 1:25,000",ลดรายละเอียดเส้น 50 เมตรเพื่อแสดงผล; ไม่ใช้ระบุแนวเขตแปลง
33,ศรีสะเกษ,Nad,นาดูน,อ.เมืองศรีเกษ,ต่ำ,กรดจัดมากถึงกรดจัด,ดินร่วนปนทราย,"กรมพัฒนาที่ดิน · ปีผลิต 2561 · มาตราส่วนต้นฉบับ 1:25,000",ลดรายละเอียดเส้น 50 เมตรเพื่อแสดงผล; ไม่ใช้ระบุแนวเขตแปลง
33,ศรีสะเกษ,Nbn,หนองบุญนาก,อ.เมืองศรีเกษ,ต่ำ,กรดจัดมากถึงกรดจัด,ดินร่วนปนทราย,"กรมพัฒนาที่ดิน · ปีผลิต 2561 · มาตราส่วนต้นฉบับ 1:25,000",ลดรายละเอียดเส้น 50 เมตรเพื่อแสดงผล; ไม่ใช้ระบุแนวเขตแปลง
33,ศรีสะเกษ,Ndg,โนนแดง,อ.เมืองศรีเกษ,ต่ำ,กรดจัดมากถึงกรดจัด,ดินร่วนปนทราย,"กรมพัฒนาที่ดิน · ปีผลิต 2561 · มาตราส่วนต้นฉบับ 1:25,000",ลดรายละเอียดเส้น 50 เมตรเพื่อแสดงผล; ไม่ใช้ระบุแนวเขตแปลง
33,ศรีสะเกษ,Pho,พล,อ.เมืองศรีเกษ,ต่ำ,กรดจัดถึงกรดปานกลาง,ดินร่วนปนทราย,"กรมพัฒนาที่ดิน · ปีผลิต 2561 · มาตราส่วนต้นฉบับ 1:25,000",ลดรายละเอียดเส้น 50 เมตรเพื่อแสดงผล; ไม่ใช้ระบุแนวเขตแปลง
33,ศรีสะเกษ,Ptk,พระทองคำ,อ.เมืองศรีเกษ,ต่ำ,กรดจัดมากถึงกรดจัด,ดินร่วนปนทราย,"กรมพัฒนาที่ดิน · ปีผลิต 2561 · มาตราส่วนต้นฉบับ 1:25,000",ลดรายละเอียดเส้น 50 เมตรเพื่อแสดงผล; ไม่ใช้ระบุแนวเขตแปลง
33,ศรีสะเกษ,Ptk-Ndg,หน่วยดินเชิงซ้อนชุดดินพระทองคำและชุดดินโนนแดง,อ.เมืองศรีเกษ,ต่ำ,กรดจัดมากถึงกรดจัด,ดินร่วนปนทราย,"กรมพัฒนาที่ดิน · ปีผลิต 2561 · มาตราส่วนต้นฉบับ 1:25,000",ลดรายละเอียดเส้น 50 เมตรเพื่อแสดงผล; ไม่ใช้ระบุแนวเขตแปลง
33,ศรีสะเกษ,Re,ร้อยเอ็ด,อ.เมืองศรีเกษ,ต่ำ,กรดจัดมากถึงกรดปานกลาง,ดินร่วนปนทราย,"กรมพัฒนาที่ดิน · ปีผลิต 2561 · มาตราส่วนต้นฉบับ 1:25,000",ลดรายละเอียดเส้น 50 เมตรเพื่อแสดงผล; ไม่ใช้ระบุแนวเขตแปลง
33,ศรีสะเกษ,Re,ร้อยเอ็ด,อ.เมืองศรีเกษ,ต่ำ,กรดจัดมากถึงกรดจัด,ดินร่วนปนทราย,"กรมพัฒนาที่ดิน · ปีผลิต 2561 · มาตราส่วนต้นฉบับ 1:25,000",ลดรายละเอียดเส้น 50 เมตรเพื่อแสดงผล; ไม่ใช้ระบุแนวเขตแปลง
33,ศรีสะเกษ,Sik,ศีขรภูมิ,อ.เมืองศรีเกษ,ต่ำ,กรดจัดมากถึงกรดจัด,ดินร่วนปนทรายแป้ง,"กรมพัฒนาที่ดิน · ปีผลิต 2561 · มาตราส่วนต้นฉบับ 1:25,000",ลดรายละเอียดเส้น 50 เมตรเพื่อแสดงผล; ไม่ใช้ระบุแนวเขตแปลง
33,ศรีสะเกษ,Th,ธวัชบุรี,อ.เมืองศรีเกษ,ปานกลาง,กรดปานกลางถึงกรดเล็กน้อย,ดินร่วนเหนียวปนทรายแป้ง,"กรมพัฒนาที่ดิน · ปีผลิต 2561 · มาตราส่วนต้นฉบับ 1:25,000",ลดรายละเอียดเส้น 50 เมตรเพื่อแสดงผล; ไม่ใช้ระบุแนวเขตแปลง
33,ศรีสะเกษ,Tt,ท่าตูม,อ.เมืองศรีเกษ,ต่ำ,กรดจัดมากถึงกรดปานกลาง,ดินร่วนเหนียวปนทรายแป้ง,"กรมพัฒนาที่ดิน · ปีผลิต 2561 · มาตราส่วนต้นฉบับ 1:25,000",ลดรายละเอียดเส้น 50 เมตรเพื่อแสดงผล; ไม่ใช้ระบุแนวเขตแปลง
33,ศรีสะเกษ,W,พื้นที่น้ำ,อ.เมืองศรีเกษ,-,,,"กรมพัฒนาที่ดิน · ปีผลิต 2561 · มาตราส่วนต้นฉบับ 1:25,000",ลดรายละเอียดเส้น 50 เมตรเพื่อแสดงผล; ไม่ใช้ระบุแนวเขตแปลง
33,ศรีสะเกษ,Chp,ชุมพลบุรี,อ.ยางชุมน้อย,ต่ำ,กรดจัดมากถึงกรดจัด,ดินร่วนปนทราย,"กรมพัฒนาที่ดิน · ปีผลิต 2561 · มาตราส่วนต้นฉบับ 1:25,000",ลดรายละเอียดเส้น 50 เมตรเพื่อแสดงผล; ไม่ใช้ระบุแนวเขตแปลง
33,ศรีสะเกษ,Chp/Ka,หน่วยดินสัมพันธ์ชุดดินชุมพลบุรีและชุดดินกันทรวิชัย,อ.ยางชุมน้อย,ต่ำถึงปานกลาง,กรดจัดมากถึงกรดจัด,ดินร่วนปนทรายหรือดินร่วนเหนียวปนทรายแป้ง,"กรมพัฒนาที่ดิน · ปีผลิต 2561 · มาตราส่วนต้นฉบับ 1:25,000",ลดรายละเอียดเส้น 50 เมตรเพื่อแสดงผล; ไม่ใช้ระบุแนวเขตแปลง
33,ศรีสะเกษ,Kng,คง,อ.ยางชุมน้อย,ต่ำ,กรดจัดมากถึงกรดจัด,ดินร่วนปนทราย,"กรมพัฒนาที่ดิน · ปีผลิต 2561 · มาตราส่วนต้นฉบับ 1:25,000",ลดรายละเอียดเส้น 50 เมตรเพื่อแสดงผล; ไม่ใช้ระบุแนวเขตแปลง
33,ศรีสะเกษ,Nbn,หนองบุญนาก,อ.ยางชุมน้อย,ต่ำ,กรดจัดมากถึงกรดจัด,ดินร่วนปนทราย,"กรมพัฒนาที่ดิน · ปีผลิต 2561 · มาตราส่วนต้นฉบับ 1:25,000",ลดรายละเอียดเส้น 50 เมตรเพื่อแสดงผล; ไม่ใช้ระบุแนวเขตแปลง
33,ศรีสะเกษ,Ndg,โนนแดง,อ.ยางชุมน้อย,ต่ำ,กรดจัดมากถึงกรดจัด,ดินร่วนปนทราย,"กรมพัฒนาที่ดิน · ปีผลิต 2561 · มาตราส่วนต้นฉบับ 1:25,000",ลดรายละเอียดเส้น 50 เมตรเพื่อแสดงผล; ไม่ใช้ระบุแนวเขตแปลง
33,ศรีสะเกษ,Pho,พล,อ.ยางชุมน้อย,ต่ำ,กรดจัดถึงกรดปานกลาง,ดินร่วนปนทราย,"กรมพัฒนาที่ดิน · ปีผลิต 2561 · มาตราส่วนต้นฉบับ 1:25,000",ลดรายละเอียดเส้น 50 เมตรเพื่อแสดงผล; ไม่ใช้ระบุแนวเขตแปลง
33,ศรีสะเกษ,Ptk,พระทองคำ,อ.ยางชุมน้อย,ต่ำ,กรดจัดมากถึงกรดจัด,ดินร่วนปนทราย,"กรมพัฒนาที่ดิน · ปีผลิต 2561 · มาตราส่วนต้นฉบับ 1:25,000",ลดรายละเอียดเส้น 50 เมตรเพื่อแสดงผล; ไม่ใช้ระบุแนวเขตแปลง
33,ศรีสะเกษ,Re,ร้อยเอ็ด,อ.ยางชุมน้อย,ต่ำ,กรดจัดมากถึงกรดปานกลาง,ดินร่วนปนทราย,"กรมพัฒนาที่ดิน · ปีผลิต 2561 · มาตราส่วนต้นฉบับ 1:25,000",ลดรายละเอียดเส้น 50 เมตรเพื่อแสดงผล; ไม่ใช้ระบุแนวเขตแปลง
33,ศรีสะเกษ,Re,ร้อยเอ็ด,อ.ยางชุมน้อย,ต่ำ,กรดจัดมากถึงกรดจัด,ดินร่วนปนทราย,"กรมพัฒนาที่ดิน · ปีผลิต 2561 · มาตราส่วนต้นฉบับ 1:25,000",ลดรายละเอียดเส้น 50 เมตรเพื่อแสดงผล; ไม่ใช้ระบุแนวเขตแปลง
33,ศรีสะเกษ,Sik,ศีขรภูมิ,อ.ยางชุมน้อย,ต่ำ,กรดจัดมากถึงกรดจัด,ดินร่วนปนทรายแป้ง,"กรมพัฒนาที่ดิน · ปีผลิต 2561 · มาตราส่วนต้นฉบับ 1:25,000",ลดรายละเอียดเส้น 50 เมตรเพื่อแสดงผล; ไม่ใช้ระบุแนวเขตแปลง
33,ศรีสะเกษ,Th,ธวัชบุรี,อ.ยางชุมน้อย,ปานกลาง,กรดปานกลางถึงกรดเล็กน้อย,ดินร่วนเหนียวปนทรายแป้ง,"กรมพัฒนาที่ดิน · ปีผลิต 2561 · มาตราส่วนต้นฉบับ 1:25,000",ลดรายละเอียดเส้น 50 เมตรเพื่อแสดงผล; ไม่ใช้ระบุแนวเขตแปลง
33,ศรีสะเกษ,Tt,ท่าตูม,อ.ยางชุมน้อย,ต่ำ,กรดจัดมากถึงกรดปานกลาง,ดินร่วนเหนียวปนทรายแป้ง,"กรมพัฒนาที่ดิน · ปีผลิต 2561 · มาตราส่วนต้นฉบับ 1:25,000",ลดรายละเอียดเส้น 50 เมตรเพื่อแสดงผล; ไม่ใช้ระบุแนวเขตแปลง
33,ศรีสะเกษ,W,พื้นที่น้ำ,อ.ยางชุมน้อย,-,,,"กรมพัฒนาที่ดิน · ปีผลิต 2561 · มาตราส่วนต้นฉบับ 1:25,000",ลดรายละเอียดเส้น 50 เมตรเพื่อแสดงผล; ไม่ใช้ระบุแนวเขตแปลง
33,ศรีสะเกษ,Chp,ชุมพลบุรี,อ.ราษีไศล,ต่ำ,กรดจัดมากถึงกรดจัด,ดินร่วนปนทราย,"กรมพัฒนาที่ดิน · ปีผลิต 2561 · มาตราส่วนต้นฉบับ 1:25,000",ลดรายละเอียดเส้น 50 เมตรเพื่อแสดงผล; ไม่ใช้ระบุแนวเขตแปลง
33,ศรีสะเกษ,Chp/Ka,หน่วยดินสัมพันธ์ชุดดินชุมพลบุรีและชุดดินกันทรวิชัย,อ.ราษีไศล,ต่ำถึงปานกลาง,กรดจัดมากถึงกรดจัด,ดินร่วนปนทรายแป้งหรือดินร่วนเหนียวปนทรายแป้ง,"กรมพัฒนาที่ดิน · ปีผลิต 2561 · มาตราส่วนต้นฉบับ 1:25,000",ลดรายละเอียดเส้น 50 เมตรเพื่อแสดงผล; ไม่ใช้ระบุแนวเขตแปลง
33,ศรีสะเกษ,Chp/Ka,หน่วยดินสัมพันธ์ชุดดินชุมพลบุรีและชุดดินกันทรวิชัย,อ.ราษีไศล,ต่ำถึงปานกลาง,กรดจัดมากถึงกรดจัด,ดินร่วนหรือดินร่วนเหนียวปนทรายแป้ง,"กรมพัฒนาที่ดิน · ปีผลิต 2561 · มาตราส่วนต้นฉบับ 1:25,000",ลดรายละเอียดเส้น 50 เมตรเพื่อแสดงผล; ไม่ใช้ระบุแนวเขตแปลง
33,ศรีสะเกษ,Chp/Ka,หน่วยดินสัมพันธ์ชุดดินชุมพลบุรีและชุดดินกันทรวิชัย,อ.ราษีไศล,ต่ำถึงปานกลาง,กรดจัดมากถึงกรดจัด,ดินร่วนปนทรายหรือดินร่วนเหนียวปนทรายแป้ง,"กรมพัฒนาที่ดิน · ปีผลิต 2561 · มาตราส่วนต้นฉบับ 1:25,000",ลดรายละเอียดเส้น 50 เมตรเพื่อแสดงผล; ไม่ใช้ระบุแนวเขตแปลง
33,ศรีสะเกษ,Cni,ชำนิ,อ.ราษีไศล,ต่ำ,กรดจัดถึงกรดปานกลาง,ดินร่วน,"กรมพัฒนาที่ดิน · ปีผลิต 2561 · มาตราส่วนต้นฉบับ 1:25,000",ลดรายละเอียดเส้น 50 เมตรเพื่อแสดงผล; ไม่ใช้ระบุแนวเขตแปลง
33,ศรีสะเกษ,Cni,ชำนิ,อ.ราษีไศล,ต่ำ,กรดจัดถึงกรดปานกลาง,ดินร่วนปนทรายแป้ง,"กรมพัฒนาที่ดิน · ปีผลิต 2561 · มาตราส่วนต้นฉบับ 1:25,000",ลดรายละเอียดเส้น 50 เมตรเพื่อแสดงผล; ไม่ใช้ระบุแนวเขตแปลง
33,ศรีสะเกษ,Cni,ชำนิ,อ.ราษีไศล,ต่ำ,กรดจัดถึงกรดปานกลาง,ดินร่วนปนดินเหนียว,"กรมพัฒนาที่ดิน · ปีผลิต 2561 · มาตราส่วนต้นฉบับ 1:25,000",ลดรายละเอียดเส้น 50 เมตรเพื่อแสดงผล; ไม่ใช้ระบุแนวเขตแปลง
33,ศรีสะเกษ,Cni,ชำนิ,อ.ราษีไศล,ต่ำ,กรดจัดถึงกรดปานกลาง,ดินร่วนเหนียวปนทรายแป้ง,"กรมพัฒนาที่ดิน · ปีผลิต 2561 · มาตราส่วนต้นฉบับ 1:25,000",ลดรายละเอียดเส้น 50 เมตรเพื่อแสดงผล; ไม่ใช้ระบุแนวเขตแปลง
33,ศรีสะเกษ,Kng,คง,อ.ราษีไศล,ต่ำ,กรดจัดมากถึงกรดจัด,ดินร่วนปนทราย,"กรมพัฒนาที่ดิน · ปีผลิต 2561 · มาตราส่วนต้นฉบับ 1:25,000",ลดรายละเอียดเส้น 50 เมตรเพื่อแสดงผล; ไม่ใช้ระบุแนวเขตแปลง
33,ศรีสะเกษ,Kt,โคราช,อ.ราษีไศล,ต่ำ,กรดจัดมากถึงกรดจัด,ดินร่วนปนทราย,"กรมพัฒนาที่ดิน · ปีผลิต 2561 · มาตราส่วนต้นฉบับ 1:25,000",ลดรายละเอียดเส้น 50 เมตรเพื่อแสดงผล; ไม่ใช้ระบุแนวเขตแปลง
33,ศรีสะเกษ,Msk,มหาสารคาม,อ.ราษีไศล,ต่ำ,กรดจัดถึงกรดปานกลาง,ดินทรายปนดินร่วน,"กรมพัฒนาที่ดิน · ปีผลิต 2561 · มาตราส่วนต้นฉบับ 1:25,000",ลดรายละเอียดเส้น 50 เมตรเพื่อแสดงผล; ไม่ใช้ระบุแนวเขตแปลง
33,ศรีสะเกษ,Nad,นาดูน,อ.ราษีไศล,ต่ำ,กรดจัดมากถึงกรดจัด,ดินร่วนปนทราย,"กรมพัฒนาที่ดิน · ปีผลิต 2561 · มาตราส่วนต้นฉบับ 1:25,000",ลดรายละเอียดเส้น 50 เมตรเพื่อแสดงผล; ไม่ใช้ระบุแนวเขตแปลง
33,ศรีสะเกษ,Nbn,หนองบุญนาก,อ.ราษีไศล,ต่ำ,กรดจัดมากถึงกรดจัด,ดินร่วนปนทราย,"กรมพัฒนาที่ดิน · ปีผลิต 2561 · มาตราส่วนต้นฉบับ 1:25,000",ลดรายละเอียดเส้น 50 เมตรเพื่อแสดงผล; ไม่ใช้ระบุแนวเขตแปลง
33,ศรีสะเกษ,Ndg,โนนแดง,อ.ราษีไศล,ต่ำ,กรดจัดมากถึงกรดจัด,ดินร่วนปนทราย,"กรมพัฒนาที่ดิน · ปีผลิต 2561 · มาตราส่วนต้นฉบับ 1:25,000",ลดรายละเอียดเส้น 50 เมตรเพื่อแสดงผล; ไม่ใช้ระบุแนวเขตแปลง
33,ศรีสะเกษ,Pho,พล,อ.ราษีไศล,ต่ำ,กรดจัดถึงกรดปานกลาง,ดินร่วนปนทราย,"กรมพัฒนาที่ดิน · ปีผลิต 2561 · มาตราส่วนต้นฉบับ 1:25,000",ลดรายละเอียดเส้น 50 เมตรเพื่อแสดงผล; ไม่ใช้ระบุแนวเขตแปลง
33,ศรีสะเกษ,Ptk,พระทองคำ,อ.ราษีไศล,ต่ำ,กรดจัดมากถึงกรดจัด,ดินร่วนปนทราย,"กรมพัฒนาที่ดิน · ปีผลิต 2561 · มาตราส่วนต้นฉบับ 1:25,000",ลดรายละเอียดเส้น 50 เมตรเพื่อแสดงผล; ไม่ใช้ระบุแนวเขตแปลง
33,ศรีสะเกษ,Re,ร้อยเอ็ด,อ.ราษีไศล,ต่ำ,กรดจัดมากถึงกรดปานกลาง,ดินร่วนปนทราย,"กรมพัฒนาที่ดิน · ปีผลิต 2561 · มาตราส่วนต้นฉบับ 1:25,000",ลดรายละเอียดเส้น 50 เมตรเพื่อแสดงผล; ไม่ใช้ระบุแนวเขตแปลง
33,ศรีสะเกษ,Re,ร้อยเอ็ด,อ.ราษีไศล,ต่ำ,กรดจัดมากถึงกรดจัด,ดินร่วนปนทราย,"กรมพัฒนาที่ดิน · ปีผลิต 2561 · มาตราส่วนต้นฉบับ 1:25,000",ลดรายละเอียดเส้น 50 เมตรเพื่อแสดงผล; ไม่ใช้ระบุแนวเขตแปลง
33,ศรีสะเกษ,Sik,ศีขรภูมิ,อ.ราษีไศล,ต่ำ,กรดจัดมากถึงกรดจัด,ดินร่วนปนทรายแป้ง,"กรมพัฒนาที่ดิน · ปีผลิต 2561 · มาตราส่วนต้นฉบับ 1:25,000",ลดรายละเอียดเส้น 50 เมตรเพื่อแสดงผล; ไม่ใช้ระบุแนวเขตแปลง
33,ศรีสะเกษ,Th,ธวัชบุรี,อ.ราษีไศล,ปานกลาง,กรดปานกลางถึงกรดเล็กน้อย,ดินร่วนเหนียวปนทรายแป้ง,"กรมพัฒนาที่ดิน · ปีผลิต 2561 · มาตราส่วนต้นฉบับ 1:25,000",ลดรายละเอียดเส้น 50 เมตรเพื่อแสดงผล; ไม่ใช้ระบุแนวเขตแปลง
33,ศรีสะเกษ,Tt,ท่าตูม,อ.ราษีไศล,ต่ำ,กรดจัดมากถึงกรดปานกลาง,ดินร่วนเหนียวปนทรายแป้ง,"กรมพัฒนาที่ดิน · ปีผลิต 2561 · มาตราส่วนต้นฉบับ 1:25,000",ลดรายละเอียดเส้น 50 เมตรเพื่อแสดงผล; ไม่ใช้ระบุแนวเขตแปลง
33,ศรีสะเกษ,W,พื้นที่น้ำ,อ.ราษีไศล,-,,,"กรมพัฒนาที่ดิน · ปีผลิต 2561 · มาตราส่วนต้นฉบับ 1:25,000",ลดรายละเอียดเส้น 50 เมตรเพื่อแสดงผล; ไม่ใช้ระบุแนวเขตแปลง
33,ศรีสะเกษ,Chp/Ka,หน่วยดินสัมพันธ์ชุดดินชุมพลบุรีและชุดดินกันทรวิชัย,อ.วังหิน,ต่ำถึงปานกลาง,กรดจัดมากถึงกรดจัด,ดินร่วนปนทรายหรือดินร่วนเหนียวปนทรายแป้ง,"กรมพัฒนาที่ดิน · ปีผลิต 2561 · มาตราส่วนต้นฉบับ 1:25,000",ลดรายละเอียดเส้น 50 เมตรเพื่อแสดงผล; ไม่ใช้ระบุแนวเขตแปลง
33,ศรีสะเกษ,Cni,ชำนิ,อ.วังหิน,ต่ำ,กรดจัดถึงกรดปานกลาง,ดินร่วนปนทรายแป้ง,"กรมพัฒนาที่ดิน · ปีผลิต 2561 · มาตราส่วนต้นฉบับ 1:25,000",ลดรายละเอียดเส้น 50 เมตรเพื่อแสดงผล; ไม่ใช้ระบุแนวเขตแปลง
33,ศรีสะเกษ,Nbn,หนองบุญนาก,อ.วังหิน,ต่ำ,กรดจัดมากถึงกรดจัด,ดินร่วนปนทราย,"กรมพัฒนาที่ดิน · ปีผลิต 2561 · มาตราส่วนต้นฉบับ 1:25,000",ลดรายละเอียดเส้น 50 เมตรเพื่อแสดงผล; ไม่ใช้ระบุแนวเขตแปลง
33,ศรีสะเกษ,Ndg,โนนแดง,อ.วังหิน,ต่ำ,กรดจัดมากถึงกรดจัด,ดินร่วนปนทราย,"กรมพัฒนาที่ดิน · ปีผลิต 2561 · มาตราส่วนต้นฉบับ 1:25,000",ลดรายละเอียดเส้น 50 เมตรเพื่อแสดงผล; ไม่ใช้ระบุแนวเขตแปลง
33,ศรีสะเกษ,Pho,พล,อ.วังหิน,ต่ำ,กรดจัดถึงกรดปานกลาง,ดินร่วนปนทราย,"กรมพัฒนาที่ดิน · ปีผลิต 2561 · มาตราส่วนต้นฉบับ 1:25,000",ลดรายละเอียดเส้น 50 เมตรเพื่อแสดงผล; ไม่ใช้ระบุแนวเขตแปลง
33,ศรีสะเกษ,Ptk,พระทองคำ,อ.วังหิน,ต่ำ,กรดจัดมากถึงกรดจัด,ดินร่วนปนทราย,"กรมพัฒนาที่ดิน · ปีผลิต 2561 · มาตราส่วนต้นฉบับ 1:25,000",ลดรายละเอียดเส้น 50 เมตรเพื่อแสดงผล; ไม่ใช้ระบุแนวเขตแปลง
33,ศรีสะเกษ,Ptk-Ndg,หน่วยดินเชิงซ้อนชุดดินพระทองคำและชุดดินโนนแดง,อ.วังหิน,ต่ำ,กรดจัดมากถึงกรดจัด,ดินร่วนปนทราย,"กรมพัฒนาที่ดิน · ปีผลิต 2561 · มาตราส่วนต้นฉบับ 1:25,000",ลดรายละเอียดเส้น 50 เมตรเพื่อแสดงผล; ไม่ใช้ระบุแนวเขตแปลง
33,ศรีสะเกษ,Re,ร้อยเอ็ด,อ.วังหิน,ต่ำ,กรดจัดมากถึงกรดปานกลาง,ดินร่วนปนทราย,"กรมพัฒนาที่ดิน · ปีผลิต 2561 · มาตราส่วนต้นฉบับ 1:25,000",ลดรายละเอียดเส้น 50 เมตรเพื่อแสดงผล; ไม่ใช้ระบุแนวเขตแปลง
33,ศรีสะเกษ,Re,ร้อยเอ็ด,อ.วังหิน,ต่ำ,กรดจัดมากถึงกรดจัด,ดินร่วนปนทราย,"กรมพัฒนาที่ดิน · ปีผลิต 2561 · มาตราส่วนต้นฉบับ 1:25,000",ลดรายละเอียดเส้น 50 เมตรเพื่อแสดงผล; ไม่ใช้ระบุแนวเขตแปลง
33,ศรีสะเกษ,Sik,ศีขรภูมิ,อ.วังหิน,ต่ำ,กรดจัดมากถึงกรดจัด,ดินร่วนปนทรายแป้ง,"กรมพัฒนาที่ดิน · ปีผลิต 2561 · มาตราส่วนต้นฉบับ 1:25,000",ลดรายละเอียดเส้น 50 เมตรเพื่อแสดงผล; ไม่ใช้ระบุแนวเขตแปลง
33,ศรีสะเกษ,Ci,โชคชัย,อ.ศรีรัตนะ,ต่ำ,กรดปานกลางถึงเป็นกลาง,ดินร่วนปนดินเหนียว,"กรมพัฒนาที่ดิน · ปีผลิต 2561 · มาตราส่วนต้นฉบับ 1:25,000",ลดรายละเอียดเส้น 50 เมตรเพื่อแสดงผล; ไม่ใช้ระบุแนวเขตแปลง
33,ศรีสะเกษ,Cni,ชำนิ,อ.ศรีรัตนะ,ต่ำ,กรดจัดถึงกรดปานกลาง,ดินร่วนปนทรายแป้ง,"กรมพัฒนาที่ดิน · ปีผลิต 2561 · มาตราส่วนต้นฉบับ 1:25,000",ลดรายละเอียดเส้น 50 เมตรเพื่อแสดงผล; ไม่ใช้ระบุแนวเขตแปลง
33,ศรีสะเกษ,Kng,คง,อ.ศรีรัตนะ,ต่ำ,กรดจัดมากถึงกรดจัด,ดินร่วนปนทราย,"กรมพัฒนาที่ดิน · ปีผลิต 2561 · มาตราส่วนต้นฉบับ 1:25,000",ลดรายละเอียดเส้น 50 เมตรเพื่อแสดงผล; ไม่ใช้ระบุแนวเขตแปลง
33,ศรีสะเกษ,Nad,นาดูน,อ.ศรีรัตนะ,ต่ำ,กรดจัดมากถึงกรดจัด,ดินร่วนปนทราย,"กรมพัฒนาที่ดิน · ปีผลิต 2561 · มาตราส่วนต้นฉบับ 1:25,000",ลดรายละเอียดเส้น 50 เมตรเพื่อแสดงผล; ไม่ใช้ระบุแนวเขตแปลง
33,ศรีสะเกษ,Nbn,หนองบุญนาก,อ.ศรีรัตนะ,ต่ำ,กรดจัดมากถึงกรดจัด,ดินร่วนปนทราย,"กรมพัฒนาที่ดิน · ปีผลิต 2561 · มาตราส่วนต้นฉบับ 1:25,000",ลดรายละเอียดเส้น 50 เมตรเพื่อแสดงผล; ไม่ใช้ระบุแนวเขตแปลง
33,ศรีสะเกษ,Ndg,โนนแดง,อ.ศรีรัตนะ,ต่ำ,กรดจัดมากถึงกรดจัด,ดินทรายปนดินร่วน,"กรมพัฒนาที่ดิน · ปีผลิต 2561 · มาตราส่วนต้นฉบับ 1:25,000",ลดรายละเอียดเส้น 50 เมตรเพื่อแสดงผล; ไม่ใช้ระบุแนวเขตแปลง
33,ศรีสะเกษ,Pho,พล,อ.ศรีรัตนะ,ต่ำ,กรดจัดถึงกรดปานกลาง,ดินร่วนปนทราย,"กรมพัฒนาที่ดิน · ปีผลิต 2561 · มาตราส่วนต้นฉบับ 1:25,000",ลดรายละเอียดเส้น 50 เมตรเพื่อแสดงผล; ไม่ใช้ระบุแนวเขตแปลง
33,ศรีสะเกษ,Pp,โพนพิสัย,อ.ศรีรัตนะ,ต่ำ,กรดจัดมากถึงกรดจัด,ดินร่วนปนทราย,"กรมพัฒนาที่ดิน · ปีผลิต 2561 · มาตราส่วนต้นฉบับ 1:25,000",ลดรายละเอียดเส้น 50 เมตรเพื่อแสดงผล; ไม่ใช้ระบุแนวเขตแปลง
33,ศรีสะเกษ,Ptk,พระทองคำ,อ.ศรีรัตนะ,ต่ำ,กรดจัดมากถึงกรดจัด,ดินร่วนปนทราย,"กรมพัฒนาที่ดิน · ปีผลิต 2561 · มาตราส่วนต้นฉบับ 1:25,000",ลดรายละเอียดเส้น 50 เมตรเพื่อแสดงผล; ไม่ใช้ระบุแนวเขตแปลง
33,ศรีสะเกษ,Ptk-Ndg,หน่วยดินเชิงซ้อนชุดดินพระทองคำและชุดดินโนนแดง,อ.ศรีรัตนะ,ต่ำ,กรดจัดมากถึงกรดจัด,ดินร่วนปนทราย,"กรมพัฒนาที่ดิน · ปีผลิต 2561 · มาตราส่วนต้นฉบับ 1:25,000",ลดรายละเอียดเส้น 50 เมตรเพื่อแสดงผล; ไม่ใช้ระบุแนวเขตแปลง
33,ศรีสะเกษ,Re,ร้อยเอ็ด,อ.ศรีรัตนะ,ต่ำ,กรดจัดมากถึงกรดปานกลาง,ดินร่วนปนทราย,"กรมพัฒนาที่ดิน · ปีผลิต 2561 · มาตราส่วนต้นฉบับ 1:25,000",ลดรายละเอียดเส้น 50 เมตรเพื่อแสดงผล; ไม่ใช้ระบุแนวเขตแปลง
33,ศรีสะเกษ,Re,ร้อยเอ็ด,อ.ศรีรัตนะ,ต่ำ,กรดจัดมากถึงกรดจัด,ดินร่วนปนทราย,"กรมพัฒนาที่ดิน · ปีผลิต 2561 · มาตราส่วนต้นฉบับ 1:25,000",ลดรายละเอียดเส้น 50 เมตรเพื่อแสดงผล; ไม่ใช้ระบุแนวเขตแปลง
33,ศรีสะเกษ,Sik,ศีขรภูมิ,อ.ศรีรัตนะ,ต่ำ,กรดจัดมากถึงกรดจัด,ดินร่วนปนทรายแป้ง,"กรมพัฒนาที่ดิน · ปีผลิต 2561 · มาตราส่วนต้นฉบับ 1:25,000",ลดรายละเอียดเส้น 50 เมตรเพื่อแสดงผล; ไม่ใช้ระบุแนวเขตแปลง
33,ศรีสะเกษ,Ssk,ศรีสะเกษ,อ.ศรีรัตนะ,ต่ำ,กรดจัดถึงเป็นกลาง,ดินร่วนปนดินเหนียวปนกรวด,"กรมพัฒนาที่ดิน · ปีผลิต 2561 · มาตราส่วนต้นฉบับ 1:25,000",ลดรายละเอียดเส้น 50 เมตรเพื่อแสดงผล; ไม่ใช้ระบุแนวเขตแปลง
33,ศรีสะเกษ,Chp,ชุมพลบุรี,อ.ศิลาลาด,ต่ำ,กรดจัดมากถึงกรดจัด,ดินร่วนปนทราย,"กรมพัฒนาที่ดิน · ปีผลิต 2561 · มาตราส่วนต้นฉบับ 1:25,000",ลดรายละเอียดเส้น 50 เมตรเพื่อแสดงผล; ไม่ใช้ระบุแนวเขตแปลง
33,ศรีสะเกษ,Chp/Ka,หน่วยดินสัมพันธ์ชุดดินชุมพลบุรีและชุดดินกันทรวิชัย,อ.ศิลาลาด,ต่ำถึงปานกลาง,กรดจัดมากถึงกรดจัด,ดินร่วนปนทรายแป้งหรือดินร่วนเหนียวปนทรายแป้ง,"กรมพัฒนาที่ดิน · ปีผลิต 2561 · มาตราส่วนต้นฉบับ 1:25,000",ลดรายละเอียดเส้น 50 เมตรเพื่อแสดงผล; ไม่ใช้ระบุแนวเขตแปลง
33,ศรีสะเกษ,Cni,ชำนิ,อ.ศิลาลาด,ต่ำ,กรดจัดถึงกรดปานกลาง,ดินร่วน,"กรมพัฒนาที่ดิน · ปีผลิต 2561 · มาตราส่วนต้นฉบับ 1:25,000",ลดรายละเอียดเส้น 50 เมตรเพื่อแสดงผล; ไม่ใช้ระบุแนวเขตแปลง
33,ศรีสะเกษ,Cni,ชำนิ,อ.ศิลาลาด,ต่ำ,กรดจัดถึงกรดปานกลาง,ดินร่วนปนทรายแป้ง,"กรมพัฒนาที่ดิน · ปีผลิต 2561 · มาตราส่วนต้นฉบับ 1:25,000",ลดรายละเอียดเส้น 50 เมตรเพื่อแสดงผล; ไม่ใช้ระบุแนวเขตแปลง
33,ศรีสะเกษ,Cni,ชำนิ,อ.ศิลาลาด,ต่ำ,กรดจัดถึงกรดปานกลาง,ดินร่วนปนดินเหนียว,"กรมพัฒนาที่ดิน · ปีผลิต 2561 · มาตราส่วนต้นฉบับ 1:25,000",ลดรายละเอียดเส้น 50 เมตรเพื่อแสดงผล; ไม่ใช้ระบุแนวเขตแปลง
33,ศรีสะเกษ,Cni,ชำนิ,อ.ศิลาลาด,ต่ำ,กรดจัดถึงกรดปานกลาง,ดินร่วนเหนียวปนทรายแป้ง,"กรมพัฒนาที่ดิน · ปีผลิต 2561 · มาตราส่วนต้นฉบับ 1:25,000",ลดรายละเอียดเส้น 50 เมตรเพื่อแสดงผล; ไม่ใช้ระบุแนวเขตแปลง
33,ศรีสะเกษ,Kng,คง,อ.ศิลาลาด,ต่ำ,กรดจัดมากถึงกรดจัด,ดินร่วนปนทราย,"กรมพัฒนาที่ดิน · ปีผลิต 2561 · มาตราส่วนต้นฉบับ 1:25,000",ลดรายละเอียดเส้น 50 เมตรเพื่อแสดงผล; ไม่ใช้ระบุแนวเขตแปลง
33,ศรีสะเกษ,Msk,มหาสารคาม,อ.ศิลาลาด,ต่ำ,กรดจัดถึงกรดปานกลาง,ดินทรายปนดินร่วน,"กรมพัฒนาที่ดิน · ปีผลิต 2561 · มาตราส่วนต้นฉบับ 1:25,000",ลดรายละเอียดเส้น 50 เมตรเพื่อแสดงผล; ไม่ใช้ระบุแนวเขตแปลง
33,ศรีสะเกษ,Nad,นาดูน,อ.ศิลาลาด,ต่ำ,กรดจัดมากถึงกรดจัด,ดินร่วนปนทราย,"กรมพัฒนาที่ดิน · ปีผลิต 2561 · มาตราส่วนต้นฉบับ 1:25,000",ลดรายละเอียดเส้น 50 เมตรเพื่อแสดงผล; ไม่ใช้ระบุแนวเขตแปลง
33,ศรีสะเกษ,Ndg,โนนแดง,อ.ศิลาลาด,ต่ำ,กรดจัดมากถึงกรดจัด,ดินร่วนปนทราย,"กรมพัฒนาที่ดิน · ปีผลิต 2561 · มาตราส่วนต้นฉบับ 1:25,000",ลดรายละเอียดเส้น 50 เมตรเพื่อแสดงผล; ไม่ใช้ระบุแนวเขตแปลง
33,ศรีสะเกษ,Pho,พล,อ.ศิลาลาด,ต่ำ,กรดจัดถึงกรดปานกลาง,ดินร่วนปนทราย,"กรมพัฒนาที่ดิน · ปีผลิต 2561 · มาตราส่วนต้นฉบับ 1:25,000",ลดรายละเอียดเส้น 50 เมตรเพื่อแสดงผล; ไม่ใช้ระบุแนวเขตแปลง
33,ศรีสะเกษ,Ptk,พระทองคำ,อ.ศิลาลาด,ต่ำ,กรดจัดมากถึงกรดจัด,ดินร่วนปนทราย,"กรมพัฒนาที่ดิน · ปีผลิต 2561 · มาตราส่วนต้นฉบับ 1:25,000",ลดรายละเอียดเส้น 50 เมตรเพื่อแสดงผล; ไม่ใช้ระบุแนวเขตแปลง
33,ศรีสะเกษ,Re,ร้อยเอ็ด,อ.ศิลาลาด,ต่ำ,กรดจัดมากถึงกรดปานกลาง,ดินร่วนปนทราย,"กรมพัฒนาที่ดิน · ปีผลิต 2561 · มาตราส่วนต้นฉบับ 1:25,000",ลดรายละเอียดเส้น 50 เมตรเพื่อแสดงผล; ไม่ใช้ระบุแนวเขตแปลง
33,ศรีสะเกษ,Re,ร้อยเอ็ด,อ.ศิลาลาด,ต่ำ,กรดจัดมากถึงกรดจัด,ดินร่วนปนทราย,"กรมพัฒนาที่ดิน · ปีผลิต 2561 · มาตราส่วนต้นฉบับ 1:25,000",ลดรายละเอียดเส้น 50 เมตรเพื่อแสดงผล; ไม่ใช้ระบุแนวเขตแปลง
33,ศรีสะเกษ,Sik,ศีขรภูมิ,อ.ศิลาลาด,ต่ำ,กรดจัดมากถึงกรดจัด,ดินร่วนปนทรายแป้ง,"กรมพัฒนาที่ดิน · ปีผลิต 2561 · มาตราส่วนต้นฉบับ 1:25,000",ลดรายละเอียดเส้น 50 เมตรเพื่อแสดงผล; ไม่ใช้ระบุแนวเขตแปลง
33,ศรีสะเกษ,Th,ธวัชบุรี,อ.ศิลาลาด,ปานกลาง,กรดปานกลางถึงกรดเล็กน้อย,ดินร่วนเหนียวปนทรายแป้ง,"กรมพัฒนาที่ดิน · ปีผลิต 2561 · มาตราส่วนต้นฉบับ 1:25,000",ลดรายละเอียดเส้น 50 เมตรเพื่อแสดงผล; ไม่ใช้ระบุแนวเขตแปลง
33,ศรีสะเกษ,Tt,ท่าตูม,อ.ศิลาลาด,ต่ำ,กรดจัดมากถึงกรดปานกลาง,ดินร่วนเหนียวปนทรายแป้ง,"กรมพัฒนาที่ดิน · ปีผลิต 2561 · มาตราส่วนต้นฉบับ 1:25,000",ลดรายละเอียดเส้น 50 เมตรเพื่อแสดงผล; ไม่ใช้ระบุแนวเขตแปลง
33,ศรีสะเกษ,W,พื้นที่น้ำ,อ.ศิลาลาด,-,,,"กรมพัฒนาที่ดิน · ปีผลิต 2561 · มาตราส่วนต้นฉบับ 1:25,000",ลดรายละเอียดเส้น 50 เมตรเพื่อแสดงผล; ไม่ใช้ระบุแนวเขตแปลง
33,ศรีสะเกษ,Chp,ชุมพลบุรี,อ.ห้วยทับทัน,ต่ำ,กรดจัดมากถึงกรดจัด,ดินร่วน,"กรมพัฒนาที่ดิน · ปีผลิต 2561 · มาตราส่วนต้นฉบับ 1:25,000",ลดรายละเอียดเส้น 50 เมตรเพื่อแสดงผล; ไม่ใช้ระบุแนวเขตแปลง
33,ศรีสะเกษ,Chp,ชุมพลบุรี,อ.ห้วยทับทัน,ต่ำ,กรดจัดมากถึงกรดจัด,ดินร่วนปนทรายแป้ง,"กรมพัฒนาที่ดิน · ปีผลิต 2561 · มาตราส่วนต้นฉบับ 1:25,000",ลดรายละเอียดเส้น 50 เมตรเพื่อแสดงผล; ไม่ใช้ระบุแนวเขตแปลง
33,ศรีสะเกษ,Cni,ชำนิ,อ.ห้วยทับทัน,ต่ำ,กรดจัดถึงกรดปานกลาง,ดินร่วน,"กรมพัฒนาที่ดิน · ปีผลิต 2561 · มาตราส่วนต้นฉบับ 1:25,000",ลดรายละเอียดเส้น 50 เมตรเพื่อแสดงผล; ไม่ใช้ระบุแนวเขตแปลง
33,ศรีสะเกษ,Kng,คง,อ.ห้วยทับทัน,ต่ำ,กรดจัดมากถึงกรดจัด,ดินร่วนปนทราย,"กรมพัฒนาที่ดิน · ปีผลิต 2561 · มาตราส่วนต้นฉบับ 1:25,000",ลดรายละเอียดเส้น 50 เมตรเพื่อแสดงผล; ไม่ใช้ระบุแนวเขตแปลง
33,ศรีสะเกษ,Nbn,หนองบุญนาก,อ.ห้วยทับทัน,ต่ำ,กรดจัดมากถึงกรดจัด,ดินร่วนปนทราย,"กรมพัฒนาที่ดิน · ปีผลิต 2561 · มาตราส่วนต้นฉบับ 1:25,000",ลดรายละเอียดเส้น 50 เมตรเพื่อแสดงผล; ไม่ใช้ระบุแนวเขตแปลง
33,ศรีสะเกษ,Ndg,โนนแดง,อ.ห้วยทับทัน,ต่ำ,กรดจัดมากถึงกรดจัด,ดินร่วนปนทราย,"กรมพัฒนาที่ดิน · ปีผลิต 2561 · มาตราส่วนต้นฉบับ 1:25,000",ลดรายละเอียดเส้น 50 เมตรเพื่อแสดงผล; ไม่ใช้ระบุแนวเขตแปลง
33,ศรีสะเกษ,Pho,พล,อ.ห้วยทับทัน,ต่ำ,กรดจัดถึงกรดปานกลาง,ดินร่วนปนทราย,"กรมพัฒนาที่ดิน · ปีผลิต 2561 · มาตราส่วนต้นฉบับ 1:25,000",ลดรายละเอียดเส้น 50 เมตรเพื่อแสดงผล; ไม่ใช้ระบุแนวเขตแปลง
33,ศรีสะเกษ,Ptk,พระทองคำ,อ.ห้วยทับทัน,ต่ำ,กรดจัดมากถึงกรดจัด,ดินร่วนปนทราย,"กรมพัฒนาที่ดิน · ปีผลิต 2561 · มาตราส่วนต้นฉบับ 1:25,000",ลดรายละเอียดเส้น 50 เมตรเพื่อแสดงผล; ไม่ใช้ระบุแนวเขตแปลง
33,ศรีสะเกษ,Ptk-Ndg,หน่วยดินเชิงซ้อนชุดดินพระทองคำและชุดดินโนนแดง,อ.ห้วยทับทัน,ต่ำ,กรดจัดมากถึงกรดจัด,ดินร่วนปนทราย,"กรมพัฒนาที่ดิน · ปีผลิต 2561 · มาตราส่วนต้นฉบับ 1:25,000",ลดรายละเอียดเส้น 50 เมตรเพื่อแสดงผล; ไม่ใช้ระบุแนวเขตแปลง
33,ศรีสะเกษ,Re,ร้อยเอ็ด,อ.ห้วยทับทัน,ต่ำ,กรดจัดมากถึงกรดจัด,ดินร่วนปนทราย,"กรมพัฒนาที่ดิน · ปีผลิต 2561 · มาตราส่วนต้นฉบับ 1:25,000",ลดรายละเอียดเส้น 50 เมตรเพื่อแสดงผล; ไม่ใช้ระบุแนวเขตแปลง
33,ศรีสะเกษ,Sik,ศีขรภูมิ,อ.ห้วยทับทัน,ต่ำ,กรดจัดมากถึงกรดจัด,ดินร่วน,"กรมพัฒนาที่ดิน · ปีผลิต 2561 · มาตราส่วนต้นฉบับ 1:25,000",ลดรายละเอียดเส้น 50 เมตรเพื่อแสดงผล; ไม่ใช้ระบุแนวเขตแปลง
33,ศรีสะเกษ,Chp/Ka,หน่วยดินสัมพันธ์ชุดดินชุมพลบุรีและชุดดินกันทรวิชัย,อ.อุทุมพรพิสัย,ต่ำถึงปานกลาง,กรดจัดมากถึงกรดจัด,ดินร่วนปนทรายหรือดินร่วนเหนียวปนทรายแป้ง,"กรมพัฒนาที่ดิน · ปีผลิต 2561 · มาตราส่วนต้นฉบับ 1:25,000",ลดรายละเอียดเส้น 50 เมตรเพื่อแสดงผล; ไม่ใช้ระบุแนวเขตแปลง
33,ศรีสะเกษ,Cni,ชำนิ,อ.อุทุมพรพิสัย,ต่ำ,กรดจัดถึงกรดปานกลาง,ดินร่วน,"กรมพัฒนาที่ดิน · ปีผลิต 2561 · มาตราส่วนต้นฉบับ 1:25,000",ลดรายละเอียดเส้น 50 เมตรเพื่อแสดงผล; ไม่ใช้ระบุแนวเขตแปลง
33,ศรีสะเกษ,Cni,ชำนิ,อ.อุทุมพรพิสัย,ต่ำ,กรดจัดถึงกรดปานกลาง,ดินร่วนปนทรายแป้ง,"กรมพัฒนาที่ดิน · ปีผลิต 2561 · มาตราส่วนต้นฉบับ 1:25,000",ลดรายละเอียดเส้น 50 เมตรเพื่อแสดงผล; ไม่ใช้ระบุแนวเขตแปลง
33,ศรีสะเกษ,Cni,ชำนิ,อ.อุทุมพรพิสัย,ต่ำ,กรดจัดถึงกรดปานกลาง,ดินร่วนเหนียวปนทรายแป้ง,"กรมพัฒนาที่ดิน · ปีผลิต 2561 · มาตราส่วนต้นฉบับ 1:25,000",ลดรายละเอียดเส้น 50 เมตรเพื่อแสดงผล; ไม่ใช้ระบุแนวเขตแปลง
33,ศรีสะเกษ,Kng,คง,อ.อุทุมพรพิสัย,ต่ำ,กรดจัดมากถึงกรดจัด,ดินร่วนปนทราย,"กรมพัฒนาที่ดิน · ปีผลิต 2561 · มาตราส่วนต้นฉบับ 1:25,000",ลดรายละเอียดเส้น 50 เมตรเพื่อแสดงผล; ไม่ใช้ระบุแนวเขตแปลง
33,ศรีสะเกษ,Msk,มหาสารคาม,อ.อุทุมพรพิสัย,ต่ำ,กรดจัดถึงกรดปานกลาง,ดินทรายปนดินร่วน,"กรมพัฒนาที่ดิน · ปีผลิต 2561 · มาตราส่วนต้นฉบับ 1:25,000",ลดรายละเอียดเส้น 50 เมตรเพื่อแสดงผล; ไม่ใช้ระบุแนวเขตแปลง
33,ศรีสะเกษ,Nbn,หนองบุญนาก,อ.อุทุมพรพิสัย,ต่ำ,กรดจัดมากถึงกรดจัด,ดินร่วนปนทราย,"กรมพัฒนาที่ดิน · ปีผลิต 2561 · มาตราส่วนต้นฉบับ 1:25,000",ลดรายละเอียดเส้น 50 เมตรเพื่อแสดงผล; ไม่ใช้ระบุแนวเขตแปลง
33,ศรีสะเกษ,Ndg,โนนแดง,อ.อุทุมพรพิสัย,ต่ำ,กรดจัดมากถึงกรดจัด,ดินร่วนปนทราย,"กรมพัฒนาที่ดิน · ปีผลิต 2561 · มาตราส่วนต้นฉบับ 1:25,000",ลดรายละเอียดเส้น 50 เมตรเพื่อแสดงผล; ไม่ใช้ระบุแนวเขตแปลง
33,ศรีสะเกษ,Pho,พล,อ.อุทุมพรพิสัย,ต่ำ,กรดจัดถึงกรดปานกลาง,ดินร่วนปนทราย,"กรมพัฒนาที่ดิน · ปีผลิต 2561 · มาตราส่วนต้นฉบับ 1:25,000",ลดรายละเอียดเส้น 50 เมตรเพื่อแสดงผล; ไม่ใช้ระบุแนวเขตแปลง
33,ศรีสะเกษ,Ptk,พระทองคำ,อ.อุทุมพรพิสัย,ต่ำ,กรดจัดมากถึงกรดจัด,ดินร่วนปนทราย,"กรมพัฒนาที่ดิน · ปีผลิต 2561 · มาตราส่วนต้นฉบับ 1:25,000",ลดรายละเอียดเส้น 50 เมตรเพื่อแสดงผล; ไม่ใช้ระบุแนวเขตแปลง
33,ศรีสะเกษ,Re,ร้อยเอ็ด,อ.อุทุมพรพิสัย,ต่ำ,กรดจัดมากถึงกรดปานกลาง,ดินร่วนปนทราย,"กรมพัฒนาที่ดิน · ปีผลิต 2561 · มาตราส่วนต้นฉบับ 1:25,000",ลดรายละเอียดเส้น 50 เมตรเพื่อแสดงผล; ไม่ใช้ระบุแนวเขตแปลง
33,ศรีสะเกษ,Re,ร้อยเอ็ด,อ.อุทุมพรพิสัย,ต่ำ,กรดจัดมากถึงกรดจัด,ดินร่วนปนทราย,"กรมพัฒนาที่ดิน · ปีผลิต 2561 · มาตราส่วนต้นฉบับ 1:25,000",ลดรายละเอียดเส้น 50 เมตรเพื่อแสดงผล; ไม่ใช้ระบุแนวเขตแปลง
33,ศรีสะเกษ,Sik,ศีขรภูมิ,อ.อุทุมพรพิสัย,ต่ำ,กรดจัดมากถึงกรดจัด,ดินร่วนปนทรายแป้ง,"กรมพัฒนาที่ดิน · ปีผลิต 2561 · มาตราส่วนต้นฉบับ 1:25,000",ลดรายละเอียดเส้น 50 เมตรเพื่อแสดงผล; ไม่ใช้ระบุแนวเขตแปลง
33,ศรีสะเกษ,Th,ธวัชบุรี,อ.อุทุมพรพิสัย,ปานกลาง,กรดปานกลางถึงกรดเล็กน้อย,ดินร่วนเหนียวปนทรายแป้ง,"กรมพัฒนาที่ดิน · ปีผลิต 2561 · มาตราส่วนต้นฉบับ 1:25,000",ลดรายละเอียดเส้น 50 เมตรเพื่อแสดงผล; ไม่ใช้ระบุแนวเขตแปลง
33,ศรีสะเกษ,W,พื้นที่น้ำ,อ.อุทุมพรพิสัย,-,,,"กรมพัฒนาที่ดิน · ปีผลิต 2561 · มาตราส่วนต้นฉบับ 1:25,000",ลดรายละเอียดเส้น 50 เมตรเพื่อแสดงผล; ไม่ใช้ระบุแนวเขตแปลง
33,ศรีสะเกษ,Br,บุรีรัมย์,อ.กันทรลักษ์,ปานกลาง,กรดจัดถึงกรดเล็กน้อย,ดินเหนียว,"กรมพัฒนาที่ดิน · ปีผลิต 2561 · มาตราส่วนต้นฉบับ 1:25,000",ลดรายละเอียดเส้น 50 เมตรเพื่อแสดงผล; ไม่ใช้ระบุแนวเขตแปลง
33,ศรีสะเกษ,Chp,ชุมพลบุรี,อ.กันทรลักษ์,ต่ำ,กรดจัดมากถึงกรดจัด,ดินร่วนปนทราย,"กรมพัฒนาที่ดิน · ปีผลิต 2561 · มาตราส่วนต้นฉบับ 1:25,000",ลดรายละเอียดเส้น 50 เมตรเพื่อแสดงผล; ไม่ใช้ระบุแนวเขตแปลง
33,ศรีสะเกษ,Ci,โชคชัย,อ.กันทรลักษ์,ต่ำ,กรดปานกลางถึงเป็นกลาง,ดินร่วนปนดินเหนียว,"กรมพัฒนาที่ดิน · ปีผลิต 2561 · มาตราส่วนต้นฉบับ 1:25,000",ลดรายละเอียดเส้น 50 เมตรเพื่อแสดงผล; ไม่ใช้ระบุแนวเขตแปลง
33,ศรีสะเกษ,Cni,ชำนิ,อ.กันทรลักษ์,ต่ำ,กรดจัดถึงกรดปานกลาง,ดินร่วนปนทรายแป้ง,"กรมพัฒนาที่ดิน · ปีผลิต 2561 · มาตราส่วนต้นฉบับ 1:25,000",ลดรายละเอียดเส้น 50 เมตรเพื่อแสดงผล; ไม่ใช้ระบุแนวเขตแปลง
33,ศรีสะเกษ,ES,หน้าผาชัน,อ.กันทรลักษ์,-,,,"กรมพัฒนาที่ดิน · ปีผลิต 2561 · มาตราส่วนต้นฉบับ 1:25,000",ลดรายละเอียดเส้น 50 เมตรเพื่อแสดงผล; ไม่ใช้ระบุแนวเขตแปลง
33,ศรีสะเกษ,F,พื้นที่ป่าไม้,อ.กันทรลักษ์,-,,,"กรมพัฒนาที่ดิน · ปีผลิต 2561 · มาตราส่วนต้นฉบับ 1:25,000",ลดรายละเอียดเส้น 50 เมตรเพื่อแสดงผล; ไม่ใช้ระบุแนวเขตแปลง
33,ศรีสะเกษ,Kbr,ครบุรี,อ.กันทรลักษ์,ต่ำ,กรดปานกลางถึงเป็นกลาง,ดินร่วนปนดินเหนียว,"กรมพัฒนาที่ดิน · ปีผลิต 2561 · มาตราส่วนต้นฉบับ 1:25,000",ลดรายละเอียดเส้น 50 เมตรเพื่อแสดงผล; ไม่ใช้ระบุแนวเขตแปลง
33,ศรีสะเกษ,Kg,คำบง,อ.กันทรลักษ์,ต่ำ,กรดปานกลางถึงกรดเล็กน้อย,ดินทรายปนดินร่วน,"กรมพัฒนาที่ดิน · ปีผลิต 2561 · มาตราส่วนต้นฉบับ 1:25,000",ลดรายละเอียดเส้น 50 เมตรเพื่อแสดงผล; ไม่ใช้ระบุแนวเขตแปลง
33,ศรีสะเกษ,Kng,คง,อ.กันทรลักษ์,ต่ำ,กรดจัดมากถึงกรดจัด,ดินร่วนปนทราย,"กรมพัฒนาที่ดิน · ปีผลิต 2561 · มาตราส่วนต้นฉบับ 1:25,000",ลดรายละเอียดเส้น 50 เมตรเพื่อแสดงผล; ไม่ใช้ระบุแนวเขตแปลง
33,ศรีสะเกษ,Kt,โคราช,อ.กันทรลักษ์,ต่ำ,กรดจัดมากถึงกรดจัด,ดินร่วนปนทราย,"กรมพัฒนาที่ดิน · ปีผลิต 2561 · มาตราส่วนต้นฉบับ 1:25,000",ลดรายละเอียดเส้น 50 เมตรเพื่อแสดงผล; ไม่ใช้ระบุแนวเขตแปลง
33,ศรีสะเกษ,Lah,ละหานทราย,อ.กันทรลักษ์,ต่ำ,กรดจัดมากถึงกรดจัด,ดินร่วนปนทราย,"กรมพัฒนาที่ดิน · ปีผลิต 2561 · มาตราส่วนต้นฉบับ 1:25,000",ลดรายละเอียดเส้น 50 เมตรเพื่อแสดงผล; ไม่ใช้ระบุแนวเขตแปลง
33,ศรีสะเกษ,Msk,มหาสารคาม,อ.กันทรลักษ์,ต่ำ,กรดจัดถึงกรดปานกลาง,ดินทรายปนดินร่วน,"กรมพัฒนาที่ดิน · ปีผลิต 2561 · มาตราส่วนต้นฉบับ 1:25,000",ลดรายละเอียดเส้น 50 เมตรเพื่อแสดงผล; ไม่ใช้ระบุแนวเขตแปลง
33,ศรีสะเกษ,Nad,นาดูน,อ.กันทรลักษ์,ต่ำ,กรดจัดมากถึงกรดจัด,ดินร่วนปนทราย,"กรมพัฒนาที่ดิน · ปีผลิต 2561 · มาตราส่วนต้นฉบับ 1:25,000",ลดรายละเอียดเส้น 50 เมตรเพื่อแสดงผล; ไม่ใช้ระบุแนวเขตแปลง
33,ศรีสะเกษ,Nbn,หนองบุญนาก,อ.กันทรลักษ์,ต่ำ,กรดจัดมากถึงกรดจัด,ดินร่วนปนทราย,"กรมพัฒนาที่ดิน · ปีผลิต 2561 · มาตราส่วนต้นฉบับ 1:25,000",ลดรายละเอียดเส้น 50 เมตรเพื่อแสดงผล; ไม่ใช้ระบุแนวเขตแปลง
33,ศรีสะเกษ,Ndg,โนนแดง,อ.กันทรลักษ์,ต่ำ,กรดจัดมากถึงกรดจัด,ดินร่วนปนทราย,"กรมพัฒนาที่ดิน · ปีผลิต 2561 · มาตราส่วนต้นฉบับ 1:25,000",ลดรายละเอียดเส้น 50 เมตรเพื่อแสดงผล; ไม่ใช้ระบุแนวเขตแปลง
33,ศรีสะเกษ,Ng,น้ำพอง,อ.กันทรลักษ์,ต่ำ,กรดจัดถึงกรดปานกลาง,ดินทรายปนดินร่วน,"กรมพัฒนาที่ดิน · ปีผลิต 2561 · มาตราส่วนต้นฉบับ 1:25,000",ลดรายละเอียดเส้น 50 เมตรเพื่อแสดงผล; ไม่ใช้ระบุแนวเขตแปลง
33,ศรีสะเกษ,Pho,พล,อ.กันทรลักษ์,ต่ำ,กรดจัดถึงกรดปานกลาง,ดินร่วนปนทราย,"กรมพัฒนาที่ดิน · ปีผลิต 2561 · มาตราส่วนต้นฉบับ 1:25,000",ลดรายละเอียดเส้น 50 เมตรเพื่อแสดงผล; ไม่ใช้ระบุแนวเขตแปลง
33,ศรีสะเกษ,Pp,โพนพิสัย,อ.กันทรลักษ์,ต่ำ,กรดจัดมากถึงกรดจัด,ดินร่วนปนทราย,"กรมพัฒนาที่ดิน · ปีผลิต 2561 · มาตราส่วนต้นฉบับ 1:25,000",ลดรายละเอียดเส้น 50 เมตรเพื่อแสดงผล; ไม่ใช้ระบุแนวเขตแปลง
33,ศรีสะเกษ,Ptc,ปักธงชัย,อ.กันทรลักษ์,ต่ำ,กรดจัดมากถึงกรดเล็กน้อย,ดินร่วนปนทราย,"กรมพัฒนาที่ดิน · ปีผลิต 2561 · มาตราส่วนต้นฉบับ 1:25,000",ลดรายละเอียดเส้น 50 เมตรเพื่อแสดงผล; ไม่ใช้ระบุแนวเขตแปลง
33,ศรีสะเกษ,Ptc-Kg,หน่วยดินเชิงซ้อนชุดดินปักธงชัยและชุดดินคำบง,อ.กันทรลักษ์,ต่ำ,กรดจัดมากถึงกรดจัด,ดินร่วนปนทราย,"กรมพัฒนาที่ดิน · ปีผลิต 2561 · มาตราส่วนต้นฉบับ 1:25,000",ลดรายละเอียดเส้น 50 เมตรเพื่อแสดงผล; ไม่ใช้ระบุแนวเขตแปลง
33,ศรีสะเกษ,Ptk,พระทองคำ,อ.กันทรลักษ์,ต่ำ,กรดจัดมากถึงกรดจัด,ดินร่วนปนทราย,"กรมพัฒนาที่ดิน · ปีผลิต 2561 · มาตราส่วนต้นฉบับ 1:25,000",ลดรายละเอียดเส้น 50 เมตรเพื่อแสดงผล; ไม่ใช้ระบุแนวเขตแปลง
33,ศรีสะเกษ,Pu,ภูพาน,อ.กันทรลักษ์,ต่ำ,กรดจัดมากถึงกรดเล็กน้อย,ดินร่วนปนทราย,"กรมพัฒนาที่ดิน · ปีผลิต 2561 · มาตราส่วนต้นฉบับ 1:25,000",ลดรายละเอียดเส้น 50 เมตรเพื่อแสดงผล; ไม่ใช้ระบุแนวเขตแปลง
33,ศรีสะเกษ,Pu,ภูพาน,อ.กันทรลักษ์,ต่ำ,กรดจัดมากถึงกรดจัด,ดินร่วนปนทราย,"กรมพัฒนาที่ดิน · ปีผลิต 2561 · มาตราส่วนต้นฉบับ 1:25,000",ลดรายละเอียดเส้น 50 เมตรเพื่อแสดงผล; ไม่ใช้ระบุแนวเขตแปลง
33,ศรีสะเกษ,Pu-Kg,หน่วยดินเชิงซ้อนชุดดินภูพานและชุดดินคำบง,อ.กันทรลักษ์,ต่ำ,กรดจัดมากถึงกรดเล็กน้อย,ดินร่วนปนทรายหรือดินทรายปนดินร่วน,"กรมพัฒนาที่ดิน · ปีผลิต 2561 · มาตราส่วนต้นฉบับ 1:25,000",ลดรายละเอียดเส้น 50 เมตรเพื่อแสดงผล; ไม่ใช้ระบุแนวเขตแปลง
33,ศรีสะเกษ,RC,ที่ดินหินพื้นโผล่,อ.กันทรลักษ์,-,,,"กรมพัฒนาที่ดิน · ปีผลิต 2561 · มาตราส่วนต้นฉบับ 1:25,000",ลดรายละเอียดเส้น 50 เมตรเพื่อแสดงผล; ไม่ใช้ระบุแนวเขตแปลง
33,ศรีสะเกษ,Re,ร้อยเอ็ด,อ.กันทรลักษ์,ต่ำ,กรดจัดมากถึงกรดปานกลาง,ดินร่วนปนทราย,"กรมพัฒนาที่ดิน · ปีผลิต 2561 · มาตราส่วนต้นฉบับ 1:25,000",ลดรายละเอียดเส้น 50 เมตรเพื่อแสดงผล; ไม่ใช้ระบุแนวเขตแปลง
33,ศรีสะเกษ,Re,ร้อยเอ็ด,อ.กันทรลักษ์,ต่ำ,กรดจัดมากถึงกรดจัด,ดินร่วนปนทราย,"กรมพัฒนาที่ดิน · ปีผลิต 2561 · มาตราส่วนต้นฉบับ 1:25,000",ลดรายละเอียดเส้น 50 เมตรเพื่อแสดงผล; ไม่ใช้ระบุแนวเขตแปลง
33,ศรีสะเกษ,SC,พื้นที่ลาดชันเชิงซ้อน,อ.กันทรลักษ์,-,,,"กรมพัฒนาที่ดิน · ปีผลิต 2561 · มาตราส่วนต้นฉบับ 1:25,000",ลดรายละเอียดเส้น 50 เมตรเพื่อแสดงผล; ไม่ใช้ระบุแนวเขตแปลง
33,ศรีสะเกษ,Sik,ศีขรภูมิ,อ.กันทรลักษ์,ต่ำ,กรดจัดมากถึงกรดจัด,ดินร่วน,"กรมพัฒนาที่ดิน · ปีผลิต 2561 · มาตราส่วนต้นฉบับ 1:25,000",ลดรายละเอียดเส้น 50 เมตรเพื่อแสดงผล; ไม่ใช้ระบุแนวเขตแปลง
33,ศรีสะเกษ,Sik,ศีขรภูมิ,อ.กันทรลักษ์,ต่ำ,กรดจัดมากถึงกรดจัด,ดินร่วนปนทรายแป้ง,"กรมพัฒนาที่ดิน · ปีผลิต 2561 · มาตราส่วนต้นฉบับ 1:25,000",ลดรายละเอียดเส้น 50 เมตรเพื่อแสดงผล; ไม่ใช้ระบุแนวเขตแปลง
33,ศรีสะเกษ,Ssk,ศรีสะเกษ,อ.กันทรลักษ์,ต่ำ,กรดจัดถึงเป็นกลาง,ดินร่วนปนดินเหนียวปนกรวด,"กรมพัฒนาที่ดิน · ปีผลิต 2561 · มาตราส่วนต้นฉบับ 1:25,000",ลดรายละเอียดเส้น 50 เมตรเพื่อแสดงผล; ไม่ใช้ระบุแนวเขตแปลง
33,ศรีสะเกษ,St,สีทน,อ.กันทรลักษ์,ต่ำ,กรดจัดมากถึงกรดจัด,ดินร่วนปนทราย,"กรมพัฒนาที่ดิน · ปีผลิต 2561 · มาตราส่วนต้นฉบับ 1:25,000",ลดรายละเอียดเส้น 50 เมตรเพื่อแสดงผล; ไม่ใช้ระบุแนวเขตแปลง
33,ศรีสะเกษ,Ub,อุบล,อ.กันทรลักษ์,ต่ำ,กรดจัดถึงกรดเล็กน้อย,ดินทรายปนดินร่วน,"กรมพัฒนาที่ดิน · ปีผลิต 2561 · มาตราส่วนต้นฉบับ 1:25,000",ลดรายละเอียดเส้น 50 เมตรเพื่อแสดงผล; ไม่ใช้ระบุแนวเขตแปลง
33,ศรีสะเกษ,W,พื้นที่น้ำ,อ.กันทรลักษ์,-,,,"กรมพัฒนาที่ดิน · ปีผลิต 2561 · มาตราส่วนต้นฉบับ 1:25,000",ลดรายละเอียดเส้น 50 เมตรเพื่อแสดงผล; ไม่ใช้ระบุแนวเขตแปลง
33,ศรีสะเกษ,Wk,วังน้ำเขียว,อ.กันทรลักษ์,ต่ำ,กรดจัดมากถึงกรดจัด,ดินร่วนปนทราย,"กรมพัฒนาที่ดิน · ปีผลิต 2561 · มาตราส่วนต้นฉบับ 1:25,000",ลดรายละเอียดเส้น 50 เมตรเพื่อแสดงผล; ไม่ใช้ระบุแนวเขตแปลง
33,ศรีสะเกษ,Wk-RC,หน่วยดินเชิงซ้อนชุดดินวังน้ำเขียวและที่ดินหินพื้น*,อ.กันทรลักษ์,ต่ำ,กรดจัดมากถึงกรดจัด,ดินร่วนปนทราย,"กรมพัฒนาที่ดิน · ปีผลิต 2561 · มาตราส่วนต้นฉบับ 1:25,000",ลดรายละเอียดเส้น 50 เมตรเพื่อแสดงผล; ไม่ใช้ระบุแนวเขตแปลง
53,อุตรดิตถ์,AC,ตะกอนน้ำพาเชิงซ้อน,อ.ทองแสนขัน,ปานกลาง,กรดจัดมากถึงกรดเล็กน้อย,ดินร่วนปนดินเหนียว,"กรมพัฒนาที่ดิน · ปีผลิต 2561 · มาตราส่วนต้นฉบับ 1:25,000",ลดรายละเอียดเส้น 50 เมตรเพื่อแสดงผล; ไม่ใช้ระบุแนวเขตแปลง
53,อุตรดิตถ์,AC,ตะกอนน้ำพาเชิงซ้อน,อ.ทองแสนขัน,ปานกลาง,กรดจัดมากถึงกรดเล็กน้อย,ดินร่วนปนทราย,"กรมพัฒนาที่ดิน · ปีผลิต 2561 · มาตราส่วนต้นฉบับ 1:25,000",ลดรายละเอียดเส้น 50 เมตรเพื่อแสดงผล; ไม่ใช้ระบุแนวเขตแปลง
53,อุตรดิตถ์,Bg,บ้านจ้อง,อ.ทองแสนขัน,ต่ำ,กรดจัดถึงกรดเล็กน้อย,ดินร่วนปนดินเหนียว,"กรมพัฒนาที่ดิน · ปีผลิต 2561 · มาตราส่วนต้นฉบับ 1:25,000",ลดรายละเอียดเส้น 50 เมตรเพื่อแสดงผล; ไม่ใช้ระบุแนวเขตแปลง
53,อุตรดิตถ์,Cg,เชียงของ,อ.ทองแสนขัน,ต่ำ,กรดจัดถึงกรดเล็กน้อย,ดินร่วนปนดินเหนียว,"กรมพัฒนาที่ดิน · ปีผลิต 2561 · มาตราส่วนต้นฉบับ 1:25,000",ลดรายละเอียดเส้น 50 เมตรเพื่อแสดงผล; ไม่ใช้ระบุแนวเขตแปลง
53,อุตรดิตถ์,Don,ดงยางเอน,อ.ทองแสนขัน,ปานกลาง,กรดปานกลางถึงเป็นกลาง,ดินร่วนปนทรายแป้ง,"กรมพัฒนาที่ดิน · ปีผลิต 2561 · มาตราส่วนต้นฉบับ 1:25,000",ลดรายละเอียดเส้น 50 เมตรเพื่อแสดงผล; ไม่ใช้ระบุแนวเขตแปลง
53,อุตรดิตถ์,Ds,ด่านซ้าย,อ.ทองแสนขัน,ต่ำ,กรดจัดมากถึงกรดจัด,ดินร่วนปนทราย,"กรมพัฒนาที่ดิน · ปีผลิต 2561 · มาตราส่วนต้นฉบับ 1:25,000",ลดรายละเอียดเส้น 50 เมตรเพื่อแสดงผล; ไม่ใช้ระบุแนวเขตแปลง
53,อุตรดิตถ์,Ds,ด่านซ้าย,อ.ทองแสนขัน,ต่ำ,กรดจัดมากถึงกรดเล็กน้อย,ดินร่วนปนทราย,"กรมพัฒนาที่ดิน · ปีผลิต 2561 · มาตราส่วนต้นฉบับ 1:25,000",ลดรายละเอียดเส้น 50 เมตรเพื่อแสดงผล; ไม่ใช้ระบุแนวเขตแปลง
53,อุตรดิตถ์,Ds,ด่านซ้าย,อ.ทองแสนขัน,ปานกลาง,กรดจัดมากถึงกรดเล็กน้อย,ดินร่วนปนทราย,"กรมพัฒนาที่ดิน · ปีผลิต 2561 · มาตราส่วนต้นฉบับ 1:25,000",ลดรายละเอียดเส้น 50 เมตรเพื่อแสดงผล; ไม่ใช้ระบุแนวเขตแปลง
53,อุตรดิตถ์,Hd,หางดง,อ.ทองแสนขัน,ปานกลาง,กรดจัดถึงเป็นกลาง,ดินร่วนเหนียวปนทรายแป้ง,"กรมพัฒนาที่ดิน · ปีผลิต 2561 · มาตราส่วนต้นฉบับ 1:25,000",ลดรายละเอียดเส้น 50 เมตรเพื่อแสดงผล; ไม่ใช้ระบุแนวเขตแปลง
53,อุตรดิตถ์,Kb,กบินทร์บุรี,อ.ทองแสนขัน,ต่ำ,กรดจัดถึงเป็นกลาง,ดินร่วนปนกรวด,"กรมพัฒนาที่ดิน · ปีผลิต 2561 · มาตราส่วนต้นฉบับ 1:25,000",ลดรายละเอียดเส้น 50 เมตรเพื่อแสดงผล; ไม่ใช้ระบุแนวเขตแปลง
53,อุตรดิตถ์,Kb,กบินทร์บุรี,อ.ทองแสนขัน,ปานกลาง,กรดจัดถึงเป็นกลาง,ดินร่วนปนทรายปนกรวด,"กรมพัฒนาที่ดิน · ปีผลิต 2561 · มาตราส่วนต้นฉบับ 1:25,000",ลดรายละเอียดเส้น 50 เมตรเพื่อแสดงผล; ไม่ใช้ระบุแนวเขตแปลง
53,อุตรดิตถ์,Kok,โคกปรือ,อ.ทองแสนขัน,ปานกลาง,กรดจัดถึงเป็นกลาง,ดินร่วนเหนียวปนกรวด,"กรมพัฒนาที่ดิน · ปีผลิต 2561 · มาตราส่วนต้นฉบับ 1:25,000",ลดรายละเอียดเส้น 50 เมตรเพื่อแสดงผล; ไม่ใช้ระบุแนวเขตแปลง
53,อุตรดิตถ์,Lsk,ลานสัก,อ.ทองแสนขัน,ต่ำ,กรดจัดมากถึงกรดเล็กน้อย,ดินร่วนปนทราย,"กรมพัฒนาที่ดิน · ปีผลิต 2561 · มาตราส่วนต้นฉบับ 1:25,000",ลดรายละเอียดเส้น 50 เมตรเพื่อแสดงผล; ไม่ใช้ระบุแนวเขตแปลง
53,อุตรดิตถ์,Ly,ลาดหญ้า,อ.ทองแสนขัน,ต่ำ,กรดจัดมากถึงกรดปานกลาง,ดินร่วนปนทราย,"กรมพัฒนาที่ดิน · ปีผลิต 2561 · มาตราส่วนต้นฉบับ 1:25,000",ลดรายละเอียดเส้น 50 เมตรเพื่อแสดงผล; ไม่ใช้ระบุแนวเขตแปลง
53,อุตรดิตถ์,Ml,มวกเหล็ก,อ.ทองแสนขัน,ปานกลาง,กรดจัดถึงเป็นกลาง,ดินร่วนเหนียวปนกรวด,"กรมพัฒนาที่ดิน · ปีผลิต 2561 · มาตราส่วนต้นฉบับ 1:25,000",ลดรายละเอียดเส้น 50 เมตรเพื่อแสดงผล; ไม่ใช้ระบุแนวเขตแปลง
53,อุตรดิตถ์,Mr,แม่ริม,อ.ทองแสนขัน,ต่ำ,กรดจัดมากถึงกรดเล็กน้อย,ดินร่วนปนทราย,"กรมพัฒนาที่ดิน · ปีผลิต 2561 · มาตราส่วนต้นฉบับ 1:25,000",ลดรายละเอียดเส้น 50 เมตรเพื่อแสดงผล; ไม่ใช้ระบุแนวเขตแปลง
53,อุตรดิตถ์,Ms,แม่สาย,อ.ทองแสนขัน,ปานกลาง,กรดจัดถึงกรดเล็กน้อย,ดินร่วนปนทรายแป้ง,"กรมพัฒนาที่ดิน · ปีผลิต 2561 · มาตราส่วนต้นฉบับ 1:25,000",ลดรายละเอียดเส้น 50 เมตรเพื่อแสดงผล; ไม่ใช้ระบุแนวเขตแปลง
53,อุตรดิตถ์,Mt,แม่แตง,อ.ทองแสนขัน,ต่ำ,กรดจัดถึงกรดเล็กน้อย,ดินร่วนปนทราย,"กรมพัฒนาที่ดิน · ปีผลิต 2561 · มาตราส่วนต้นฉบับ 1:25,000",ลดรายละเอียดเส้น 50 เมตรเพื่อแสดงผล; ไม่ใช้ระบุแนวเขตแปลง
53,อุตรดิตถ์,Na,น่าน,อ.ทองแสนขัน,ปานกลาง,กรดปานกลางถึงเป็นกลาง,ดินร่วนเหนียวปนทรายแป้ง,"กรมพัฒนาที่ดิน · ปีผลิต 2561 · มาตราส่วนต้นฉบับ 1:25,000",ลดรายละเอียดเส้น 50 เมตรเพื่อแสดงผล; ไม่ใช้ระบุแนวเขตแปลง
53,อุตรดิตถ์,Pae,แพร่,อ.ทองแสนขัน,ต่ำ,กรดจัดมากถึงกรดเล็กน้อย,ดินร่วนปนทราย,"กรมพัฒนาที่ดิน · ปีผลิต 2561 · มาตราส่วนต้นฉบับ 1:25,000",ลดรายละเอียดเส้น 50 เมตรเพื่อแสดงผล; ไม่ใช้ระบุแนวเขตแปลง
53,อุตรดิตถ์,Png,โพนงาม,อ.ทองแสนขัน,ต่ำ,กรดจัดถึงกรดเล็กน้อย,ดินร่วนปนทรายปนกรวด,"กรมพัฒนาที่ดิน · ปีผลิต 2561 · มาตราส่วนต้นฉบับ 1:25,000",ลดรายละเอียดเส้น 50 เมตรเพื่อแสดงผล; ไม่ใช้ระบุแนวเขตแปลง
53,อุตรดิตถ์,Png,โพนงาม,อ.ทองแสนขัน,ต่ำ,กรดจัดถึงกรดเล็กน้อย,ดินร่วนปนทราย,"กรมพัฒนาที่ดิน · ปีผลิต 2561 · มาตราส่วนต้นฉบับ 1:25,000",ลดรายละเอียดเส้น 50 เมตรเพื่อแสดงผล; ไม่ใช้ระบุแนวเขตแปลง
53,อุตรดิตถ์,Ps,ภูสะนา,อ.ทองแสนขัน,ต่ำ,กรดจัดมากถึงกรดปานกลาง,ดินร่วนปนทราย,"กรมพัฒนาที่ดิน · ปีผลิต 2561 · มาตราส่วนต้นฉบับ 1:25,000",ลดรายละเอียดเส้น 50 เมตรเพื่อแสดงผล; ไม่ใช้ระบุแนวเขตแปลง
53,อุตรดิตถ์,Ptc,ปักธงชัย,อ.ทองแสนขัน,ต่ำ,กรดจัดมากถึงกรดเล็กน้อย,ดินร่วนปนทราย,"กรมพัฒนาที่ดิน · ปีผลิต 2561 · มาตราส่วนต้นฉบับ 1:25,000",ลดรายละเอียดเส้น 50 เมตรเพื่อแสดงผล; ไม่ใช้ระบุแนวเขตแปลง
53,อุตรดิตถ์,Pu,ภูพาน,อ.ทองแสนขัน,ต่ำ,กรดจัดมากถึงกรดเล็กน้อย,ดินร่วนปนทราย,"กรมพัฒนาที่ดิน · ปีผลิต 2561 · มาตราส่วนต้นฉบับ 1:25,000",ลดรายละเอียดเส้น 50 เมตรเพื่อแสดงผล; ไม่ใช้ระบุแนวเขตแปลง
53,อุตรดิตถ์,Sai,สันทราย,อ.ทองแสนขัน,ต่ำ,กรดจัดมากถุงเป็นกลาง,ดินร่วนปนทราย,"กรมพัฒนาที่ดิน · ปีผลิต 2561 · มาตราส่วนต้นฉบับ 1:25,000",ลดรายละเอียดเส้น 50 เมตรเพื่อแสดงผล; ไม่ใช้ระบุแนวเขตแปลง
53,อุตรดิตถ์,SC,พื้นที่ลาดชันเชิงซ้อน,อ.ทองแสนขัน,-,,,"กรมพัฒนาที่ดิน · ปีผลิต 2561 · มาตราส่วนต้นฉบับ 1:25,000",ลดรายละเอียดเส้น 50 เมตรเพื่อแสดงผล; ไม่ใช้ระบุแนวเขตแปลง
53,อุตรดิตถ์,Skt,สุโขทัย,อ.ทองแสนขัน,ต่ำ,กรดจัดมากถึงกรดเล็กน้อย,ดินร่วนเหนียวปนทรายแป้ง,"กรมพัฒนาที่ดิน · ปีผลิต 2561 · มาตราส่วนต้นฉบับ 1:25,000",ลดรายละเอียดเส้น 50 เมตรเพื่อแสดงผล; ไม่ใช้ระบุแนวเขตแปลง
53,อุตรดิตถ์,Sp,สันป่าตอง,อ.ทองแสนขัน,ต่ำ,กรดจัดถึงกรดเล็กน้อย,ดินร่วนปนทราย,"กรมพัฒนาที่ดิน · ปีผลิต 2561 · มาตราส่วนต้นฉบับ 1:25,000",ลดรายละเอียดเส้น 50 เมตรเพื่อแสดงผล; ไม่ใช้ระบุแนวเขตแปลง
53,อุตรดิตถ์,Sp,สันป่าตอง,อ.ทองแสนขัน,ต่ำ,กรดจัดถึงกรดเล็กน้อย,ดินทรายปนดินร่วน,"กรมพัฒนาที่ดิน · ปีผลิต 2561 · มาตราส่วนต้นฉบับ 1:25,000",ลดรายละเอียดเส้น 50 เมตรเพื่อแสดงผล; ไม่ใช้ระบุแนวเขตแปลง
53,อุตรดิตถ์,Tl,ท่าลี่,อ.ทองแสนขัน,ต่ำ,กรดปานกลางถึงเป็นกลาง,ดินร่วนเหนียวปนกรวด,"กรมพัฒนาที่ดิน · ปีผลิต 2561 · มาตราส่วนต้นฉบับ 1:25,000",ลดรายละเอียดเส้น 50 เมตรเพื่อแสดงผล; ไม่ใช้ระบุแนวเขตแปลง
53,อุตรดิตถ์,Tl,ท่าลี่,อ.ทองแสนขัน,ปานกลาง,กรดปานกลางถึงเป็นกลาง,ดินร่วนเหนียวปนกรวด,"กรมพัฒนาที่ดิน · ปีผลิต 2561 · มาตราส่วนต้นฉบับ 1:25,000",ลดรายละเอียดเส้น 50 เมตรเพื่อแสดงผล; ไม่ใช้ระบุแนวเขตแปลง
53,อุตรดิตถ์,Tph,ตะพานหิน,อ.ทองแสนขัน,ปานกลาง,กรดปานกลางถึงเป็นกลาง,ดินร่วนปนทรายแป้ง,"กรมพัฒนาที่ดิน · ปีผลิต 2561 · มาตราส่วนต้นฉบับ 1:25,000",ลดรายละเอียดเส้น 50 เมตรเพื่อแสดงผล; ไม่ใช้ระบุแนวเขตแปลง
53,อุตรดิตถ์,Tph,ตะพานหิน,อ.ทองแสนขัน,ปานกลาง,กรดปานกลางถึงเป็นกลาง,ดินร่วนปนทราย,"กรมพัฒนาที่ดิน · ปีผลิต 2561 · มาตราส่วนต้นฉบับ 1:25,000",ลดรายละเอียดเส้น 50 เมตรเพื่อแสดงผล; ไม่ใช้ระบุแนวเขตแปลง
53,อุตรดิตถ์,Ty,ท่ายาง,อ.ทองแสนขัน,ปานกลาง,กรดจัดถึงกรดเล็กน้อย,ดินร่วนเหนียวปนกรวด,"กรมพัฒนาที่ดิน · ปีผลิต 2561 · มาตราส่วนต้นฉบับ 1:25,000",ลดรายละเอียดเส้น 50 เมตรเพื่อแสดงผล; ไม่ใช้ระบุแนวเขตแปลง
53,อุตรดิตถ์,Ty,ท่ายาง,อ.ทองแสนขัน,ปานกลาง,กรดจัดถึงเป็นกลาง,ดินร่วนปนทรายปนกรวด,"กรมพัฒนาที่ดิน · ปีผลิต 2561 · มาตราส่วนต้นฉบับ 1:25,000",ลดรายละเอียดเส้น 50 เมตรเพื่อแสดงผล; ไม่ใช้ระบุแนวเขตแปลง
53,อุตรดิตถ์,Ty,ท่ายาง,อ.ทองแสนขัน,ปานกลาง,กรดจัดถึงกรดเล็กน้อย,ดินร่วนปนทรายปนกรวด,"กรมพัฒนาที่ดิน · ปีผลิต 2561 · มาตราส่วนต้นฉบับ 1:25,000",ลดรายละเอียดเส้น 50 เมตรเพื่อแสดงผล; ไม่ใช้ระบุแนวเขตแปลง
53,อุตรดิตถ์,Utt,อุตรดิตถ์,อ.ทองแสนขัน,ปานกลาง,กรดจัดถึงกรดเล็กน้อย,ดินร่วนเหนียวปนทรายแป้ง,"กรมพัฒนาที่ดิน · ปีผลิต 2561 · มาตราส่วนต้นฉบับ 1:25,000",ลดรายละเอียดเส้น 50 เมตรเพื่อแสดงผล; ไม่ใช้ระบุแนวเขตแปลง
53,อุตรดิตถ์,W,พื้นที่น้ำ,อ.ทองแสนขัน,-,,,"กรมพัฒนาที่ดิน · ปีผลิต 2561 · มาตราส่วนต้นฉบับ 1:25,000",ลดรายละเอียดเส้น 50 เมตรเพื่อแสดงผล; ไม่ใช้ระบุแนวเขตแปลง
53,อุตรดิตถ์,Wk,วังน้ำเขียว,อ.ทองแสนขัน,ต่ำ,กรดจัดมากถึงกรดจัด,ดินร่วนปนทราย,"กรมพัฒนาที่ดิน · ปีผลิต 2561 · มาตราส่วนต้นฉบับ 1:25,000",ลดรายละเอียดเส้น 50 เมตรเพื่อแสดงผล; ไม่ใช้ระบุแนวเขตแปลง
53,อุตรดิตถ์,Wk-RC,หน่วยเชิงซ้อนของชุดดินวังน้ำเขียวกับที่ดินหินพื้นโผล่,อ.ทองแสนขัน,ต่ำ,กรดจัดมากถึงกรดจัด,ดินร่วนปนทราย,"กรมพัฒนาที่ดิน · ปีผลิต 2561 · มาตราส่วนต้นฉบับ 1:25,000",ลดรายละเอียดเส้น 50 เมตรเพื่อแสดงผล; ไม่ใช้ระบุแนวเขตแปลง
53,อุตรดิตถ์,Ws,วังสะพุง,อ.ทองแสนขัน,ปานกลาง,กรดปานกลางถึงเป็นกลาง,ดินร่วนปนดินเหนียว,"กรมพัฒนาที่ดิน · ปีผลิต 2561 · มาตราส่วนต้นฉบับ 1:25,000",ลดรายละเอียดเส้น 50 เมตรเพื่อแสดงผล; ไม่ใช้ระบุแนวเขตแปลง
53,อุตรดิตถ์,AC,ตะกอนน้ำพาเชิงซ้อน,อ.ท่าปลา,ปานกลาง,กรดจัดมากถึงกรดเล็กน้อย,ดินร่วนปนทราย,"กรมพัฒนาที่ดิน · ปีผลิต 2561 · มาตราส่วนต้นฉบับ 1:25,000",ลดรายละเอียดเส้น 50 เมตรเพื่อแสดงผล; ไม่ใช้ระบุแนวเขตแปลง
53,อุตรดิตถ์,Cm,เชียงใหม่,อ.ท่าปลา,ปานกลาง,กรดจัดถึงกรดเล็กน้อย,ดินร่วนปนทราย,"กรมพัฒนาที่ดิน · ปีผลิต 2561 · มาตราส่วนต้นฉบับ 1:25,000",ลดรายละเอียดเส้น 50 เมตรเพื่อแสดงผล; ไม่ใช้ระบุแนวเขตแปลง
53,อุตรดิตถ์,Le,ลับแล,อ.ท่าปลา,ปานกลาง,กรดจัดมากถึงกรดปานกลาง,ดินร่วนปนทรายแป้ง,"กรมพัฒนาที่ดิน · ปีผลิต 2561 · มาตราส่วนต้นฉบับ 1:25,000",ลดรายละเอียดเส้น 50 เมตรเพื่อแสดงผล; ไม่ใช้ระบุแนวเขตแปลง
53,อุตรดิตถ์,Li,ลี้,อ.ท่าปลา,ปานกลาง,กรดจัดถึงเป็นกลาง,ดินร่วนเหนียวปนกรวด,"กรมพัฒนาที่ดิน · ปีผลิต 2561 · มาตราส่วนต้นฉบับ 1:25,000",ลดรายละเอียดเส้น 50 เมตรเพื่อแสดงผล; ไม่ใช้ระบุแนวเขตแปลง
53,อุตรดิตถ์,Ly,ลาดหญ้า,อ.ท่าปลา,ต่ำ,กรดจัดมากถึงกรดปานกลาง,ดินร่วนปนทราย,"กรมพัฒนาที่ดิน · ปีผลิต 2561 · มาตราส่วนต้นฉบับ 1:25,000",ลดรายละเอียดเส้น 50 เมตรเพื่อแสดงผล; ไม่ใช้ระบุแนวเขตแปลง
53,อุตรดิตถ์,SC,พื้นที่ลาดชันเชิงซ้อน,อ.ท่าปลา,-,,,"กรมพัฒนาที่ดิน · ปีผลิต 2561 · มาตราส่วนต้นฉบับ 1:25,000",ลดรายละเอียดเส้น 50 เมตรเพื่อแสดงผล; ไม่ใช้ระบุแนวเขตแปลง
53,อุตรดิตถ์,Tph,ตะพานหิน,อ.ท่าปลา,ปานกลาง,กรดปานกลางถึงเป็นกลาง,ดินร่วนปนทรายแป้ง,"กรมพัฒนาที่ดิน · ปีผลิต 2561 · มาตราส่วนต้นฉบับ 1:25,000",ลดรายละเอียดเส้น 50 เมตรเพื่อแสดงผล; ไม่ใช้ระบุแนวเขตแปลง
53,อุตรดิตถ์,Tph,ตะพานหิน,อ.ท่าปลา,ปานกลาง,กรดปานกลางถึงเป็นกลาง,ดินร่วนปนทราย,"กรมพัฒนาที่ดิน · ปีผลิต 2561 · มาตราส่วนต้นฉบับ 1:25,000",ลดรายละเอียดเส้น 50 เมตรเพื่อแสดงผล; ไม่ใช้ระบุแนวเขตแปลง
53,อุตรดิตถ์,Ty,ท่ายาง,อ.ท่าปลา,ปานกลาง,กรดจัดถึงกรดเล็กน้อย,ดินร่วนปนทรายปนกรวด,"กรมพัฒนาที่ดิน · ปีผลิต 2561 · มาตราส่วนต้นฉบับ 1:25,000",ลดรายละเอียดเส้น 50 เมตรเพื่อแสดงผล; ไม่ใช้ระบุแนวเขตแปลง
53,อุตรดิตถ์,W,พื้นที่น้ำ,อ.ท่าปลา,-,,,"กรมพัฒนาที่ดิน · ปีผลิต 2561 · มาตราส่วนต้นฉบับ 1:25,000",ลดรายละเอียดเส้น 50 เมตรเพื่อแสดงผล; ไม่ใช้ระบุแนวเขตแปลง
53,อุตรดิตถ์,Ws,วังสะพุง,อ.ท่าปลา,ปานกลาง,กรดปานกลางถึงเป็นกลาง,ดินร่วนปนดินเหนียว,"กรมพัฒนาที่ดิน · ปีผลิต 2561 · มาตราส่วนต้นฉบับ 1:25,000",ลดรายละเอียดเส้น 50 เมตรเพื่อแสดงผล; ไม่ใช้ระบุแนวเขตแปลง
53,อุตรดิตถ์,Cg,เชียงของ,อ.ท่าปลา,ต่ำ,กรดจัดถึงกรดเล็กน้อย,ดินร่วนปนดินเหนียว,"กรมพัฒนาที่ดิน · ปีผลิต 2561 · มาตราส่วนต้นฉบับ 1:25,000",ลดรายละเอียดเส้น 50 เมตรเพื่อแสดงผล; ไม่ใช้ระบุแนวเขตแปลง
53,อุตรดิตถ์,Don,ดงยางเอน,อ.ท่าปลา,ปานกลาง,กรดปานกลางถึงเป็นกลาง,ดินร่วนปนทรายแป้ง,"กรมพัฒนาที่ดิน · ปีผลิต 2561 · มาตราส่วนต้นฉบับ 1:25,000",ลดรายละเอียดเส้น 50 เมตรเพื่อแสดงผล; ไม่ใช้ระบุแนวเขตแปลง
53,อุตรดิตถ์,Hd,หางดง,อ.ท่าปลา,ปานกลาง,กรดจัดถึงเป็นกลาง,ดินร่วนเหนียวปนทรายแป้ง,"กรมพัฒนาที่ดิน · ปีผลิต 2561 · มาตราส่วนต้นฉบับ 1:25,000",ลดรายละเอียดเส้น 50 เมตรเพื่อแสดงผล; ไม่ใช้ระบุแนวเขตแปลง
53,อุตรดิตถ์,Ml,มวกเหล็ก,อ.ท่าปลา,ปานกลาง,กรดจัดถึงเป็นกลาง,ดินร่วนเหนียวปนกรวด,"กรมพัฒนาที่ดิน · ปีผลิต 2561 · มาตราส่วนต้นฉบับ 1:25,000",ลดรายละเอียดเส้น 50 เมตรเพื่อแสดงผล; ไม่ใช้ระบุแนวเขตแปลง
53,อุตรดิตถ์,Pae,แพร่,อ.ท่าปลา,ต่ำ,กรดจัดมากถึงกรดเล็กน้อย,ดินร่วนปนทราย,"กรมพัฒนาที่ดิน · ปีผลิต 2561 · มาตราส่วนต้นฉบับ 1:25,000",ลดรายละเอียดเส้น 50 เมตรเพื่อแสดงผล; ไม่ใช้ระบุแนวเขตแปลง
53,อุตรดิตถ์,Sai,สันทราย,อ.ท่าปลา,ต่ำ,กรดจัดมากถุงเป็นกลาง,ดินร่วนปนทราย,"กรมพัฒนาที่ดิน · ปีผลิต 2561 · มาตราส่วนต้นฉบับ 1:25,000",ลดรายละเอียดเส้น 50 เมตรเพื่อแสดงผล; ไม่ใช้ระบุแนวเขตแปลง
53,อุตรดิตถ์,Tl,ท่าลี่,อ.ท่าปลา,ต่ำ,กรดปานกลางถึงเป็นกลาง,ดินร่วนเหนียวปนกรวด,"กรมพัฒนาที่ดิน · ปีผลิต 2561 · มาตราส่วนต้นฉบับ 1:25,000",ลดรายละเอียดเส้น 50 เมตรเพื่อแสดงผล; ไม่ใช้ระบุแนวเขตแปลง
53,อุตรดิตถ์,Ty,ท่ายาง,อ.ท่าปลา,ปานกลาง,กรดจัดถึงกรดเล็กน้อย,ดินร่วนเหนียวปนกรวด,"กรมพัฒนาที่ดิน · ปีผลิต 2561 · มาตราส่วนต้นฉบับ 1:25,000",ลดรายละเอียดเส้น 50 เมตรเพื่อแสดงผล; ไม่ใช้ระบุแนวเขตแปลง
53,อุตรดิตถ์,Utt,อุตรดิตถ์,อ.ท่าปลา,ปานกลาง,กรดจัดถึงกรดเล็กน้อย,ดินร่วนเหนียวปนทรายแป้ง,"กรมพัฒนาที่ดิน · ปีผลิต 2561 · มาตราส่วนต้นฉบับ 1:25,000",ลดรายละเอียดเส้น 50 เมตรเพื่อแสดงผล; ไม่ใช้ระบุแนวเขตแปลง
53,อุตรดิตถ์,AC,ตะกอนน้ำพาเชิงซ้อน,อ.น้ำปาด,ปานกลาง,กรดจัดมากถึงกรดเล็กน้อย,ดินร่วนปนดินเหนียว,"กรมพัฒนาที่ดิน · ปีผลิต 2561 · มาตราส่วนต้นฉบับ 1:25,000",ลดรายละเอียดเส้น 50 เมตรเพื่อแสดงผล; ไม่ใช้ระบุแนวเขตแปลง
53,อุตรดิตถ์,AC,ตะกอนน้ำพาเชิงซ้อน,อ.น้ำปาด,ปานกลาง,กรดจัดมากถึงกรดเล็กน้อย,ดินร่วนปนทราย,"กรมพัฒนาที่ดิน · ปีผลิต 2561 · มาตราส่วนต้นฉบับ 1:25,000",ลดรายละเอียดเส้น 50 เมตรเพื่อแสดงผล; ไม่ใช้ระบุแนวเขตแปลง
53,อุตรดิตถ์,Ch,เชียงคาน,อ.น้ำปาด,ต่ำ,กรดจัดถึงเป็นกลาง,ดินร่วนเหนียวปนกรวด,"กรมพัฒนาที่ดิน · ปีผลิต 2561 · มาตราส่วนต้นฉบับ 1:25,000",ลดรายละเอียดเส้น 50 เมตรเพื่อแสดงผล; ไม่ใช้ระบุแนวเขตแปลง
53,อุตรดิตถ์,Ds,ด่านซ้าย,อ.น้ำปาด,ต่ำ,กรดจัดมากถึงกรดจัด,ดินร่วนปนทราย,"กรมพัฒนาที่ดิน · ปีผลิต 2561 · มาตราส่วนต้นฉบับ 1:25,000",ลดรายละเอียดเส้น 50 เมตรเพื่อแสดงผล; ไม่ใช้ระบุแนวเขตแปลง
53,อุตรดิตถ์,Ds,ด่านซ้าย,อ.น้ำปาด,ต่ำ,กรดจัดมากถึงกรดเล็กน้อย,ดินร่วนปนทราย,"กรมพัฒนาที่ดิน · ปีผลิต 2561 · มาตราส่วนต้นฉบับ 1:25,000",ลดรายละเอียดเส้น 50 เมตรเพื่อแสดงผล; ไม่ใช้ระบุแนวเขตแปลง
53,อุตรดิตถ์,Ds,ด่านซ้าย,อ.น้ำปาด,ปานกลาง,กรดจัดมากถึงกรดเล็กน้อย,ดินร่วนปนทราย,"กรมพัฒนาที่ดิน · ปีผลิต 2561 · มาตราส่วนต้นฉบับ 1:25,000",ลดรายละเอียดเส้น 50 เมตรเพื่อแสดงผล; ไม่ใช้ระบุแนวเขตแปลง
53,อุตรดิตถ์,Ly,ลาดหญ้า,อ.น้ำปาด,ต่ำ,กรดจัดมากถึงกรดปานกลาง,ดินร่วนปนทราย,"กรมพัฒนาที่ดิน · ปีผลิต 2561 · มาตราส่วนต้นฉบับ 1:25,000",ลดรายละเอียดเส้น 50 เมตรเพื่อแสดงผล; ไม่ใช้ระบุแนวเขตแปลง
53,อุตรดิตถ์,Ml,มวกเหล็ก,อ.น้ำปาด,ปานกลาง,กรดจัดถึงเป็นกลาง,ดินร่วนเหนียวปนกรวด,"กรมพัฒนาที่ดิน · ปีผลิต 2561 · มาตราส่วนต้นฉบับ 1:25,000",ลดรายละเอียดเส้น 50 เมตรเพื่อแสดงผล; ไม่ใช้ระบุแนวเขตแปลง
53,อุตรดิตถ์,Mr,แม่ริม,อ.น้ำปาด,ต่ำ,กรดจัดมากถึงกรดเล็กน้อย,ดินร่วนปนทราย,"กรมพัฒนาที่ดิน · ปีผลิต 2561 · มาตราส่วนต้นฉบับ 1:25,000",ลดรายละเอียดเส้น 50 เมตรเพื่อแสดงผล; ไม่ใช้ระบุแนวเขตแปลง
53,อุตรดิตถ์,Mt,แม่แตง,อ.น้ำปาด,ต่ำ,กรดจัดถึงกรดเล็กน้อย,ดินร่วนปนทราย,"กรมพัฒนาที่ดิน · ปีผลิต 2561 · มาตราส่วนต้นฉบับ 1:25,000",ลดรายละเอียดเส้น 50 เมตรเพื่อแสดงผล; ไม่ใช้ระบุแนวเขตแปลง
53,อุตรดิตถ์,Pae,แพร่,อ.น้ำปาด,ต่ำ,กรดจัดมากถึงกรดเล็กน้อย,ดินร่วนปนทราย,"กรมพัฒนาที่ดิน · ปีผลิต 2561 · มาตราส่วนต้นฉบับ 1:25,000",ลดรายละเอียดเส้น 50 เมตรเพื่อแสดงผล; ไม่ใช้ระบุแนวเขตแปลง
53,อุตรดิตถ์,Png,โพนงาม,อ.น้ำปาด,ต่ำ,กรดจัดถึงกรดเล็กน้อย,ดินร่วนปนทรายปนกรวด,"กรมพัฒนาที่ดิน · ปีผลิต 2561 · มาตราส่วนต้นฉบับ 1:25,000",ลดรายละเอียดเส้น 50 เมตรเพื่อแสดงผล; ไม่ใช้ระบุแนวเขตแปลง
53,อุตรดิตถ์,Png,โพนงาม,อ.น้ำปาด,ต่ำ,กรดจัดถึงกรดเล็กน้อย,ดินร่วนปนทราย,"กรมพัฒนาที่ดิน · ปีผลิต 2561 · มาตราส่วนต้นฉบับ 1:25,000",ลดรายละเอียดเส้น 50 เมตรเพื่อแสดงผล; ไม่ใช้ระบุแนวเขตแปลง
53,อุตรดิตถ์,Pur,ภูเรือ,อ.น้ำปาด,ต่ำ,กรดจัดถึงกรดเล็กน้อย,ดินร่วน,"กรมพัฒนาที่ดิน · ปีผลิต 2561 · มาตราส่วนต้นฉบับ 1:25,000",ลดรายละเอียดเส้น 50 เมตรเพื่อแสดงผล; ไม่ใช้ระบุแนวเขตแปลง
53,อุตรดิตถ์,SC,พื้นที่ลาดชันเชิงซ้อน,อ.น้ำปาด,-,,,"กรมพัฒนาที่ดิน · ปีผลิต 2561 · มาตราส่วนต้นฉบับ 1:25,000",ลดรายละเอียดเส้น 50 เมตรเพื่อแสดงผล; ไม่ใช้ระบุแนวเขตแปลง
53,อุตรดิตถ์,Tph,ตะพานหิน,อ.น้ำปาด,ปานกลาง,กรดปานกลางถึงเป็นกลาง,ดินร่วนปนทราย,"กรมพัฒนาที่ดิน · ปีผลิต 2561 · มาตราส่วนต้นฉบับ 1:25,000",ลดรายละเอียดเส้น 50 เมตรเพื่อแสดงผล; ไม่ใช้ระบุแนวเขตแปลง
53,อุตรดิตถ์,Ty,ท่ายาง,อ.น้ำปาด,ปานกลาง,กรดจัดถึงกรดเล็กน้อย,ดินร่วนเหนียวปนกรวด,"กรมพัฒนาที่ดิน · ปีผลิต 2561 · มาตราส่วนต้นฉบับ 1:25,000",ลดรายละเอียดเส้น 50 เมตรเพื่อแสดงผล; ไม่ใช้ระบุแนวเขตแปลง
53,อุตรดิตถ์,Ty,ท่ายาง,อ.น้ำปาด,ปานกลาง,กรดจัดถึงเป็นกลาง,ดินร่วนปนทรายปนกรวด,"กรมพัฒนาที่ดิน · ปีผลิต 2561 · มาตราส่วนต้นฉบับ 1:25,000",ลดรายละเอียดเส้น 50 เมตรเพื่อแสดงผล; ไม่ใช้ระบุแนวเขตแปลง
53,อุตรดิตถ์,Ty,ท่ายาง,อ.น้ำปาด,ปานกลาง,กรดจัดถึงกรดเล็กน้อย,ดินร่วนปนทรายปนกรวด,"กรมพัฒนาที่ดิน · ปีผลิต 2561 · มาตราส่วนต้นฉบับ 1:25,000",ลดรายละเอียดเส้น 50 เมตรเพื่อแสดงผล; ไม่ใช้ระบุแนวเขตแปลง
53,อุตรดิตถ์,W,พื้นที่น้ำ,อ.น้ำปาด,-,,,"กรมพัฒนาที่ดิน · ปีผลิต 2561 · มาตราส่วนต้นฉบับ 1:25,000",ลดรายละเอียดเส้น 50 เมตรเพื่อแสดงผล; ไม่ใช้ระบุแนวเขตแปลง
53,อุตรดิตถ์,Wk,วังน้ำเขียว,อ.น้ำปาด,ต่ำ,กรดจัดมากถึงกรดจัด,ดินร่วนปนทราย,"กรมพัฒนาที่ดิน · ปีผลิต 2561 · มาตราส่วนต้นฉบับ 1:25,000",ลดรายละเอียดเส้น 50 เมตรเพื่อแสดงผล; ไม่ใช้ระบุแนวเขตแปลง
53,อุตรดิตถ์,Ws,วังสะพุง,อ.น้ำปาด,ปานกลาง,กรดปานกลางถึงเป็นกลาง,ดินร่วนปนดินเหนียว,"กรมพัฒนาที่ดิน · ปีผลิต 2561 · มาตราส่วนต้นฉบับ 1:25,000",ลดรายละเอียดเส้น 50 เมตรเพื่อแสดงผล; ไม่ใช้ระบุแนวเขตแปลง
53,อุตรดิตถ์,Don,ดงยางเอน,อ.น้ำปาด,ปานกลาง,กรดปานกลางถึงเป็นกลาง,ดินร่วนปนทรายแป้ง,"กรมพัฒนาที่ดิน · ปีผลิต 2561 · มาตราส่วนต้นฉบับ 1:25,000",ลดรายละเอียดเส้น 50 เมตรเพื่อแสดงผล; ไม่ใช้ระบุแนวเขตแปลง
53,อุตรดิตถ์,Li,ลี้,อ.น้ำปาด,ปานกลาง,กรดจัดถึงเป็นกลาง,ดินร่วนเหนียวปนกรวด,"กรมพัฒนาที่ดิน · ปีผลิต 2561 · มาตราส่วนต้นฉบับ 1:25,000",ลดรายละเอียดเส้น 50 เมตรเพื่อแสดงผล; ไม่ใช้ระบุแนวเขตแปลง
53,อุตรดิตถ์,Na,น่าน,อ.น้ำปาด,ปานกลาง,กรดปานกลางถึงเป็นกลาง,ดินร่วนปนทรายแป้ง,"กรมพัฒนาที่ดิน · ปีผลิต 2561 · มาตราส่วนต้นฉบับ 1:25,000",ลดรายละเอียดเส้น 50 เมตรเพื่อแสดงผล; ไม่ใช้ระบุแนวเขตแปลง
53,อุตรดิตถ์,Sai,สันทราย,อ.น้ำปาด,ต่ำ,กรดจัดมากถุงเป็นกลาง,ดินร่วนปนทราย,"กรมพัฒนาที่ดิน · ปีผลิต 2561 · มาตราส่วนต้นฉบับ 1:25,000",ลดรายละเอียดเส้น 50 เมตรเพื่อแสดงผล; ไม่ใช้ระบุแนวเขตแปลง
53,อุตรดิตถ์,Tph,ตะพานหิน,อ.น้ำปาด,ปานกลาง,กรดปานกลางถึงเป็นกลาง,ดินร่วนปนทรายแป้ง,"กรมพัฒนาที่ดิน · ปีผลิต 2561 · มาตราส่วนต้นฉบับ 1:25,000",ลดรายละเอียดเส้น 50 เมตรเพื่อแสดงผล; ไม่ใช้ระบุแนวเขตแปลง
53,อุตรดิตถ์,Png,โพนงาม,อ.น้ำปาด,ต่ำ,กรดจัดถึงกรดเล็กน้อย,ดินร่วนปนกรวด,"กรมพัฒนาที่ดิน · ปีผลิต 2561 · มาตราส่วนต้นฉบับ 1:25,000",ลดรายละเอียดเส้น 50 เมตรเพื่อแสดงผล; ไม่ใช้ระบุแนวเขตแปลง
53,อุตรดิตถ์,Png,โพนงาม,อ.น้ำปาด,ต่ำ,กรดจัดถึงกรดเล็กน้อย,ดินร่วน,"กรมพัฒนาที่ดิน · ปีผลิต 2561 · มาตราส่วนต้นฉบับ 1:25,000",ลดรายละเอียดเส้น 50 เมตรเพื่อแสดงผล; ไม่ใช้ระบุแนวเขตแปลง
53,อุตรดิตถ์,Ptc,ปักธงชัย,อ.น้ำปาด,ต่ำ,กรดจัดมากถึงกรดเล็กน้อย,ดินร่วนปนทราย,"กรมพัฒนาที่ดิน · ปีผลิต 2561 · มาตราส่วนต้นฉบับ 1:25,000",ลดรายละเอียดเส้น 50 เมตรเพื่อแสดงผล; ไม่ใช้ระบุแนวเขตแปลง
53,อุตรดิตถ์,Si,สีคิ้ว,อ.น้ำปาด,ต่ำ,กรดจัดมากถึงกรดจัด,ดินร่วนปนทราย,"กรมพัฒนาที่ดิน · ปีผลิต 2561 · มาตราส่วนต้นฉบับ 1:25,000",ลดรายละเอียดเส้น 50 เมตรเพื่อแสดงผล; ไม่ใช้ระบุแนวเขตแปลง
53,อุตรดิตถ์,AC,ตะกอนน้ำพาเชิงซ้อน,อ.บ้านโคก,ปานกลาง,กรดจัดมากถึงกรดเล็กน้อย,ดินร่วนปนดินเหนียว,"กรมพัฒนาที่ดิน · ปีผลิต 2561 · มาตราส่วนต้นฉบับ 1:25,000",ลดรายละเอียดเส้น 50 เมตรเพื่อแสดงผล; ไม่ใช้ระบุแนวเขตแปลง
53,อุตรดิตถ์,AC,ตะกอนน้ำพาเชิงซ้อน,อ.บ้านโคก,ปานกลาง,กรดจัดมากถึงกรดเล็กน้อย,ดินร่วนปนทราย,"กรมพัฒนาที่ดิน · ปีผลิต 2561 · มาตราส่วนต้นฉบับ 1:25,000",ลดรายละเอียดเส้น 50 เมตรเพื่อแสดงผล; ไม่ใช้ระบุแนวเขตแปลง
53,อุตรดิตถ์,Ct,จัตุรัส,อ.บ้านโคก,ปานกลาง,กรดจัดถึงกรดเล็กน้อย,ดินร่วนปนดินเหนียว,"กรมพัฒนาที่ดิน · ปีผลิต 2561 · มาตราส่วนต้นฉบับ 1:25,000",ลดรายละเอียดเส้น 50 เมตรเพื่อแสดงผล; ไม่ใช้ระบุแนวเขตแปลง
53,อุตรดิตถ์,Ds,ด่านซ้าย,อ.บ้านโคก,ต่ำ,กรดจัดมากถึงกรดจัด,ดินร่วนปนทราย,"กรมพัฒนาที่ดิน · ปีผลิต 2561 · มาตราส่วนต้นฉบับ 1:25,000",ลดรายละเอียดเส้น 50 เมตรเพื่อแสดงผล; ไม่ใช้ระบุแนวเขตแปลง
53,อุตรดิตถ์,Ds,ด่านซ้าย,อ.บ้านโคก,ต่ำ,กรดจัดมากถึงกรดเล็กน้อย,ดินร่วนปนทราย,"กรมพัฒนาที่ดิน · ปีผลิต 2561 · มาตราส่วนต้นฉบับ 1:25,000",ลดรายละเอียดเส้น 50 เมตรเพื่อแสดงผล; ไม่ใช้ระบุแนวเขตแปลง
53,อุตรดิตถ์,Ds,ด่านซ้าย,อ.บ้านโคก,ปานกลาง,กรดจัดมากถึงกรดเล็กน้อย,ดินร่วนปนทราย,"กรมพัฒนาที่ดิน · ปีผลิต 2561 · มาตราส่วนต้นฉบับ 1:25,000",ลดรายละเอียดเส้น 50 เมตรเพื่อแสดงผล; ไม่ใช้ระบุแนวเขตแปลง
53,อุตรดิตถ์,Li,ลี้,อ.บ้านโคก,ปานกลาง,กรดจัดถึงเป็นกลาง,ดินร่วนเหนียวปนกรวด,"กรมพัฒนาที่ดิน · ปีผลิต 2561 · มาตราส่วนต้นฉบับ 1:25,000",ลดรายละเอียดเส้น 50 เมตรเพื่อแสดงผล; ไม่ใช้ระบุแนวเขตแปลง
53,อุตรดิตถ์,Ms,แม่สาย,อ.บ้านโคก,ปานกลาง,กรดจัดถึงกรดเล็กน้อย,ดินร่วนปนทรายแป้ง,"กรมพัฒนาที่ดิน · ปีผลิต 2561 · มาตราส่วนต้นฉบับ 1:25,000",ลดรายละเอียดเส้น 50 เมตรเพื่อแสดงผล; ไม่ใช้ระบุแนวเขตแปลง
53,อุตรดิตถ์,Nt,โนนไทย,อ.บ้านโคก,ต่ำ,กรดจัดถึงกรดปานกลาง,ดินร่วนปนดินเหนียว,"กรมพัฒนาที่ดิน · ปีผลิต 2561 · มาตราส่วนต้นฉบับ 1:25,000",ลดรายละเอียดเส้น 50 เมตรเพื่อแสดงผล; ไม่ใช้ระบุแนวเขตแปลง
53,อุตรดิตถ์,Png,โพนงาม,อ.บ้านโคก,ต่ำ,กรดจัดถึงกรดเล็กน้อย,ดินร่วนปนทรายปนกรวด,"กรมพัฒนาที่ดิน · ปีผลิต 2561 · มาตราส่วนต้นฉบับ 1:25,000",ลดรายละเอียดเส้น 50 เมตรเพื่อแสดงผล; ไม่ใช้ระบุแนวเขตแปลง
53,อุตรดิตถ์,Png,โพนงาม,อ.บ้านโคก,ต่ำ,กรดจัดถึงกรดเล็กน้อย,ดินร่วนปนกรวด,"กรมพัฒนาที่ดิน · ปีผลิต 2561 · มาตราส่วนต้นฉบับ 1:25,000",ลดรายละเอียดเส้น 50 เมตรเพื่อแสดงผล; ไม่ใช้ระบุแนวเขตแปลง
53,อุตรดิตถ์,Png,โพนงาม,อ.บ้านโคก,ต่ำ,กรดจัดถึงกรดเล็กน้อย,ดินร่วน,"กรมพัฒนาที่ดิน · ปีผลิต 2561 · มาตราส่วนต้นฉบับ 1:25,000",ลดรายละเอียดเส้น 50 เมตรเพื่อแสดงผล; ไม่ใช้ระบุแนวเขตแปลง
53,อุตรดิตถ์,Png,โพนงาม,อ.บ้านโคก,ต่ำ,กรดจัดถึงกรดเล็กน้อย,ดินร่วนปนทราย,"กรมพัฒนาที่ดิน · ปีผลิต 2561 · มาตราส่วนต้นฉบับ 1:25,000",ลดรายละเอียดเส้น 50 เมตรเพื่อแสดงผล; ไม่ใช้ระบุแนวเขตแปลง
53,อุตรดิตถ์,Pur,ภูเรือ,อ.บ้านโคก,ต่ำ,กรดจัดถึงกรดเล็กน้อย,ดินร่วน,"กรมพัฒนาที่ดิน · ปีผลิต 2561 · มาตราส่วนต้นฉบับ 1:25,000",ลดรายละเอียดเส้น 50 เมตรเพื่อแสดงผล; ไม่ใช้ระบุแนวเขตแปลง
53,อุตรดิตถ์,SC,พื้นที่ลาดชันเชิงซ้อน,อ.บ้านโคก,-,,,"กรมพัฒนาที่ดิน · ปีผลิต 2561 · มาตราส่วนต้นฉบับ 1:25,000",ลดรายละเอียดเส้น 50 เมตรเพื่อแสดงผล; ไม่ใช้ระบุแนวเขตแปลง
53,อุตรดิตถ์,Tph,ตะพานหิน,อ.บ้านโคก,ปานกลาง,กรดปานกลางถึงเป็นกลาง,ดินร่วนปนทราย,"กรมพัฒนาที่ดิน · ปีผลิต 2561 · มาตราส่วนต้นฉบับ 1:25,000",ลดรายละเอียดเส้น 50 เมตรเพื่อแสดงผล; ไม่ใช้ระบุแนวเขตแปลง
53,อุตรดิตถ์,Utt,อุตรดิตถ์,อ.บ้านโคก,ปานกลาง,กรดจัดถึงกรดเล็กน้อย,ดินร่วนเหนียวปนทรายแป้ง,"กรมพัฒนาที่ดิน · ปีผลิต 2561 · มาตราส่วนต้นฉบับ 1:25,000",ลดรายละเอียดเส้น 50 เมตรเพื่อแสดงผล; ไม่ใช้ระบุแนวเขตแปลง
53,อุตรดิตถ์,Wk,วังน้ำเขียว,อ.บ้านโคก,ต่ำ,กรดจัดมากถึงกรดจัด,ดินร่วนปนทราย,"กรมพัฒนาที่ดิน · ปีผลิต 2561 · มาตราส่วนต้นฉบับ 1:25,000",ลดรายละเอียดเส้น 50 เมตรเพื่อแสดงผล; ไม่ใช้ระบุแนวเขตแปลง
53,อุตรดิตถ์,Ws,วังสะพุง,อ.บ้านโคก,ปานกลาง,กรดปานกลางถึงเป็นกลาง,ดินร่วนปนดินเหนียว,"กรมพัฒนาที่ดิน · ปีผลิต 2561 · มาตราส่วนต้นฉบับ 1:25,000",ลดรายละเอียดเส้น 50 เมตรเพื่อแสดงผล; ไม่ใช้ระบุแนวเขตแปลง
53,อุตรดิตถ์,Cdn,ชนแดน,อ.พิชัย,ต่ำ,กรดจัดถึงเป็นกลาง,ดินร่วนปนทรายปนกรวด,"กรมพัฒนาที่ดิน · ปีผลิต 2561 · มาตราส่วนต้นฉบับ 1:25,000",ลดรายละเอียดเส้น 50 เมตรเพื่อแสดงผล; ไม่ใช้ระบุแนวเขตแปลง
53,อุตรดิตถ์,Ds,ด่านซ้าย,อ.พิชัย,ต่ำ,กรดจัดมากถึงกรดจัด,ดินร่วนปนทราย,"กรมพัฒนาที่ดิน · ปีผลิต 2561 · มาตราส่วนต้นฉบับ 1:25,000",ลดรายละเอียดเส้น 50 เมตรเพื่อแสดงผล; ไม่ใช้ระบุแนวเขตแปลง
53,อุตรดิตถ์,Ds,ด่านซ้าย,อ.พิชัย,ปานกลาง,กรดจัดมากถึงกรดเล็กน้อย,ดินร่วนปนทราย,"กรมพัฒนาที่ดิน · ปีผลิต 2561 · มาตราส่วนต้นฉบับ 1:25,000",ลดรายละเอียดเส้น 50 เมตรเพื่อแสดงผล; ไม่ใช้ระบุแนวเขตแปลง
53,อุตรดิตถ์,Kp,กำแพงเพชร,อ.พิชัย,ปานกลาง,กรดจัดถึงกรดเล็กน้อย,ดินร่วนปนทรายแป้ง,"กรมพัฒนาที่ดิน · ปีผลิต 2561 · มาตราส่วนต้นฉบับ 1:25,000",ลดรายละเอียดเส้น 50 เมตรเพื่อแสดงผล; ไม่ใช้ระบุแนวเขตแปลง
53,อุตรดิตถ์,Kp,กำแพงเพชร,อ.พิชัย,ปานกลาง,กรดจัดถึงกรดเล็กน้อย,ดินร่วนปนทรายแป้งหรือดินร่วน,"กรมพัฒนาที่ดิน · ปีผลิต 2561 · มาตราส่วนต้นฉบับ 1:25,000",ลดรายละเอียดเส้น 50 เมตรเพื่อแสดงผล; ไม่ใช้ระบุแนวเขตแปลง
53,อุตรดิตถ์,Mr,แม่ริม,อ.พิชัย,ต่ำ,กรดจัดมากถึงกรดเล็กน้อย,ดินร่วนปนทราย,"กรมพัฒนาที่ดิน · ปีผลิต 2561 · มาตราส่วนต้นฉบับ 1:25,000",ลดรายละเอียดเส้น 50 เมตรเพื่อแสดงผล; ไม่ใช้ระบุแนวเขตแปลง
53,อุตรดิตถ์,Mt,แม่แตง,อ.พิชัย,ต่ำ,กรดจัดถึงกรดเล็กน้อย,ดินร่วนปนทราย,"กรมพัฒนาที่ดิน · ปีผลิต 2561 · มาตราส่วนต้นฉบับ 1:25,000",ลดรายละเอียดเส้น 50 เมตรเพื่อแสดงผล; ไม่ใช้ระบุแนวเขตแปลง
53,อุตรดิตถ์,Na,น่าน,อ.พิชัย,ปานกลาง,กรดปานกลางถึงเป็นกลาง,ดินร่วนเหนียวปนทรายแป้ง,"กรมพัฒนาที่ดิน · ปีผลิต 2561 · มาตราส่วนต้นฉบับ 1:25,000",ลดรายละเอียดเส้น 50 เมตรเพื่อแสดงผล; ไม่ใช้ระบุแนวเขตแปลง
53,อุตรดิตถ์,Pae,แพร่,อ.พิชัย,ต่ำ,กรดจัดมากถึงกรดเล็กน้อย,ดินร่วนปนทราย,"กรมพัฒนาที่ดิน · ปีผลิต 2561 · มาตราส่วนต้นฉบับ 1:25,000",ลดรายละเอียดเส้น 50 เมตรเพื่อแสดงผล; ไม่ใช้ระบุแนวเขตแปลง
53,อุตรดิตถ์,Pch,พิชัย,อ.พิชัย,ต่ำ,กรดจัดมากถึงกรดเล็กน้อย,ดินร่วนปนทราย,"กรมพัฒนาที่ดิน · ปีผลิต 2561 · มาตราส่วนต้นฉบับ 1:25,000",ลดรายละเอียดเส้น 50 เมตรเพื่อแสดงผล; ไม่ใช้ระบุแนวเขตแปลง
53,อุตรดิตถ์,Plo,โพทะเล,อ.พิชัย,ปานกลาง,กรดจัดถึงกรดเล็กน้อย,ดินร่วนเหนียวปนทรายแป้ง,"กรมพัฒนาที่ดิน · ปีผลิต 2561 · มาตราส่วนต้นฉบับ 1:25,000",ลดรายละเอียดเส้น 50 เมตรเพื่อแสดงผล; ไม่ใช้ระบุแนวเขตแปลง
53,อุตรดิตถ์,Png,โพนงาม,อ.พิชัย,ต่ำ,กรดจัดถึงกรดเล็กน้อย,ดินร่วนปนทราย,"กรมพัฒนาที่ดิน · ปีผลิต 2561 · มาตราส่วนต้นฉบับ 1:25,000",ลดรายละเอียดเส้น 50 เมตรเพื่อแสดงผล; ไม่ใช้ระบุแนวเขตแปลง
53,อุตรดิตถ์,Psl,พิษณุโลก,อ.พิชัย,ปานกลาง,กรดจัดถึงกรดเล็กน้อย,ดินร่วนปนดินเหนียว,"กรมพัฒนาที่ดิน · ปีผลิต 2561 · มาตราส่วนต้นฉบับ 1:25,000",ลดรายละเอียดเส้น 50 เมตรเพื่อแสดงผล; ไม่ใช้ระบุแนวเขตแปลง
53,อุตรดิตถ์,Pu,ภูพาน,อ.พิชัย,ต่ำ,กรดจัดมากถึงกรดจัด,ดินร่วนปนทราย,"กรมพัฒนาที่ดิน · ปีผลิต 2561 · มาตราส่วนต้นฉบับ 1:25,000",ลดรายละเอียดเส้น 50 เมตรเพื่อแสดงผล; ไม่ใช้ระบุแนวเขตแปลง
53,อุตรดิตถ์,Sai,สันทราย,อ.พิชัย,ต่ำ,กรดจัดมากถุงเป็นกลาง,ดินร่วนปนทราย,"กรมพัฒนาที่ดิน · ปีผลิต 2561 · มาตราส่วนต้นฉบับ 1:25,000",ลดรายละเอียดเส้น 50 เมตรเพื่อแสดงผล; ไม่ใช้ระบุแนวเขตแปลง
53,อุตรดิตถ์,SC,พื้นที่ลาดชันเชิงซ้อน,อ.พิชัย,-,,,"กรมพัฒนาที่ดิน · ปีผลิต 2561 · มาตราส่วนต้นฉบับ 1:25,000",ลดรายละเอียดเส้น 50 เมตรเพื่อแสดงผล; ไม่ใช้ระบุแนวเขตแปลง
53,อุตรดิตถ์,Sp,สันป่าตอง,อ.พิชัย,ต่ำ,กรดจัดถึงกรดเล็กน้อย,ดินร่วนปนทราย,"กรมพัฒนาที่ดิน · ปีผลิต 2561 · มาตราส่วนต้นฉบับ 1:25,000",ลดรายละเอียดเส้น 50 เมตรเพื่อแสดงผล; ไม่ใช้ระบุแนวเขตแปลง
53,อุตรดิตถ์,Sp,สันป่าตอง,อ.พิชัย,ต่ำ,กรดจัดถึงกรดเล็กน้อย,ดินทรายปนดินร่วน,"กรมพัฒนาที่ดิน · ปีผลิต 2561 · มาตราส่วนต้นฉบับ 1:25,000",ลดรายละเอียดเส้น 50 เมตรเพื่อแสดงผล; ไม่ใช้ระบุแนวเขตแปลง
53,อุตรดิตถ์,Tph,ตะพานหิน,อ.พิชัย,ปานกลาง,กรดปานกลางถึงเป็นกลาง,ดินร่วนปนทรายแป้ง,"กรมพัฒนาที่ดิน · ปีผลิต 2561 · มาตราส่วนต้นฉบับ 1:25,000",ลดรายละเอียดเส้น 50 เมตรเพื่อแสดงผล; ไม่ใช้ระบุแนวเขตแปลง
53,อุตรดิตถ์,Tph,ตะพานหิน,อ.พิชัย,ปานกลาง,กรดปานกลางถึงเป็นกลาง,ดินร่วนปนทราย,"กรมพัฒนาที่ดิน · ปีผลิต 2561 · มาตราส่วนต้นฉบับ 1:25,000",ลดรายละเอียดเส้น 50 เมตรเพื่อแสดงผล; ไม่ใช้ระบุแนวเขตแปลง
53,อุตรดิตถ์,Utt,อุตรดิตถ์,อ.พิชัย,ปานกลาง,กรดจัดถึงกรดเล็กน้อย,ดินร่วนเหนียวปนทรายแป้ง,"กรมพัฒนาที่ดิน · ปีผลิต 2561 · มาตราส่วนต้นฉบับ 1:25,000",ลดรายละเอียดเส้น 50 เมตรเพื่อแสดงผล; ไม่ใช้ระบุแนวเขตแปลง
53,อุตรดิตถ์,W,พื้นที่น้ำ,อ.พิชัย,-,,,"กรมพัฒนาที่ดิน · ปีผลิต 2561 · มาตราส่วนต้นฉบับ 1:25,000",ลดรายละเอียดเส้น 50 เมตรเพื่อแสดงผล; ไม่ใช้ระบุแนวเขตแปลง
53,อุตรดิตถ์,Wk,วังน้ำเขียว,อ.พิชัย,ต่ำ,กรดจัดมากถึงกรดจัด,ดินร่วนปนทราย,"กรมพัฒนาที่ดิน · ปีผลิต 2561 · มาตราส่วนต้นฉบับ 1:25,000",ลดรายละเอียดเส้น 50 เมตรเพื่อแสดงผล; ไม่ใช้ระบุแนวเขตแปลง
53,อุตรดิตถ์,Wto,วังทอง,อ.พิชัย,ต่ำ,กรดจัดถึงกรดเล็กน้อย,ดินร่วนปนทราย,"กรมพัฒนาที่ดิน · ปีผลิต 2561 · มาตราส่วนต้นฉบับ 1:25,000",ลดรายละเอียดเส้น 50 เมตรเพื่อแสดงผล; ไม่ใช้ระบุแนวเขตแปลง
53,อุตรดิตถ์,SC,พื้นที่ลาดชันเชิงซ้อน,อ.ฟากท่า,-,,,"กรมพัฒนาที่ดิน · ปีผลิต 2561 · มาตราส่วนต้นฉบับ 1:25,000",ลดรายละเอียดเส้น 50 เมตรเพื่อแสดงผล; ไม่ใช้ระบุแนวเขตแปลง
53,อุตรดิตถ์,AC,ตะกอนน้ำพาเชิงซ้อน,อ.ฟากท่า,ปานกลาง,กรดจัดมากถึงกรดเล็กน้อย,ดินร่วนปนดินเหนียว,"กรมพัฒนาที่ดิน · ปีผลิต 2561 · มาตราส่วนต้นฉบับ 1:25,000",ลดรายละเอียดเส้น 50 เมตรเพื่อแสดงผล; ไม่ใช้ระบุแนวเขตแปลง
53,อุตรดิตถ์,AC,ตะกอนน้ำพาเชิงซ้อน,อ.ฟากท่า,ปานกลาง,กรดจัดมากถึงกรดเล็กน้อย,ดินร่วนปนทราย,"กรมพัฒนาที่ดิน · ปีผลิต 2561 · มาตราส่วนต้นฉบับ 1:25,000",ลดรายละเอียดเส้น 50 เมตรเพื่อแสดงผล; ไม่ใช้ระบุแนวเขตแปลง
53,อุตรดิตถ์,Don,ดงยางเอน,อ.ฟากท่า,ปานกลาง,กรดปานกลางถึงเป็นกลาง,ดินร่วนปนทรายแป้ง,"กรมพัฒนาที่ดิน · ปีผลิต 2561 · มาตราส่วนต้นฉบับ 1:25,000",ลดรายละเอียดเส้น 50 เมตรเพื่อแสดงผล; ไม่ใช้ระบุแนวเขตแปลง
53,อุตรดิตถ์,Ds,ด่านซ้าย,อ.ฟากท่า,ต่ำ,กรดจัดมากถึงกรดจัด,ดินร่วนปนทราย,"กรมพัฒนาที่ดิน · ปีผลิต 2561 · มาตราส่วนต้นฉบับ 1:25,000",ลดรายละเอียดเส้น 50 เมตรเพื่อแสดงผล; ไม่ใช้ระบุแนวเขตแปลง
53,อุตรดิตถ์,Ds,ด่านซ้าย,อ.ฟากท่า,ต่ำ,กรดจัดมากถึงกรดเล็กน้อย,ดินร่วนปนทราย,"กรมพัฒนาที่ดิน · ปีผลิต 2561 · มาตราส่วนต้นฉบับ 1:25,000",ลดรายละเอียดเส้น 50 เมตรเพื่อแสดงผล; ไม่ใช้ระบุแนวเขตแปลง
53,อุตรดิตถ์,Ds,ด่านซ้าย,อ.ฟากท่า,ปานกลาง,กรดจัดมากถึงกรดเล็กน้อย,ดินร่วนปนทราย,"กรมพัฒนาที่ดิน · ปีผลิต 2561 · มาตราส่วนต้นฉบับ 1:25,000",ลดรายละเอียดเส้น 50 เมตรเพื่อแสดงผล; ไม่ใช้ระบุแนวเขตแปลง
53,อุตรดิตถ์,Mr,แม่ริม,อ.ฟากท่า,ต่ำ,กรดจัดมากถึงกรดเล็กน้อย,ดินร่วนปนทราย,"กรมพัฒนาที่ดิน · ปีผลิต 2561 · มาตราส่วนต้นฉบับ 1:25,000",ลดรายละเอียดเส้น 50 เมตรเพื่อแสดงผล; ไม่ใช้ระบุแนวเขตแปลง
53,อุตรดิตถ์,Mt,แม่แตง,อ.ฟากท่า,ต่ำ,กรดจัดถึงกรดเล็กน้อย,ดินร่วนปนทราย,"กรมพัฒนาที่ดิน · ปีผลิต 2561 · มาตราส่วนต้นฉบับ 1:25,000",ลดรายละเอียดเส้น 50 เมตรเพื่อแสดงผล; ไม่ใช้ระบุแนวเขตแปลง
53,อุตรดิตถ์,Na,น่าน,อ.ฟากท่า,ปานกลาง,กรดปานกลางถึงเป็นกลาง,ดินร่วนปนทรายแป้ง,"กรมพัฒนาที่ดิน · ปีผลิต 2561 · มาตราส่วนต้นฉบับ 1:25,000",ลดรายละเอียดเส้น 50 เมตรเพื่อแสดงผล; ไม่ใช้ระบุแนวเขตแปลง
53,อุตรดิตถ์,Pae,แพร่,อ.ฟากท่า,ต่ำ,กรดจัดมากถึงกรดเล็กน้อย,ดินร่วนปนทราย,"กรมพัฒนาที่ดิน · ปีผลิต 2561 · มาตราส่วนต้นฉบับ 1:25,000",ลดรายละเอียดเส้น 50 เมตรเพื่อแสดงผล; ไม่ใช้ระบุแนวเขตแปลง
53,อุตรดิตถ์,Png,โพนงาม,อ.ฟากท่า,ต่ำ,กรดจัดถึงกรดเล็กน้อย,ดินร่วนปนทรายปนกรวด,"กรมพัฒนาที่ดิน · ปีผลิต 2561 · มาตราส่วนต้นฉบับ 1:25,000",ลดรายละเอียดเส้น 50 เมตรเพื่อแสดงผล; ไม่ใช้ระบุแนวเขตแปลง
53,อุตรดิตถ์,Png,โพนงาม,อ.ฟากท่า,ต่ำ,กรดจัดถึงกรดเล็กน้อย,ดินร่วนปนทราย,"กรมพัฒนาที่ดิน · ปีผลิต 2561 · มาตราส่วนต้นฉบับ 1:25,000",ลดรายละเอียดเส้น 50 เมตรเพื่อแสดงผล; ไม่ใช้ระบุแนวเขตแปลง
53,อุตรดิตถ์,Pur,ภูเรือ,อ.ฟากท่า,ต่ำ,กรดจัดถึงกรดเล็กน้อย,ดินร่วน,"กรมพัฒนาที่ดิน · ปีผลิต 2561 · มาตราส่วนต้นฉบับ 1:25,000",ลดรายละเอียดเส้น 50 เมตรเพื่อแสดงผล; ไม่ใช้ระบุแนวเขตแปลง
53,อุตรดิตถ์,Sai,สันทราย,อ.ฟากท่า,ต่ำ,กรดจัดมากถุงเป็นกลาง,ดินร่วนปนทราย,"กรมพัฒนาที่ดิน · ปีผลิต 2561 · มาตราส่วนต้นฉบับ 1:25,000",ลดรายละเอียดเส้น 50 เมตรเพื่อแสดงผล; ไม่ใช้ระบุแนวเขตแปลง
53,อุตรดิตถ์,Tph,ตะพานหิน,อ.ฟากท่า,ปานกลาง,กรดปานกลางถึงเป็นกลาง,ดินร่วนปนทรายแป้ง,"กรมพัฒนาที่ดิน · ปีผลิต 2561 · มาตราส่วนต้นฉบับ 1:25,000",ลดรายละเอียดเส้น 50 เมตรเพื่อแสดงผล; ไม่ใช้ระบุแนวเขตแปลง
53,อุตรดิตถ์,Tph,ตะพานหิน,อ.ฟากท่า,ปานกลาง,กรดปานกลางถึงเป็นกลาง,ดินร่วนปนทราย,"กรมพัฒนาที่ดิน · ปีผลิต 2561 · มาตราส่วนต้นฉบับ 1:25,000",ลดรายละเอียดเส้น 50 เมตรเพื่อแสดงผล; ไม่ใช้ระบุแนวเขตแปลง
53,อุตรดิตถ์,W,พื้นที่น้ำ,อ.ฟากท่า,-,,,"กรมพัฒนาที่ดิน · ปีผลิต 2561 · มาตราส่วนต้นฉบับ 1:25,000",ลดรายละเอียดเส้น 50 เมตรเพื่อแสดงผล; ไม่ใช้ระบุแนวเขตแปลง
53,อุตรดิตถ์,Wk,วังน้ำเขียว,อ.ฟากท่า,ต่ำ,กรดจัดมากถึงกรดจัด,ดินร่วนปนทราย,"กรมพัฒนาที่ดิน · ปีผลิต 2561 · มาตราส่วนต้นฉบับ 1:25,000",ลดรายละเอียดเส้น 50 เมตรเพื่อแสดงผล; ไม่ใช้ระบุแนวเขตแปลง
53,อุตรดิตถ์,AC,ตะกอนน้ำพาเชิงซ้อน,อ.เมืองอุตรดิตถ์,ปานกลาง,กรดจัดมากถึงกรดเล็กน้อย,ดินร่วนปนทราย,"กรมพัฒนาที่ดิน · ปีผลิต 2561 · มาตราส่วนต้นฉบับ 1:25,000",ลดรายละเอียดเส้น 50 เมตรเพื่อแสดงผล; ไม่ใช้ระบุแนวเขตแปลง
53,อุตรดิตถ์,Bg,บ้านจ้อง,อ.เมืองอุตรดิตถ์,ต่ำ,กรดจัดถึงกรดเล็กน้อย,ดินร่วนปนดินเหนียว,"กรมพัฒนาที่ดิน · ปีผลิต 2561 · มาตราส่วนต้นฉบับ 1:25,000",ลดรายละเอียดเส้น 50 เมตรเพื่อแสดงผล; ไม่ใช้ระบุแนวเขตแปลง
53,อุตรดิตถ์,Cg,เชียงของ,อ.เมืองอุตรดิตถ์,ต่ำ,กรดจัดถึงกรดเล็กน้อย,ดินร่วนปนดินเหนียว,"กรมพัฒนาที่ดิน · ปีผลิต 2561 · มาตราส่วนต้นฉบับ 1:25,000",ลดรายละเอียดเส้น 50 เมตรเพื่อแสดงผล; ไม่ใช้ระบุแนวเขตแปลง
53,อุตรดิตถ์,Ch,เชียงคาน,อ.เมืองอุตรดิตถ์,ต่ำ,กรดจัดถึงเป็นกลาง,ดินร่วนเหนียวปนกรวด,"กรมพัฒนาที่ดิน · ปีผลิต 2561 · มาตราส่วนต้นฉบับ 1:25,000",ลดรายละเอียดเส้น 50 เมตรเพื่อแสดงผล; ไม่ใช้ระบุแนวเขตแปลง
53,อุตรดิตถ์,Cm,เชียงใหม่,อ.เมืองอุตรดิตถ์,ปานกลาง,กรดจัดมากถุงเป็นกลาง,ดินทรายปนดินร่วน,"กรมพัฒนาที่ดิน · ปีผลิต 2561 · มาตราส่วนต้นฉบับ 1:25,000",ลดรายละเอียดเส้น 50 เมตรเพื่อแสดงผล; ไม่ใช้ระบุแนวเขตแปลง
53,อุตรดิตถ์,Cm,เชียงใหม่,อ.เมืองอุตรดิตถ์,ปานกลาง,กรดจัดถึงกรดเล็กน้อย,ดินร่วนปนทราย,"กรมพัฒนาที่ดิน · ปีผลิต 2561 · มาตราส่วนต้นฉบับ 1:25,000",ลดรายละเอียดเส้น 50 เมตรเพื่อแสดงผล; ไม่ใช้ระบุแนวเขตแปลง
53,อุตรดิตถ์,Cr,เชียงราย,อ.เมืองอุตรดิตถ์,ต่ำ,กรดจัดถึงกรดเล็กน้อย,ดินร่วนเหนียวปนทรายแป้ง,"กรมพัฒนาที่ดิน · ปีผลิต 2561 · มาตราส่วนต้นฉบับ 1:25,000",ลดรายละเอียดเส้น 50 เมตรเพื่อแสดงผล; ไม่ใช้ระบุแนวเขตแปลง
53,อุตรดิตถ์,Don,ดงยางเอน,อ.เมืองอุตรดิตถ์,ปานกลาง,กรดปานกลางถึงเป็นกลาง,ดินร่วนปนทรายแป้ง,"กรมพัฒนาที่ดิน · ปีผลิต 2561 · มาตราส่วนต้นฉบับ 1:25,000",ลดรายละเอียดเส้น 50 เมตรเพื่อแสดงผล; ไม่ใช้ระบุแนวเขตแปลง
53,อุตรดิตถ์,Hd,หางดง,อ.เมืองอุตรดิตถ์,ปานกลาง,กรดจัดถึงเป็นกลาง,ดินเหนียวปนทรายแป้ง,"กรมพัฒนาที่ดิน · ปีผลิต 2561 · มาตราส่วนต้นฉบับ 1:25,000",ลดรายละเอียดเส้น 50 เมตรเพื่อแสดงผล; ไม่ใช้ระบุแนวเขตแปลง
53,อุตรดิตถ์,Hd,หางดง,อ.เมืองอุตรดิตถ์,ปานกลาง,กรดจัดถึงเป็นกลาง,ดินร่วนเหนียวปนทรายแป้ง,"กรมพัฒนาที่ดิน · ปีผลิต 2561 · มาตราส่วนต้นฉบับ 1:25,000",ลดรายละเอียดเส้น 50 เมตรเพื่อแสดงผล; ไม่ใช้ระบุแนวเขตแปลง
53,อุตรดิตถ์,Kb,กบินทร์บุรี,อ.เมืองอุตรดิตถ์,ต่ำ,กรดจัดถึงเป็นกลาง,ดินร่วนปนกรวด,"กรมพัฒนาที่ดิน · ปีผลิต 2561 · มาตราส่วนต้นฉบับ 1:25,000",ลดรายละเอียดเส้น 50 เมตรเพื่อแสดงผล; ไม่ใช้ระบุแนวเขตแปลง
53,อุตรดิตถ์,Kb,กบินทร์บุรี,อ.เมืองอุตรดิตถ์,ปานกลาง,กรดจัดถึงเป็นกลาง,ดินร่วนปนทรายปนกรวด,"กรมพัฒนาที่ดิน · ปีผลิต 2561 · มาตราส่วนต้นฉบับ 1:25,000",ลดรายละเอียดเส้น 50 เมตรเพื่อแสดงผล; ไม่ใช้ระบุแนวเขตแปลง
53,อุตรดิตถ์,Kok,โคกปรือ,อ.เมืองอุตรดิตถ์,ปานกลาง,กรดจัดถึงเป็นกลาง,ดินร่วนเหนียวปนกรวด,"กรมพัฒนาที่ดิน · ปีผลิต 2561 · มาตราส่วนต้นฉบับ 1:25,000",ลดรายละเอียดเส้น 50 เมตรเพื่อแสดงผล; ไม่ใช้ระบุแนวเขตแปลง
53,อุตรดิตถ์,Le,ลับแล,อ.เมืองอุตรดิตถ์,ปานกลาง,กรดจัดมากถึงกรดปานกลาง,ดินร่วนปนทรายแป้ง,"กรมพัฒนาที่ดิน · ปีผลิต 2561 · มาตราส่วนต้นฉบับ 1:25,000",ลดรายละเอียดเส้น 50 เมตรเพื่อแสดงผล; ไม่ใช้ระบุแนวเขตแปลง
53,อุตรดิตถ์,Li,ลี้,อ.เมืองอุตรดิตถ์,ปานกลาง,กรดจัดถึงเป็นกลาง,ดินร่วนเหนียวปนกรวด,"กรมพัฒนาที่ดิน · ปีผลิต 2561 · มาตราส่วนต้นฉบับ 1:25,000",ลดรายละเอียดเส้น 50 เมตรเพื่อแสดงผล; ไม่ใช้ระบุแนวเขตแปลง
53,อุตรดิตถ์,Lp,ลำปาง,อ.เมืองอุตรดิตถ์,ต่ำ,กรดจัดถึงกรดเล็กน้อย,ดินร่วนปนทรายแป้ง,"กรมพัฒนาที่ดิน · ปีผลิต 2561 · มาตราส่วนต้นฉบับ 1:25,000",ลดรายละเอียดเส้น 50 เมตรเพื่อแสดงผล; ไม่ใช้ระบุแนวเขตแปลง
53,อุตรดิตถ์,Ly,ลาดหญ้า,อ.เมืองอุตรดิตถ์,ต่ำ,กรดจัดมากถึงกรดปานกลาง,ดินร่วนปนทราย,"กรมพัฒนาที่ดิน · ปีผลิต 2561 · มาตราส่วนต้นฉบับ 1:25,000",ลดรายละเอียดเส้น 50 เมตรเพื่อแสดงผล; ไม่ใช้ระบุแนวเขตแปลง
53,อุตรดิตถ์,MA,พื้นที่เขตทหาร,อ.เมืองอุตรดิตถ์,-,,,"กรมพัฒนาที่ดิน · ปีผลิต 2561 · มาตราส่วนต้นฉบับ 1:25,000",ลดรายละเอียดเส้น 50 เมตรเพื่อแสดงผล; ไม่ใช้ระบุแนวเขตแปลง
53,อุตรดิตถ์,Ml,มวกเหล็ก,อ.เมืองอุตรดิตถ์,ปานกลาง,กรดจัดถึงเป็นกลาง,ดินร่วนเหนียวปนกรวด,"กรมพัฒนาที่ดิน · ปีผลิต 2561 · มาตราส่วนต้นฉบับ 1:25,000",ลดรายละเอียดเส้น 50 เมตรเพื่อแสดงผล; ไม่ใช้ระบุแนวเขตแปลง
53,อุตรดิตถ์,Mr,แม่ริม,อ.เมืองอุตรดิตถ์,ต่ำ,กรดจัดมากถึงกรดเล็กน้อย,ดินร่วนปนทราย,"กรมพัฒนาที่ดิน · ปีผลิต 2561 · มาตราส่วนต้นฉบับ 1:25,000",ลดรายละเอียดเส้น 50 เมตรเพื่อแสดงผล; ไม่ใช้ระบุแนวเขตแปลง
53,อุตรดิตถ์,Ms,แม่สาย,อ.เมืองอุตรดิตถ์,ปานกลาง,กรดจัดถึงกรดเล็กน้อย,ดินร่วนปนทรายแป้ง,"กรมพัฒนาที่ดิน · ปีผลิต 2561 · มาตราส่วนต้นฉบับ 1:25,000",ลดรายละเอียดเส้น 50 เมตรเพื่อแสดงผล; ไม่ใช้ระบุแนวเขตแปลง
53,อุตรดิตถ์,Na,น่าน,อ.เมืองอุตรดิตถ์,ปานกลาง,กรดปานกลางถึงเป็นกลาง,ดินร่วนปนทรายแป้ง,"กรมพัฒนาที่ดิน · ปีผลิต 2561 · มาตราส่วนต้นฉบับ 1:25,000",ลดรายละเอียดเส้น 50 เมตรเพื่อแสดงผล; ไม่ใช้ระบุแนวเขตแปลง
53,อุตรดิตถ์,Na,น่าน,อ.เมืองอุตรดิตถ์,ปานกลาง,กรดปานกลางถึงเป็นกลาง,ดินร่วนเหนียวปนทรายแป้ง,"กรมพัฒนาที่ดิน · ปีผลิต 2561 · มาตราส่วนต้นฉบับ 1:25,000",ลดรายละเอียดเส้น 50 เมตรเพื่อแสดงผล; ไม่ใช้ระบุแนวเขตแปลง
53,อุตรดิตถ์,Pae,แพร่,อ.เมืองอุตรดิตถ์,ต่ำ,กรดจัดมากถึงกรดเล็กน้อย,ดินร่วนปนทราย,"กรมพัฒนาที่ดิน · ปีผลิต 2561 · มาตราส่วนต้นฉบับ 1:25,000",ลดรายละเอียดเส้น 50 เมตรเพื่อแสดงผล; ไม่ใช้ระบุแนวเขตแปลง
53,อุตรดิตถ์,Ph,พาน,อ.เมืองอุตรดิตถ์,ต่ำ,กรดจัดถึงกรดเล็กน้อย,ดินร่วนเหนียวปนทรายแป้ง,"กรมพัฒนาที่ดิน · ปีผลิต 2561 · มาตราส่วนต้นฉบับ 1:25,000",ลดรายละเอียดเส้น 50 เมตรเพื่อแสดงผล; ไม่ใช้ระบุแนวเขตแปลง
53,อุตรดิตถ์,Phi,ไพศาลี,อ.เมืองอุตรดิตถ์,ต่ำ,กรดจัดถึงเป็นกลาง,ดินร่วนปนทรายปนกรวด,"กรมพัฒนาที่ดิน · ปีผลิต 2561 · มาตราส่วนต้นฉบับ 1:25,000",ลดรายละเอียดเส้น 50 เมตรเพื่อแสดงผล; ไม่ใช้ระบุแนวเขตแปลง
53,อุตรดิตถ์,Phi,ไพศาลี,อ.เมืองอุตรดิตถ์,ต่ำ,กรดจัดถึงเป็นกลาง,ดินร่วนเหนียวปนกรวด,"กรมพัฒนาที่ดิน · ปีผลิต 2561 · มาตราส่วนต้นฉบับ 1:25,000",ลดรายละเอียดเส้น 50 เมตรเพื่อแสดงผล; ไม่ใช้ระบุแนวเขตแปลง
53,อุตรดิตถ์,Sai,สันทราย,อ.เมืองอุตรดิตถ์,ต่ำ,กรดจัดมากถุงเป็นกลาง,ดินร่วนปนทราย,"กรมพัฒนาที่ดิน · ปีผลิต 2561 · มาตราส่วนต้นฉบับ 1:25,000",ลดรายละเอียดเส้น 50 เมตรเพื่อแสดงผล; ไม่ใช้ระบุแนวเขตแปลง
53,อุตรดิตถ์,SC,พื้นที่ลาดชันเชิงซ้อน,อ.เมืองอุตรดิตถ์,-,,,"กรมพัฒนาที่ดิน · ปีผลิต 2561 · มาตราส่วนต้นฉบับ 1:25,000",ลดรายละเอียดเส้น 50 เมตรเพื่อแสดงผล; ไม่ใช้ระบุแนวเขตแปลง
53,อุตรดิตถ์,Sp,สันป่าตอง,อ.เมืองอุตรดิตถ์,ต่ำ,กรดจัดถึงกรดเล็กน้อย,ดินร่วนปนทราย,"กรมพัฒนาที่ดิน · ปีผลิต 2561 · มาตราส่วนต้นฉบับ 1:25,000",ลดรายละเอียดเส้น 50 เมตรเพื่อแสดงผล; ไม่ใช้ระบุแนวเขตแปลง
53,อุตรดิตถ์,Sri,ศรีเทพ,อ.เมืองอุตรดิตถ์,ต่ำ,กรดจัดถึงกรดเล็กน้อย,ดินร่วนเหนียวปนทรายแป้ง,"กรมพัฒนาที่ดิน · ปีผลิต 2561 · มาตราส่วนต้นฉบับ 1:25,000",ลดรายละเอียดเส้น 50 เมตรเพื่อแสดงผล; ไม่ใช้ระบุแนวเขตแปลง
53,อุตรดิตถ์,Tl,ท่าลี่,อ.เมืองอุตรดิตถ์,ต่ำ,กรดปานกลางถึงเป็นกลาง,ดินร่วนเหนียวปนกรวด,"กรมพัฒนาที่ดิน · ปีผลิต 2561 · มาตราส่วนต้นฉบับ 1:25,000",ลดรายละเอียดเส้น 50 เมตรเพื่อแสดงผล; ไม่ใช้ระบุแนวเขตแปลง
53,อุตรดิตถ์,Tph,ตะพานหิน,อ.เมืองอุตรดิตถ์,ปานกลาง,กรดปานกลางถึงเป็นกลาง,ดินร่วนปนทรายแป้ง,"กรมพัฒนาที่ดิน · ปีผลิต 2561 · มาตราส่วนต้นฉบับ 1:25,000",ลดรายละเอียดเส้น 50 เมตรเพื่อแสดงผล; ไม่ใช้ระบุแนวเขตแปลง
53,อุตรดิตถ์,Ty,ท่ายาง,อ.เมืองอุตรดิตถ์,ปานกลาง,กรดจัดถึงกรดเล็กน้อย,ดินร่วนเหนียวปนกรวด,"กรมพัฒนาที่ดิน · ปีผลิต 2561 · มาตราส่วนต้นฉบับ 1:25,000",ลดรายละเอียดเส้น 50 เมตรเพื่อแสดงผล; ไม่ใช้ระบุแนวเขตแปลง
53,อุตรดิตถ์,Ty,ท่ายาง,อ.เมืองอุตรดิตถ์,ปานกลาง,กรดจัดถึงกรดเล็กน้อย,ดินร่วนปนทรายปนกรวด,"กรมพัฒนาที่ดิน · ปีผลิต 2561 · มาตราส่วนต้นฉบับ 1:25,000",ลดรายละเอียดเส้น 50 เมตรเพื่อแสดงผล; ไม่ใช้ระบุแนวเขตแปลง
53,อุตรดิตถ์,Utt,อุตรดิตถ์,อ.เมืองอุตรดิตถ์,ปานกลาง,กรดจัดถึงกรดเล็กน้อย,ดินร่วนเหนียวปนทรายแป้ง,"กรมพัฒนาที่ดิน · ปีผลิต 2561 · มาตราส่วนต้นฉบับ 1:25,000",ลดรายละเอียดเส้น 50 เมตรเพื่อแสดงผล; ไม่ใช้ระบุแนวเขตแปลง
53,อุตรดิตถ์,W,พื้นที่น้ำ,อ.เมืองอุตรดิตถ์,-,,,"กรมพัฒนาที่ดิน · ปีผลิต 2561 · มาตราส่วนต้นฉบับ 1:25,000",ลดรายละเอียดเส้น 50 เมตรเพื่อแสดงผล; ไม่ใช้ระบุแนวเขตแปลง
53,อุตรดิตถ์,Ws,วังสะพุง,อ.เมืองอุตรดิตถ์,ปานกลาง,กรดปานกลางถึงเป็นกลาง,ดินร่วนปนดินเหนียว,"กรมพัฒนาที่ดิน · ปีผลิต 2561 · มาตราส่วนต้นฉบับ 1:25,000",ลดรายละเอียดเส้น 50 เมตรเพื่อแสดงผล; ไม่ใช้ระบุแนวเขตแปลง
53,อุตรดิตถ์,Nm,หนองมด,อ.เมืองอุตรดิตถ์,ต่ำ,กรดจัดมากถึงกรดปานกลาง,ดินร่วนเหนียวปนทราย,"กรมพัฒนาที่ดิน · ปีผลิต 2561 · มาตราส่วนต้นฉบับ 1:25,000",ลดรายละเอียดเส้น 50 เมตรเพื่อแสดงผล; ไม่ใช้ระบุแนวเขตแปลง
53,อุตรดิตถ์,Ptc,ปักธงชัย,อ.เมืองอุตรดิตถ์,ต่ำ,กรดจัดมากถึงกรดเล็กน้อย,ดินร่วนปนทราย,"กรมพัฒนาที่ดิน · ปีผลิต 2561 · มาตราส่วนต้นฉบับ 1:25,000",ลดรายละเอียดเส้น 50 เมตรเพื่อแสดงผล; ไม่ใช้ระบุแนวเขตแปลง
53,อุตรดิตถ์,AC,ตะกอนน้ำพาเชิงซ้อน,อ.ลับแล,ปานกลาง,กรดจัดมากถึงกรดเล็กน้อย,ดินร่วนปนทราย,"กรมพัฒนาที่ดิน · ปีผลิต 2561 · มาตราส่วนต้นฉบับ 1:25,000",ลดรายละเอียดเส้น 50 เมตรเพื่อแสดงผล; ไม่ใช้ระบุแนวเขตแปลง
53,อุตรดิตถ์,Ch,เชียงคาน,อ.ลับแล,ต่ำ,กรดจัดถึงเป็นกลาง,ดินร่วนเหนียวปนกรวด,"กรมพัฒนาที่ดิน · ปีผลิต 2561 · มาตราส่วนต้นฉบับ 1:25,000",ลดรายละเอียดเส้น 50 เมตรเพื่อแสดงผล; ไม่ใช้ระบุแนวเขตแปลง
53,อุตรดิตถ์,Hd,หางดง,อ.ลับแล,ปานกลาง,กรดจัดถึงเป็นกลาง,ดินเหนียวปนทรายแป้ง,"กรมพัฒนาที่ดิน · ปีผลิต 2561 · มาตราส่วนต้นฉบับ 1:25,000",ลดรายละเอียดเส้น 50 เมตรเพื่อแสดงผล; ไม่ใช้ระบุแนวเขตแปลง
53,อุตรดิตถ์,Hd,หางดง,อ.ลับแล,ปานกลาง,กรดจัดถึงเป็นกลาง,ดินร่วนเหนียวปนทรายแป้ง,"กรมพัฒนาที่ดิน · ปีผลิต 2561 · มาตราส่วนต้นฉบับ 1:25,000",ลดรายละเอียดเส้น 50 เมตรเพื่อแสดงผล; ไม่ใช้ระบุแนวเขตแปลง
53,อุตรดิตถ์,Kb,กบินทร์บุรี,อ.ลับแล,ปานกลาง,กรดจัดถึงเป็นกลาง,ดินร่วนปนทรายปนกรวด,"กรมพัฒนาที่ดิน · ปีผลิต 2561 · มาตราส่วนต้นฉบับ 1:25,000",ลดรายละเอียดเส้น 50 เมตรเพื่อแสดงผล; ไม่ใช้ระบุแนวเขตแปลง
53,อุตรดิตถ์,Le,ลับแล,อ.ลับแล,ปานกลาง,กรดจัดมากถึงกรดปานกลาง,ดินร่วนปนทรายแป้ง,"กรมพัฒนาที่ดิน · ปีผลิต 2561 · มาตราส่วนต้นฉบับ 1:25,000",ลดรายละเอียดเส้น 50 เมตรเพื่อแสดงผล; ไม่ใช้ระบุแนวเขตแปลง
53,อุตรดิตถ์,Li,ลี้,อ.ลับแล,ปานกลาง,กรดจัดถึงเป็นกลาง,ดินร่วนเหนียวปนกรวด,"กรมพัฒนาที่ดิน · ปีผลิต 2561 · มาตราส่วนต้นฉบับ 1:25,000",ลดรายละเอียดเส้น 50 เมตรเพื่อแสดงผล; ไม่ใช้ระบุแนวเขตแปลง
53,อุตรดิตถ์,Lp,ลำปาง,อ.ลับแล,ต่ำ,กรดจัดถึงกรดเล็กน้อย,ดินร่วนปนทรายแป้ง,"กรมพัฒนาที่ดิน · ปีผลิต 2561 · มาตราส่วนต้นฉบับ 1:25,000",ลดรายละเอียดเส้น 50 เมตรเพื่อแสดงผล; ไม่ใช้ระบุแนวเขตแปลง
53,อุตรดิตถ์,Ly,ลาดหญ้า,อ.ลับแล,ต่ำ,กรดจัดมากถึงกรดปานกลาง,ดินร่วนปนทราย,"กรมพัฒนาที่ดิน · ปีผลิต 2561 · มาตราส่วนต้นฉบับ 1:25,000",ลดรายละเอียดเส้น 50 เมตรเพื่อแสดงผล; ไม่ใช้ระบุแนวเขตแปลง
53,อุตรดิตถ์,Ml,มวกเหล็ก,อ.ลับแล,ปานกลาง,กรดจัดถึงเป็นกลาง,ดินร่วนเหนียวปนกรวด,"กรมพัฒนาที่ดิน · ปีผลิต 2561 · มาตราส่วนต้นฉบับ 1:25,000",ลดรายละเอียดเส้น 50 เมตรเพื่อแสดงผล; ไม่ใช้ระบุแนวเขตแปลง
53,อุตรดิตถ์,Mr,แม่ริม,อ.ลับแล,ต่ำ,กรดจัดมากถึงกรดเล็กน้อย,ดินร่วนปนทราย,"กรมพัฒนาที่ดิน · ปีผลิต 2561 · มาตราส่วนต้นฉบับ 1:25,000",ลดรายละเอียดเส้น 50 เมตรเพื่อแสดงผล; ไม่ใช้ระบุแนวเขตแปลง
53,อุตรดิตถ์,Ms,แม่สาย,อ.ลับแล,ปานกลาง,กรดจัดถึงกรดเล็กน้อย,ดินร่วนปนทรายแป้ง,"กรมพัฒนาที่ดิน · ปีผลิต 2561 · มาตราส่วนต้นฉบับ 1:25,000",ลดรายละเอียดเส้น 50 เมตรเพื่อแสดงผล; ไม่ใช้ระบุแนวเขตแปลง
53,อุตรดิตถ์,Ms,แม่สาย,อ.ลับแล,ปานกลาง,กรดจัดถึงกรดเล็กน้อย,ดินร่วนเหนียวปนทรายแป้ง,"กรมพัฒนาที่ดิน · ปีผลิต 2561 · มาตราส่วนต้นฉบับ 1:25,000",ลดรายละเอียดเส้น 50 เมตรเพื่อแสดงผล; ไม่ใช้ระบุแนวเขตแปลง
53,อุตรดิตถ์,Mt,แม่แตง,อ.ลับแล,ต่ำ,กรดจัดถึงกรดเล็กน้อย,ดินร่วนปนทราย,"กรมพัฒนาที่ดิน · ปีผลิต 2561 · มาตราส่วนต้นฉบับ 1:25,000",ลดรายละเอียดเส้น 50 เมตรเพื่อแสดงผล; ไม่ใช้ระบุแนวเขตแปลง
53,อุตรดิตถ์,Na,น่าน,อ.ลับแล,ปานกลาง,กรดปานกลางถึงเป็นกลาง,ดินร่วนเหนียวปนทรายแป้ง,"กรมพัฒนาที่ดิน · ปีผลิต 2561 · มาตราส่วนต้นฉบับ 1:25,000",ลดรายละเอียดเส้น 50 เมตรเพื่อแสดงผล; ไม่ใช้ระบุแนวเขตแปลง
53,อุตรดิตถ์,Ph,พาน,อ.ลับแล,ต่ำ,กรดจัดถึงกรดเล็กน้อย,ดินร่วนเหนียวปนทรายแป้ง,"กรมพัฒนาที่ดิน · ปีผลิต 2561 · มาตราส่วนต้นฉบับ 1:25,000",ลดรายละเอียดเส้น 50 เมตรเพื่อแสดงผล; ไม่ใช้ระบุแนวเขตแปลง
53,อุตรดิตถ์,Sai,สันทราย,อ.ลับแล,ต่ำ,กรดจัดมากถุงเป็นกลาง,ดินร่วนปนทราย,"กรมพัฒนาที่ดิน · ปีผลิต 2561 · มาตราส่วนต้นฉบับ 1:25,000",ลดรายละเอียดเส้น 50 เมตรเพื่อแสดงผล; ไม่ใช้ระบุแนวเขตแปลง
53,อุตรดิตถ์,SC,พื้นที่ลาดชันเชิงซ้อน,อ.ลับแล,-,,,"กรมพัฒนาที่ดิน · ปีผลิต 2561 · มาตราส่วนต้นฉบับ 1:25,000",ลดรายละเอียดเส้น 50 เมตรเพื่อแสดงผล; ไม่ใช้ระบุแนวเขตแปลง
53,อุตรดิตถ์,Sir,ศรีสัชนาลัย,อ.ลับแล,ปานกลาง,กรดปานกลางถึงเป็นกลาง,ดินร่วนปนทราย,"กรมพัฒนาที่ดิน · ปีผลิต 2561 · มาตราส่วนต้นฉบับ 1:25,000",ลดรายละเอียดเส้น 50 เมตรเพื่อแสดงผล; ไม่ใช้ระบุแนวเขตแปลง
53,อุตรดิตถ์,Skt,สุโขทัย,อ.ลับแล,ต่ำ,กรดจัดมากถึงกรดเล็กน้อย,ดินร่วนเหนียวปนทรายแป้ง,"กรมพัฒนาที่ดิน · ปีผลิต 2561 · มาตราส่วนต้นฉบับ 1:25,000",ลดรายละเอียดเส้น 50 เมตรเพื่อแสดงผล; ไม่ใช้ระบุแนวเขตแปลง
53,อุตรดิตถ์,Tph,ตะพานหิน,อ.ลับแล,ปานกลาง,กรดปานกลางถึงเป็นกลาง,ดินร่วนปนทรายแป้ง,"กรมพัฒนาที่ดิน · ปีผลิต 2561 · มาตราส่วนต้นฉบับ 1:25,000",ลดรายละเอียดเส้น 50 เมตรเพื่อแสดงผล; ไม่ใช้ระบุแนวเขตแปลง
53,อุตรดิตถ์,Ty,ท่ายาง,อ.ลับแล,ปานกลาง,กรดจัดถึงกรดเล็กน้อย,ดินร่วนเหนียวปนกรวด,"กรมพัฒนาที่ดิน · ปีผลิต 2561 · มาตราส่วนต้นฉบับ 1:25,000",ลดรายละเอียดเส้น 50 เมตรเพื่อแสดงผล; ไม่ใช้ระบุแนวเขตแปลง
53,อุตรดิตถ์,Ty,ท่ายาง,อ.ลับแล,ปานกลาง,กรดจัดถึงกรดเล็กน้อย,ดินร่วนปนทรายปนกรวด,"กรมพัฒนาที่ดิน · ปีผลิต 2561 · มาตราส่วนต้นฉบับ 1:25,000",ลดรายละเอียดเส้น 50 เมตรเพื่อแสดงผล; ไม่ใช้ระบุแนวเขตแปลง
53,อุตรดิตถ์,Utt,อุตรดิตถ์,อ.ลับแล,ปานกลาง,กรดจัดถึงกรดเล็กน้อย,ดินร่วนเหนียวปนทรายแป้ง,"กรมพัฒนาที่ดิน · ปีผลิต 2561 · มาตราส่วนต้นฉบับ 1:25,000",ลดรายละเอียดเส้น 50 เมตรเพื่อแสดงผล; ไม่ใช้ระบุแนวเขตแปลง
53,อุตรดิตถ์,W,พื้นที่น้ำ,อ.ลับแล,-,,,"กรมพัฒนาที่ดิน · ปีผลิต 2561 · มาตราส่วนต้นฉบับ 1:25,000",ลดรายละเอียดเส้น 50 เมตรเพื่อแสดงผล; ไม่ใช้ระบุแนวเขตแปลง
53,อุตรดิตถ์,Ws,วังสะพุง,อ.ลับแล,ปานกลาง,กรดปานกลางถึงเป็นกลาง,ดินร่วนปนดินเหนียว,"กรมพัฒนาที่ดิน · ปีผลิต 2561 · มาตราส่วนต้นฉบับ 1:25,000",ลดรายละเอียดเส้น 50 เมตรเพื่อแสดงผล; ไม่ใช้ระบุแนวเขตแปลง
53,อุตรดิตถ์,Cm,เชียงใหม่,อ.ตรอน,ปานกลาง,กรดจัดมากถุงเป็นกลาง,ดินทรายปนดินร่วน,"กรมพัฒนาที่ดิน · ปีผลิต 2561 · มาตราส่วนต้นฉบับ 1:25,000",ลดรายละเอียดเส้น 50 เมตรเพื่อแสดงผล; ไม่ใช้ระบุแนวเขตแปลง
53,อุตรดิตถ์,Ds,ด่านซ้าย,อ.ตรอน,ต่ำ,กรดจัดมากถึงกรดจัด,ดินร่วนปนทราย,"กรมพัฒนาที่ดิน · ปีผลิต 2561 · มาตราส่วนต้นฉบับ 1:25,000",ลดรายละเอียดเส้น 50 เมตรเพื่อแสดงผล; ไม่ใช้ระบุแนวเขตแปลง
53,อุตรดิตถ์,Ds,ด่านซ้าย,อ.ตรอน,ต่ำ,กรดจัดมากถึงกรดเล็กน้อย,ดินร่วนปนทราย,"กรมพัฒนาที่ดิน · ปีผลิต 2561 · มาตราส่วนต้นฉบับ 1:25,000",ลดรายละเอียดเส้น 50 เมตรเพื่อแสดงผล; ไม่ใช้ระบุแนวเขตแปลง
53,อุตรดิตถ์,Hd,หางดง,อ.ตรอน,ปานกลาง,กรดจัดถึงเป็นกลาง,ดินเหนียวปนทรายแป้ง,"กรมพัฒนาที่ดิน · ปีผลิต 2561 · มาตราส่วนต้นฉบับ 1:25,000",ลดรายละเอียดเส้น 50 เมตรเพื่อแสดงผล; ไม่ใช้ระบุแนวเขตแปลง
53,อุตรดิตถ์,Hd,หางดง,อ.ตรอน,ปานกลาง,กรดจัดถึงเป็นกลาง,ดินร่วนเหนียวปนทรายแป้ง,"กรมพัฒนาที่ดิน · ปีผลิต 2561 · มาตราส่วนต้นฉบับ 1:25,000",ลดรายละเอียดเส้น 50 เมตรเพื่อแสดงผล; ไม่ใช้ระบุแนวเขตแปลง
53,อุตรดิตถ์,Kb,กบินทร์บุรี,อ.ตรอน,ต่ำ,กรดจัดถึงเป็นกลาง,ดินร่วนปนกรวด,"กรมพัฒนาที่ดิน · ปีผลิต 2561 · มาตราส่วนต้นฉบับ 1:25,000",ลดรายละเอียดเส้น 50 เมตรเพื่อแสดงผล; ไม่ใช้ระบุแนวเขตแปลง
53,อุตรดิตถ์,Kb,กบินทร์บุรี,อ.ตรอน,ปานกลาง,กรดจัดถึงเป็นกลาง,ดินร่วนปนทรายปนกรวด,"กรมพัฒนาที่ดิน · ปีผลิต 2561 · มาตราส่วนต้นฉบับ 1:25,000",ลดรายละเอียดเส้น 50 เมตรเพื่อแสดงผล; ไม่ใช้ระบุแนวเขตแปลง
53,อุตรดิตถ์,Kp,กำแพงเพชร,อ.ตรอน,ปานกลาง,กรดจัดถึงกรดเล็กน้อย,ดินร่วนเหนียวปนทรายแป้ง,"กรมพัฒนาที่ดิน · ปีผลิต 2561 · มาตราส่วนต้นฉบับ 1:25,000",ลดรายละเอียดเส้น 50 เมตรเพื่อแสดงผล; ไม่ใช้ระบุแนวเขตแปลง
53,อุตรดิตถ์,Kp,กำแพงเพชร,อ.ตรอน,ปานกลาง,กรดจัดถึงกรดเล็กน้อย,ดินร่วนปนทรายแป้ง,"กรมพัฒนาที่ดิน · ปีผลิต 2561 · มาตราส่วนต้นฉบับ 1:25,000",ลดรายละเอียดเส้น 50 เมตรเพื่อแสดงผล; ไม่ใช้ระบุแนวเขตแปลง
53,อุตรดิตถ์,Ly,ลาดหญ้า,อ.ตรอน,ต่ำ,กรดจัดมากถึงกรดปานกลาง,ดินร่วนปนทราย,"กรมพัฒนาที่ดิน · ปีผลิต 2561 · มาตราส่วนต้นฉบับ 1:25,000",ลดรายละเอียดเส้น 50 เมตรเพื่อแสดงผล; ไม่ใช้ระบุแนวเขตแปลง
53,อุตรดิตถ์,Mr,แม่ริม,อ.ตรอน,ต่ำ,กรดจัดมากถึงกรดเล็กน้อย,ดินร่วนปนทราย,"กรมพัฒนาที่ดิน · ปีผลิต 2561 · มาตราส่วนต้นฉบับ 1:25,000",ลดรายละเอียดเส้น 50 เมตรเพื่อแสดงผล; ไม่ใช้ระบุแนวเขตแปลง
53,อุตรดิตถ์,Ms,แม่สาย,อ.ตรอน,ปานกลาง,กรดจัดถึงกรดเล็กน้อย,ดินร่วนปนทรายแป้ง,"กรมพัฒนาที่ดิน · ปีผลิต 2561 · มาตราส่วนต้นฉบับ 1:25,000",ลดรายละเอียดเส้น 50 เมตรเพื่อแสดงผล; ไม่ใช้ระบุแนวเขตแปลง
53,อุตรดิตถ์,Na,น่าน,อ.ตรอน,ปานกลาง,กรดปานกลางถึงเป็นกลาง,ดินร่วนปนทรายแป้ง,"กรมพัฒนาที่ดิน · ปีผลิต 2561 · มาตราส่วนต้นฉบับ 1:25,000",ลดรายละเอียดเส้น 50 เมตรเพื่อแสดงผล; ไม่ใช้ระบุแนวเขตแปลง
53,อุตรดิตถ์,Na,น่าน,อ.ตรอน,ปานกลาง,กรดปานกลางถึงเป็นกลาง,ดินร่วนเหนียวปนทรายแป้ง,"กรมพัฒนาที่ดิน · ปีผลิต 2561 · มาตราส่วนต้นฉบับ 1:25,000",ลดรายละเอียดเส้น 50 เมตรเพื่อแสดงผล; ไม่ใช้ระบุแนวเขตแปลง
53,อุตรดิตถ์,Pae,แพร่,อ.ตรอน,ต่ำ,กรดจัดมากถึงกรดเล็กน้อย,ดินร่วนปนทราย,"กรมพัฒนาที่ดิน · ปีผลิต 2561 · มาตราส่วนต้นฉบับ 1:25,000",ลดรายละเอียดเส้น 50 เมตรเพื่อแสดงผล; ไม่ใช้ระบุแนวเขตแปลง
53,อุตรดิตถ์,Ph,พาน,อ.ตรอน,ต่ำ,กรดจัดถึงกรดเล็กน้อย,ดินร่วนเหนียวปนทรายแป้ง,"กรมพัฒนาที่ดิน · ปีผลิต 2561 · มาตราส่วนต้นฉบับ 1:25,000",ลดรายละเอียดเส้น 50 เมตรเพื่อแสดงผล; ไม่ใช้ระบุแนวเขตแปลง
53,อุตรดิตถ์,Png,โพนงาม,อ.ตรอน,ต่ำ,กรดจัดถึงกรดเล็กน้อย,ดินร่วนปนทรายปนกรวด,"กรมพัฒนาที่ดิน · ปีผลิต 2561 · มาตราส่วนต้นฉบับ 1:25,000",ลดรายละเอียดเส้น 50 เมตรเพื่อแสดงผล; ไม่ใช้ระบุแนวเขตแปลง
53,อุตรดิตถ์,Png,โพนงาม,อ.ตรอน,ต่ำ,กรดจัดถึงกรดเล็กน้อย,ดินร่วนปนทราย,"กรมพัฒนาที่ดิน · ปีผลิต 2561 · มาตราส่วนต้นฉบับ 1:25,000",ลดรายละเอียดเส้น 50 เมตรเพื่อแสดงผล; ไม่ใช้ระบุแนวเขตแปลง
53,อุตรดิตถ์,Sai,สันทราย,อ.ตรอน,ต่ำ,กรดจัดมากถุงเป็นกลาง,ดินร่วนปนทราย,"กรมพัฒนาที่ดิน · ปีผลิต 2561 · มาตราส่วนต้นฉบับ 1:25,000",ลดรายละเอียดเส้น 50 เมตรเพื่อแสดงผล; ไม่ใช้ระบุแนวเขตแปลง
53,อุตรดิตถ์,SC,พื้นที่ลาดชันเชิงซ้อน,อ.ตรอน,-,,,"กรมพัฒนาที่ดิน · ปีผลิต 2561 · มาตราส่วนต้นฉบับ 1:25,000",ลดรายละเอียดเส้น 50 เมตรเพื่อแสดงผล; ไม่ใช้ระบุแนวเขตแปลง
53,อุตรดิตถ์,Skt,สุโขทัย,อ.ตรอน,ต่ำ,กรดจัดมากถึงกรดเล็กน้อย,ดินร่วนเหนียวปนทรายแป้ง,"กรมพัฒนาที่ดิน · ปีผลิต 2561 · มาตราส่วนต้นฉบับ 1:25,000",ลดรายละเอียดเส้น 50 เมตรเพื่อแสดงผล; ไม่ใช้ระบุแนวเขตแปลง
53,อุตรดิตถ์,Sp,สันป่าตอง,อ.ตรอน,ต่ำ,กรดจัดถึงกรดเล็กน้อย,ดินร่วนปนทราย,"กรมพัฒนาที่ดิน · ปีผลิต 2561 · มาตราส่วนต้นฉบับ 1:25,000",ลดรายละเอียดเส้น 50 เมตรเพื่อแสดงผล; ไม่ใช้ระบุแนวเขตแปลง
53,อุตรดิตถ์,Sp,สันป่าตอง,อ.ตรอน,ต่ำ,กรดจัดถึงกรดเล็กน้อย,ดินทรายปนดินร่วน,"กรมพัฒนาที่ดิน · ปีผลิต 2561 · มาตราส่วนต้นฉบับ 1:25,000",ลดรายละเอียดเส้น 50 เมตรเพื่อแสดงผล; ไม่ใช้ระบุแนวเขตแปลง
53,อุตรดิตถ์,Tph,ตะพานหิน,อ.ตรอน,ปานกลาง,กรดปานกลางถึงเป็นกลาง,ดินร่วนปนทรายแป้ง,"กรมพัฒนาที่ดิน · ปีผลิต 2561 · มาตราส่วนต้นฉบับ 1:25,000",ลดรายละเอียดเส้น 50 เมตรเพื่อแสดงผล; ไม่ใช้ระบุแนวเขตแปลง
53,อุตรดิตถ์,Tph,ตะพานหิน,อ.ตรอน,ปานกลาง,กรดปานกลางถึงเป็นกลาง,ดินร่วนปนทราย,"กรมพัฒนาที่ดิน · ปีผลิต 2561 · มาตราส่วนต้นฉบับ 1:25,000",ลดรายละเอียดเส้น 50 เมตรเพื่อแสดงผล; ไม่ใช้ระบุแนวเขตแปลง
53,อุตรดิตถ์,Ty,ท่ายาง,อ.ตรอน,ปานกลาง,กรดจัดถึงกรดเล็กน้อย,ดินร่วนเหนียวปนกรวด,"กรมพัฒนาที่ดิน · ปีผลิต 2561 · มาตราส่วนต้นฉบับ 1:25,000",ลดรายละเอียดเส้น 50 เมตรเพื่อแสดงผล; ไม่ใช้ระบุแนวเขตแปลง
53,อุตรดิตถ์,Utt,อุตรดิตถ์,อ.ตรอน,ปานกลาง,กรดจัดถึงกรดเล็กน้อย,ดินร่วนเหนียวปนทรายแป้ง,"กรมพัฒนาที่ดิน · ปีผลิต 2561 · มาตราส่วนต้นฉบับ 1:25,000",ลดรายละเอียดเส้น 50 เมตรเพื่อแสดงผล; ไม่ใช้ระบุแนวเขตแปลง
53,อุตรดิตถ์,W,พื้นที่น้ำ,อ.ตรอน,-,,,"กรมพัฒนาที่ดิน · ปีผลิต 2561 · มาตราส่วนต้นฉบับ 1:25,000",ลดรายละเอียดเส้น 50 เมตรเพื่อแสดงผล; ไม่ใช้ระบุแนวเขตแปลง
53,อุตรดิตถ์,Wk,วังน้ำเขียว,อ.ตรอน,ต่ำ,กรดจัดมากถึงกรดจัด,ดินร่วนปนทราย,"กรมพัฒนาที่ดิน · ปีผลิต 2561 · มาตราส่วนต้นฉบับ 1:25,000",ลดรายละเอียดเส้น 50 เมตรเพื่อแสดงผล; ไม่ใช้ระบุแนวเขตแปลง
53,อุตรดิตถ์,Cm,เชียงใหม่,อ.ตรอน,ปานกลาง,กรดจัดถึงกรดเล็กน้อย,ดินร่วนปนทราย,"กรมพัฒนาที่ดิน · ปีผลิต 2561 · มาตราส่วนต้นฉบับ 1:25,000",ลดรายละเอียดเส้น 50 เมตรเพื่อแสดงผล; ไม่ใช้ระบุแนวเขตแปลง
84,สุราษฎร์ธานี,AC,ตะกอนน้ำพาเชิงซ้อน,อ.เกาะพะงัน,ปานกลาง,กรดจัดมากถึงกรดเล็กน้อย,ดินร่วนปนทราย,"กรมพัฒนาที่ดิน · ปีผลิต 2561 · มาตราส่วนต้นฉบับ 1:25,000",ลดรายละเอียดเส้น 50 เมตรเพื่อแสดงผล; ไม่ใช้ระบุแนวเขตแปลง
84,สุราษฎร์ธานี,Hh,หัวหิน,อ.เกาะพะงัน,ต่ำ,กรดปานกลางถึงด่างปานกลาง,ดินทรายปนดินร่วน,"กรมพัฒนาที่ดิน · ปีผลิต 2561 · มาตราส่วนต้นฉบับ 1:25,000",ลดรายละเอียดเส้น 50 เมตรเพื่อแสดงผล; ไม่ใช้ระบุแนวเขตแปลง
84,สุราษฎร์ธานี,I,เกาะ,อ.เกาะพะงัน,-,,,"กรมพัฒนาที่ดิน · ปีผลิต 2561 · มาตราส่วนต้นฉบับ 1:25,000",ลดรายละเอียดเส้น 50 เมตรเพื่อแสดงผล; ไม่ใช้ระบุแนวเขตแปลง
84,สุราษฎร์ธานี,Knk,คลองนกกระทุง,อ.เกาะพะงัน,ต่ำ,กรดจัดมากถึงกรดจัด,ดินร่วนปนทราย,"กรมพัฒนาที่ดิน · ปีผลิต 2561 · มาตราส่วนต้นฉบับ 1:25,000",ลดรายละเอียดเส้น 50 เมตรเพื่อแสดงผล; ไม่ใช้ระบุแนวเขตแปลง
84,สุราษฎร์ธานี,SC,ที่ลาดชันเชิงซ้อน,อ.เกาะพะงัน,-,,,"กรมพัฒนาที่ดิน · ปีผลิต 2561 · มาตราส่วนต้นฉบับ 1:25,000",ลดรายละเอียดเส้น 50 เมตรเพื่อแสดงผล; ไม่ใช้ระบุแนวเขตแปลง
84,สุราษฎร์ธานี,Tg,ทุ่งหว้า,อ.เกาะพะงัน,ต่ำ,กรดจัดมาก,ดินร่วนปนทราย,"กรมพัฒนาที่ดิน · ปีผลิต 2561 · มาตราส่วนต้นฉบับ 1:25,000",ลดรายละเอียดเส้น 50 เมตรเพื่อแสดงผล; ไม่ใช้ระบุแนวเขตแปลง
84,สุราษฎร์ธานี,Tg,ทุ่งหว้า,อ.เกาะพะงัน,ต่ำ,กรดจัดถึงกรดเล็กน้อย,ดินร่วนปนทราย,"กรมพัฒนาที่ดิน · ปีผลิต 2561 · มาตราส่วนต้นฉบับ 1:25,000",ลดรายละเอียดเส้น 50 เมตรเพื่อแสดงผล; ไม่ใช้ระบุแนวเขตแปลง
84,สุราษฎร์ธานี,Tg,ทุ่งหว้า,อ.เกาะพะงัน,ต่ำ,กรดจัดมากถึงกรดจัด,ดินร่วนปนทราย,"กรมพัฒนาที่ดิน · ปีผลิต 2561 · มาตราส่วนต้นฉบับ 1:25,000",ลดรายละเอียดเส้น 50 เมตรเพื่อแสดงผล; ไม่ใช้ระบุแนวเขตแปลง
84,สุราษฎร์ธานี,I,เกาะ,อ.เกาะสมุย,-,,,"กรมพัฒนาที่ดิน · ปีผลิต 2561 · มาตราส่วนต้นฉบับ 1:25,000",ลดรายละเอียดเส้น 50 เมตรเพื่อแสดงผล; ไม่ใช้ระบุแนวเขตแปลง
84,สุราษฎร์ธานี,Hh,หัวหิน,อ.เกาะสมุย,ต่ำ,กรดปานกลางถึงด่างปานกลาง,ดินทรายปนดินร่วน,"กรมพัฒนาที่ดิน · ปีผลิต 2561 · มาตราส่วนต้นฉบับ 1:25,000",ลดรายละเอียดเส้น 50 เมตรเพื่อแสดงผล; ไม่ใช้ระบุแนวเขตแปลง
84,สุราษฎร์ธานี,Knk,คลองนกกระทุง,อ.เกาะสมุย,ต่ำ,กรดจัดมากถึงกรดจัด,ดินร่วนปนทราย,"กรมพัฒนาที่ดิน · ปีผลิต 2561 · มาตราส่วนต้นฉบับ 1:25,000",ลดรายละเอียดเส้น 50 เมตรเพื่อแสดงผล; ไม่ใช้ระบุแนวเขตแปลง
84,สุราษฎร์ธานี,Ko,โคกเคียน,อ.เกาะสมุย,ต่ำ,กรดจัดมากถึงกรดปานกลาง,ดินร่วนเหนียวปนทราย,"กรมพัฒนาที่ดิน · ปีผลิต 2561 · มาตราส่วนต้นฉบับ 1:25,000",ลดรายละเอียดเส้น 50 เมตรเพื่อแสดงผล; ไม่ใช้ระบุแนวเขตแปลง
84,สุราษฎร์ธานี,ML,ที่ดินดัดแปลง,อ.เกาะสมุย,-,,,"กรมพัฒนาที่ดิน · ปีผลิต 2561 · มาตราส่วนต้นฉบับ 1:25,000",ลดรายละเอียดเส้น 50 เมตรเพื่อแสดงผล; ไม่ใช้ระบุแนวเขตแปลง
84,สุราษฎร์ธานี,SC,ที่ลาดชันเชิงซ้อน,อ.เกาะสมุย,-,,,"กรมพัฒนาที่ดิน · ปีผลิต 2561 · มาตราส่วนต้นฉบับ 1:25,000",ลดรายละเอียดเส้น 50 เมตรเพื่อแสดงผล; ไม่ใช้ระบุแนวเขตแปลง
84,สุราษฎร์ธานี,Tg,ทุ่งหว้า,อ.เกาะสมุย,ต่ำ,กรดจัดมาก,ดินร่วนปนทราย,"กรมพัฒนาที่ดิน · ปีผลิต 2561 · มาตราส่วนต้นฉบับ 1:25,000",ลดรายละเอียดเส้น 50 เมตรเพื่อแสดงผล; ไม่ใช้ระบุแนวเขตแปลง
84,สุราษฎร์ธานี,Tg,ทุ่งหว้า,อ.เกาะสมุย,ต่ำ,กรดจัดมากถึงกรดจัด,ดินทรายปนดินร่วน,"กรมพัฒนาที่ดิน · ปีผลิต 2561 · มาตราส่วนต้นฉบับ 1:25,000",ลดรายละเอียดเส้น 50 เมตรเพื่อแสดงผล; ไม่ใช้ระบุแนวเขตแปลง
84,สุราษฎร์ธานี,Tg,ทุ่งหว้า,อ.เกาะสมุย,ต่ำ,กรดจัดมากถึงกรดจัด,ดินร่วนปนทราย,"กรมพัฒนาที่ดิน · ปีผลิต 2561 · มาตราส่วนต้นฉบับ 1:25,000",ลดรายละเอียดเส้น 50 เมตรเพื่อแสดงผล; ไม่ใช้ระบุแนวเขตแปลง
84,สุราษฎร์ธานี,Tg,ทุ่งหว้า,อ.เกาะสมุย,ต่ำ,กรดจัดถึงกรดเล็กน้อย,ดินร่วนปนทราย,"กรมพัฒนาที่ดิน · ปีผลิต 2561 · มาตราส่วนต้นฉบับ 1:25,000",ลดรายละเอียดเส้น 50 เมตรเพื่อแสดงผล; ไม่ใช้ระบุแนวเขตแปลง
84,สุราษฎร์ธานี,W,พื้นที่น้ำ,อ.เกาะสมุย,-,,,"กรมพัฒนาที่ดิน · ปีผลิต 2561 · มาตราส่วนต้นฉบับ 1:25,000",ลดรายละเอียดเส้น 50 เมตรเพื่อแสดงผล; ไม่ใช้ระบุแนวเขตแปลง
84,สุราษฎร์ธานี,AC,ตะกอนน้ำพาเชิงซ้อน,อ.คีรีรัฐนิคม,ปานกลาง,กรดจัดมากถึงกรดเล็กน้อย,ดินร่วนปนทราย,"กรมพัฒนาที่ดิน · ปีผลิต 2561 · มาตราส่วนต้นฉบับ 1:25,000",ลดรายละเอียดเส้น 50 เมตรเพื่อแสดงผล; ไม่ใช้ระบุแนวเขตแปลง
84,สุราษฎร์ธานี,Ak,ชุดดินอ่าวลึก,อ.คีรีรัฐนิคม,ต่ำ,กรดจัดมากถึงกรดเล็กน้อย,ดินเหนียว,"กรมพัฒนาที่ดิน · ปีผลิต 2561 · มาตราส่วนต้นฉบับ 1:25,000",ลดรายละเอียดเส้น 50 เมตรเพื่อแสดงผล; ไม่ใช้ระบุแนวเขตแปลง
84,สุราษฎร์ธานี,Ba,ชุดดินบางนารา,อ.คีรีรัฐนิคม,ต่ำ,กรดจัดถึงกรดเล็กน้อย,ดินร่วนเหนียวปนทรายแป้ง,"กรมพัฒนาที่ดิน · ปีผลิต 2561 · มาตราส่วนต้นฉบับ 1:25,000",ลดรายละเอียดเส้น 50 เมตรเพื่อแสดงผล; ไม่ใช้ระบุแนวเขตแปลง
84,สุราษฎร์ธานี,Bu,สายบุรี,อ.คีรีรัฐนิคม,ต่ำ,กรดจัดมากถึงกรดปานกลาง,ดินร่วนปนทรายแป้ง,"กรมพัฒนาที่ดิน · ปีผลิต 2561 · มาตราส่วนต้นฉบับ 1:25,000",ลดรายละเอียดเส้น 50 เมตรเพื่อแสดงผล; ไม่ใช้ระบุแนวเขตแปลง
84,สุราษฎร์ธานี,Chl,ฉลอง,อ.คีรีรัฐนิคม,ต่ำ,กรดจัดมากถึงกรดจัด,ดินร่วนปนทราย,"กรมพัฒนาที่ดิน · ปีผลิต 2561 · มาตราส่วนต้นฉบับ 1:25,000",ลดรายละเอียดเส้น 50 เมตรเพื่อแสดงผล; ไม่ใช้ระบุแนวเขตแปลง
84,สุราษฎร์ธานี,Cp,ชุมพร,อ.คีรีรัฐนิคม,ต่ำ,กรดจัดมากถึงกรดปานกลาง,ดินร่วนปนทราย,"กรมพัฒนาที่ดิน · ปีผลิต 2561 · มาตราส่วนต้นฉบับ 1:25,000",ลดรายละเอียดเส้น 50 เมตรเพื่อแสดงผล; ไม่ใช้ระบุแนวเขตแปลง
84,สุราษฎร์ธานี,Fd,ฝั่งแดง,อ.คีรีรัฐนิคม,ต่ำ,กรดจัดมากถึงกรดจัด,ดินร่วนปนทราย,"กรมพัฒนาที่ดิน · ปีผลิต 2561 · มาตราส่วนต้นฉบับ 1:25,000",ลดรายละเอียดเส้น 50 เมตรเพื่อแสดงผล; ไม่ใช้ระบุแนวเขตแปลง
84,สุราษฎร์ธานี,Ho,ห้วยยอด,อ.คีรีรัฐนิคม,ต่ำ,กรดจัดมาก,ดินร่วนเหนียวปนกรวด,"กรมพัฒนาที่ดิน · ปีผลิต 2561 · มาตราส่วนต้นฉบับ 1:25,000",ลดรายละเอียดเส้น 50 เมตรเพื่อแสดงผล; ไม่ใช้ระบุแนวเขตแปลง
84,สุราษฎร์ธานี,Kbi,กระบี่,อ.คีรีรัฐนิคม,ปานกลาง,กรดจัดมากถึงกรดเล็กน้อย,ดินร่วนปนดินเหนียว,"กรมพัฒนาที่ดิน · ปีผลิต 2561 · มาตราส่วนต้นฉบับ 1:25,000",ลดรายละเอียดเส้น 50 เมตรเพื่อแสดงผล; ไม่ใช้ระบุแนวเขตแปลง
84,สุราษฎร์ธานี,Kh,คอหงษ์,อ.คีรีรัฐนิคม,ต่ำ,กรดจัดมาก,ดินร่วนปนทราย,"กรมพัฒนาที่ดิน · ปีผลิต 2561 · มาตราส่วนต้นฉบับ 1:25,000",ลดรายละเอียดเส้น 50 เมตรเพื่อแสดงผล; ไม่ใช้ระบุแนวเขตแปลง
84,สุราษฎร์ธานี,Kkl,ควนกาหลง,อ.คีรีรัฐนิคม,ต่ำ,กรดจัดมากถึงกรดจัด,ดินร่วนปนทราย,"กรมพัฒนาที่ดิน · ปีผลิต 2561 · มาตราส่วนต้นฉบับ 1:25,000",ลดรายละเอียดเส้น 50 เมตรเพื่อแสดงผล; ไม่ใช้ระบุแนวเขตแปลง
84,สุราษฎร์ธานี,Kkt,เขาขาด,อ.คีรีรัฐนิคม,ต่ำ,กรดจัดมากถึงกรดปานกลาง,ดินร่วนปนดินเหนียว,"กรมพัฒนาที่ดิน · ปีผลิต 2561 · มาตราส่วนต้นฉบับ 1:25,000",ลดรายละเอียดเส้น 50 เมตรเพื่อแสดงผล; ไม่ใช้ระบุแนวเขตแปลง
84,สุราษฎร์ธานี,Klt,คลองเต็ง,อ.คีรีรัฐนิคม,ต่ำ,กรดจัดมาก,ดินร่วนปนดินเหนียว,"กรมพัฒนาที่ดิน · ปีผลิต 2561 · มาตราส่วนต้นฉบับ 1:25,000",ลดรายละเอียดเส้น 50 เมตรเพื่อแสดงผล; ไม่ใช้ระบุแนวเขตแปลง
84,สุราษฎร์ธานี,Km,คลองท่อม,อ.คีรีรัฐนิคม,ต่ำ,กรดจัดมากถึงกรดจัด,ดินร่วนปนทราย,"กรมพัฒนาที่ดิน · ปีผลิต 2561 · มาตราส่วนต้นฉบับ 1:25,000",ลดรายละเอียดเส้น 50 เมตรเพื่อแสดงผล; ไม่ใช้ระบุแนวเขตแปลง
84,สุราษฎร์ธานี,Lam,ลำแก่น,อ.คีรีรัฐนิคม,ต่ำ,กรดจัดมากถึงกรดปานกลาง,ดินร่วนปนทรายแป้ง,"กรมพัฒนาที่ดิน · ปีผลิต 2561 · มาตราส่วนต้นฉบับ 1:25,000",ลดรายละเอียดเส้น 50 เมตรเพื่อแสดงผล; ไม่ใช้ระบุแนวเขตแปลง
84,สุราษฎร์ธานี,Lgu,ละงู,อ.คีรีรัฐนิคม,ปานกลาง,กรดจัดถึงกรดเล็กน้อย,ดินร่วนปนดินเหนียว,"กรมพัฒนาที่ดิน · ปีผลิต 2561 · มาตราส่วนต้นฉบับ 1:25,000",ลดรายละเอียดเส้น 50 เมตรเพื่อแสดงผล; ไม่ใช้ระบุแนวเขตแปลง
84,สุราษฎร์ธานี,Ll,ลำภูรา,อ.คีรีรัฐนิคม,ปานกลาง,กรดจัดมากถึงกรดเล็กน้อย,ดินร่วนปนดินเหนียว,"กรมพัฒนาที่ดิน · ปีผลิต 2561 · มาตราส่วนต้นฉบับ 1:25,000",ลดรายละเอียดเส้น 50 เมตรเพื่อแสดงผล; ไม่ใช้ระบุแนวเขตแปลง
84,สุราษฎร์ธานี,MARSH,พื้นที่ลุ่มชื้นแฉะ,อ.คีรีรัฐนิคม,-,,,"กรมพัฒนาที่ดิน · ปีผลิต 2561 · มาตราส่วนต้นฉบับ 1:25,000",ลดรายละเอียดเส้น 50 เมตรเพื่อแสดงผล; ไม่ใช้ระบุแนวเขตแปลง
84,สุราษฎร์ธานี,Nat,นาทวี,อ.คีรีรัฐนิคม,ต่ำ,กรดจัดมาก,ดินร่วนปนทราย,"กรมพัฒนาที่ดิน · ปีผลิต 2561 · มาตราส่วนต้นฉบับ 1:25,000",ลดรายละเอียดเส้น 50 เมตรเพื่อแสดงผล; ไม่ใช้ระบุแนวเขตแปลง
84,สุราษฎร์ธานี,Ntm,นาท่าม,อ.คีรีรัฐนิคม,ต่ำ,กรดจัดมากถึงกรดจัด,ดินร่วนปนทราย,"กรมพัฒนาที่ดิน · ปีผลิต 2561 · มาตราส่วนต้นฉบับ 1:25,000",ลดรายละเอียดเส้น 50 เมตรเพื่อแสดงผล; ไม่ใช้ระบุแนวเขตแปลง
84,สุราษฎร์ธานี,Ntn,นาทอน,อ.คีรีรัฐนิคม,ต่ำ,กรดจัดมากถึงกรดจัด,ดินร่วนปนดินเหนียว,"กรมพัฒนาที่ดิน · ปีผลิต 2561 · มาตราส่วนต้นฉบับ 1:25,000",ลดรายละเอียดเส้น 50 เมตรเพื่อแสดงผล; ไม่ใช้ระบุแนวเขตแปลง
84,สุราษฎร์ธานี,Pac,ปากจั่น,อ.คีรีรัฐนิคม,ปานกลาง,กรดปานกลางถึงเป็นกลาง,ดินร่วนปนดินเหนียว,"กรมพัฒนาที่ดิน · ปีผลิต 2561 · มาตราส่วนต้นฉบับ 1:25,000",ลดรายละเอียดเส้น 50 เมตรเพื่อแสดงผล; ไม่ใช้ระบุแนวเขตแปลง
84,สุราษฎร์ธานี,Pad,ปาดังเบซาร์,อ.คีรีรัฐนิคม,ต่ำ,กรดจัดมากถึงกรดจัด,ดินร่วนปนทราย,"กรมพัฒนาที่ดิน · ปีผลิต 2561 · มาตราส่วนต้นฉบับ 1:25,000",ลดรายละเอียดเส้น 50 เมตรเพื่อแสดงผล; ไม่ใช้ระบุแนวเขตแปลง
84,สุราษฎร์ธานี,Pkm,ปากคม,อ.คีรีรัฐนิคม,ต่ำ,กรดจัดมากถึงกรดจัด,ดินร่วนปนทราย,"กรมพัฒนาที่ดิน · ปีผลิต 2561 · มาตราส่วนต้นฉบับ 1:25,000",ลดรายละเอียดเส้น 50 เมตรเพื่อแสดงผล; ไม่ใช้ระบุแนวเขตแปลง
84,สุราษฎร์ธานี,Ptl,พัทลุง,อ.คีรีรัฐนิคม,ต่ำ,กรดจัดถึงกรดเล็กน้อย,ดินร่วนเหนียวปนทรายแป้ง,"กรมพัฒนาที่ดิน · ปีผลิต 2561 · มาตราส่วนต้นฉบับ 1:25,000",ลดรายละเอียดเส้น 50 เมตรเพื่อแสดงผล; ไม่ใช้ระบุแนวเขตแปลง
84,สุราษฎร์ธานี,Ptl,พัทลุง,อ.คีรีรัฐนิคม,ต่ำ,กรดจัดถึงกรดเล็กน้อย,ดินร่วนปนดินเหนียว,"กรมพัฒนาที่ดิน · ปีผลิต 2561 · มาตราส่วนต้นฉบับ 1:25,000",ลดรายละเอียดเส้น 50 เมตรเพื่อแสดงผล; ไม่ใช้ระบุแนวเขตแปลง
84,สุราษฎร์ธานี,Pto,พะโต๊ะ,อ.คีรีรัฐนิคม,ต่ำ,กรดจัดถึงกรดเล็กน้อย,ดินร่วนปนทราย,"กรมพัฒนาที่ดิน · ปีผลิต 2561 · มาตราส่วนต้นฉบับ 1:25,000",ลดรายละเอียดเส้น 50 เมตรเพื่อแสดงผล; ไม่ใช้ระบุแนวเขตแปลง
84,สุราษฎร์ธานี,Pto,พะโต๊ะ,อ.คีรีรัฐนิคม,ต่ำ,กรดจัดมากถึงกรดเล็กน้อย,ดินร่วนปนทราย,"กรมพัฒนาที่ดิน · ปีผลิต 2561 · มาตราส่วนต้นฉบับ 1:25,000",ลดรายละเอียดเส้น 50 เมตรเพื่อแสดงผล; ไม่ใช้ระบุแนวเขตแปลง
84,สุราษฎร์ธานี,Rg,ระนอง,อ.คีรีรัฐนิคม,ต่ำ,กรดจัดมาก,ดินร่วนปนทรายปนกรวด,"กรมพัฒนาที่ดิน · ปีผลิต 2561 · มาตราส่วนต้นฉบับ 1:25,000",ลดรายละเอียดเส้น 50 เมตรเพื่อแสดงผล; ไม่ใช้ระบุแนวเขตแปลง
84,สุราษฎร์ธานี,Ro,รือเสาะ,อ.คีรีรัฐนิคม,ปานกลาง,กรดจัดมากถึงกรดปานกลาง,ดินร่วนปนทรายแป้ง,"กรมพัฒนาที่ดิน · ปีผลิต 2561 · มาตราส่วนต้นฉบับ 1:25,000",ลดรายละเอียดเส้น 50 เมตรเพื่อแสดงผล; ไม่ใช้ระบุแนวเขตแปลง
84,สุราษฎร์ธานี,SC,ที่ลาดชันเชิงซ้อน,อ.คีรีรัฐนิคม,-,,,"กรมพัฒนาที่ดิน · ปีผลิต 2561 · มาตราส่วนต้นฉบับ 1:25,000",ลดรายละเอียดเส้น 50 เมตรเพื่อแสดงผล; ไม่ใช้ระบุแนวเขตแปลง
84,สุราษฎร์ธานี,Sd,สะเดา,อ.คีรีรัฐนิคม,ต่ำ,กรดจัดมาก,ดินร่วนปนทราย,"กรมพัฒนาที่ดิน · ปีผลิต 2561 · มาตราส่วนต้นฉบับ 1:25,000",ลดรายละเอียดเส้น 50 เมตรเพื่อแสดงผล; ไม่ใช้ระบุแนวเขตแปลง
84,สุราษฎร์ธานี,Sw,สวี,อ.คีรีรัฐนิคม,ต่ำ,กรดจัดถึงกรดเล็กน้อย,ดินร่วนปนทราย,"กรมพัฒนาที่ดิน · ปีผลิต 2561 · มาตราส่วนต้นฉบับ 1:25,000",ลดรายละเอียดเส้น 50 เมตรเพื่อแสดงผล; ไม่ใช้ระบุแนวเขตแปลง
84,สุราษฎร์ธานี,Tac,ท่าฉาง,อ.คีรีรัฐนิคม,ต่ำ,กรดจัดมากถึงกรดปานกลาง,ดินร่วนปนทราย,"กรมพัฒนาที่ดิน · ปีผลิต 2561 · มาตราส่วนต้นฉบับ 1:25,000",ลดรายละเอียดเส้น 50 เมตรเพื่อแสดงผล; ไม่ใช้ระบุแนวเขตแปลง
84,สุราษฎร์ธานี,Te,ท่าแซะ,อ.คีรีรัฐนิคม,ต่ำ,กรดจัดมากถึงกรดจัด,ดินร่วนปนทราย,"กรมพัฒนาที่ดิน · ปีผลิต 2561 · มาตราส่วนต้นฉบับ 1:25,000",ลดรายละเอียดเส้น 50 เมตรเพื่อแสดงผล; ไม่ใช้ระบุแนวเขตแปลง
84,สุราษฎร์ธานี,Tg,ทุ่งหว้า,อ.คีรีรัฐนิคม,ต่ำ,กรดจัดมาก,ดินร่วนปนทราย,"กรมพัฒนาที่ดิน · ปีผลิต 2561 · มาตราส่วนต้นฉบับ 1:25,000",ลดรายละเอียดเส้น 50 เมตรเพื่อแสดงผล; ไม่ใช้ระบุแนวเขตแปลง
84,สุราษฎร์ธานี,Tg,ทุ่งหว้า,อ.คีรีรัฐนิคม,ต่ำ,กรดจัดมากถึงกรดจัด,ดินร่วนปนทราย,"กรมพัฒนาที่ดิน · ปีผลิต 2561 · มาตราส่วนต้นฉบับ 1:25,000",ลดรายละเอียดเส้น 50 เมตรเพื่อแสดงผล; ไม่ใช้ระบุแนวเขตแปลง
84,สุราษฎร์ธานี,Tim,ท้ายเหมือง,อ.คีรีรัฐนิคม,ต่ำ,กรดจัดมากถึงกรดเล็กน้อย,ดินร่วนเหนียวปนทราย,"กรมพัฒนาที่ดิน · ปีผลิต 2561 · มาตราส่วนต้นฉบับ 1:25,000",ลดรายละเอียดเส้น 50 เมตรเพื่อแสดงผล; ไม่ใช้ระบุแนวเขตแปลง
84,สุราษฎร์ธานี,Tkn,ตาขุน,อ.คีรีรัฐนิคม,ต่ำ,กรดจัดมากถึงกรดจัด,ดินร่วน,"กรมพัฒนาที่ดิน · ปีผลิต 2561 · มาตราส่วนต้นฉบับ 1:25,000",ลดรายละเอียดเส้น 50 เมตรเพื่อแสดงผล; ไม่ใช้ระบุแนวเขตแปลง
84,สุราษฎร์ธานี,Tkn,ตาขุน,อ.คีรีรัฐนิคม,ต่ำ,กรดจัดมากถึงกรดจัด,ดินร่วนปนทราย,"กรมพัฒนาที่ดิน · ปีผลิต 2561 · มาตราส่วนต้นฉบับ 1:25,000",ลดรายละเอียดเส้น 50 เมตรเพื่อแสดงผล; ไม่ใช้ระบุแนวเขตแปลง
84,สุราษฎร์ธานี,W,พื้นที่น้ำ,อ.คีรีรัฐนิคม,-,,,"กรมพัฒนาที่ดิน · ปีผลิต 2561 · มาตราส่วนต้นฉบับ 1:25,000",ลดรายละเอียดเส้น 50 เมตรเพื่อแสดงผล; ไม่ใช้ระบุแนวเขตแปลง
84,สุราษฎร์ธานี,AC,ตะกอนน้ำพาเชิงซ้อน,อ.เคียนซา,ปานกลาง,กรดจัดมากถึงกรดเล็กน้อย,ดินร่วนปนทราย,"กรมพัฒนาที่ดิน · ปีผลิต 2561 · มาตราส่วนต้นฉบับ 1:25,000",ลดรายละเอียดเส้น 50 เมตรเพื่อแสดงผล; ไม่ใช้ระบุแนวเขตแปลง
84,สุราษฎร์ธานี,Ak,ชุดดินอ่าวลึก,อ.เคียนซา,ต่ำ,กรดจัดมากถึงกรดเล็กน้อย,ดินเหนียว,"กรมพัฒนาที่ดิน · ปีผลิต 2561 · มาตราส่วนต้นฉบับ 1:25,000",ลดรายละเอียดเส้น 50 เมตรเพื่อแสดงผล; ไม่ใช้ระบุแนวเขตแปลง
84,สุราษฎร์ธานี,Ba,ชุดดินบางนารา,อ.เคียนซา,ต่ำ,กรดจัดถึงกรดเล็กน้อย,ดินร่วนเหนียวปนทรายแป้ง,"กรมพัฒนาที่ดิน · ปีผลิต 2561 · มาตราส่วนต้นฉบับ 1:25,000",ลดรายละเอียดเส้น 50 เมตรเพื่อแสดงผล; ไม่ใช้ระบุแนวเขตแปลง
84,สุราษฎร์ธานี,Bu,สายบุรี,อ.เคียนซา,ต่ำ,กรดจัดมากถึงกรดปานกลาง,ดินร่วนเหนียวปนทรายแป้ง,"กรมพัฒนาที่ดิน · ปีผลิต 2561 · มาตราส่วนต้นฉบับ 1:25,000",ลดรายละเอียดเส้น 50 เมตรเพื่อแสดงผล; ไม่ใช้ระบุแนวเขตแปลง
84,สุราษฎร์ธานี,Bu,สายบุรี,อ.เคียนซา,ต่ำ,กรดจัดมากถึงกรดปานกลาง,ดินร่วนปนทรายแป้ง,"กรมพัฒนาที่ดิน · ปีผลิต 2561 · มาตราส่วนต้นฉบับ 1:25,000",ลดรายละเอียดเส้น 50 เมตรเพื่อแสดงผล; ไม่ใช้ระบุแนวเขตแปลง
84,สุราษฎร์ธานี,Fd,ฝั่งแดง,อ.เคียนซา,ต่ำ,กรดจัดมากถึงกรดจัด,ดินร่วนปนทราย,"กรมพัฒนาที่ดิน · ปีผลิต 2561 · มาตราส่วนต้นฉบับ 1:25,000",ลดรายละเอียดเส้น 50 เมตรเพื่อแสดงผล; ไม่ใช้ระบุแนวเขตแปลง
84,สุราษฎร์ธานี,Kbi,กระบี่,อ.เคียนซา,ปานกลาง,กรดจัดมากถึงกรดเล็กน้อย,ดินร่วนปนดินเหนียว,"กรมพัฒนาที่ดิน · ปีผลิต 2561 · มาตราส่วนต้นฉบับ 1:25,000",ลดรายละเอียดเส้น 50 เมตรเพื่อแสดงผล; ไม่ใช้ระบุแนวเขตแปลง
84,สุราษฎร์ธานี,Kh,คอหงษ์,อ.เคียนซา,ต่ำ,กรดจัดมาก,ดินร่วนปนทราย,"กรมพัฒนาที่ดิน · ปีผลิต 2561 · มาตราส่วนต้นฉบับ 1:25,000",ลดรายละเอียดเส้น 50 เมตรเพื่อแสดงผล; ไม่ใช้ระบุแนวเขตแปลง
84,สุราษฎร์ธานี,Km,คลองท่อม,อ.เคียนซา,ต่ำ,กรดจัดมากถึงกรดจัด,ดินร่วนปนทราย,"กรมพัฒนาที่ดิน · ปีผลิต 2561 · มาตราส่วนต้นฉบับ 1:25,000",ลดรายละเอียดเส้น 50 เมตรเพื่อแสดงผล; ไม่ใช้ระบุแนวเขตแปลง
84,สุราษฎร์ธานี,Knk,คลองนกกระทุง,อ.เคียนซา,ต่ำ,กรดจัดมากถึงกรดจัด,ดินร่วนปนทราย,"กรมพัฒนาที่ดิน · ปีผลิต 2561 · มาตราส่วนต้นฉบับ 1:25,000",ลดรายละเอียดเส้น 50 เมตรเพื่อแสดงผล; ไม่ใช้ระบุแนวเขตแปลง
84,สุราษฎร์ธานี,Lam,ลำแก่น,อ.เคียนซา,ต่ำ,กรดจัดมากถึงกรดปานกลาง,ดินร่วนปนทรายแป้ง,"กรมพัฒนาที่ดิน · ปีผลิต 2561 · มาตราส่วนต้นฉบับ 1:25,000",ลดรายละเอียดเส้น 50 เมตรเพื่อแสดงผล; ไม่ใช้ระบุแนวเขตแปลง
84,สุราษฎร์ธานี,Ll,ลำภูรา,อ.เคียนซา,ปานกลาง,กรดจัดมากถึงกรดเล็กน้อย,ดินร่วนปนดินเหนียว,"กรมพัฒนาที่ดิน · ปีผลิต 2561 · มาตราส่วนต้นฉบับ 1:25,000",ลดรายละเอียดเส้น 50 เมตรเพื่อแสดงผล; ไม่ใช้ระบุแนวเขตแปลง
84,สุราษฎร์ธานี,Mu,มูโน๊ะ,อ.เคียนซา,ปานกลาง,กรดจัดมาก,ดินร่วนเหนียวปนทรายแป้ง,"กรมพัฒนาที่ดิน · ปีผลิต 2561 · มาตราส่วนต้นฉบับ 1:25,000",ลดรายละเอียดเส้น 50 เมตรเพื่อแสดงผล; ไม่ใช้ระบุแนวเขตแปลง
84,สุราษฎร์ธานี,Nat,นาทวี,อ.เคียนซา,ต่ำ,กรดจัดมาก,ดินร่วนปนทราย,"กรมพัฒนาที่ดิน · ปีผลิต 2561 · มาตราส่วนต้นฉบับ 1:25,000",ลดรายละเอียดเส้น 50 เมตรเพื่อแสดงผล; ไม่ใช้ระบุแนวเขตแปลง
84,สุราษฎร์ธานี,Ntm,นาท่าม,อ.เคียนซา,ต่ำ,กรดจัดมากถึงกรดจัด,ดินร่วนปนทราย,"กรมพัฒนาที่ดิน · ปีผลิต 2561 · มาตราส่วนต้นฉบับ 1:25,000",ลดรายละเอียดเส้น 50 เมตรเพื่อแสดงผล; ไม่ใช้ระบุแนวเขตแปลง
84,สุราษฎร์ธานี,Pkm,ปากคม,อ.เคียนซา,ต่ำ,กรดจัดมากถึงกรดจัด,ดินร่วนเหนียวปนทราย,"กรมพัฒนาที่ดิน · ปีผลิต 2561 · มาตราส่วนต้นฉบับ 1:25,000",ลดรายละเอียดเส้น 50 เมตรเพื่อแสดงผล; ไม่ใช้ระบุแนวเขตแปลง
84,สุราษฎร์ธานี,Pkm,ปากคม,อ.เคียนซา,ต่ำ,กรดจัดมากถึงกรดจัด,ดินร่วนปนทราย,"กรมพัฒนาที่ดิน · ปีผลิต 2561 · มาตราส่วนต้นฉบับ 1:25,000",ลดรายละเอียดเส้น 50 เมตรเพื่อแสดงผล; ไม่ใช้ระบุแนวเขตแปลง
84,สุราษฎร์ธานี,Ptl,พัทลุง,อ.เคียนซา,ต่ำ,กรดจัดถึงกรดเล็กน้อย,ดินร่วนเหนียวปนทรายแป้ง,"กรมพัฒนาที่ดิน · ปีผลิต 2561 · มาตราส่วนต้นฉบับ 1:25,000",ลดรายละเอียดเส้น 50 เมตรเพื่อแสดงผล; ไม่ใช้ระบุแนวเขตแปลง
84,สุราษฎร์ธานี,Pto,พะโต๊ะ,อ.เคียนซา,ต่ำ,กรดจัดมากถึงกรดเล็กน้อย,ดินร่วนปนทราย,"กรมพัฒนาที่ดิน · ปีผลิต 2561 · มาตราส่วนต้นฉบับ 1:25,000",ลดรายละเอียดเส้น 50 เมตรเพื่อแสดงผล; ไม่ใช้ระบุแนวเขตแปลง
84,สุราษฎร์ธานี,Pto,พะโต๊ะ,อ.เคียนซา,ต่ำ,กรดจัดถึงกรดเล็กน้อย,ดินร่วนปนทราย,"กรมพัฒนาที่ดิน · ปีผลิต 2561 · มาตราส่วนต้นฉบับ 1:25,000",ลดรายละเอียดเส้น 50 เมตรเพื่อแสดงผล; ไม่ใช้ระบุแนวเขตแปลง
84,สุราษฎร์ธานี,Ro,รือเสาะ,อ.เคียนซา,ปานกลาง,กรดจัดมากถึงกรดปานกลาง,ดินร่วนปนทรายแป้ง,"กรมพัฒนาที่ดิน · ปีผลิต 2561 · มาตราส่วนต้นฉบับ 1:25,000",ลดรายละเอียดเส้น 50 เมตรเพื่อแสดงผล; ไม่ใช้ระบุแนวเขตแปลง
84,สุราษฎร์ธานี,SC,ที่ลาดชันเชิงซ้อน,อ.เคียนซา,-,,,"กรมพัฒนาที่ดิน · ปีผลิต 2561 · มาตราส่วนต้นฉบับ 1:25,000",ลดรายละเอียดเส้น 50 เมตรเพื่อแสดงผล; ไม่ใช้ระบุแนวเขตแปลง
84,สุราษฎร์ธานี,Sw,สวี,อ.เคียนซา,ต่ำ,กรดจัดถึงกรดเล็กน้อย,ดินร่วนปนทราย,"กรมพัฒนาที่ดิน · ปีผลิต 2561 · มาตราส่วนต้นฉบับ 1:25,000",ลดรายละเอียดเส้น 50 เมตรเพื่อแสดงผล; ไม่ใช้ระบุแนวเขตแปลง
84,สุราษฎร์ธานี,Te,ท่าแซะ,อ.เคียนซา,ต่ำ,กรดจัดมากถึงกรดจัด,ดินร่วนปนทราย,"กรมพัฒนาที่ดิน · ปีผลิต 2561 · มาตราส่วนต้นฉบับ 1:25,000",ลดรายละเอียดเส้น 50 เมตรเพื่อแสดงผล; ไม่ใช้ระบุแนวเขตแปลง
84,สุราษฎร์ธานี,Tg,ทุ่งหว้า,อ.เคียนซา,ต่ำ,กรดจัดมาก,ดินร่วนปนทราย,"กรมพัฒนาที่ดิน · ปีผลิต 2561 · มาตราส่วนต้นฉบับ 1:25,000",ลดรายละเอียดเส้น 50 เมตรเพื่อแสดงผล; ไม่ใช้ระบุแนวเขตแปลง
84,สุราษฎร์ธานี,Tkn,ตาขุน,อ.เคียนซา,ต่ำ,กรดจัดมากถึงกรดจัด,ดินร่วน,"กรมพัฒนาที่ดิน · ปีผลิต 2561 · มาตราส่วนต้นฉบับ 1:25,000",ลดรายละเอียดเส้น 50 เมตรเพื่อแสดงผล; ไม่ใช้ระบุแนวเขตแปลง
84,สุราษฎร์ธานี,W,พื้นที่น้ำ,อ.เคียนซา,-,,,"กรมพัฒนาที่ดิน · ปีผลิต 2561 · มาตราส่วนต้นฉบับ 1:25,000",ลดรายละเอียดเส้น 50 เมตรเพื่อแสดงผล; ไม่ใช้ระบุแนวเขตแปลง
84,สุราษฎร์ธานี,AC,ตะกอนน้ำพาเชิงซ้อน,อ.ชัยบุรี,ปานกลาง,กรดจัดมากถึงกรดเล็กน้อย,ดินร่วนปนทราย,"กรมพัฒนาที่ดิน · ปีผลิต 2561 · มาตราส่วนต้นฉบับ 1:25,000",ลดรายละเอียดเส้น 50 เมตรเพื่อแสดงผล; ไม่ใช้ระบุแนวเขตแปลง
84,สุราษฎร์ธานี,Bu,สายบุรี,อ.ชัยบุรี,ต่ำ,กรดจัดมากถึงกรดปานกลาง,ดินร่วนปนทรายแป้ง,"กรมพัฒนาที่ดิน · ปีผลิต 2561 · มาตราส่วนต้นฉบับ 1:25,000",ลดรายละเอียดเส้น 50 เมตรเพื่อแสดงผล; ไม่ใช้ระบุแนวเขตแปลง
84,สุราษฎร์ธานี,Bu,สายบุรี,อ.ชัยบุรี,ต่ำ,กรดจัดมากถึงกรดปานกลาง,ดินร่วนเหนียวปนทรายแป้ง,"กรมพัฒนาที่ดิน · ปีผลิต 2561 · มาตราส่วนต้นฉบับ 1:25,000",ลดรายละเอียดเส้น 50 เมตรเพื่อแสดงผล; ไม่ใช้ระบุแนวเขตแปลง
84,สุราษฎร์ธานี,Cp,ชุมพร,อ.ชัยบุรี,ต่ำ,กรดจัดมากถึงกรดปานกลาง,ดินร่วนเหนียวปนทราย,"กรมพัฒนาที่ดิน · ปีผลิต 2561 · มาตราส่วนต้นฉบับ 1:25,000",ลดรายละเอียดเส้น 50 เมตรเพื่อแสดงผล; ไม่ใช้ระบุแนวเขตแปลง
84,สุราษฎร์ธานี,Cp,ชุมพร,อ.ชัยบุรี,ต่ำ,กรดจัดมากถึงกรดปานกลาง,ดินร่วนปนทราย,"กรมพัฒนาที่ดิน · ปีผลิต 2561 · มาตราส่วนต้นฉบับ 1:25,000",ลดรายละเอียดเส้น 50 เมตรเพื่อแสดงผล; ไม่ใช้ระบุแนวเขตแปลง
84,สุราษฎร์ธานี,Fd,ฝั่งแดง,อ.ชัยบุรี,ต่ำ,กรดจัดมากถึงกรดจัด,ดินร่วนปนทราย,"กรมพัฒนาที่ดิน · ปีผลิต 2561 · มาตราส่วนต้นฉบับ 1:25,000",ลดรายละเอียดเส้น 50 เมตรเพื่อแสดงผล; ไม่ใช้ระบุแนวเขตแปลง
84,สุราษฎร์ธานี,Ho,ห้วยยอด,อ.ชัยบุรี,ต่ำ,กรดจัดมาก,ดินร่วนเหนียวปนกรวด,"กรมพัฒนาที่ดิน · ปีผลิต 2561 · มาตราส่วนต้นฉบับ 1:25,000",ลดรายละเอียดเส้น 50 เมตรเพื่อแสดงผล; ไม่ใช้ระบุแนวเขตแปลง
84,สุราษฎร์ธานี,Hy,หาดใหญ่,อ.ชัยบุรี,ต่ำ,กรดจัดมากถึงกรดปานกลาง,ดินร่วนปนทราย,"กรมพัฒนาที่ดิน · ปีผลิต 2561 · มาตราส่วนต้นฉบับ 1:25,000",ลดรายละเอียดเส้น 50 เมตรเพื่อแสดงผล; ไม่ใช้ระบุแนวเขตแปลง
84,สุราษฎร์ธานี,Kbi,กระบี่,อ.ชัยบุรี,ปานกลาง,กรดจัดมากถึงกรดเล็กน้อย,ดินร่วนปนดินเหนียว,"กรมพัฒนาที่ดิน · ปีผลิต 2561 · มาตราส่วนต้นฉบับ 1:25,000",ลดรายละเอียดเส้น 50 เมตรเพื่อแสดงผล; ไม่ใช้ระบุแนวเขตแปลง
84,สุราษฎร์ธานี,Kc,คลองซาก,อ.ชัยบุรี,ปานกลาง,กรดจัดมากถึงกรดปานกลาง,ดินร่วนปนดินเหนียว,"กรมพัฒนาที่ดิน · ปีผลิต 2561 · มาตราส่วนต้นฉบับ 1:25,000",ลดรายละเอียดเส้น 50 เมตรเพื่อแสดงผล; ไม่ใช้ระบุแนวเขตแปลง
84,สุราษฎร์ธานี,Kh,คอหงษ์,อ.ชัยบุรี,ต่ำ,กรดจัดมาก,ดินร่วนปนทราย,"กรมพัฒนาที่ดิน · ปีผลิต 2561 · มาตราส่วนต้นฉบับ 1:25,000",ลดรายละเอียดเส้น 50 เมตรเพื่อแสดงผล; ไม่ใช้ระบุแนวเขตแปลง
84,สุราษฎร์ธานี,Klt,คลองเต็ง,อ.ชัยบุรี,ต่ำ,กรดจัดมาก,ดินร่วนปนดินเหนียว,"กรมพัฒนาที่ดิน · ปีผลิต 2561 · มาตราส่วนต้นฉบับ 1:25,000",ลดรายละเอียดเส้น 50 เมตรเพื่อแสดงผล; ไม่ใช้ระบุแนวเขตแปลง
84,สุราษฎร์ธานี,Klt,คลองเต็ง,อ.ชัยบุรี,ต่ำ,กรดจัดมาก,ดินร่วนเหนียวปนกรวด,"กรมพัฒนาที่ดิน · ปีผลิต 2561 · มาตราส่วนต้นฉบับ 1:25,000",ลดรายละเอียดเส้น 50 เมตรเพื่อแสดงผล; ไม่ใช้ระบุแนวเขตแปลง
84,สุราษฎร์ธานี,Km,คลองท่อม,อ.ชัยบุรี,ต่ำ,กรดจัดมากถึงกรดจัด,ดินร่วนปนทราย,"กรมพัฒนาที่ดิน · ปีผลิต 2561 · มาตราส่วนต้นฉบับ 1:25,000",ลดรายละเอียดเส้น 50 เมตรเพื่อแสดงผล; ไม่ใช้ระบุแนวเขตแปลง
84,สุราษฎร์ธานี,Lgu,ละงู,อ.ชัยบุรี,ปานกลาง,กรดจัดถึงกรดเล็กน้อย,ดินร่วนเหนียวปนทรายแป้ง,"กรมพัฒนาที่ดิน · ปีผลิต 2561 · มาตราส่วนต้นฉบับ 1:25,000",ลดรายละเอียดเส้น 50 เมตรเพื่อแสดงผล; ไม่ใช้ระบุแนวเขตแปลง
84,สุราษฎร์ธานี,Ll,ลำภูรา,อ.ชัยบุรี,ปานกลาง,กรดจัดมากถึงกรดเล็กน้อย,ดินร่วนปนดินเหนียว,"กรมพัฒนาที่ดิน · ปีผลิต 2561 · มาตราส่วนต้นฉบับ 1:25,000",ลดรายละเอียดเส้น 50 เมตรเพื่อแสดงผล; ไม่ใช้ระบุแนวเขตแปลง
84,สุราษฎร์ธานี,Ll,ลำภูรา,อ.ชัยบุรี,ปานกลาง,กรดจัดมากถึงกรดเล็กน้อย,ดินร่วนปนทรายแป้ง,"กรมพัฒนาที่ดิน · ปีผลิต 2561 · มาตราส่วนต้นฉบับ 1:25,000",ลดรายละเอียดเส้น 50 เมตรเพื่อแสดงผล; ไม่ใช้ระบุแนวเขตแปลง
84,สุราษฎร์ธานี,Nat,นาทวี,อ.ชัยบุรี,ต่ำ,กรดจัดมาก,ดินร่วนปนทราย,"กรมพัฒนาที่ดิน · ปีผลิต 2561 · มาตราส่วนต้นฉบับ 1:25,000",ลดรายละเอียดเส้น 50 เมตรเพื่อแสดงผล; ไม่ใช้ระบุแนวเขตแปลง
84,สุราษฎร์ธานี,Ntm,นาท่าม,อ.ชัยบุรี,ต่ำ,กรดจัดมากถึงกรดจัด,ดินร่วนปนทราย,"กรมพัฒนาที่ดิน · ปีผลิต 2561 · มาตราส่วนต้นฉบับ 1:25,000",ลดรายละเอียดเส้น 50 เมตรเพื่อแสดงผล; ไม่ใช้ระบุแนวเขตแปลง
84,สุราษฎร์ธานี,Ntn,นาทอน,อ.ชัยบุรี,ต่ำ,กรดจัดมากถึงกรดจัด,ดินร่วนปนดินเหนียว,"กรมพัฒนาที่ดิน · ปีผลิต 2561 · มาตราส่วนต้นฉบับ 1:25,000",ลดรายละเอียดเส้น 50 เมตรเพื่อแสดงผล; ไม่ใช้ระบุแนวเขตแปลง
84,สุราษฎร์ธานี,Pkm,ปากคม,อ.ชัยบุรี,ต่ำ,กรดจัดมากถึงกรดจัด,ดินร่วนปนทราย,"กรมพัฒนาที่ดิน · ปีผลิต 2561 · มาตราส่วนต้นฉบับ 1:25,000",ลดรายละเอียดเส้น 50 เมตรเพื่อแสดงผล; ไม่ใช้ระบุแนวเขตแปลง
84,สุราษฎร์ธานี,Pto,พะโต๊ะ,อ.ชัยบุรี,ต่ำ,กรดจัดมากถึงกรดเล็กน้อย,ดินร่วนปนทราย,"กรมพัฒนาที่ดิน · ปีผลิต 2561 · มาตราส่วนต้นฉบับ 1:25,000",ลดรายละเอียดเส้น 50 เมตรเพื่อแสดงผล; ไม่ใช้ระบุแนวเขตแปลง
84,สุราษฎร์ธานี,Pto,พะโต๊ะ,อ.ชัยบุรี,ต่ำ,กรดจัดถึงกรดเล็กน้อย,ดินร่วนปนทราย,"กรมพัฒนาที่ดิน · ปีผลิต 2561 · มาตราส่วนต้นฉบับ 1:25,000",ลดรายละเอียดเส้น 50 เมตรเพื่อแสดงผล; ไม่ใช้ระบุแนวเขตแปลง
84,สุราษฎร์ธานี,Rg,ระนอง,อ.ชัยบุรี,ต่ำ,กรดจัดมาก,ดินร่วนปนทรายปนกรวด,"กรมพัฒนาที่ดิน · ปีผลิต 2561 · มาตราส่วนต้นฉบับ 1:25,000",ลดรายละเอียดเส้น 50 เมตรเพื่อแสดงผล; ไม่ใช้ระบุแนวเขตแปลง
84,สุราษฎร์ธานี,Ro,รือเสาะ,อ.ชัยบุรี,ปานกลาง,กรดจัดมากถึงกรดปานกลาง,ดินร่วนปนทรายแป้ง,"กรมพัฒนาที่ดิน · ปีผลิต 2561 · มาตราส่วนต้นฉบับ 1:25,000",ลดรายละเอียดเส้น 50 เมตรเพื่อแสดงผล; ไม่ใช้ระบุแนวเขตแปลง
84,สุราษฎร์ธานี,SC,ที่ลาดชันเชิงซ้อน,อ.ชัยบุรี,-,,,"กรมพัฒนาที่ดิน · ปีผลิต 2561 · มาตราส่วนต้นฉบับ 1:25,000",ลดรายละเอียดเส้น 50 เมตรเพื่อแสดงผล; ไม่ใช้ระบุแนวเขตแปลง
84,สุราษฎร์ธานี,Sd,สะเดา,อ.ชัยบุรี,ต่ำ,กรดจัดมาก,ดินร่วนปนทราย,"กรมพัฒนาที่ดิน · ปีผลิต 2561 · มาตราส่วนต้นฉบับ 1:25,000",ลดรายละเอียดเส้น 50 เมตรเพื่อแสดงผล; ไม่ใช้ระบุแนวเขตแปลง
84,สุราษฎร์ธานี,Sw,สวี,อ.ชัยบุรี,ต่ำ,กรดจัดถึงกรดเล็กน้อย,ดินร่วนปนทราย,"กรมพัฒนาที่ดิน · ปีผลิต 2561 · มาตราส่วนต้นฉบับ 1:25,000",ลดรายละเอียดเส้น 50 เมตรเพื่อแสดงผล; ไม่ใช้ระบุแนวเขตแปลง
84,สุราษฎร์ธานี,Te,ท่าแซะ,อ.ชัยบุรี,ต่ำ,กรดจัดมากถึงกรดจัด,ดินร่วนปนทราย,"กรมพัฒนาที่ดิน · ปีผลิต 2561 · มาตราส่วนต้นฉบับ 1:25,000",ลดรายละเอียดเส้น 50 เมตรเพื่อแสดงผล; ไม่ใช้ระบุแนวเขตแปลง
84,สุราษฎร์ธานี,W,พื้นที่น้ำ,อ.ชัยบุรี,-,,,"กรมพัฒนาที่ดิน · ปีผลิต 2561 · มาตราส่วนต้นฉบับ 1:25,000",ลดรายละเอียดเส้น 50 เมตรเพื่อแสดงผล; ไม่ใช้ระบุแนวเขตแปลง
84,สุราษฎร์ธานี,AC,ตะกอนน้ำพาเชิงซ้อน,อ.ไชยา,ปานกลาง,กรดจัดมากถึงกรดเล็กน้อย,ดินร่วนปนทราย,"กรมพัฒนาที่ดิน · ปีผลิต 2561 · มาตราส่วนต้นฉบับ 1:25,000",ลดรายละเอียดเส้น 50 เมตรเพื่อแสดงผล; ไม่ใช้ระบุแนวเขตแปลง
84,สุราษฎร์ธานี,Bc,บาเจาะ,อ.ไชยา,ต่ำ,กรดจัดมากถึงกรดเล็กน้อย,ดินทรายปนดินร่วน,"กรมพัฒนาที่ดิน · ปีผลิต 2561 · มาตราส่วนต้นฉบับ 1:25,000",ลดรายละเอียดเส้น 50 เมตรเพื่อแสดงผล; ไม่ใช้ระบุแนวเขตแปลง
84,สุราษฎร์ธานี,Bh,บ้านทอน,อ.ไชยา,ต่ำ,กรดจัดมากถึงกรดปานกลาง,ดินทรายปนดินร่วน,"กรมพัฒนาที่ดิน · ปีผลิต 2561 · มาตราส่วนต้นฉบับ 1:25,000",ลดรายละเอียดเส้น 50 เมตรเพื่อแสดงผล; ไม่ใช้ระบุแนวเขตแปลง
84,สุราษฎร์ธานี,Bu,สายบุรี,อ.ไชยา,ต่ำ,กรดจัดมากถึงกรดปานกลาง,ดินร่วนปนทรายแป้ง,"กรมพัฒนาที่ดิน · ปีผลิต 2561 · มาตราส่วนต้นฉบับ 1:25,000",ลดรายละเอียดเส้น 50 เมตรเพื่อแสดงผล; ไม่ใช้ระบุแนวเขตแปลง
84,สุราษฎร์ธานี,Chl,ฉลอง,อ.ไชยา,ต่ำ,กรดจัดมากถึงกรดจัด,ดินร่วนปนทราย,"กรมพัฒนาที่ดิน · ปีผลิต 2561 · มาตราส่วนต้นฉบับ 1:25,000",ลดรายละเอียดเส้น 50 เมตรเพื่อแสดงผล; ไม่ใช้ระบุแนวเขตแปลง
84,สุราษฎร์ธานี,Cp,ชุมพร,อ.ไชยา,ต่ำ,กรดจัดมากถึงกรดปานกลาง,ดินร่วนปนทราย,"กรมพัฒนาที่ดิน · ปีผลิต 2561 · มาตราส่วนต้นฉบับ 1:25,000",ลดรายละเอียดเส้น 50 เมตรเพื่อแสดงผล; ไม่ใช้ระบุแนวเขตแปลง
84,สุราษฎร์ธานี,Cya,ไขยา,อ.ไชยา,ต่ำ,กรดจัดถึงกรดเล็กน้อย,ดินร่วนปนทราย,"กรมพัฒนาที่ดิน · ปีผลิต 2561 · มาตราส่วนต้นฉบับ 1:25,000",ลดรายละเอียดเส้น 50 เมตรเพื่อแสดงผล; ไม่ใช้ระบุแนวเขตแปลง
84,สุราษฎร์ธานี,Cya,ไขยา,อ.ไชยา,ต่ำ,กรดจัดถึงกรดเล็กน้อย,ดินทรายปนดินร่วน,"กรมพัฒนาที่ดิน · ปีผลิต 2561 · มาตราส่วนต้นฉบับ 1:25,000",ลดรายละเอียดเส้น 50 เมตรเพื่อแสดงผล; ไม่ใช้ระบุแนวเขตแปลง
84,สุราษฎร์ธานี,Fd,ฝั่งแดง,อ.ไชยา,ต่ำ,กรดจัดมากถึงกรดจัด,ดินร่วนปนทราย,"กรมพัฒนาที่ดิน · ปีผลิต 2561 · มาตราส่วนต้นฉบับ 1:25,000",ลดรายละเอียดเส้น 50 เมตรเพื่อแสดงผล; ไม่ใช้ระบุแนวเขตแปลง
84,สุราษฎร์ธานี,Hh,หัวหิน,อ.ไชยา,ต่ำ,กรดปานกลางถึงด่างปานกลาง,ดินทรายปนดินร่วน,"กรมพัฒนาที่ดิน · ปีผลิต 2561 · มาตราส่วนต้นฉบับ 1:25,000",ลดรายละเอียดเส้น 50 เมตรเพื่อแสดงผล; ไม่ใช้ระบุแนวเขตแปลง
84,สุราษฎร์ธานี,Kh,คอหงษ์,อ.ไชยา,ต่ำ,กรดจัดมาก,ดินร่วนปนทราย,"กรมพัฒนาที่ดิน · ปีผลิต 2561 · มาตราส่วนต้นฉบับ 1:25,000",ลดรายละเอียดเส้น 50 เมตรเพื่อแสดงผล; ไม่ใช้ระบุแนวเขตแปลง
84,สุราษฎร์ธานี,Kh,คอหงษ์,อ.ไชยา,ต่ำ,กรดจัดมาก,ดินทรายปนดินร่วน,"กรมพัฒนาที่ดิน · ปีผลิต 2561 · มาตราส่วนต้นฉบับ 1:25,000",ลดรายละเอียดเส้น 50 เมตรเพื่อแสดงผล; ไม่ใช้ระบุแนวเขตแปลง
84,สุราษฎร์ธานี,Kkl,ควนกาหลง,อ.ไชยา,ต่ำ,กรดจัดมากถึงกรดจัด,ดินร่วนปนทราย,"กรมพัฒนาที่ดิน · ปีผลิต 2561 · มาตราส่วนต้นฉบับ 1:25,000",ลดรายละเอียดเส้น 50 เมตรเพื่อแสดงผล; ไม่ใช้ระบุแนวเขตแปลง
84,สุราษฎร์ธานี,Km,คลองท่อม,อ.ไชยา,ต่ำ,กรดจัดมากถึงกรดจัด,ดินร่วนปนทราย,"กรมพัฒนาที่ดิน · ปีผลิต 2561 · มาตราส่วนต้นฉบับ 1:25,000",ลดรายละเอียดเส้น 50 เมตรเพื่อแสดงผล; ไม่ใช้ระบุแนวเขตแปลง
84,สุราษฎร์ธานี,Knk,คลองนกกระทุง,อ.ไชยา,ต่ำ,กรดจัดมากถึงกรดจัด,ดินร่วนปนทราย,"กรมพัฒนาที่ดิน · ปีผลิต 2561 · มาตราส่วนต้นฉบับ 1:25,000",ลดรายละเอียดเส้น 50 เมตรเพื่อแสดงผล; ไม่ใช้ระบุแนวเขตแปลง
84,สุราษฎร์ธานี,Mu,มูโน๊ะ,อ.ไชยา,ปานกลาง,กรดจัดมาก,ดินร่วนเหนียวปนทรายแป้ง,"กรมพัฒนาที่ดิน · ปีผลิต 2561 · มาตราส่วนต้นฉบับ 1:25,000",ลดรายละเอียดเส้น 50 เมตรเพื่อแสดงผล; ไม่ใช้ระบุแนวเขตแปลง
84,สุราษฎร์ธานี,Nat,นาทวี,อ.ไชยา,ต่ำ,กรดจัดมาก,ดินร่วนปนทราย,"กรมพัฒนาที่ดิน · ปีผลิต 2561 · มาตราส่วนต้นฉบับ 1:25,000",ลดรายละเอียดเส้น 50 เมตรเพื่อแสดงผล; ไม่ใช้ระบุแนวเขตแปลง
84,สุราษฎร์ธานี,Pkm,ปากคม,อ.ไชยา,ต่ำ,กรดจัดมากถึงกรดจัด,ดินร่วนปนทราย,"กรมพัฒนาที่ดิน · ปีผลิต 2561 · มาตราส่วนต้นฉบับ 1:25,000",ลดรายละเอียดเส้น 50 เมตรเพื่อแสดงผล; ไม่ใช้ระบุแนวเขตแปลง
84,สุราษฎร์ธานี,Pto,พะโต๊ะ,อ.ไชยา,ต่ำ,กรดจัดถึงกรดเล็กน้อย,ดินร่วนปนทราย,"กรมพัฒนาที่ดิน · ปีผลิต 2561 · มาตราส่วนต้นฉบับ 1:25,000",ลดรายละเอียดเส้น 50 เมตรเพื่อแสดงผล; ไม่ใช้ระบุแนวเขตแปลง
84,สุราษฎร์ธานี,Pto,พะโต๊ะ,อ.ไชยา,ต่ำ,กรดจัดมากถึงกรดเล็กน้อย,ดินร่วนปนทราย,"กรมพัฒนาที่ดิน · ปีผลิต 2561 · มาตราส่วนต้นฉบับ 1:25,000",ลดรายละเอียดเส้น 50 เมตรเพื่อแสดงผล; ไม่ใช้ระบุแนวเขตแปลง
84,สุราษฎร์ธานี,Rg,ระนอง,อ.ไชยา,ต่ำ,กรดจัดมาก,ดินร่วนปนทรายปนกรวด,"กรมพัฒนาที่ดิน · ปีผลิต 2561 · มาตราส่วนต้นฉบับ 1:25,000",ลดรายละเอียดเส้น 50 เมตรเพื่อแสดงผล; ไม่ใช้ระบุแนวเขตแปลง
84,สุราษฎร์ธานี,Ro,รือเสาะ,อ.ไชยา,ปานกลาง,กรดจัดมากถึงกรดปานกลาง,ดินร่วนปนทรายแป้ง,"กรมพัฒนาที่ดิน · ปีผลิต 2561 · มาตราส่วนต้นฉบับ 1:25,000",ลดรายละเอียดเส้น 50 เมตรเพื่อแสดงผล; ไม่ใช้ระบุแนวเขตแปลง
84,สุราษฎร์ธานี,SC,ที่ลาดชันเชิงซ้อน,อ.ไชยา,-,,,"กรมพัฒนาที่ดิน · ปีผลิต 2561 · มาตราส่วนต้นฉบับ 1:25,000",ลดรายละเอียดเส้น 50 เมตรเพื่อแสดงผล; ไม่ใช้ระบุแนวเขตแปลง
84,สุราษฎร์ธานี,Sw,สวี,อ.ไชยา,ต่ำ,กรดจัดถึงกรดเล็กน้อย,ดินร่วนปนทราย,"กรมพัฒนาที่ดิน · ปีผลิต 2561 · มาตราส่วนต้นฉบับ 1:25,000",ลดรายละเอียดเส้น 50 เมตรเพื่อแสดงผล; ไม่ใช้ระบุแนวเขตแปลง
84,สุราษฎร์ธานี,Ta,ตากใบ,อ.ไชยา,ต่ำ,กรดจัดมากถึงกรดปานกลาง,ดินร่วนปนทรายแป้ง,"กรมพัฒนาที่ดิน · ปีผลิต 2561 · มาตราส่วนต้นฉบับ 1:25,000",ลดรายละเอียดเส้น 50 เมตรเพื่อแสดงผล; ไม่ใช้ระบุแนวเขตแปลง
84,สุราษฎร์ธานี,Tac,ท่าฉาง,อ.ไชยา,ต่ำ,กรดจัดมากถึงกรดปานกลาง,ดินร่วนปนทราย,"กรมพัฒนาที่ดิน · ปีผลิต 2561 · มาตราส่วนต้นฉบับ 1:25,000",ลดรายละเอียดเส้น 50 เมตรเพื่อแสดงผล; ไม่ใช้ระบุแนวเขตแปลง
84,สุราษฎร์ธานี,Te,ท่าแซะ,อ.ไชยา,ต่ำ,กรดจัดมากถึงกรดจัด,ดินร่วนปนทราย,"กรมพัฒนาที่ดิน · ปีผลิต 2561 · มาตราส่วนต้นฉบับ 1:25,000",ลดรายละเอียดเส้น 50 เมตรเพื่อแสดงผล; ไม่ใช้ระบุแนวเขตแปลง
84,สุราษฎร์ธานี,Tg,ทุ่งหว้า,อ.ไชยา,ต่ำ,กรดจัดมาก,ดินร่วนปนทราย,"กรมพัฒนาที่ดิน · ปีผลิต 2561 · มาตราส่วนต้นฉบับ 1:25,000",ลดรายละเอียดเส้น 50 เมตรเพื่อแสดงผล; ไม่ใช้ระบุแนวเขตแปลง
84,สุราษฎร์ธานี,Tg,ทุ่งหว้า,อ.ไชยา,ต่ำ,กรดจัดมากถึงกรดจัด,ดินร่วนปนทราย,"กรมพัฒนาที่ดิน · ปีผลิต 2561 · มาตราส่วนต้นฉบับ 1:25,000",ลดรายละเอียดเส้น 50 เมตรเพื่อแสดงผล; ไม่ใช้ระบุแนวเขตแปลง
84,สุราษฎร์ธานี,Tim,ท้ายเหมือง,อ.ไชยา,ต่ำ,กรดจัดมากถึงกรดเล็กน้อย,ดินร่วนเหนียวปนทราย,"กรมพัฒนาที่ดิน · ปีผลิต 2561 · มาตราส่วนต้นฉบับ 1:25,000",ลดรายละเอียดเส้น 50 เมตรเพื่อแสดงผล; ไม่ใช้ระบุแนวเขตแปลง
84,สุราษฎร์ธานี,Tkt,ตะกั่วทุ่ง,อ.ไชยา,สูง,กรดปานกลางถึงด่างปานกลาง,ดินร่วนเหนียวปนทรายแป้ง,"กรมพัฒนาที่ดิน · ปีผลิต 2561 · มาตราส่วนต้นฉบับ 1:25,000",ลดรายละเอียดเส้น 50 เมตรเพื่อแสดงผล; ไม่ใช้ระบุแนวเขตแปลง
84,สุราษฎร์ธานี,Tkt,ตะกั่วทุ่ง,อ.ไชยา,สูง,กรดปานกลางถึงด่างปานกลาง,ดินร่วนปนทรายแป้ง,"กรมพัฒนาที่ดิน · ปีผลิต 2561 · มาตราส่วนต้นฉบับ 1:25,000",ลดรายละเอียดเส้น 50 เมตรเพื่อแสดงผล; ไม่ใช้ระบุแนวเขตแปลง
84,สุราษฎร์ธานี,Tsl,ท่าศาลา,อ.ไชยา,ต่ำ,กรดจัดถึงกรดเล็กน้อย,ดินร่วนปนดินเหนียว,"กรมพัฒนาที่ดิน · ปีผลิต 2561 · มาตราส่วนต้นฉบับ 1:25,000",ลดรายละเอียดเส้น 50 เมตรเพื่อแสดงผล; ไม่ใช้ระบุแนวเขตแปลง
84,สุราษฎร์ธานี,Vi,วิสัย,อ.ไชยา,ต่ำ,กรดจัดมากถึงกรดปานกลาง,ดินร่วนปนทราย,"กรมพัฒนาที่ดิน · ปีผลิต 2561 · มาตราส่วนต้นฉบับ 1:25,000",ลดรายละเอียดเส้น 50 เมตรเพื่อแสดงผล; ไม่ใช้ระบุแนวเขตแปลง
84,สุราษฎร์ธานี,W,พื้นที่น้ำ,อ.ไชยา,-,,,"กรมพัฒนาที่ดิน · ปีผลิต 2561 · มาตราส่วนต้นฉบับ 1:25,000",ลดรายละเอียดเส้น 50 เมตรเพื่อแสดงผล; ไม่ใช้ระบุแนวเขตแปลง
84,สุราษฎร์ธานี,AC,ตะกอนน้ำพาเชิงซ้อน,อ.ดอนสัก,ปานกลาง,กรดจัดมากถึงกรดเล็กน้อย,ดินร่วนปนทราย,"กรมพัฒนาที่ดิน · ปีผลิต 2561 · มาตราส่วนต้นฉบับ 1:25,000",ลดรายละเอียดเส้น 50 เมตรเพื่อแสดงผล; ไม่ใช้ระบุแนวเขตแปลง
84,สุราษฎร์ธานี,Ak,ชุดดินอ่าวลึก,อ.ดอนสัก,ต่ำ,กรดจัดมากถึงกรดเล็กน้อย,ดินเหนียว,"กรมพัฒนาที่ดิน · ปีผลิต 2561 · มาตราส่วนต้นฉบับ 1:25,000",ลดรายละเอียดเส้น 50 เมตรเพื่อแสดงผล; ไม่ใช้ระบุแนวเขตแปลง
84,สุราษฎร์ธานี,Bc,บาเจาะ,อ.ดอนสัก,ต่ำ,กรดจัดมากถึงกรดเล็กน้อย,ดินทรายปนดินร่วน,"กรมพัฒนาที่ดิน · ปีผลิต 2561 · มาตราส่วนต้นฉบับ 1:25,000",ลดรายละเอียดเส้น 50 เมตรเพื่อแสดงผล; ไม่ใช้ระบุแนวเขตแปลง
84,สุราษฎร์ธานี,Bh,บ้านทอน,อ.ดอนสัก,ต่ำ,กรดจัดมากถึงกรดปานกลาง,ดินทรายปนดินร่วน,"กรมพัฒนาที่ดิน · ปีผลิต 2561 · มาตราส่วนต้นฉบับ 1:25,000",ลดรายละเอียดเส้น 50 เมตรเพื่อแสดงผล; ไม่ใช้ระบุแนวเขตแปลง
84,สุราษฎร์ธานี,Blm,บางละมุง,อ.ดอนสัก,ต่ำ,กรดจัดมากถึงกรดจัด,ดินร่วนปนทราย,"กรมพัฒนาที่ดิน · ปีผลิต 2561 · มาตราส่วนต้นฉบับ 1:25,000",ลดรายละเอียดเส้น 50 เมตรเพื่อแสดงผล; ไม่ใช้ระบุแนวเขตแปลง
84,สุราษฎร์ธานี,Bph,บางแพ,อ.ดอนสัก,ปานกลาง,กรดจัดถึงด่างปานกลาง,ดินร่วนปนทรายแป้ง,"กรมพัฒนาที่ดิน · ปีผลิต 2561 · มาตราส่วนต้นฉบับ 1:25,000",ลดรายละเอียดเส้น 50 เมตรเพื่อแสดงผล; ไม่ใช้ระบุแนวเขตแปลง
84,สุราษฎร์ธานี,Bu,สายบุรี,อ.ดอนสัก,ต่ำ,กรดจัดมากถึงกรดปานกลาง,ดินร่วนเหนียวปนทรายแป้ง,"กรมพัฒนาที่ดิน · ปีผลิต 2561 · มาตราส่วนต้นฉบับ 1:25,000",ลดรายละเอียดเส้น 50 เมตรเพื่อแสดงผล; ไม่ใช้ระบุแนวเขตแปลง
84,สุราษฎร์ธานี,Bu,สายบุรี,อ.ดอนสัก,ต่ำ,กรดจัดมากถึงกรดปานกลาง,ดินร่วนปนทรายแป้ง,"กรมพัฒนาที่ดิน · ปีผลิต 2561 · มาตราส่วนต้นฉบับ 1:25,000",ลดรายละเอียดเส้น 50 เมตรเพื่อแสดงผล; ไม่ใช้ระบุแนวเขตแปลง
84,สุราษฎร์ธานี,Hh,หัวหิน,อ.ดอนสัก,ต่ำ,กรดปานกลางถึงด่างปานกลาง,ดินทรายปนดินร่วน,"กรมพัฒนาที่ดิน · ปีผลิต 2561 · มาตราส่วนต้นฉบับ 1:25,000",ลดรายละเอียดเส้น 50 เมตรเพื่อแสดงผล; ไม่ใช้ระบุแนวเขตแปลง
84,สุราษฎร์ธานี,Ho,ห้วยยอด,อ.ดอนสัก,ต่ำ,กรดจัดมาก,ดินร่วนเหนียวปนกรวด,"กรมพัฒนาที่ดิน · ปีผลิต 2561 · มาตราส่วนต้นฉบับ 1:25,000",ลดรายละเอียดเส้น 50 เมตรเพื่อแสดงผล; ไม่ใช้ระบุแนวเขตแปลง
84,สุราษฎร์ธานี,I,เกาะ,อ.ดอนสัก,-,,,"กรมพัฒนาที่ดิน · ปีผลิต 2561 · มาตราส่วนต้นฉบับ 1:25,000",ลดรายละเอียดเส้น 50 เมตรเพื่อแสดงผล; ไม่ใช้ระบุแนวเขตแปลง
84,สุราษฎร์ธานี,Kbi,กระบี่,อ.ดอนสัก,ปานกลาง,กรดจัดมากถึงกรดเล็กน้อย,ดินร่วนปนดินเหนียว,"กรมพัฒนาที่ดิน · ปีผลิต 2561 · มาตราส่วนต้นฉบับ 1:25,000",ลดรายละเอียดเส้น 50 เมตรเพื่อแสดงผล; ไม่ใช้ระบุแนวเขตแปลง
84,สุราษฎร์ธานี,Kc,คลองซาก,อ.ดอนสัก,ปานกลาง,กรดจัดมากถึงกรดปานกลาง,ดินร่วนปนดินเหนียว,"กรมพัฒนาที่ดิน · ปีผลิต 2561 · มาตราส่วนต้นฉบับ 1:25,000",ลดรายละเอียดเส้น 50 เมตรเพื่อแสดงผล; ไม่ใช้ระบุแนวเขตแปลง
84,สุราษฎร์ธานี,Kkt,เขาขาด,อ.ดอนสัก,ต่ำ,กรดจัดมากถึงกรดปานกลาง,ดินร่วนปนดินเหนียว,"กรมพัฒนาที่ดิน · ปีผลิต 2561 · มาตราส่วนต้นฉบับ 1:25,000",ลดรายละเอียดเส้น 50 เมตรเพื่อแสดงผล; ไม่ใช้ระบุแนวเขตแปลง
84,สุราษฎร์ธานี,Klt,คลองเต็ง,อ.ดอนสัก,ต่ำ,กรดจัดมาก,ดินร่วนปนดินเหนียว,"กรมพัฒนาที่ดิน · ปีผลิต 2561 · มาตราส่วนต้นฉบับ 1:25,000",ลดรายละเอียดเส้น 50 เมตรเพื่อแสดงผล; ไม่ใช้ระบุแนวเขตแปลง
84,สุราษฎร์ธานี,Lgu,ละงู,อ.ดอนสัก,ปานกลาง,กรดจัดถึงกรดเล็กน้อย,ดินร่วนปนดินเหนียว,"กรมพัฒนาที่ดิน · ปีผลิต 2561 · มาตราส่วนต้นฉบับ 1:25,000",ลดรายละเอียดเส้น 50 เมตรเพื่อแสดงผล; ไม่ใช้ระบุแนวเขตแปลง
84,สุราษฎร์ธานี,Ll,ลำภูรา,อ.ดอนสัก,ปานกลาง,กรดจัดมากถึงกรดเล็กน้อย,ดินร่วนปนดินเหนียว,"กรมพัฒนาที่ดิน · ปีผลิต 2561 · มาตราส่วนต้นฉบับ 1:25,000",ลดรายละเอียดเส้น 50 เมตรเพื่อแสดงผล; ไม่ใช้ระบุแนวเขตแปลง
84,สุราษฎร์ธานี,Mu,มูโน๊ะ,อ.ดอนสัก,ปานกลาง,กรดจัดมาก,ดินร่วนเหนียวปนทรายแป้ง,"กรมพัฒนาที่ดิน · ปีผลิต 2561 · มาตราส่วนต้นฉบับ 1:25,000",ลดรายละเอียดเส้น 50 เมตรเพื่อแสดงผล; ไม่ใช้ระบุแนวเขตแปลง
84,สุราษฎร์ธานี,Nat,นาทวี,อ.ดอนสัก,ต่ำ,กรดจัดมาก,ดินร่วนปนทราย,"กรมพัฒนาที่ดิน · ปีผลิต 2561 · มาตราส่วนต้นฉบับ 1:25,000",ลดรายละเอียดเส้น 50 เมตรเพื่อแสดงผล; ไม่ใช้ระบุแนวเขตแปลง
84,สุราษฎร์ธานี,Nok,หนองคล้า,อ.ดอนสัก,ต่ำ,กรดจัดมากถึงกรดปานกลาง,ดินร่วนเหนียวปนกรวด,"กรมพัฒนาที่ดิน · ปีผลิต 2561 · มาตราส่วนต้นฉบับ 1:25,000",ลดรายละเอียดเส้น 50 เมตรเพื่อแสดงผล; ไม่ใช้ระบุแนวเขตแปลง
84,สุราษฎร์ธานี,Ntm,นาท่าม,อ.ดอนสัก,ต่ำ,กรดจัดมากถึงกรดจัด,ดินร่วน,"กรมพัฒนาที่ดิน · ปีผลิต 2561 · มาตราส่วนต้นฉบับ 1:25,000",ลดรายละเอียดเส้น 50 เมตรเพื่อแสดงผล; ไม่ใช้ระบุแนวเขตแปลง
84,สุราษฎร์ธานี,Ntn,นาทอน,อ.ดอนสัก,ต่ำ,กรดจัดมากถึงกรดจัด,ดินร่วนปนดินเหนียว,"กรมพัฒนาที่ดิน · ปีผลิต 2561 · มาตราส่วนต้นฉบับ 1:25,000",ลดรายละเอียดเส้น 50 เมตรเพื่อแสดงผล; ไม่ใช้ระบุแนวเขตแปลง
84,สุราษฎร์ธานี,Ntn,นาทอน,อ.ดอนสัก,ต่ำ,กรดจัดมากถึงกรดจัด,ดินร่วนเหนียวปนกรวด,"กรมพัฒนาที่ดิน · ปีผลิต 2561 · มาตราส่วนต้นฉบับ 1:25,000",ลดรายละเอียดเส้น 50 เมตรเพื่อแสดงผล; ไม่ใช้ระบุแนวเขตแปลง
84,สุราษฎร์ธานี,Ntn,นาทอน,อ.ดอนสัก,ต่ำ,กรดจัดมาก,ดินร่วนเหนียวปนกรวด,"กรมพัฒนาที่ดิน · ปีผลิต 2561 · มาตราส่วนต้นฉบับ 1:25,000",ลดรายละเอียดเส้น 50 เมตรเพื่อแสดงผล; ไม่ใช้ระบุแนวเขตแปลง
84,สุราษฎร์ธานี,Pac,ปากจั่น,อ.ดอนสัก,ปานกลาง,กรดปานกลางถึงเป็นกลาง,ดินร่วนปนดินเหนียว,"กรมพัฒนาที่ดิน · ปีผลิต 2561 · มาตราส่วนต้นฉบับ 1:25,000",ลดรายละเอียดเส้น 50 เมตรเพื่อแสดงผล; ไม่ใช้ระบุแนวเขตแปลง
84,สุราษฎร์ธานี,Pkm,ปากคม,อ.ดอนสัก,ต่ำ,กรดจัดมากถึงกรดจัด,ดินร่วนเหนียวปนทราย,"กรมพัฒนาที่ดิน · ปีผลิต 2561 · มาตราส่วนต้นฉบับ 1:25,000",ลดรายละเอียดเส้น 50 เมตรเพื่อแสดงผล; ไม่ใช้ระบุแนวเขตแปลง
84,สุราษฎร์ธานี,Pkm,ปากคม,อ.ดอนสัก,ต่ำ,กรดจัดมากถึงกรดจัด,ดินร่วนปนทราย,"กรมพัฒนาที่ดิน · ปีผลิต 2561 · มาตราส่วนต้นฉบับ 1:25,000",ลดรายละเอียดเส้น 50 เมตรเพื่อแสดงผล; ไม่ใช้ระบุแนวเขตแปลง
84,สุราษฎร์ธานี,Ppn,ปากพนัง,อ.ดอนสัก,ปานกลาง,กรดจัดถึงด่างปานกลาง,ดินเหนียว,"กรมพัฒนาที่ดิน · ปีผลิต 2561 · มาตราส่วนต้นฉบับ 1:25,000",ลดรายละเอียดเส้น 50 เมตรเพื่อแสดงผล; ไม่ใช้ระบุแนวเขตแปลง
84,สุราษฎร์ธานี,Ptl,พัทลุง,อ.ดอนสัก,ต่ำ,กรดจัดถึงกรดเล็กน้อย,ดินร่วนเหนียวปนทรายแป้ง,"กรมพัฒนาที่ดิน · ปีผลิต 2561 · มาตราส่วนต้นฉบับ 1:25,000",ลดรายละเอียดเส้น 50 เมตรเพื่อแสดงผล; ไม่ใช้ระบุแนวเขตแปลง
84,สุราษฎร์ธานี,Pto,พะโต๊ะ,อ.ดอนสัก,ต่ำ,กรดจัดถึงกรดเล็กน้อย,ดินร่วนปนทราย,"กรมพัฒนาที่ดิน · ปีผลิต 2561 · มาตราส่วนต้นฉบับ 1:25,000",ลดรายละเอียดเส้น 50 เมตรเพื่อแสดงผล; ไม่ใช้ระบุแนวเขตแปลง
84,สุราษฎร์ธานี,Pto-Rg,หน่วยเชิงซ้อนของชุดดินพะโต๊ะและชุดดินระนอง,อ.ดอนสัก,ต่ำ,กรดจัดมากถึงกรดเล็กน้อย,ดินร่วนปนทราย,"กรมพัฒนาที่ดิน · ปีผลิต 2561 · มาตราส่วนต้นฉบับ 1:25,000",ลดรายละเอียดเส้น 50 เมตรเพื่อแสดงผล; ไม่ใช้ระบุแนวเขตแปลง
84,สุราษฎร์ธานี,Ran,ระโนด,อ.ดอนสัก,ปานกลาง,กรดจัดถึงกรดเล็กน้อย,ดินเหนียวปนทรายแป้ง,"กรมพัฒนาที่ดิน · ปีผลิต 2561 · มาตราส่วนต้นฉบับ 1:25,000",ลดรายละเอียดเส้น 50 เมตรเพื่อแสดงผล; ไม่ใช้ระบุแนวเขตแปลง
84,สุราษฎร์ธานี,Ro,รือเสาะ,อ.ดอนสัก,ปานกลาง,กรดจัดมากถึงกรดปานกลาง,ดินร่วนปนทรายแป้ง,"กรมพัฒนาที่ดิน · ปีผลิต 2561 · มาตราส่วนต้นฉบับ 1:25,000",ลดรายละเอียดเส้น 50 เมตรเพื่อแสดงผล; ไม่ใช้ระบุแนวเขตแปลง
84,สุราษฎร์ธานี,SC,ที่ลาดชันเชิงซ้อน,อ.ดอนสัก,-,,,"กรมพัฒนาที่ดิน · ปีผลิต 2561 · มาตราส่วนต้นฉบับ 1:25,000",ลดรายละเอียดเส้น 50 เมตรเพื่อแสดงผล; ไม่ใช้ระบุแนวเขตแปลง
84,สุราษฎร์ธานี,Tc,ท่าจีน,อ.ดอนสัก,สูง,กรดเล็กน้อยถึงเป็นกลาง,ดินร่วนเหนียวปนทรายแป้ง,"กรมพัฒนาที่ดิน · ปีผลิต 2561 · มาตราส่วนต้นฉบับ 1:25,000",ลดรายละเอียดเส้น 50 เมตรเพื่อแสดงผล; ไม่ใช้ระบุแนวเขตแปลง
84,สุราษฎร์ธานี,Td,ตราด,อ.ดอนสัก,ต่ำ,กรดจัดมากถึงกรดจัด,ดินร่วนปนดินเหนียว,"กรมพัฒนาที่ดิน · ปีผลิต 2561 · มาตราส่วนต้นฉบับ 1:25,000",ลดรายละเอียดเส้น 50 เมตรเพื่อแสดงผล; ไม่ใช้ระบุแนวเขตแปลง
84,สุราษฎร์ธานี,Te,ท่าแซะ,อ.ดอนสัก,ต่ำ,กรดจัดมากถึงกรดจัด,ดินร่วนปนทราย,"กรมพัฒนาที่ดิน · ปีผลิต 2561 · มาตราส่วนต้นฉบับ 1:25,000",ลดรายละเอียดเส้น 50 เมตรเพื่อแสดงผล; ไม่ใช้ระบุแนวเขตแปลง
84,สุราษฎร์ธานี,W,พื้นที่น้ำ,อ.ดอนสัก,-,,,"กรมพัฒนาที่ดิน · ปีผลิต 2561 · มาตราส่วนต้นฉบับ 1:25,000",ลดรายละเอียดเส้น 50 เมตรเพื่อแสดงผล; ไม่ใช้ระบุแนวเขตแปลง
84,สุราษฎร์ธานี,AC,ตะกอนน้ำพาเชิงซ้อน,อ.ท่าฉาง,ปานกลาง,กรดจัดมากถึงกรดเล็กน้อย,ดินร่วนปนทราย,"กรมพัฒนาที่ดิน · ปีผลิต 2561 · มาตราส่วนต้นฉบับ 1:25,000",ลดรายละเอียดเส้น 50 เมตรเพื่อแสดงผล; ไม่ใช้ระบุแนวเขตแปลง
84,สุราษฎร์ธานี,Bu,สายบุรี,อ.ท่าฉาง,ต่ำ,กรดจัดมากถึงกรดปานกลาง,ดินร่วนปนทรายแป้ง,"กรมพัฒนาที่ดิน · ปีผลิต 2561 · มาตราส่วนต้นฉบับ 1:25,000",ลดรายละเอียดเส้น 50 เมตรเพื่อแสดงผล; ไม่ใช้ระบุแนวเขตแปลง
84,สุราษฎร์ธานี,Cp,ชุมพร,อ.ท่าฉาง,ต่ำ,กรดจัดมากถึงกรดปานกลาง,ดินร่วนปนทราย,"กรมพัฒนาที่ดิน · ปีผลิต 2561 · มาตราส่วนต้นฉบับ 1:25,000",ลดรายละเอียดเส้น 50 เมตรเพื่อแสดงผล; ไม่ใช้ระบุแนวเขตแปลง
84,สุราษฎร์ธานี,Cya,ไขยา,อ.ท่าฉาง,ต่ำ,กรดจัดถึงกรดเล็กน้อย,ดินร่วนปนทราย,"กรมพัฒนาที่ดิน · ปีผลิต 2561 · มาตราส่วนต้นฉบับ 1:25,000",ลดรายละเอียดเส้น 50 เมตรเพื่อแสดงผล; ไม่ใช้ระบุแนวเขตแปลง
84,สุราษฎร์ธานี,Cya,ไขยา,อ.ท่าฉาง,ต่ำ,กรดจัดถึงกรดเล็กน้อย,ดินทรายปนดินร่วน,"กรมพัฒนาที่ดิน · ปีผลิต 2561 · มาตราส่วนต้นฉบับ 1:25,000",ลดรายละเอียดเส้น 50 เมตรเพื่อแสดงผล; ไม่ใช้ระบุแนวเขตแปลง
84,สุราษฎร์ธานี,Fd,ฝั่งแดง,อ.ท่าฉาง,ต่ำ,กรดจัดมากถึงกรดจัด,ดินร่วนปนทราย,"กรมพัฒนาที่ดิน · ปีผลิต 2561 · มาตราส่วนต้นฉบับ 1:25,000",ลดรายละเอียดเส้น 50 เมตรเพื่อแสดงผล; ไม่ใช้ระบุแนวเขตแปลง
84,สุราษฎร์ธานี,Ho,ห้วยยอด,อ.ท่าฉาง,ต่ำ,กรดจัดมาก,ดินร่วนเหนียวปนกรวด,"กรมพัฒนาที่ดิน · ปีผลิต 2561 · มาตราส่วนต้นฉบับ 1:25,000",ลดรายละเอียดเส้น 50 เมตรเพื่อแสดงผล; ไม่ใช้ระบุแนวเขตแปลง
84,สุราษฎร์ธานี,Kh,คอหงษ์,อ.ท่าฉาง,ต่ำ,กรดจัดมาก,ดินร่วนปนทราย,"กรมพัฒนาที่ดิน · ปีผลิต 2561 · มาตราส่วนต้นฉบับ 1:25,000",ลดรายละเอียดเส้น 50 เมตรเพื่อแสดงผล; ไม่ใช้ระบุแนวเขตแปลง
84,สุราษฎร์ธานี,Kkl,ควนกาหลง,อ.ท่าฉาง,ต่ำ,กรดจัดมากถึงกรดจัด,ดินร่วนปนทราย,"กรมพัฒนาที่ดิน · ปีผลิต 2561 · มาตราส่วนต้นฉบับ 1:25,000",ลดรายละเอียดเส้น 50 เมตรเพื่อแสดงผล; ไม่ใช้ระบุแนวเขตแปลง
84,สุราษฎร์ธานี,Km,คลองท่อม,อ.ท่าฉาง,ต่ำ,กรดจัดมากถึงกรดจัด,ดินร่วนปนทราย,"กรมพัฒนาที่ดิน · ปีผลิต 2561 · มาตราส่วนต้นฉบับ 1:25,000",ลดรายละเอียดเส้น 50 เมตรเพื่อแสดงผล; ไม่ใช้ระบุแนวเขตแปลง
84,สุราษฎร์ธานี,Knk,คลองนกกระทุง,อ.ท่าฉาง,ต่ำ,กรดจัดมากถึงกรดจัด,ดินร่วนปนทราย,"กรมพัฒนาที่ดิน · ปีผลิต 2561 · มาตราส่วนต้นฉบับ 1:25,000",ลดรายละเอียดเส้น 50 เมตรเพื่อแสดงผล; ไม่ใช้ระบุแนวเขตแปลง
84,สุราษฎร์ธานี,Mu,มูโน๊ะ,อ.ท่าฉาง,ปานกลาง,กรดจัดมาก,ดินร่วนเหนียวปนทรายแป้ง,"กรมพัฒนาที่ดิน · ปีผลิต 2561 · มาตราส่วนต้นฉบับ 1:25,000",ลดรายละเอียดเส้น 50 เมตรเพื่อแสดงผล; ไม่ใช้ระบุแนวเขตแปลง
84,สุราษฎร์ธานี,Nat,นาทวี,อ.ท่าฉาง,ต่ำ,กรดจัดมาก,ดินร่วนปนทราย,"กรมพัฒนาที่ดิน · ปีผลิต 2561 · มาตราส่วนต้นฉบับ 1:25,000",ลดรายละเอียดเส้น 50 เมตรเพื่อแสดงผล; ไม่ใช้ระบุแนวเขตแปลง
84,สุราษฎร์ธานี,Pad,ปาดังเบซาร์,อ.ท่าฉาง,ต่ำ,กรดจัดมากถึงกรดจัด,ดินร่วนปนทราย,"กรมพัฒนาที่ดิน · ปีผลิต 2561 · มาตราส่วนต้นฉบับ 1:25,000",ลดรายละเอียดเส้น 50 เมตรเพื่อแสดงผล; ไม่ใช้ระบุแนวเขตแปลง
84,สุราษฎร์ธานี,Pkm,ปากคม,อ.ท่าฉาง,ต่ำ,กรดจัดมากถึงกรดจัด,ดินร่วนเหนียวปนทราย,"กรมพัฒนาที่ดิน · ปีผลิต 2561 · มาตราส่วนต้นฉบับ 1:25,000",ลดรายละเอียดเส้น 50 เมตรเพื่อแสดงผล; ไม่ใช้ระบุแนวเขตแปลง
84,สุราษฎร์ธานี,Pkm,ปากคม,อ.ท่าฉาง,ต่ำ,กรดจัดมากถึงกรดจัด,ดินร่วนปนทราย,"กรมพัฒนาที่ดิน · ปีผลิต 2561 · มาตราส่วนต้นฉบับ 1:25,000",ลดรายละเอียดเส้น 50 เมตรเพื่อแสดงผล; ไม่ใช้ระบุแนวเขตแปลง
84,สุราษฎร์ธานี,Ptl,พัทลุง,อ.ท่าฉาง,ต่ำ,กรดจัดถึงกรดเล็กน้อย,ดินร่วนเหนียวปนทรายแป้ง,"กรมพัฒนาที่ดิน · ปีผลิต 2561 · มาตราส่วนต้นฉบับ 1:25,000",ลดรายละเอียดเส้น 50 เมตรเพื่อแสดงผล; ไม่ใช้ระบุแนวเขตแปลง
84,สุราษฎร์ธานี,Pto,พะโต๊ะ,อ.ท่าฉาง,ต่ำ,กรดจัดถึงกรดเล็กน้อย,ดินร่วนปนทราย,"กรมพัฒนาที่ดิน · ปีผลิต 2561 · มาตราส่วนต้นฉบับ 1:25,000",ลดรายละเอียดเส้น 50 เมตรเพื่อแสดงผล; ไม่ใช้ระบุแนวเขตแปลง
84,สุราษฎร์ธานี,Pto,พะโต๊ะ,อ.ท่าฉาง,ต่ำ,กรดจัดมากถึงกรดเล็กน้อย,ดินร่วนปนทราย,"กรมพัฒนาที่ดิน · ปีผลิต 2561 · มาตราส่วนต้นฉบับ 1:25,000",ลดรายละเอียดเส้น 50 เมตรเพื่อแสดงผล; ไม่ใช้ระบุแนวเขตแปลง
84,สุราษฎร์ธานี,Ra,ระแงะ,อ.ท่าฉาง,ต่ำ,กรดจัดมาก,ดินร่วนเหนียวปนทรายแป้ง,"กรมพัฒนาที่ดิน · ปีผลิต 2561 · มาตราส่วนต้นฉบับ 1:25,000",ลดรายละเอียดเส้น 50 เมตรเพื่อแสดงผล; ไม่ใช้ระบุแนวเขตแปลง
84,สุราษฎร์ธานี,Ran,ระโนด,อ.ท่าฉาง,ปานกลาง,กรดจัดถึงกรดเล็กน้อย,ดินเหนียวปนทรายแป้ง,"กรมพัฒนาที่ดิน · ปีผลิต 2561 · มาตราส่วนต้นฉบับ 1:25,000",ลดรายละเอียดเส้น 50 เมตรเพื่อแสดงผล; ไม่ใช้ระบุแนวเขตแปลง
84,สุราษฎร์ธานี,Rg,ระนอง,อ.ท่าฉาง,ต่ำ,กรดจัดมาก,ดินร่วนปนทรายปนกรวด,"กรมพัฒนาที่ดิน · ปีผลิต 2561 · มาตราส่วนต้นฉบับ 1:25,000",ลดรายละเอียดเส้น 50 เมตรเพื่อแสดงผล; ไม่ใช้ระบุแนวเขตแปลง
84,สุราษฎร์ธานี,Ro,รือเสาะ,อ.ท่าฉาง,ปานกลาง,กรดจัดมากถึงกรดปานกลาง,ดินร่วนปนทรายแป้ง,"กรมพัฒนาที่ดิน · ปีผลิต 2561 · มาตราส่วนต้นฉบับ 1:25,000",ลดรายละเอียดเส้น 50 เมตรเพื่อแสดงผล; ไม่ใช้ระบุแนวเขตแปลง
84,สุราษฎร์ธานี,SC,ที่ลาดชันเชิงซ้อน,อ.ท่าฉาง,-,,,"กรมพัฒนาที่ดิน · ปีผลิต 2561 · มาตราส่วนต้นฉบับ 1:25,000",ลดรายละเอียดเส้น 50 เมตรเพื่อแสดงผล; ไม่ใช้ระบุแนวเขตแปลง
84,สุราษฎร์ธานี,Sd,สะเดา,อ.ท่าฉาง,ต่ำ,กรดจัดมาก,ดินร่วนปนทราย,"กรมพัฒนาที่ดิน · ปีผลิต 2561 · มาตราส่วนต้นฉบับ 1:25,000",ลดรายละเอียดเส้น 50 เมตรเพื่อแสดงผล; ไม่ใช้ระบุแนวเขตแปลง
84,สุราษฎร์ธานี,Sw,สวี,อ.ท่าฉาง,ต่ำ,กรดจัดถึงกรดเล็กน้อย,ดินร่วนปนทราย,"กรมพัฒนาที่ดิน · ปีผลิต 2561 · มาตราส่วนต้นฉบับ 1:25,000",ลดรายละเอียดเส้น 50 เมตรเพื่อแสดงผล; ไม่ใช้ระบุแนวเขตแปลง
84,สุราษฎร์ธานี,Ta,ตากใบ,อ.ท่าฉาง,ต่ำ,กรดจัดมากถึงกรดปานกลาง,ดินร่วนปนทรายแป้ง,"กรมพัฒนาที่ดิน · ปีผลิต 2561 · มาตราส่วนต้นฉบับ 1:25,000",ลดรายละเอียดเส้น 50 เมตรเพื่อแสดงผล; ไม่ใช้ระบุแนวเขตแปลง
84,สุราษฎร์ธานี,Tac,ท่าฉาง,อ.ท่าฉาง,ต่ำ,กรดจัดมากถึงกรดปานกลาง,ดินร่วนปนทราย,"กรมพัฒนาที่ดิน · ปีผลิต 2561 · มาตราส่วนต้นฉบับ 1:25,000",ลดรายละเอียดเส้น 50 เมตรเพื่อแสดงผล; ไม่ใช้ระบุแนวเขตแปลง
84,สุราษฎร์ธานี,Te,ท่าแซะ,อ.ท่าฉาง,ต่ำ,กรดจัดมากถึงกรดจัด,ดินร่วนปนทราย,"กรมพัฒนาที่ดิน · ปีผลิต 2561 · มาตราส่วนต้นฉบับ 1:25,000",ลดรายละเอียดเส้น 50 เมตรเพื่อแสดงผล; ไม่ใช้ระบุแนวเขตแปลง
84,สุราษฎร์ธานี,Tg,ทุ่งหว้า,อ.ท่าฉาง,ต่ำ,กรดจัดมาก,ดินร่วนปนทราย,"กรมพัฒนาที่ดิน · ปีผลิต 2561 · มาตราส่วนต้นฉบับ 1:25,000",ลดรายละเอียดเส้น 50 เมตรเพื่อแสดงผล; ไม่ใช้ระบุแนวเขตแปลง
84,สุราษฎร์ธานี,Tg,ทุ่งหว้า,อ.ท่าฉาง,ต่ำ,กรดจัดมากถึงกรดจัด,ดินร่วนปนทราย,"กรมพัฒนาที่ดิน · ปีผลิต 2561 · มาตราส่วนต้นฉบับ 1:25,000",ลดรายละเอียดเส้น 50 เมตรเพื่อแสดงผล; ไม่ใช้ระบุแนวเขตแปลง
84,สุราษฎร์ธานี,Tim,ท้ายเหมือง,อ.ท่าฉาง,ต่ำ,กรดจัดมากถึงกรดเล็กน้อย,ดินร่วนเหนียวปนทราย,"กรมพัฒนาที่ดิน · ปีผลิต 2561 · มาตราส่วนต้นฉบับ 1:25,000",ลดรายละเอียดเส้น 50 เมตรเพื่อแสดงผล; ไม่ใช้ระบุแนวเขตแปลง
84,สุราษฎร์ธานี,Tkt,ตะกั่วทุ่ง,อ.ท่าฉาง,สูง,กรดปานกลางถึงด่างปานกลาง,ดินร่วนเหนียวปนทรายแป้ง,"กรมพัฒนาที่ดิน · ปีผลิต 2561 · มาตราส่วนต้นฉบับ 1:25,000",ลดรายละเอียดเส้น 50 เมตรเพื่อแสดงผล; ไม่ใช้ระบุแนวเขตแปลง
84,สุราษฎร์ธานี,Tkt,ตะกั่วทุ่ง,อ.ท่าฉาง,สูง,กรดปานกลางถึงด่างปานกลาง,ดินร่วนปนทรายแป้ง,"กรมพัฒนาที่ดิน · ปีผลิต 2561 · มาตราส่วนต้นฉบับ 1:25,000",ลดรายละเอียดเส้น 50 เมตรเพื่อแสดงผล; ไม่ใช้ระบุแนวเขตแปลง
84,สุราษฎร์ธานี,Tsl,ท่าศาลา,อ.ท่าฉาง,ต่ำ,กรดจัดถึงกรดเล็กน้อย,ดินร่วนปนดินเหนียว,"กรมพัฒนาที่ดิน · ปีผลิต 2561 · มาตราส่วนต้นฉบับ 1:25,000",ลดรายละเอียดเส้น 50 เมตรเพื่อแสดงผล; ไม่ใช้ระบุแนวเขตแปลง
84,สุราษฎร์ธานี,Vi,วิสัย,อ.ท่าฉาง,ต่ำ,กรดจัดมากถึงกรดปานกลาง,ดินร่วนปนทราย,"กรมพัฒนาที่ดิน · ปีผลิต 2561 · มาตราส่วนต้นฉบับ 1:25,000",ลดรายละเอียดเส้น 50 เมตรเพื่อแสดงผล; ไม่ใช้ระบุแนวเขตแปลง
84,สุราษฎร์ธานี,W,พื้นที่น้ำ,อ.ท่าฉาง,-,,,"กรมพัฒนาที่ดิน · ปีผลิต 2561 · มาตราส่วนต้นฉบับ 1:25,000",ลดรายละเอียดเส้น 50 เมตรเพื่อแสดงผล; ไม่ใช้ระบุแนวเขตแปลง
84,สุราษฎร์ธานี,AC,ตะกอนน้ำพาเชิงซ้อน,อ.ท่าชนะ,ปานกลาง,กรดจัดมากถึงกรดเล็กน้อย,ดินร่วนปนทราย,"กรมพัฒนาที่ดิน · ปีผลิต 2561 · มาตราส่วนต้นฉบับ 1:25,000",ลดรายละเอียดเส้น 50 เมตรเพื่อแสดงผล; ไม่ใช้ระบุแนวเขตแปลง
84,สุราษฎร์ธานี,Bc,บาเจาะ,อ.ท่าชนะ,ต่ำ,กรดจัดมากถึงกรดเล็กน้อย,ดินทรายปนดินร่วน,"กรมพัฒนาที่ดิน · ปีผลิต 2561 · มาตราส่วนต้นฉบับ 1:25,000",ลดรายละเอียดเส้น 50 เมตรเพื่อแสดงผล; ไม่ใช้ระบุแนวเขตแปลง
84,สุราษฎร์ธานี,Bh,บ้านทอน,อ.ท่าชนะ,ต่ำ,กรดจัดมากถึงกรดปานกลาง,ดินทรายปนดินร่วน,"กรมพัฒนาที่ดิน · ปีผลิต 2561 · มาตราส่วนต้นฉบับ 1:25,000",ลดรายละเอียดเส้น 50 เมตรเพื่อแสดงผล; ไม่ใช้ระบุแนวเขตแปลง
84,สุราษฎร์ธานี,Blm,บางละมุง,อ.ท่าชนะ,ต่ำ,กรดจัดมากถึงกรดจัด,ดินร่วนปนทราย,"กรมพัฒนาที่ดิน · ปีผลิต 2561 · มาตราส่วนต้นฉบับ 1:25,000",ลดรายละเอียดเส้น 50 เมตรเพื่อแสดงผล; ไม่ใช้ระบุแนวเขตแปลง
84,สุราษฎร์ธานี,Bu,สายบุรี,อ.ท่าชนะ,ต่ำ,กรดจัดมากถึงกรดปานกลาง,ดินร่วนปนทรายแป้ง,"กรมพัฒนาที่ดิน · ปีผลิต 2561 · มาตราส่วนต้นฉบับ 1:25,000",ลดรายละเอียดเส้น 50 เมตรเพื่อแสดงผล; ไม่ใช้ระบุแนวเขตแปลง
84,สุราษฎร์ธานี,Chl,ฉลอง,อ.ท่าชนะ,ต่ำ,กรดจัดมากถึงกรดจัด,ดินร่วนปนทราย,"กรมพัฒนาที่ดิน · ปีผลิต 2561 · มาตราส่วนต้นฉบับ 1:25,000",ลดรายละเอียดเส้น 50 เมตรเพื่อแสดงผล; ไม่ใช้ระบุแนวเขตแปลง
84,สุราษฎร์ธานี,Cya,ไขยา,อ.ท่าชนะ,ต่ำ,กรดจัดถึงกรดเล็กน้อย,ดินร่วนปนทราย,"กรมพัฒนาที่ดิน · ปีผลิต 2561 · มาตราส่วนต้นฉบับ 1:25,000",ลดรายละเอียดเส้น 50 เมตรเพื่อแสดงผล; ไม่ใช้ระบุแนวเขตแปลง
84,สุราษฎร์ธานี,Fd,ฝั่งแดง,อ.ท่าชนะ,ต่ำ,กรดจัดมากถึงกรดจัด,ดินร่วนปนทราย,"กรมพัฒนาที่ดิน · ปีผลิต 2561 · มาตราส่วนต้นฉบับ 1:25,000",ลดรายละเอียดเส้น 50 เมตรเพื่อแสดงผล; ไม่ใช้ระบุแนวเขตแปลง
84,สุราษฎร์ธานี,Hh,หัวหิน,อ.ท่าชนะ,ต่ำ,กรดปานกลางถึงด่างปานกลาง,ดินทรายปนดินร่วน,"กรมพัฒนาที่ดิน · ปีผลิต 2561 · มาตราส่วนต้นฉบับ 1:25,000",ลดรายละเอียดเส้น 50 เมตรเพื่อแสดงผล; ไม่ใช้ระบุแนวเขตแปลง
84,สุราษฎร์ธานี,Kh,คอหงษ์,อ.ท่าชนะ,ต่ำ,กรดจัดมาก,ดินร่วนปนทราย,"กรมพัฒนาที่ดิน · ปีผลิต 2561 · มาตราส่วนต้นฉบับ 1:25,000",ลดรายละเอียดเส้น 50 เมตรเพื่อแสดงผล; ไม่ใช้ระบุแนวเขตแปลง
84,สุราษฎร์ธานี,Kh,คอหงษ์,อ.ท่าชนะ,ต่ำ,กรดจัดมาก,ดินทรายปนดินร่วน,"กรมพัฒนาที่ดิน · ปีผลิต 2561 · มาตราส่วนต้นฉบับ 1:25,000",ลดรายละเอียดเส้น 50 เมตรเพื่อแสดงผล; ไม่ใช้ระบุแนวเขตแปลง
84,สุราษฎร์ธานี,Kkl,ควนกาหลง,อ.ท่าชนะ,ต่ำ,กรดจัดมากถึงกรดจัด,ดินร่วนปนทราย,"กรมพัฒนาที่ดิน · ปีผลิต 2561 · มาตราส่วนต้นฉบับ 1:25,000",ลดรายละเอียดเส้น 50 เมตรเพื่อแสดงผล; ไม่ใช้ระบุแนวเขตแปลง
84,สุราษฎร์ธานี,Km,คลองท่อม,อ.ท่าชนะ,ต่ำ,กรดจัดมากถึงกรดจัด,ดินร่วนปนทราย,"กรมพัฒนาที่ดิน · ปีผลิต 2561 · มาตราส่วนต้นฉบับ 1:25,000",ลดรายละเอียดเส้น 50 เมตรเพื่อแสดงผล; ไม่ใช้ระบุแนวเขตแปลง
84,สุราษฎร์ธานี,Knk,คลองนกกระทุง,อ.ท่าชนะ,ต่ำ,กรดจัดมากถึงกรดจัด,ดินร่วนปนทราย,"กรมพัฒนาที่ดิน · ปีผลิต 2561 · มาตราส่วนต้นฉบับ 1:25,000",ลดรายละเอียดเส้น 50 เมตรเพื่อแสดงผล; ไม่ใช้ระบุแนวเขตแปลง
84,สุราษฎร์ธานี,Lgu,ละงู,อ.ท่าชนะ,ปานกลาง,กรดจัดถึงกรดเล็กน้อย,ดินร่วนปนดินเหนียว,"กรมพัฒนาที่ดิน · ปีผลิต 2561 · มาตราส่วนต้นฉบับ 1:25,000",ลดรายละเอียดเส้น 50 เมตรเพื่อแสดงผล; ไม่ใช้ระบุแนวเขตแปลง
84,สุราษฎร์ธานี,Nat,นาทวี,อ.ท่าชนะ,ต่ำ,กรดจัดมาก,ดินร่วนปนทราย,"กรมพัฒนาที่ดิน · ปีผลิต 2561 · มาตราส่วนต้นฉบับ 1:25,000",ลดรายละเอียดเส้น 50 เมตรเพื่อแสดงผล; ไม่ใช้ระบุแนวเขตแปลง
84,สุราษฎร์ธานี,Pga,พังงา,อ.ท่าชนะ,ต่ำ,กรดจัดมากถึงกรดเล็กน้อย,ดินร่วนปนทราย,"กรมพัฒนาที่ดิน · ปีผลิต 2561 · มาตราส่วนต้นฉบับ 1:25,000",ลดรายละเอียดเส้น 50 เมตรเพื่อแสดงผล; ไม่ใช้ระบุแนวเขตแปลง
84,สุราษฎร์ธานี,Pkm,ปากคม,อ.ท่าชนะ,ต่ำ,กรดจัดมากถึงกรดจัด,ดินร่วนเหนียวปนทราย,"กรมพัฒนาที่ดิน · ปีผลิต 2561 · มาตราส่วนต้นฉบับ 1:25,000",ลดรายละเอียดเส้น 50 เมตรเพื่อแสดงผล; ไม่ใช้ระบุแนวเขตแปลง
84,สุราษฎร์ธานี,Pkm,ปากคม,อ.ท่าชนะ,ต่ำ,กรดจัดมากถึงกรดจัด,ดินร่วนปนทราย,"กรมพัฒนาที่ดิน · ปีผลิต 2561 · มาตราส่วนต้นฉบับ 1:25,000",ลดรายละเอียดเส้น 50 เมตรเพื่อแสดงผล; ไม่ใช้ระบุแนวเขตแปลง
84,สุราษฎร์ธานี,Ptl,พัทลุง,อ.ท่าชนะ,ต่ำ,กรดจัดถึงกรดเล็กน้อย,ดินร่วนเหนียวปนทรายแป้ง,"กรมพัฒนาที่ดิน · ปีผลิต 2561 · มาตราส่วนต้นฉบับ 1:25,000",ลดรายละเอียดเส้น 50 เมตรเพื่อแสดงผล; ไม่ใช้ระบุแนวเขตแปลง
84,สุราษฎร์ธานี,Pto,พะโต๊ะ,อ.ท่าชนะ,ต่ำ,กรดจัดถึงกรดเล็กน้อย,ดินร่วนปนทราย,"กรมพัฒนาที่ดิน · ปีผลิต 2561 · มาตราส่วนต้นฉบับ 1:25,000",ลดรายละเอียดเส้น 50 เมตรเพื่อแสดงผล; ไม่ใช้ระบุแนวเขตแปลง
84,สุราษฎร์ธานี,Pto,พะโต๊ะ,อ.ท่าชนะ,ต่ำ,กรดจัดมากถึงกรดเล็กน้อย,ดินร่วนปนทราย,"กรมพัฒนาที่ดิน · ปีผลิต 2561 · มาตราส่วนต้นฉบับ 1:25,000",ลดรายละเอียดเส้น 50 เมตรเพื่อแสดงผล; ไม่ใช้ระบุแนวเขตแปลง
84,สุราษฎร์ธานี,Ra,ระแงะ,อ.ท่าชนะ,ต่ำ,กรดจัดมาก,ดินร่วนเหนียวปนทรายแป้ง,"กรมพัฒนาที่ดิน · ปีผลิต 2561 · มาตราส่วนต้นฉบับ 1:25,000",ลดรายละเอียดเส้น 50 เมตรเพื่อแสดงผล; ไม่ใช้ระบุแนวเขตแปลง
84,สุราษฎร์ธานี,Rg,ระนอง,อ.ท่าชนะ,ต่ำ,กรดจัดมาก,ดินร่วนปนทรายปนกรวด,"กรมพัฒนาที่ดิน · ปีผลิต 2561 · มาตราส่วนต้นฉบับ 1:25,000",ลดรายละเอียดเส้น 50 เมตรเพื่อแสดงผล; ไม่ใช้ระบุแนวเขตแปลง
84,สุราษฎร์ธานี,Ro,รือเสาะ,อ.ท่าชนะ,ปานกลาง,กรดจัดมากถึงกรดปานกลาง,ดินร่วนปนทรายแป้ง,"กรมพัฒนาที่ดิน · ปีผลิต 2561 · มาตราส่วนต้นฉบับ 1:25,000",ลดรายละเอียดเส้น 50 เมตรเพื่อแสดงผล; ไม่ใช้ระบุแนวเขตแปลง
84,สุราษฎร์ธานี,SC,ที่ลาดชันเชิงซ้อน,อ.ท่าชนะ,-,,,"กรมพัฒนาที่ดิน · ปีผลิต 2561 · มาตราส่วนต้นฉบับ 1:25,000",ลดรายละเอียดเส้น 50 เมตรเพื่อแสดงผล; ไม่ใช้ระบุแนวเขตแปลง
84,สุราษฎร์ธานี,Sd,สะเดา,อ.ท่าชนะ,ต่ำ,กรดจัดมาก,ดินร่วนปนทราย,"กรมพัฒนาที่ดิน · ปีผลิต 2561 · มาตราส่วนต้นฉบับ 1:25,000",ลดรายละเอียดเส้น 50 เมตรเพื่อแสดงผล; ไม่ใช้ระบุแนวเขตแปลง
84,สุราษฎร์ธานี,Sw,สวี,อ.ท่าชนะ,ต่ำ,กรดจัดถึงกรดเล็กน้อย,ดินร่วนปนทราย,"กรมพัฒนาที่ดิน · ปีผลิต 2561 · มาตราส่วนต้นฉบับ 1:25,000",ลดรายละเอียดเส้น 50 เมตรเพื่อแสดงผล; ไม่ใช้ระบุแนวเขตแปลง
84,สุราษฎร์ธานี,Tac,ท่าฉาง,อ.ท่าชนะ,ต่ำ,กรดจัดมากถึงกรดปานกลาง,ดินร่วนปนทราย,"กรมพัฒนาที่ดิน · ปีผลิต 2561 · มาตราส่วนต้นฉบับ 1:25,000",ลดรายละเอียดเส้น 50 เมตรเพื่อแสดงผล; ไม่ใช้ระบุแนวเขตแปลง
84,สุราษฎร์ธานี,Te,ท่าแซะ,อ.ท่าชนะ,ต่ำ,กรดจัดมากถึงกรดจัด,ดินร่วนปนทราย,"กรมพัฒนาที่ดิน · ปีผลิต 2561 · มาตราส่วนต้นฉบับ 1:25,000",ลดรายละเอียดเส้น 50 เมตรเพื่อแสดงผล; ไม่ใช้ระบุแนวเขตแปลง
84,สุราษฎร์ธานี,Tg,ทุ่งหว้า,อ.ท่าชนะ,ต่ำ,กรดจัดมาก,ดินร่วนปนทราย,"กรมพัฒนาที่ดิน · ปีผลิต 2561 · มาตราส่วนต้นฉบับ 1:25,000",ลดรายละเอียดเส้น 50 เมตรเพื่อแสดงผล; ไม่ใช้ระบุแนวเขตแปลง
84,สุราษฎร์ธานี,Tg,ทุ่งหว้า,อ.ท่าชนะ,ต่ำ,กรดจัดมากถึงกรดจัด,ดินร่วนปนทราย,"กรมพัฒนาที่ดิน · ปีผลิต 2561 · มาตราส่วนต้นฉบับ 1:25,000",ลดรายละเอียดเส้น 50 เมตรเพื่อแสดงผล; ไม่ใช้ระบุแนวเขตแปลง
84,สุราษฎร์ธานี,Tg,ทุ่งหว้า,อ.ท่าชนะ,ต่ำ,กรดจัดถึงกรดเล็กน้อย,ดินร่วนปนทราย,"กรมพัฒนาที่ดิน · ปีผลิต 2561 · มาตราส่วนต้นฉบับ 1:25,000",ลดรายละเอียดเส้น 50 เมตรเพื่อแสดงผล; ไม่ใช้ระบุแนวเขตแปลง
84,สุราษฎร์ธานี,Tkn,ตาขุน,อ.ท่าชนะ,ต่ำ,กรดจัดมากถึงกรดจัด,ดินร่วนปนทราย,"กรมพัฒนาที่ดิน · ปีผลิต 2561 · มาตราส่วนต้นฉบับ 1:25,000",ลดรายละเอียดเส้น 50 เมตรเพื่อแสดงผล; ไม่ใช้ระบุแนวเขตแปลง
84,สุราษฎร์ธานี,Tkt,ตะกั่วทุ่ง,อ.ท่าชนะ,สูง,กรดปานกลางถึงด่างปานกลาง,ดินร่วนเหนียวปนทรายแป้ง,"กรมพัฒนาที่ดิน · ปีผลิต 2561 · มาตราส่วนต้นฉบับ 1:25,000",ลดรายละเอียดเส้น 50 เมตรเพื่อแสดงผล; ไม่ใช้ระบุแนวเขตแปลง
84,สุราษฎร์ธานี,Tkt,ตะกั่วทุ่ง,อ.ท่าชนะ,สูง,กรดปานกลางถึงด่างปานกลาง,ดินร่วนปนทรายแป้ง,"กรมพัฒนาที่ดิน · ปีผลิต 2561 · มาตราส่วนต้นฉบับ 1:25,000",ลดรายละเอียดเส้น 50 เมตรเพื่อแสดงผล; ไม่ใช้ระบุแนวเขตแปลง
84,สุราษฎร์ธานี,Tsl,ท่าศาลา,อ.ท่าชนะ,ต่ำ,กรดจัดถึงกรดเล็กน้อย,ดินร่วนปนดินเหนียว,"กรมพัฒนาที่ดิน · ปีผลิต 2561 · มาตราส่วนต้นฉบับ 1:25,000",ลดรายละเอียดเส้น 50 เมตรเพื่อแสดงผล; ไม่ใช้ระบุแนวเขตแปลง
84,สุราษฎร์ธานี,Vi,วิสัย,อ.ท่าชนะ,ต่ำ,กรดจัดมากถึงกรดปานกลาง,ดินร่วนปนทราย,"กรมพัฒนาที่ดิน · ปีผลิต 2561 · มาตราส่วนต้นฉบับ 1:25,000",ลดรายละเอียดเส้น 50 เมตรเพื่อแสดงผล; ไม่ใช้ระบุแนวเขตแปลง
84,สุราษฎร์ธานี,W,พื้นที่น้ำ,อ.ท่าชนะ,-,,,"กรมพัฒนาที่ดิน · ปีผลิต 2561 · มาตราส่วนต้นฉบับ 1:25,000",ลดรายละเอียดเส้น 50 เมตรเพื่อแสดงผล; ไม่ใช้ระบุแนวเขตแปลง
84,สุราษฎร์ธานี,Wp,วัลเปรียง,อ.ท่าชนะ,ต่ำ,กรดปานกลางถึงเป็นกลาง,ดินทรายปนดินร่วน,"กรมพัฒนาที่ดิน · ปีผลิต 2561 · มาตราส่วนต้นฉบับ 1:25,000",ลดรายละเอียดเส้น 50 เมตรเพื่อแสดงผล; ไม่ใช้ระบุแนวเขตแปลง
84,สุราษฎร์ธานี,Wp,วัลเปรียง,อ.ท่าชนะ,ต่ำ,กรดปานกลางถึงเป็นกลาง,ดินร่วนปนทราย,"กรมพัฒนาที่ดิน · ปีผลิต 2561 · มาตราส่วนต้นฉบับ 1:25,000",ลดรายละเอียดเส้น 50 เมตรเพื่อแสดงผล; ไม่ใช้ระบุแนวเขตแปลง
84,สุราษฎร์ธานี,AC,ตะกอนน้ำพาเชิงซ้อน,อ.บ้านตาขุน,ปานกลาง,กรดจัดมากถึงกรดเล็กน้อย,ดินร่วนปนทราย,"กรมพัฒนาที่ดิน · ปีผลิต 2561 · มาตราส่วนต้นฉบับ 1:25,000",ลดรายละเอียดเส้น 50 เมตรเพื่อแสดงผล; ไม่ใช้ระบุแนวเขตแปลง
84,สุราษฎร์ธานี,Ak,ชุดดินอ่าวลึก,อ.บ้านตาขุน,ต่ำ,กรดจัดมากถึงกรดเล็กน้อย,ดินเหนียว,"กรมพัฒนาที่ดิน · ปีผลิต 2561 · มาตราส่วนต้นฉบับ 1:25,000",ลดรายละเอียดเส้น 50 เมตรเพื่อแสดงผล; ไม่ใช้ระบุแนวเขตแปลง
84,สุราษฎร์ธานี,Bu,สายบุรี,อ.บ้านตาขุน,ต่ำ,กรดจัดมากถึงกรดปานกลาง,ดินร่วนปนทรายแป้ง,"กรมพัฒนาที่ดิน · ปีผลิต 2561 · มาตราส่วนต้นฉบับ 1:25,000",ลดรายละเอียดเส้น 50 เมตรเพื่อแสดงผล; ไม่ใช้ระบุแนวเขตแปลง
84,สุราษฎร์ธานี,Fd,ฝั่งแดง,อ.บ้านตาขุน,ต่ำ,กรดจัดมากถึงกรดจัด,ดินร่วนปนทราย,"กรมพัฒนาที่ดิน · ปีผลิต 2561 · มาตราส่วนต้นฉบับ 1:25,000",ลดรายละเอียดเส้น 50 เมตรเพื่อแสดงผล; ไม่ใช้ระบุแนวเขตแปลง
84,สุราษฎร์ธานี,Kbi,กระบี่,อ.บ้านตาขุน,ปานกลาง,กรดจัดมากถึงกรดเล็กน้อย,ดินร่วนปนดินเหนียว,"กรมพัฒนาที่ดิน · ปีผลิต 2561 · มาตราส่วนต้นฉบับ 1:25,000",ลดรายละเอียดเส้น 50 เมตรเพื่อแสดงผล; ไม่ใช้ระบุแนวเขตแปลง
84,สุราษฎร์ธานี,Kh,คอหงษ์,อ.บ้านตาขุน,ต่ำ,กรดจัดมาก,ดินร่วนปนทราย,"กรมพัฒนาที่ดิน · ปีผลิต 2561 · มาตราส่วนต้นฉบับ 1:25,000",ลดรายละเอียดเส้น 50 เมตรเพื่อแสดงผล; ไม่ใช้ระบุแนวเขตแปลง
84,สุราษฎร์ธานี,Km,คลองท่อม,อ.บ้านตาขุน,ต่ำ,กรดจัดมากถึงกรดจัด,ดินร่วนปนทราย,"กรมพัฒนาที่ดิน · ปีผลิต 2561 · มาตราส่วนต้นฉบับ 1:25,000",ลดรายละเอียดเส้น 50 เมตรเพื่อแสดงผล; ไม่ใช้ระบุแนวเขตแปลง
84,สุราษฎร์ธานี,Lam,ลำแก่น,อ.บ้านตาขุน,ต่ำ,กรดจัดมากถึงกรดปานกลาง,ดินร่วนปนทรายแป้ง,"กรมพัฒนาที่ดิน · ปีผลิต 2561 · มาตราส่วนต้นฉบับ 1:25,000",ลดรายละเอียดเส้น 50 เมตรเพื่อแสดงผล; ไม่ใช้ระบุแนวเขตแปลง
84,สุราษฎร์ธานี,Ll,ลำภูรา,อ.บ้านตาขุน,ปานกลาง,กรดจัดมากถึงกรดเล็กน้อย,ดินร่วนปนดินเหนียว,"กรมพัฒนาที่ดิน · ปีผลิต 2561 · มาตราส่วนต้นฉบับ 1:25,000",ลดรายละเอียดเส้น 50 เมตรเพื่อแสดงผล; ไม่ใช้ระบุแนวเขตแปลง
84,สุราษฎร์ธานี,Pac,ปากจั่น,อ.บ้านตาขุน,ปานกลาง,กรดปานกลางถึงเป็นกลาง,ดินร่วนปนดินเหนียว,"กรมพัฒนาที่ดิน · ปีผลิต 2561 · มาตราส่วนต้นฉบับ 1:25,000",ลดรายละเอียดเส้น 50 เมตรเพื่อแสดงผล; ไม่ใช้ระบุแนวเขตแปลง
84,สุราษฎร์ธานี,Pto,พะโต๊ะ,อ.บ้านตาขุน,ต่ำ,กรดจัดถึงกรดเล็กน้อย,ดินร่วนปนทราย,"กรมพัฒนาที่ดิน · ปีผลิต 2561 · มาตราส่วนต้นฉบับ 1:25,000",ลดรายละเอียดเส้น 50 เมตรเพื่อแสดงผล; ไม่ใช้ระบุแนวเขตแปลง
84,สุราษฎร์ธานี,Pto,พะโต๊ะ,อ.บ้านตาขุน,ต่ำ,กรดจัดมากถึงกรดเล็กน้อย,ดินร่วนปนทราย,"กรมพัฒนาที่ดิน · ปีผลิต 2561 · มาตราส่วนต้นฉบับ 1:25,000",ลดรายละเอียดเส้น 50 เมตรเพื่อแสดงผล; ไม่ใช้ระบุแนวเขตแปลง
84,สุราษฎร์ธานี,Rg,ระนอง,อ.บ้านตาขุน,ต่ำ,กรดจัดมาก,ดินร่วนปนทรายปนกรวด,"กรมพัฒนาที่ดิน · ปีผลิต 2561 · มาตราส่วนต้นฉบับ 1:25,000",ลดรายละเอียดเส้น 50 เมตรเพื่อแสดงผล; ไม่ใช้ระบุแนวเขตแปลง
84,สุราษฎร์ธานี,Ro,รือเสาะ,อ.บ้านตาขุน,ปานกลาง,กรดจัดมากถึงกรดปานกลาง,ดินร่วนปนทรายแป้ง,"กรมพัฒนาที่ดิน · ปีผลิต 2561 · มาตราส่วนต้นฉบับ 1:25,000",ลดรายละเอียดเส้น 50 เมตรเพื่อแสดงผล; ไม่ใช้ระบุแนวเขตแปลง
84,สุราษฎร์ธานี,SC,ที่ลาดชันเชิงซ้อน,อ.บ้านตาขุน,-,,,"กรมพัฒนาที่ดิน · ปีผลิต 2561 · มาตราส่วนต้นฉบับ 1:25,000",ลดรายละเอียดเส้น 50 เมตรเพื่อแสดงผล; ไม่ใช้ระบุแนวเขตแปลง
84,สุราษฎร์ธานี,Sw,สวี,อ.บ้านตาขุน,ต่ำ,กรดจัดถึงกรดเล็กน้อย,ดินร่วนปนทราย,"กรมพัฒนาที่ดิน · ปีผลิต 2561 · มาตราส่วนต้นฉบับ 1:25,000",ลดรายละเอียดเส้น 50 เมตรเพื่อแสดงผล; ไม่ใช้ระบุแนวเขตแปลง
84,สุราษฎร์ธานี,Te,ท่าแซะ,อ.บ้านตาขุน,ต่ำ,กรดจัดมากถึงกรดจัด,ดินร่วนปนทราย,"กรมพัฒนาที่ดิน · ปีผลิต 2561 · มาตราส่วนต้นฉบับ 1:25,000",ลดรายละเอียดเส้น 50 เมตรเพื่อแสดงผล; ไม่ใช้ระบุแนวเขตแปลง
84,สุราษฎร์ธานี,Tkn,ตาขุน,อ.บ้านตาขุน,ต่ำ,กรดจัดมากถึงกรดจัด,ดินร่วน,"กรมพัฒนาที่ดิน · ปีผลิต 2561 · มาตราส่วนต้นฉบับ 1:25,000",ลดรายละเอียดเส้น 50 เมตรเพื่อแสดงผล; ไม่ใช้ระบุแนวเขตแปลง
84,สุราษฎร์ธานี,W,พื้นที่น้ำ,อ.บ้านตาขุน,-,,,"กรมพัฒนาที่ดิน · ปีผลิต 2561 · มาตราส่วนต้นฉบับ 1:25,000",ลดรายละเอียดเส้น 50 เมตรเพื่อแสดงผล; ไม่ใช้ระบุแนวเขตแปลง
84,สุราษฎร์ธานี,Ya,ยะลา,อ.บ้านตาขุน,ต่ำ,กรดจัดถึงกรดเล็กน้อย,ดินร่วนปนดินเหนียว,"กรมพัฒนาที่ดิน · ปีผลิต 2561 · มาตราส่วนต้นฉบับ 1:25,000",ลดรายละเอียดเส้น 50 เมตรเพื่อแสดงผล; ไม่ใช้ระบุแนวเขตแปลง
84,สุราษฎร์ธานี,AC,ตะกอนน้ำพาเชิงซ้อน,อ.บ้านนาเดิม,ปานกลาง,กรดจัดมากถึงกรดเล็กน้อย,ดินร่วนปนทราย,"กรมพัฒนาที่ดิน · ปีผลิต 2561 · มาตราส่วนต้นฉบับ 1:25,000",ลดรายละเอียดเส้น 50 เมตรเพื่อแสดงผล; ไม่ใช้ระบุแนวเขตแปลง
84,สุราษฎร์ธานี,Ba,ชุดดินบางนารา,อ.บ้านนาเดิม,ต่ำ,กรดจัดถึงกรดเล็กน้อย,ดินร่วนเหนียวปนทรายแป้ง,"กรมพัฒนาที่ดิน · ปีผลิต 2561 · มาตราส่วนต้นฉบับ 1:25,000",ลดรายละเอียดเส้น 50 เมตรเพื่อแสดงผล; ไม่ใช้ระบุแนวเขตแปลง
84,สุราษฎร์ธานี,Bu,สายบุรี,อ.บ้านนาเดิม,ต่ำ,กรดจัดมากถึงกรดปานกลาง,ดินร่วนปนทรายแป้ง,"กรมพัฒนาที่ดิน · ปีผลิต 2561 · มาตราส่วนต้นฉบับ 1:25,000",ลดรายละเอียดเส้น 50 เมตรเพื่อแสดงผล; ไม่ใช้ระบุแนวเขตแปลง
84,สุราษฎร์ธานี,Gk,สุไหงโกลก,อ.บ้านนาเดิม,ต่ำ,กรดจัดถึงกรดเล็กน้อย,ดินร่วนเหนียวปนทราย,"กรมพัฒนาที่ดิน · ปีผลิต 2561 · มาตราส่วนต้นฉบับ 1:25,000",ลดรายละเอียดเส้น 50 เมตรเพื่อแสดงผล; ไม่ใช้ระบุแนวเขตแปลง
84,สุราษฎร์ธานี,Kh,คอหงษ์,อ.บ้านนาเดิม,ต่ำ,กรดจัดมาก,ดินร่วนปนทราย,"กรมพัฒนาที่ดิน · ปีผลิต 2561 · มาตราส่วนต้นฉบับ 1:25,000",ลดรายละเอียดเส้น 50 เมตรเพื่อแสดงผล; ไม่ใช้ระบุแนวเขตแปลง
84,สุราษฎร์ธานี,Km,คลองท่อม,อ.บ้านนาเดิม,ต่ำ,กรดจัดมากถึงกรดจัด,ดินร่วนปนทราย,"กรมพัฒนาที่ดิน · ปีผลิต 2561 · มาตราส่วนต้นฉบับ 1:25,000",ลดรายละเอียดเส้น 50 เมตรเพื่อแสดงผล; ไม่ใช้ระบุแนวเขตแปลง
84,สุราษฎร์ธานี,Knk,คลองนกกระทุง,อ.บ้านนาเดิม,ต่ำ,กรดจัดมากถึงกรดจัด,ดินร่วนปนทราย,"กรมพัฒนาที่ดิน · ปีผลิต 2561 · มาตราส่วนต้นฉบับ 1:25,000",ลดรายละเอียดเส้น 50 เมตรเพื่อแสดงผล; ไม่ใช้ระบุแนวเขตแปลง
84,สุราษฎร์ธานี,Ko,โคกเคียน,อ.บ้านนาเดิม,ต่ำ,กรดจัดมากถึงกรดปานกลาง,ดินร่วนเหนียวปนทราย,"กรมพัฒนาที่ดิน · ปีผลิต 2561 · มาตราส่วนต้นฉบับ 1:25,000",ลดรายละเอียดเส้น 50 เมตรเพื่อแสดงผล; ไม่ใช้ระบุแนวเขตแปลง
84,สุราษฎร์ธานี,Ko,โคกเคียน,อ.บ้านนาเดิม,ต่ำ,กรดจัดมากถึงกรดปานกลาง,ดินร่วนปนทราย,"กรมพัฒนาที่ดิน · ปีผลิต 2561 · มาตราส่วนต้นฉบับ 1:25,000",ลดรายละเอียดเส้น 50 เมตรเพื่อแสดงผล; ไม่ใช้ระบุแนวเขตแปลง
84,สุราษฎร์ธานี,Lam,ลำแก่น,อ.บ้านนาเดิม,ต่ำ,กรดจัดมากถึงกรดปานกลาง,ดินร่วนปนทรายแป้ง,"กรมพัฒนาที่ดิน · ปีผลิต 2561 · มาตราส่วนต้นฉบับ 1:25,000",ลดรายละเอียดเส้น 50 เมตรเพื่อแสดงผล; ไม่ใช้ระบุแนวเขตแปลง
84,สุราษฎร์ธานี,Mu,มูโน๊ะ,อ.บ้านนาเดิม,ปานกลาง,กรดจัดมาก,ดินร่วนเหนียวปนทรายแป้ง,"กรมพัฒนาที่ดิน · ปีผลิต 2561 · มาตราส่วนต้นฉบับ 1:25,000",ลดรายละเอียดเส้น 50 เมตรเพื่อแสดงผล; ไม่ใช้ระบุแนวเขตแปลง
84,สุราษฎร์ธานี,Mu,มูโน๊ะ,อ.บ้านนาเดิม,ปานกลาง,กรดจัดมาก,ดินร่วนปนทรายแป้ง,"กรมพัฒนาที่ดิน · ปีผลิต 2561 · มาตราส่วนต้นฉบับ 1:25,000",ลดรายละเอียดเส้น 50 เมตรเพื่อแสดงผล; ไม่ใช้ระบุแนวเขตแปลง
84,สุราษฎร์ธานี,Pto,พะโต๊ะ,อ.บ้านนาเดิม,ต่ำ,กรดจัดถึงกรดเล็กน้อย,ดินร่วนปนทราย,"กรมพัฒนาที่ดิน · ปีผลิต 2561 · มาตราส่วนต้นฉบับ 1:25,000",ลดรายละเอียดเส้น 50 เมตรเพื่อแสดงผล; ไม่ใช้ระบุแนวเขตแปลง
84,สุราษฎร์ธานี,Pto,พะโต๊ะ,อ.บ้านนาเดิม,ต่ำ,กรดจัดมากถึงกรดเล็กน้อย,ดินร่วนปนทราย,"กรมพัฒนาที่ดิน · ปีผลิต 2561 · มาตราส่วนต้นฉบับ 1:25,000",ลดรายละเอียดเส้น 50 เมตรเพื่อแสดงผล; ไม่ใช้ระบุแนวเขตแปลง
84,สุราษฎร์ธานี,Ro,รือเสาะ,อ.บ้านนาเดิม,ปานกลาง,กรดจัดมากถึงกรดปานกลาง,ดินร่วนปนทรายแป้ง,"กรมพัฒนาที่ดิน · ปีผลิต 2561 · มาตราส่วนต้นฉบับ 1:25,000",ลดรายละเอียดเส้น 50 เมตรเพื่อแสดงผล; ไม่ใช้ระบุแนวเขตแปลง
84,สุราษฎร์ธานี,SC,ที่ลาดชันเชิงซ้อน,อ.บ้านนาเดิม,-,,,"กรมพัฒนาที่ดิน · ปีผลิต 2561 · มาตราส่วนต้นฉบับ 1:25,000",ลดรายละเอียดเส้น 50 เมตรเพื่อแสดงผล; ไม่ใช้ระบุแนวเขตแปลง
84,สุราษฎร์ธานี,Sw,สวี,อ.บ้านนาเดิม,ต่ำ,กรดจัดถึงกรดเล็กน้อย,ดินร่วนปนทราย,"กรมพัฒนาที่ดิน · ปีผลิต 2561 · มาตราส่วนต้นฉบับ 1:25,000",ลดรายละเอียดเส้น 50 เมตรเพื่อแสดงผล; ไม่ใช้ระบุแนวเขตแปลง
84,สุราษฎร์ธานี,Te,ท่าแซะ,อ.บ้านนาเดิม,ต่ำ,กรดจัดมากถึงกรดจัด,ดินร่วนปนทราย,"กรมพัฒนาที่ดิน · ปีผลิต 2561 · มาตราส่วนต้นฉบับ 1:25,000",ลดรายละเอียดเส้น 50 เมตรเพื่อแสดงผล; ไม่ใช้ระบุแนวเขตแปลง
84,สุราษฎร์ธานี,Tg,ทุ่งหว้า,อ.บ้านนาเดิม,ต่ำ,กรดจัดมาก,ดินร่วนปนทราย,"กรมพัฒนาที่ดิน · ปีผลิต 2561 · มาตราส่วนต้นฉบับ 1:25,000",ลดรายละเอียดเส้น 50 เมตรเพื่อแสดงผล; ไม่ใช้ระบุแนวเขตแปลง
84,สุราษฎร์ธานี,Tsl,ท่าศาลา,อ.บ้านนาเดิม,ต่ำ,กรดจัดถึงกรดเล็กน้อย,ดินร่วนปนดินเหนียว,"กรมพัฒนาที่ดิน · ปีผลิต 2561 · มาตราส่วนต้นฉบับ 1:25,000",ลดรายละเอียดเส้น 50 เมตรเพื่อแสดงผล; ไม่ใช้ระบุแนวเขตแปลง
84,สุราษฎร์ธานี,W,พื้นที่น้ำ,อ.บ้านนาเดิม,-,,,"กรมพัฒนาที่ดิน · ปีผลิต 2561 · มาตราส่วนต้นฉบับ 1:25,000",ลดรายละเอียดเส้น 50 เมตรเพื่อแสดงผล; ไม่ใช้ระบุแนวเขตแปลง
84,สุราษฎร์ธานี,AC,ตะกอนน้ำพาเชิงซ้อน,อ.บ้านนาสาร,ปานกลาง,กรดจัดมากถึงกรดเล็กน้อย,ดินร่วนปนทราย,"กรมพัฒนาที่ดิน · ปีผลิต 2561 · มาตราส่วนต้นฉบับ 1:25,000",ลดรายละเอียดเส้น 50 เมตรเพื่อแสดงผล; ไม่ใช้ระบุแนวเขตแปลง
84,สุราษฎร์ธานี,Ba,ชุดดินบางนารา,อ.บ้านนาสาร,ต่ำ,กรดจัดถึงกรดเล็กน้อย,ดินร่วนเหนียวปนทรายแป้ง,"กรมพัฒนาที่ดิน · ปีผลิต 2561 · มาตราส่วนต้นฉบับ 1:25,000",ลดรายละเอียดเส้น 50 เมตรเพื่อแสดงผล; ไม่ใช้ระบุแนวเขตแปลง
84,สุราษฎร์ธานี,Bu,สายบุรี,อ.บ้านนาสาร,ต่ำ,กรดจัดมากถึงกรดปานกลาง,ดินร่วนเหนียวปนทรายแป้ง,"กรมพัฒนาที่ดิน · ปีผลิต 2561 · มาตราส่วนต้นฉบับ 1:25,000",ลดรายละเอียดเส้น 50 เมตรเพื่อแสดงผล; ไม่ใช้ระบุแนวเขตแปลง
84,สุราษฎร์ธานี,Bu,สายบุรี,อ.บ้านนาสาร,ต่ำ,กรดจัดมากถึงกรดปานกลาง,ดินร่วนปนทรายแป้ง,"กรมพัฒนาที่ดิน · ปีผลิต 2561 · มาตราส่วนต้นฉบับ 1:25,000",ลดรายละเอียดเส้น 50 เมตรเพื่อแสดงผล; ไม่ใช้ระบุแนวเขตแปลง
84,สุราษฎร์ธานี,Chl,ฉลอง,อ.บ้านนาสาร,ต่ำ,กรดจัดมากถึงกรดจัด,ดินร่วนปนทราย,"กรมพัฒนาที่ดิน · ปีผลิต 2561 · มาตราส่วนต้นฉบับ 1:25,000",ลดรายละเอียดเส้น 50 เมตรเพื่อแสดงผล; ไม่ใช้ระบุแนวเขตแปลง
84,สุราษฎร์ธานี,Cp,ชุมพร,อ.บ้านนาสาร,ต่ำ,กรดจัดมากถึงกรดปานกลาง,ดินร่วนปนทราย,"กรมพัฒนาที่ดิน · ปีผลิต 2561 · มาตราส่วนต้นฉบับ 1:25,000",ลดรายละเอียดเส้น 50 เมตรเพื่อแสดงผล; ไม่ใช้ระบุแนวเขตแปลง
84,สุราษฎร์ธานี,Gk,สุไหงโกลก,อ.บ้านนาสาร,ต่ำ,กรดจัดถึงกรดเล็กน้อย,ดินร่วนเหนียวปนทราย,"กรมพัฒนาที่ดิน · ปีผลิต 2561 · มาตราส่วนต้นฉบับ 1:25,000",ลดรายละเอียดเส้น 50 เมตรเพื่อแสดงผล; ไม่ใช้ระบุแนวเขตแปลง
84,สุราษฎร์ธานี,Ho,ห้วยยอด,อ.บ้านนาสาร,ต่ำ,กรดจัดมาก,ดินร่วนเหนียวปนกรวด,"กรมพัฒนาที่ดิน · ปีผลิต 2561 · มาตราส่วนต้นฉบับ 1:25,000",ลดรายละเอียดเส้น 50 เมตรเพื่อแสดงผล; ไม่ใช้ระบุแนวเขตแปลง
84,สุราษฎร์ธานี,Kc,คลองซาก,อ.บ้านนาสาร,ปานกลาง,กรดจัดมากถึงกรดปานกลาง,ดินร่วนปนดินเหนียว,"กรมพัฒนาที่ดิน · ปีผลิต 2561 · มาตราส่วนต้นฉบับ 1:25,000",ลดรายละเอียดเส้น 50 เมตรเพื่อแสดงผล; ไม่ใช้ระบุแนวเขตแปลง
84,สุราษฎร์ธานี,Kkl,ควนกาหลง,อ.บ้านนาสาร,ต่ำ,กรดจัดมากถึงกรดจัด,ดินร่วนปนทราย,"กรมพัฒนาที่ดิน · ปีผลิต 2561 · มาตราส่วนต้นฉบับ 1:25,000",ลดรายละเอียดเส้น 50 เมตรเพื่อแสดงผล; ไม่ใช้ระบุแนวเขตแปลง
84,สุราษฎร์ธานี,Klt,คลองเต็ง,อ.บ้านนาสาร,ต่ำ,กรดจัดมาก,ดินร่วนปนดินเหนียว,"กรมพัฒนาที่ดิน · ปีผลิต 2561 · มาตราส่วนต้นฉบับ 1:25,000",ลดรายละเอียดเส้น 50 เมตรเพื่อแสดงผล; ไม่ใช้ระบุแนวเขตแปลง
84,สุราษฎร์ธานี,Klt,คลองเต็ง,อ.บ้านนาสาร,ต่ำ,กรดจัดมาก,ดินร่วนเหนียวปนกรวด,"กรมพัฒนาที่ดิน · ปีผลิต 2561 · มาตราส่วนต้นฉบับ 1:25,000",ลดรายละเอียดเส้น 50 เมตรเพื่อแสดงผล; ไม่ใช้ระบุแนวเขตแปลง
84,สุราษฎร์ธานี,Knk,คลองนกกระทุง,อ.บ้านนาสาร,ต่ำ,กรดจัดมากถึงกรดจัด,ดินร่วนปนทราย,"กรมพัฒนาที่ดิน · ปีผลิต 2561 · มาตราส่วนต้นฉบับ 1:25,000",ลดรายละเอียดเส้น 50 เมตรเพื่อแสดงผล; ไม่ใช้ระบุแนวเขตแปลง
84,สุราษฎร์ธานี,Ko,โคกเคียน,อ.บ้านนาสาร,ต่ำ,กรดจัดมากถึงกรดปานกลาง,ดินร่วนเหนียวปนทราย,"กรมพัฒนาที่ดิน · ปีผลิต 2561 · มาตราส่วนต้นฉบับ 1:25,000",ลดรายละเอียดเส้น 50 เมตรเพื่อแสดงผล; ไม่ใช้ระบุแนวเขตแปลง
84,สุราษฎร์ธานี,Ko,โคกเคียน,อ.บ้านนาสาร,ต่ำ,กรดจัดมากถึงกรดปานกลาง,ดินร่วนปนทราย,"กรมพัฒนาที่ดิน · ปีผลิต 2561 · มาตราส่วนต้นฉบับ 1:25,000",ลดรายละเอียดเส้น 50 เมตรเพื่อแสดงผล; ไม่ใช้ระบุแนวเขตแปลง
84,สุราษฎร์ธานี,Koi,โคกกลอย,อ.บ้านนาสาร,ต่ำ,กรดจัดมากถึงกรดจัด,ดินร่วนเหนียวปนทราย,"กรมพัฒนาที่ดิน · ปีผลิต 2561 · มาตราส่วนต้นฉบับ 1:25,000",ลดรายละเอียดเส้น 50 เมตรเพื่อแสดงผล; ไม่ใช้ระบุแนวเขตแปลง
84,สุราษฎร์ธานี,Lam,ลำแก่น,อ.บ้านนาสาร,ต่ำ,กรดจัดมากถึงกรดปานกลาง,ดินร่วนปนทรายแป้ง,"กรมพัฒนาที่ดิน · ปีผลิต 2561 · มาตราส่วนต้นฉบับ 1:25,000",ลดรายละเอียดเส้น 50 เมตรเพื่อแสดงผล; ไม่ใช้ระบุแนวเขตแปลง
84,สุราษฎร์ธานี,Lh,ละหาน,อ.บ้านนาสาร,ต่ำ,กรดจัดมากถึงกรดจัด,ดินร่วนปนทราย,"กรมพัฒนาที่ดิน · ปีผลิต 2561 · มาตราส่วนต้นฉบับ 1:25,000",ลดรายละเอียดเส้น 50 เมตรเพื่อแสดงผล; ไม่ใช้ระบุแนวเขตแปลง
84,สุราษฎร์ธานี,Ll,ลำภูรา,อ.บ้านนาสาร,ปานกลาง,กรดจัดมากถึงกรดเล็กน้อย,ดินร่วนปนดินเหนียว,"กรมพัฒนาที่ดิน · ปีผลิต 2561 · มาตราส่วนต้นฉบับ 1:25,000",ลดรายละเอียดเส้น 50 เมตรเพื่อแสดงผล; ไม่ใช้ระบุแนวเขตแปลง
84,สุราษฎร์ธานี,Ntm,นาท่าม,อ.บ้านนาสาร,ต่ำ,กรดจัดมากถึงกรดจัด,ดินร่วน,"กรมพัฒนาที่ดิน · ปีผลิต 2561 · มาตราส่วนต้นฉบับ 1:25,000",ลดรายละเอียดเส้น 50 เมตรเพื่อแสดงผล; ไม่ใช้ระบุแนวเขตแปลง
84,สุราษฎร์ธานี,Ntn,นาทอน,อ.บ้านนาสาร,ต่ำ,กรดจัดมากถึงกรดจัด,ดินร่วนปนดินเหนียว,"กรมพัฒนาที่ดิน · ปีผลิต 2561 · มาตราส่วนต้นฉบับ 1:25,000",ลดรายละเอียดเส้น 50 เมตรเพื่อแสดงผล; ไม่ใช้ระบุแนวเขตแปลง
84,สุราษฎร์ธานี,P,บ่อขุด,อ.บ้านนาสาร,-,,,"กรมพัฒนาที่ดิน · ปีผลิต 2561 · มาตราส่วนต้นฉบับ 1:25,000",ลดรายละเอียดเส้น 50 เมตรเพื่อแสดงผล; ไม่ใช้ระบุแนวเขตแปลง
84,สุราษฎร์ธานี,Pac,ปากจั่น,อ.บ้านนาสาร,ปานกลาง,กรดปานกลางถึงเป็นกลาง,ดินร่วนปนดินเหนียว,"กรมพัฒนาที่ดิน · ปีผลิต 2561 · มาตราส่วนต้นฉบับ 1:25,000",ลดรายละเอียดเส้น 50 เมตรเพื่อแสดงผล; ไม่ใช้ระบุแนวเขตแปลง
84,สุราษฎร์ธานี,Ptl,พัทลุง,อ.บ้านนาสาร,ต่ำ,กรดจัดถึงกรดเล็กน้อย,ดินร่วนเหนียวปนทรายแป้ง,"กรมพัฒนาที่ดิน · ปีผลิต 2561 · มาตราส่วนต้นฉบับ 1:25,000",ลดรายละเอียดเส้น 50 เมตรเพื่อแสดงผล; ไม่ใช้ระบุแนวเขตแปลง
84,สุราษฎร์ธานี,Ro,รือเสาะ,อ.บ้านนาสาร,ปานกลาง,กรดจัดมากถึงกรดปานกลาง,ดินร่วนปนทรายแป้ง,"กรมพัฒนาที่ดิน · ปีผลิต 2561 · มาตราส่วนต้นฉบับ 1:25,000",ลดรายละเอียดเส้น 50 เมตรเพื่อแสดงผล; ไม่ใช้ระบุแนวเขตแปลง
84,สุราษฎร์ธานี,SC,ที่ลาดชันเชิงซ้อน,อ.บ้านนาสาร,-,,,"กรมพัฒนาที่ดิน · ปีผลิต 2561 · มาตราส่วนต้นฉบับ 1:25,000",ลดรายละเอียดเส้น 50 เมตรเพื่อแสดงผล; ไม่ใช้ระบุแนวเขตแปลง
84,สุราษฎร์ธานี,Sng,สงขลา,อ.บ้านนาสาร,ต่ำ,กรดจัดมากถึงกรดปานกลาง,ดินร่วนปนทราย,"กรมพัฒนาที่ดิน · ปีผลิต 2561 · มาตราส่วนต้นฉบับ 1:25,000",ลดรายละเอียดเส้น 50 เมตรเพื่อแสดงผล; ไม่ใช้ระบุแนวเขตแปลง
84,สุราษฎร์ธานี,Sw,สวี,อ.บ้านนาสาร,ต่ำ,กรดจัดถึงกรดเล็กน้อย,ดินร่วนปนทราย,"กรมพัฒนาที่ดิน · ปีผลิต 2561 · มาตราส่วนต้นฉบับ 1:25,000",ลดรายละเอียดเส้น 50 เมตรเพื่อแสดงผล; ไม่ใช้ระบุแนวเขตแปลง
84,สุราษฎร์ธานี,Te,ท่าแซะ,อ.บ้านนาสาร,ต่ำ,กรดจัดมากถึงกรดจัด,ดินร่วนปนทราย,"กรมพัฒนาที่ดิน · ปีผลิต 2561 · มาตราส่วนต้นฉบับ 1:25,000",ลดรายละเอียดเส้น 50 เมตรเพื่อแสดงผล; ไม่ใช้ระบุแนวเขตแปลง
84,สุราษฎร์ธานี,Tg,ทุ่งหว้า,อ.บ้านนาสาร,ต่ำ,กรดจัดมาก,ดินร่วนปนทราย,"กรมพัฒนาที่ดิน · ปีผลิต 2561 · มาตราส่วนต้นฉบับ 1:25,000",ลดรายละเอียดเส้น 50 เมตรเพื่อแสดงผล; ไม่ใช้ระบุแนวเขตแปลง
84,สุราษฎร์ธานี,Tg,ทุ่งหว้า,อ.บ้านนาสาร,ต่ำ,กรดจัดมากถึงกรดจัด,ดินร่วนปนทราย,"กรมพัฒนาที่ดิน · ปีผลิต 2561 · มาตราส่วนต้นฉบับ 1:25,000",ลดรายละเอียดเส้น 50 เมตรเพื่อแสดงผล; ไม่ใช้ระบุแนวเขตแปลง
84,สุราษฎร์ธานี,Tg,ทุ่งหว้า,อ.บ้านนาสาร,ต่ำ,กรดจัดถึงกรดเล็กน้อย,ดินร่วนปนทราย,"กรมพัฒนาที่ดิน · ปีผลิต 2561 · มาตราส่วนต้นฉบับ 1:25,000",ลดรายละเอียดเส้น 50 เมตรเพื่อแสดงผล; ไม่ใช้ระบุแนวเขตแปลง
84,สุราษฎร์ธานี,Tim,ท้ายเหมือง,อ.บ้านนาสาร,ต่ำ,กรดจัดมากถึงกรดเล็กน้อย,ดินร่วนเหนียวปนทราย,"กรมพัฒนาที่ดิน · ปีผลิต 2561 · มาตราส่วนต้นฉบับ 1:25,000",ลดรายละเอียดเส้น 50 เมตรเพื่อแสดงผล; ไม่ใช้ระบุแนวเขตแปลง
84,สุราษฎร์ธานี,Tkn,ตาขุน,อ.บ้านนาสาร,ต่ำ,กรดจัดมากถึงกรดจัด,ดินร่วน,"กรมพัฒนาที่ดิน · ปีผลิต 2561 · มาตราส่วนต้นฉบับ 1:25,000",ลดรายละเอียดเส้น 50 เมตรเพื่อแสดงผล; ไม่ใช้ระบุแนวเขตแปลง
84,สุราษฎร์ธานี,W,พื้นที่น้ำ,อ.บ้านนาสาร,-,,,"กรมพัฒนาที่ดิน · ปีผลิต 2561 · มาตราส่วนต้นฉบับ 1:25,000",ลดรายละเอียดเส้น 50 เมตรเพื่อแสดงผล; ไม่ใช้ระบุแนวเขตแปลง
84,สุราษฎร์ธานี,AC,ตะกอนน้ำพาเชิงซ้อน,อ.พนม,ปานกลาง,กรดจัดมากถึงกรดเล็กน้อย,ดินร่วนปนทราย,"กรมพัฒนาที่ดิน · ปีผลิต 2561 · มาตราส่วนต้นฉบับ 1:25,000",ลดรายละเอียดเส้น 50 เมตรเพื่อแสดงผล; ไม่ใช้ระบุแนวเขตแปลง
84,สุราษฎร์ธานี,Ak,ชุดดินอ่าวลึก,อ.พนม,ต่ำ,กรดจัดมากถึงกรดเล็กน้อย,ดินเหนียว,"กรมพัฒนาที่ดิน · ปีผลิต 2561 · มาตราส่วนต้นฉบับ 1:25,000",ลดรายละเอียดเส้น 50 เมตรเพื่อแสดงผล; ไม่ใช้ระบุแนวเขตแปลง
84,สุราษฎร์ธานี,Bu,สายบุรี,อ.พนม,ต่ำ,กรดจัดมากถึงกรดปานกลาง,ดินร่วนเหนียวปนทรายแป้ง,"กรมพัฒนาที่ดิน · ปีผลิต 2561 · มาตราส่วนต้นฉบับ 1:25,000",ลดรายละเอียดเส้น 50 เมตรเพื่อแสดงผล; ไม่ใช้ระบุแนวเขตแปลง
84,สุราษฎร์ธานี,Cp,ชุมพร,อ.พนม,ต่ำ,กรดจัดมากถึงกรดปานกลาง,ดินร่วนปนดินเหนียว,"กรมพัฒนาที่ดิน · ปีผลิต 2561 · มาตราส่วนต้นฉบับ 1:25,000",ลดรายละเอียดเส้น 50 เมตรเพื่อแสดงผล; ไม่ใช้ระบุแนวเขตแปลง
84,สุราษฎร์ธานี,Cp,ชุมพร,อ.พนม,ต่ำ,กรดจัดมากถึงกรดปานกลาง,ดินร่วนเหนียวปนทราย,"กรมพัฒนาที่ดิน · ปีผลิต 2561 · มาตราส่วนต้นฉบับ 1:25,000",ลดรายละเอียดเส้น 50 เมตรเพื่อแสดงผล; ไม่ใช้ระบุแนวเขตแปลง
84,สุราษฎร์ธานี,Fd,ฝั่งแดง,อ.พนม,ต่ำ,กรดจัดมากถึงกรดจัด,ดินร่วนปนทราย,"กรมพัฒนาที่ดิน · ปีผลิต 2561 · มาตราส่วนต้นฉบับ 1:25,000",ลดรายละเอียดเส้น 50 เมตรเพื่อแสดงผล; ไม่ใช้ระบุแนวเขตแปลง
84,สุราษฎร์ธานี,Ho,ห้วยยอด,อ.พนม,ต่ำ,กรดจัดมาก,ดินร่วนปนดินเหนียว,"กรมพัฒนาที่ดิน · ปีผลิต 2561 · มาตราส่วนต้นฉบับ 1:25,000",ลดรายละเอียดเส้น 50 เมตรเพื่อแสดงผล; ไม่ใช้ระบุแนวเขตแปลง
84,สุราษฎร์ธานี,Ho,ห้วยยอด,อ.พนม,ต่ำ,กรดจัดมาก,ดินร่วนเหนียวปนกรวด,"กรมพัฒนาที่ดิน · ปีผลิต 2561 · มาตราส่วนต้นฉบับ 1:25,000",ลดรายละเอียดเส้น 50 เมตรเพื่อแสดงผล; ไม่ใช้ระบุแนวเขตแปลง
84,สุราษฎร์ธานี,Ho-Klt,หน่วยเชิงซ้อนของชุดดินห้วยยอดและชุดดินคลองเต็ง,อ.พนม,ต่ำ,กรดจัดมาก,ดินร่วนปนดินเหนียว,"กรมพัฒนาที่ดิน · ปีผลิต 2561 · มาตราส่วนต้นฉบับ 1:25,000",ลดรายละเอียดเส้น 50 เมตรเพื่อแสดงผล; ไม่ใช้ระบุแนวเขตแปลง
84,สุราษฎร์ธานี,Kbi,กระบี่,อ.พนม,ปานกลาง,กรดจัดมากถึงกรดเล็กน้อย,ดินร่วนปนดินเหนียว,"กรมพัฒนาที่ดิน · ปีผลิต 2561 · มาตราส่วนต้นฉบับ 1:25,000",ลดรายละเอียดเส้น 50 เมตรเพื่อแสดงผล; ไม่ใช้ระบุแนวเขตแปลง
84,สุราษฎร์ธานี,Kh,คอหงษ์,อ.พนม,ต่ำ,กรดจัดมาก,ดินร่วนปนทราย,"กรมพัฒนาที่ดิน · ปีผลิต 2561 · มาตราส่วนต้นฉบับ 1:25,000",ลดรายละเอียดเส้น 50 เมตรเพื่อแสดงผล; ไม่ใช้ระบุแนวเขตแปลง
84,สุราษฎร์ธานี,Klt,คลองเต็ง,อ.พนม,ต่ำ,กรดจัดมาก,ดินร่วนปนดินเหนียว,"กรมพัฒนาที่ดิน · ปีผลิต 2561 · มาตราส่วนต้นฉบับ 1:25,000",ลดรายละเอียดเส้น 50 เมตรเพื่อแสดงผล; ไม่ใช้ระบุแนวเขตแปลง
84,สุราษฎร์ธานี,Klt,คลองเต็ง,อ.พนม,ต่ำ,กรดจัดมาก,ดินร่วนเหนียวปนกรวด,"กรมพัฒนาที่ดิน · ปีผลิต 2561 · มาตราส่วนต้นฉบับ 1:25,000",ลดรายละเอียดเส้น 50 เมตรเพื่อแสดงผล; ไม่ใช้ระบุแนวเขตแปลง
84,สุราษฎร์ธานี,Km,คลองท่อม,อ.พนม,ต่ำ,กรดจัดมากถึงกรดจัด,ดินร่วนเหนียวปนทราย,"กรมพัฒนาที่ดิน · ปีผลิต 2561 · มาตราส่วนต้นฉบับ 1:25,000",ลดรายละเอียดเส้น 50 เมตรเพื่อแสดงผล; ไม่ใช้ระบุแนวเขตแปลง
84,สุราษฎร์ธานี,Km,คลองท่อม,อ.พนม,ต่ำ,กรดจัดมากถึงกรดจัด,ดินร่วนปนทราย,"กรมพัฒนาที่ดิน · ปีผลิต 2561 · มาตราส่วนต้นฉบับ 1:25,000",ลดรายละเอียดเส้น 50 เมตรเพื่อแสดงผล; ไม่ใช้ระบุแนวเขตแปลง
84,สุราษฎร์ธานี,Lgu,ละงู,อ.พนม,ปานกลาง,กรดจัดถึงกรดเล็กน้อย,ดินร่วนปนดินเหนียว,"กรมพัฒนาที่ดิน · ปีผลิต 2561 · มาตราส่วนต้นฉบับ 1:25,000",ลดรายละเอียดเส้น 50 เมตรเพื่อแสดงผล; ไม่ใช้ระบุแนวเขตแปลง
84,สุราษฎร์ธานี,Ll,ลำภูรา,อ.พนม,ปานกลาง,กรดจัดมากถึงกรดเล็กน้อย,ดินร่วนปนดินเหนียว,"กรมพัฒนาที่ดิน · ปีผลิต 2561 · มาตราส่วนต้นฉบับ 1:25,000",ลดรายละเอียดเส้น 50 เมตรเพื่อแสดงผล; ไม่ใช้ระบุแนวเขตแปลง
84,สุราษฎร์ธานี,Nat,นาทวี,อ.พนม,ต่ำ,กรดจัดมาก,ดินร่วนปนทราย,"กรมพัฒนาที่ดิน · ปีผลิต 2561 · มาตราส่วนต้นฉบับ 1:25,000",ลดรายละเอียดเส้น 50 เมตรเพื่อแสดงผล; ไม่ใช้ระบุแนวเขตแปลง
84,สุราษฎร์ธานี,Nok,หนองคล้า,อ.พนม,ต่ำ,กรดจัดมากถึงกรดปานกลาง,ดินร่วนเหนียวปนกรวด,"กรมพัฒนาที่ดิน · ปีผลิต 2561 · มาตราส่วนต้นฉบับ 1:25,000",ลดรายละเอียดเส้น 50 เมตรเพื่อแสดงผล; ไม่ใช้ระบุแนวเขตแปลง
84,สุราษฎร์ธานี,Ntm,นาท่าม,อ.พนม,ต่ำ,กรดจัดมากถึงกรดจัด,ดินร่วนปนทราย,"กรมพัฒนาที่ดิน · ปีผลิต 2561 · มาตราส่วนต้นฉบับ 1:25,000",ลดรายละเอียดเส้น 50 เมตรเพื่อแสดงผล; ไม่ใช้ระบุแนวเขตแปลง
84,สุราษฎร์ธานี,Ntn,นาทอน,อ.พนม,ต่ำ,กรดจัดมากถึงกรดจัด,ดินร่วนปนดินเหนียว,"กรมพัฒนาที่ดิน · ปีผลิต 2561 · มาตราส่วนต้นฉบับ 1:25,000",ลดรายละเอียดเส้น 50 เมตรเพื่อแสดงผล; ไม่ใช้ระบุแนวเขตแปลง
84,สุราษฎร์ธานี,Pac,ปากจั่น,อ.พนม,ปานกลาง,กรดปานกลางถึงเป็นกลาง,ดินร่วนปนดินเหนียว,"กรมพัฒนาที่ดิน · ปีผลิต 2561 · มาตราส่วนต้นฉบับ 1:25,000",ลดรายละเอียดเส้น 50 เมตรเพื่อแสดงผล; ไม่ใช้ระบุแนวเขตแปลง
84,สุราษฎร์ธานี,Pad,ปาดังเบซาร์,อ.พนม,ต่ำ,กรดจัดมากถึงกรดจัด,ดินร่วนปนทราย,"กรมพัฒนาที่ดิน · ปีผลิต 2561 · มาตราส่วนต้นฉบับ 1:25,000",ลดรายละเอียดเส้น 50 เมตรเพื่อแสดงผล; ไม่ใช้ระบุแนวเขตแปลง
84,สุราษฎร์ธานี,Pkm,ปากคม,อ.พนม,ต่ำ,กรดจัดมากถึงกรดจัด,ดินร่วนเหนียวปนทราย,"กรมพัฒนาที่ดิน · ปีผลิต 2561 · มาตราส่วนต้นฉบับ 1:25,000",ลดรายละเอียดเส้น 50 เมตรเพื่อแสดงผล; ไม่ใช้ระบุแนวเขตแปลง
84,สุราษฎร์ธานี,Pto,พะโต๊ะ,อ.พนม,ต่ำ,กรดจัดมากถึงกรดเล็กน้อย,ดินร่วนปนทราย,"กรมพัฒนาที่ดิน · ปีผลิต 2561 · มาตราส่วนต้นฉบับ 1:25,000",ลดรายละเอียดเส้น 50 เมตรเพื่อแสดงผล; ไม่ใช้ระบุแนวเขตแปลง
84,สุราษฎร์ธานี,Pto,พะโต๊ะ,อ.พนม,ต่ำ,กรดจัดถึงกรดเล็กน้อย,ดินร่วนปนทราย,"กรมพัฒนาที่ดิน · ปีผลิต 2561 · มาตราส่วนต้นฉบับ 1:25,000",ลดรายละเอียดเส้น 50 เมตรเพื่อแสดงผล; ไม่ใช้ระบุแนวเขตแปลง
84,สุราษฎร์ธานี,Rg,ระนอง,อ.พนม,ต่ำ,กรดจัดมาก,ดินร่วนปนทรายปนกรวด,"กรมพัฒนาที่ดิน · ปีผลิต 2561 · มาตราส่วนต้นฉบับ 1:25,000",ลดรายละเอียดเส้น 50 เมตรเพื่อแสดงผล; ไม่ใช้ระบุแนวเขตแปลง
84,สุราษฎร์ธานี,Ro,รือเสาะ,อ.พนม,ปานกลาง,กรดจัดมากถึงกรดปานกลาง,ดินร่วนเหนียวปนทรายแป้ง,"กรมพัฒนาที่ดิน · ปีผลิต 2561 · มาตราส่วนต้นฉบับ 1:25,000",ลดรายละเอียดเส้น 50 เมตรเพื่อแสดงผล; ไม่ใช้ระบุแนวเขตแปลง
84,สุราษฎร์ธานี,Ro,รือเสาะ,อ.พนม,ปานกลาง,กรดจัดมากถึงกรดปานกลาง,ดินร่วนปนทรายแป้ง,"กรมพัฒนาที่ดิน · ปีผลิต 2561 · มาตราส่วนต้นฉบับ 1:25,000",ลดรายละเอียดเส้น 50 เมตรเพื่อแสดงผล; ไม่ใช้ระบุแนวเขตแปลง
84,สุราษฎร์ธานี,Ro,รือเสาะ,อ.พนม,ปานกลาง,กรดจัดมากถึงกรดปานกลาง,ดินร่วนปนทราย,"กรมพัฒนาที่ดิน · ปีผลิต 2561 · มาตราส่วนต้นฉบับ 1:25,000",ลดรายละเอียดเส้น 50 เมตรเพื่อแสดงผล; ไม่ใช้ระบุแนวเขตแปลง
84,สุราษฎร์ธานี,SC,ที่ลาดชันเชิงซ้อน,อ.พนม,-,,,"กรมพัฒนาที่ดิน · ปีผลิต 2561 · มาตราส่วนต้นฉบับ 1:25,000",ลดรายละเอียดเส้น 50 เมตรเพื่อแสดงผล; ไม่ใช้ระบุแนวเขตแปลง
84,สุราษฎร์ธานี,Sd,สะเดา,อ.พนม,ต่ำ,กรดจัดมาก,ดินร่วนปนทราย,"กรมพัฒนาที่ดิน · ปีผลิต 2561 · มาตราส่วนต้นฉบับ 1:25,000",ลดรายละเอียดเส้น 50 เมตรเพื่อแสดงผล; ไม่ใช้ระบุแนวเขตแปลง
84,สุราษฎร์ธานี,Sw,สวี,อ.พนม,ต่ำ,กรดจัดถึงกรดเล็กน้อย,ดินร่วนปนทราย,"กรมพัฒนาที่ดิน · ปีผลิต 2561 · มาตราส่วนต้นฉบับ 1:25,000",ลดรายละเอียดเส้น 50 เมตรเพื่อแสดงผล; ไม่ใช้ระบุแนวเขตแปลง
84,สุราษฎร์ธานี,Tac,ท่าฉาง,อ.พนม,ต่ำ,กรดจัดมากถึงกรดปานกลาง,ดินร่วนปนทราย,"กรมพัฒนาที่ดิน · ปีผลิต 2561 · มาตราส่วนต้นฉบับ 1:25,000",ลดรายละเอียดเส้น 50 เมตรเพื่อแสดงผล; ไม่ใช้ระบุแนวเขตแปลง
84,สุราษฎร์ธานี,Te,ท่าแซะ,อ.พนม,ต่ำ,กรดจัดมากถึงกรดจัด,ดินร่วนปนทราย,"กรมพัฒนาที่ดิน · ปีผลิต 2561 · มาตราส่วนต้นฉบับ 1:25,000",ลดรายละเอียดเส้น 50 เมตรเพื่อแสดงผล; ไม่ใช้ระบุแนวเขตแปลง
84,สุราษฎร์ธานี,Tkn,ตาขุน,อ.พนม,ต่ำ,กรดจัดมากถึงกรดจัด,ดินร่วน,"กรมพัฒนาที่ดิน · ปีผลิต 2561 · มาตราส่วนต้นฉบับ 1:25,000",ลดรายละเอียดเส้น 50 เมตรเพื่อแสดงผล; ไม่ใช้ระบุแนวเขตแปลง
84,สุราษฎร์ธานี,Tuk,ทุ่งค่าย,อ.พนม,ต่ำ,กรดปานกลางถึงเป็นกลาง,ดินร่วนปนดินเหนียว,"กรมพัฒนาที่ดิน · ปีผลิต 2561 · มาตราส่วนต้นฉบับ 1:25,000",ลดรายละเอียดเส้น 50 เมตรเพื่อแสดงผล; ไม่ใช้ระบุแนวเขตแปลง
84,สุราษฎร์ธานี,W,พื้นที่น้ำ,อ.พนม,-,,,"กรมพัฒนาที่ดิน · ปีผลิต 2561 · มาตราส่วนต้นฉบับ 1:25,000",ลดรายละเอียดเส้น 50 เมตรเพื่อแสดงผล; ไม่ใช้ระบุแนวเขตแปลง
84,สุราษฎร์ธานี,Ya,ยะลา,อ.พนม,ต่ำ,กรดจัดถึงกรดเล็กน้อย,ดินร่วนปนดินเหนียว,"กรมพัฒนาที่ดิน · ปีผลิต 2561 · มาตราส่วนต้นฉบับ 1:25,000",ลดรายละเอียดเส้น 50 เมตรเพื่อแสดงผล; ไม่ใช้ระบุแนวเขตแปลง
84,สุราษฎร์ธานี,AC,ตะกอนน้ำพาเชิงซ้อน,อ.พระแสง,ปานกลาง,กรดจัดมากถึงกรดเล็กน้อย,ดินร่วนปนทราย,"กรมพัฒนาที่ดิน · ปีผลิต 2561 · มาตราส่วนต้นฉบับ 1:25,000",ลดรายละเอียดเส้น 50 เมตรเพื่อแสดงผล; ไม่ใช้ระบุแนวเขตแปลง
84,สุราษฎร์ธานี,Bu,สายบุรี,อ.พระแสง,ต่ำ,กรดจัดมากถึงกรดปานกลาง,ดินร่วนปนทรายแป้ง,"กรมพัฒนาที่ดิน · ปีผลิต 2561 · มาตราส่วนต้นฉบับ 1:25,000",ลดรายละเอียดเส้น 50 เมตรเพื่อแสดงผล; ไม่ใช้ระบุแนวเขตแปลง
84,สุราษฎร์ธานี,Fd,ฝั่งแดง,อ.พระแสง,ต่ำ,กรดจัดมากถึงกรดจัด,ดินร่วนปนทราย,"กรมพัฒนาที่ดิน · ปีผลิต 2561 · มาตราส่วนต้นฉบับ 1:25,000",ลดรายละเอียดเส้น 50 เมตรเพื่อแสดงผล; ไม่ใช้ระบุแนวเขตแปลง
84,สุราษฎร์ธานี,Km,คลองท่อม,อ.พระแสง,ต่ำ,กรดจัดมากถึงกรดจัด,ดินร่วนปนทราย,"กรมพัฒนาที่ดิน · ปีผลิต 2561 · มาตราส่วนต้นฉบับ 1:25,000",ลดรายละเอียดเส้น 50 เมตรเพื่อแสดงผล; ไม่ใช้ระบุแนวเขตแปลง
84,สุราษฎร์ธานี,Ro,รือเสาะ,อ.พระแสง,ปานกลาง,กรดจัดมากถึงกรดปานกลาง,ดินร่วนปนทรายแป้ง,"กรมพัฒนาที่ดิน · ปีผลิต 2561 · มาตราส่วนต้นฉบับ 1:25,000",ลดรายละเอียดเส้น 50 เมตรเพื่อแสดงผล; ไม่ใช้ระบุแนวเขตแปลง
84,สุราษฎร์ธานี,Ro-Lam,หน่วยเชิงซ้อนของชุดดินรือเสาะและชุดดินลำแก่น,อ.พระแสง,ปานกลาง,กรดจัดมากถึงกรดปานกลาง,ดินร่วนปนทรายแป้ง,"กรมพัฒนาที่ดิน · ปีผลิต 2561 · มาตราส่วนต้นฉบับ 1:25,000",ลดรายละเอียดเส้น 50 เมตรเพื่อแสดงผล; ไม่ใช้ระบุแนวเขตแปลง
84,สุราษฎร์ธานี,Sd,สะเดา,อ.พระแสง,ต่ำ,กรดจัดมาก,ดินร่วนปนทราย,"กรมพัฒนาที่ดิน · ปีผลิต 2561 · มาตราส่วนต้นฉบับ 1:25,000",ลดรายละเอียดเส้น 50 เมตรเพื่อแสดงผล; ไม่ใช้ระบุแนวเขตแปลง
84,สุราษฎร์ธานี,Te,ท่าแซะ,อ.พระแสง,ต่ำ,กรดจัดมากถึงกรดจัด,ดินร่วนปนทราย,"กรมพัฒนาที่ดิน · ปีผลิต 2561 · มาตราส่วนต้นฉบับ 1:25,000",ลดรายละเอียดเส้น 50 เมตรเพื่อแสดงผล; ไม่ใช้ระบุแนวเขตแปลง
84,สุราษฎร์ธานี,Ak,ชุดดินอ่าวลึก,อ.พระแสง,ต่ำ,กรดจัดมากถึงกรดเล็กน้อย,ดินเหนียว,"กรมพัฒนาที่ดิน · ปีผลิต 2561 · มาตราส่วนต้นฉบับ 1:25,000",ลดรายละเอียดเส้น 50 เมตรเพื่อแสดงผล; ไม่ใช้ระบุแนวเขตแปลง
84,สุราษฎร์ธานี,Ba,ชุดดินบางนารา,อ.พระแสง,ต่ำ,กรดจัดถึงกรดเล็กน้อย,ดินร่วนเหนียวปนทรายแป้ง,"กรมพัฒนาที่ดิน · ปีผลิต 2561 · มาตราส่วนต้นฉบับ 1:25,000",ลดรายละเอียดเส้น 50 เมตรเพื่อแสดงผล; ไม่ใช้ระบุแนวเขตแปลง
84,สุราษฎร์ธานี,Bu,สายบุรี,อ.พระแสง,ต่ำ,กรดจัดมากถึงกรดปานกลาง,ดินร่วนเหนียวปนทรายแป้ง,"กรมพัฒนาที่ดิน · ปีผลิต 2561 · มาตราส่วนต้นฉบับ 1:25,000",ลดรายละเอียดเส้น 50 เมตรเพื่อแสดงผล; ไม่ใช้ระบุแนวเขตแปลง
84,สุราษฎร์ธานี,Cp,ชุมพร,อ.พระแสง,ต่ำ,กรดจัดมากถึงกรดปานกลาง,ดินร่วนปนดินเหนียว,"กรมพัฒนาที่ดิน · ปีผลิต 2561 · มาตราส่วนต้นฉบับ 1:25,000",ลดรายละเอียดเส้น 50 เมตรเพื่อแสดงผล; ไม่ใช้ระบุแนวเขตแปลง
84,สุราษฎร์ธานี,Cp,ชุมพร,อ.พระแสง,ต่ำ,กรดจัดมากถึงกรดปานกลาง,ดินร่วนปนทราย,"กรมพัฒนาที่ดิน · ปีผลิต 2561 · มาตราส่วนต้นฉบับ 1:25,000",ลดรายละเอียดเส้น 50 เมตรเพื่อแสดงผล; ไม่ใช้ระบุแนวเขตแปลง
84,สุราษฎร์ธานี,Kbi,กระบี่,อ.พระแสง,ปานกลาง,กรดจัดมากถึงกรดเล็กน้อย,ดินร่วนปนดินเหนียว,"กรมพัฒนาที่ดิน · ปีผลิต 2561 · มาตราส่วนต้นฉบับ 1:25,000",ลดรายละเอียดเส้น 50 เมตรเพื่อแสดงผล; ไม่ใช้ระบุแนวเขตแปลง
84,สุราษฎร์ธานี,Kh,คอหงษ์,อ.พระแสง,ต่ำ,กรดจัดมาก,ดินร่วนปนทราย,"กรมพัฒนาที่ดิน · ปีผลิต 2561 · มาตราส่วนต้นฉบับ 1:25,000",ลดรายละเอียดเส้น 50 เมตรเพื่อแสดงผล; ไม่ใช้ระบุแนวเขตแปลง
84,สุราษฎร์ธานี,Klt,คลองเต็ง,อ.พระแสง,ต่ำ,กรดจัดมาก,ดินร่วนปนดินเหนียว,"กรมพัฒนาที่ดิน · ปีผลิต 2561 · มาตราส่วนต้นฉบับ 1:25,000",ลดรายละเอียดเส้น 50 เมตรเพื่อแสดงผล; ไม่ใช้ระบุแนวเขตแปลง
84,สุราษฎร์ธานี,Km,คลองท่อม,อ.พระแสง,ต่ำ,กรดจัดมากถึงกรดจัด,ดินร่วนเหนียวปนทราย,"กรมพัฒนาที่ดิน · ปีผลิต 2561 · มาตราส่วนต้นฉบับ 1:25,000",ลดรายละเอียดเส้น 50 เมตรเพื่อแสดงผล; ไม่ใช้ระบุแนวเขตแปลง
84,สุราษฎร์ธานี,Lam,ลำแก่น,อ.พระแสง,ต่ำ,กรดจัดมากถึงกรดปานกลาง,ดินร่วนปนทรายแป้ง,"กรมพัฒนาที่ดิน · ปีผลิต 2561 · มาตราส่วนต้นฉบับ 1:25,000",ลดรายละเอียดเส้น 50 เมตรเพื่อแสดงผล; ไม่ใช้ระบุแนวเขตแปลง
84,สุราษฎร์ธานี,Ll,ลำภูรา,อ.พระแสง,ปานกลาง,กรดจัดมากถึงกรดเล็กน้อย,ดินร่วนปนดินเหนียว,"กรมพัฒนาที่ดิน · ปีผลิต 2561 · มาตราส่วนต้นฉบับ 1:25,000",ลดรายละเอียดเส้น 50 เมตรเพื่อแสดงผล; ไม่ใช้ระบุแนวเขตแปลง
84,สุราษฎร์ธานี,Nat,นาทวี,อ.พระแสง,ต่ำ,กรดจัดมาก,ดินร่วนปนทราย,"กรมพัฒนาที่ดิน · ปีผลิต 2561 · มาตราส่วนต้นฉบับ 1:25,000",ลดรายละเอียดเส้น 50 เมตรเพื่อแสดงผล; ไม่ใช้ระบุแนวเขตแปลง
84,สุราษฎร์ธานี,Ntm,นาท่าม,อ.พระแสง,ต่ำ,กรดจัดมากถึงกรดจัด,ดินร่วนปนทราย,"กรมพัฒนาที่ดิน · ปีผลิต 2561 · มาตราส่วนต้นฉบับ 1:25,000",ลดรายละเอียดเส้น 50 เมตรเพื่อแสดงผล; ไม่ใช้ระบุแนวเขตแปลง
84,สุราษฎร์ธานี,Ntn,นาทอน,อ.พระแสง,ต่ำ,กรดจัดมากถึงกรดจัด,ดินร่วนปนดินเหนียว,"กรมพัฒนาที่ดิน · ปีผลิต 2561 · มาตราส่วนต้นฉบับ 1:25,000",ลดรายละเอียดเส้น 50 เมตรเพื่อแสดงผล; ไม่ใช้ระบุแนวเขตแปลง
84,สุราษฎร์ธานี,Pac,ปากจั่น,อ.พระแสง,ปานกลาง,กรดปานกลางถึงเป็นกลาง,ดินร่วนปนดินเหนียว,"กรมพัฒนาที่ดิน · ปีผลิต 2561 · มาตราส่วนต้นฉบับ 1:25,000",ลดรายละเอียดเส้น 50 เมตรเพื่อแสดงผล; ไม่ใช้ระบุแนวเขตแปลง
84,สุราษฎร์ธานี,Pto,พะโต๊ะ,อ.พระแสง,ต่ำ,กรดจัดถึงกรดเล็กน้อย,ดินร่วนปนทราย,"กรมพัฒนาที่ดิน · ปีผลิต 2561 · มาตราส่วนต้นฉบับ 1:25,000",ลดรายละเอียดเส้น 50 เมตรเพื่อแสดงผล; ไม่ใช้ระบุแนวเขตแปลง
84,สุราษฎร์ธานี,Pto,พะโต๊ะ,อ.พระแสง,ต่ำ,กรดจัดมากถึงกรดเล็กน้อย,ดินร่วนปนทราย,"กรมพัฒนาที่ดิน · ปีผลิต 2561 · มาตราส่วนต้นฉบับ 1:25,000",ลดรายละเอียดเส้น 50 เมตรเพื่อแสดงผล; ไม่ใช้ระบุแนวเขตแปลง
84,สุราษฎร์ธานี,Rg,ระนอง,อ.พระแสง,ต่ำ,กรดจัดมาก,ดินร่วนปนทรายปนกรวด,"กรมพัฒนาที่ดิน · ปีผลิต 2561 · มาตราส่วนต้นฉบับ 1:25,000",ลดรายละเอียดเส้น 50 เมตรเพื่อแสดงผล; ไม่ใช้ระบุแนวเขตแปลง
84,สุราษฎร์ธานี,Ro,รือเสาะ,อ.พระแสง,ปานกลาง,กรดจัดมากถึงกรดปานกลาง,ดินร่วนเหนียวปนทรายแป้ง,"กรมพัฒนาที่ดิน · ปีผลิต 2561 · มาตราส่วนต้นฉบับ 1:25,000",ลดรายละเอียดเส้น 50 เมตรเพื่อแสดงผล; ไม่ใช้ระบุแนวเขตแปลง
84,สุราษฎร์ธานี,Ro,รือเสาะ,อ.พระแสง,ปานกลาง,กรดจัดมากถึงกรดปานกลาง,ดินร่วนปนทราย,"กรมพัฒนาที่ดิน · ปีผลิต 2561 · มาตราส่วนต้นฉบับ 1:25,000",ลดรายละเอียดเส้น 50 เมตรเพื่อแสดงผล; ไม่ใช้ระบุแนวเขตแปลง
84,สุราษฎร์ธานี,SC,ที่ลาดชันเชิงซ้อน,อ.พระแสง,-,,,"กรมพัฒนาที่ดิน · ปีผลิต 2561 · มาตราส่วนต้นฉบับ 1:25,000",ลดรายละเอียดเส้น 50 เมตรเพื่อแสดงผล; ไม่ใช้ระบุแนวเขตแปลง
84,สุราษฎร์ธานี,Sw,สวี,อ.พระแสง,ต่ำ,กรดจัดถึงกรดเล็กน้อย,ดินร่วนปนทราย,"กรมพัฒนาที่ดิน · ปีผลิต 2561 · มาตราส่วนต้นฉบับ 1:25,000",ลดรายละเอียดเส้น 50 เมตรเพื่อแสดงผล; ไม่ใช้ระบุแนวเขตแปลง
84,สุราษฎร์ธานี,Tkn,ตาขุน,อ.พระแสง,ต่ำ,กรดจัดมากถึงกรดจัด,ดินร่วน,"กรมพัฒนาที่ดิน · ปีผลิต 2561 · มาตราส่วนต้นฉบับ 1:25,000",ลดรายละเอียดเส้น 50 เมตรเพื่อแสดงผล; ไม่ใช้ระบุแนวเขตแปลง
84,สุราษฎร์ธานี,W,พื้นที่น้ำ,อ.พระแสง,-,,,"กรมพัฒนาที่ดิน · ปีผลิต 2561 · มาตราส่วนต้นฉบับ 1:25,000",ลดรายละเอียดเส้น 50 เมตรเพื่อแสดงผล; ไม่ใช้ระบุแนวเขตแปลง
84,สุราษฎร์ธานี,AC,ตะกอนน้ำพาเชิงซ้อน,อ.พุนพิน,ปานกลาง,กรดจัดมากถึงกรดเล็กน้อย,ดินร่วนปนทราย,"กรมพัฒนาที่ดิน · ปีผลิต 2561 · มาตราส่วนต้นฉบับ 1:25,000",ลดรายละเอียดเส้น 50 เมตรเพื่อแสดงผล; ไม่ใช้ระบุแนวเขตแปลง
84,สุราษฎร์ธานี,Ba,ชุดดินบางนารา,อ.พุนพิน,ต่ำ,กรดจัดถึงกรดเล็กน้อย,ดินร่วนเหนียวปนทรายแป้ง,"กรมพัฒนาที่ดิน · ปีผลิต 2561 · มาตราส่วนต้นฉบับ 1:25,000",ลดรายละเอียดเส้น 50 เมตรเพื่อแสดงผล; ไม่ใช้ระบุแนวเขตแปลง
84,สุราษฎร์ธานี,Bu,สายบุรี,อ.พุนพิน,ต่ำ,กรดจัดมากถึงกรดปานกลาง,ดินร่วนปนทรายแป้ง,"กรมพัฒนาที่ดิน · ปีผลิต 2561 · มาตราส่วนต้นฉบับ 1:25,000",ลดรายละเอียดเส้น 50 เมตรเพื่อแสดงผล; ไม่ใช้ระบุแนวเขตแปลง
84,สุราษฎร์ธานี,Cp,ชุมพร,อ.พุนพิน,ต่ำ,กรดจัดมากถึงกรดปานกลาง,ดินร่วนปนทราย,"กรมพัฒนาที่ดิน · ปีผลิต 2561 · มาตราส่วนต้นฉบับ 1:25,000",ลดรายละเอียดเส้น 50 เมตรเพื่อแสดงผล; ไม่ใช้ระบุแนวเขตแปลง
84,สุราษฎร์ธานี,Fd,ฝั่งแดง,อ.พุนพิน,ต่ำ,กรดจัดมากถึงกรดจัด,ดินร่วนปนทราย,"กรมพัฒนาที่ดิน · ปีผลิต 2561 · มาตราส่วนต้นฉบับ 1:25,000",ลดรายละเอียดเส้น 50 เมตรเพื่อแสดงผล; ไม่ใช้ระบุแนวเขตแปลง
84,สุราษฎร์ธานี,Hy,หาดใหญ่,อ.พุนพิน,ต่ำ,กรดจัดมากถึงกรดปานกลาง,ดินร่วนปนทราย,"กรมพัฒนาที่ดิน · ปีผลิต 2561 · มาตราส่วนต้นฉบับ 1:25,000",ลดรายละเอียดเส้น 50 เมตรเพื่อแสดงผล; ไม่ใช้ระบุแนวเขตแปลง
84,สุราษฎร์ธานี,Kbi,กระบี่,อ.พุนพิน,ปานกลาง,กรดจัดมากถึงกรดเล็กน้อย,ดินร่วนปนดินเหนียว,"กรมพัฒนาที่ดิน · ปีผลิต 2561 · มาตราส่วนต้นฉบับ 1:25,000",ลดรายละเอียดเส้น 50 เมตรเพื่อแสดงผล; ไม่ใช้ระบุแนวเขตแปลง
84,สุราษฎร์ธานี,Kh,คอหงษ์,อ.พุนพิน,ต่ำ,กรดจัดมาก,ดินร่วนปนทราย,"กรมพัฒนาที่ดิน · ปีผลิต 2561 · มาตราส่วนต้นฉบับ 1:25,000",ลดรายละเอียดเส้น 50 เมตรเพื่อแสดงผล; ไม่ใช้ระบุแนวเขตแปลง
84,สุราษฎร์ธานี,Km,คลองท่อม,อ.พุนพิน,ต่ำ,กรดจัดมากถึงกรดจัด,ดินร่วนปนทราย,"กรมพัฒนาที่ดิน · ปีผลิต 2561 · มาตราส่วนต้นฉบับ 1:25,000",ลดรายละเอียดเส้น 50 เมตรเพื่อแสดงผล; ไม่ใช้ระบุแนวเขตแปลง
84,สุราษฎร์ธานี,Ko,โคกเคียน,อ.พุนพิน,ต่ำ,กรดจัดมากถึงกรดปานกลาง,ดินร่วนเหนียวปนทราย,"กรมพัฒนาที่ดิน · ปีผลิต 2561 · มาตราส่วนต้นฉบับ 1:25,000",ลดรายละเอียดเส้น 50 เมตรเพื่อแสดงผล; ไม่ใช้ระบุแนวเขตแปลง
84,สุราษฎร์ธานี,Lam,ลำแก่น,อ.พุนพิน,ต่ำ,กรดจัดมากถึงกรดปานกลาง,ดินร่วนปนทรายแป้ง,"กรมพัฒนาที่ดิน · ปีผลิต 2561 · มาตราส่วนต้นฉบับ 1:25,000",ลดรายละเอียดเส้น 50 เมตรเพื่อแสดงผล; ไม่ใช้ระบุแนวเขตแปลง
84,สุราษฎร์ธานี,MARSH,พื้นที่ลุ่มชื้นแฉะ,อ.พุนพิน,-,,,"กรมพัฒนาที่ดิน · ปีผลิต 2561 · มาตราส่วนต้นฉบับ 1:25,000",ลดรายละเอียดเส้น 50 เมตรเพื่อแสดงผล; ไม่ใช้ระบุแนวเขตแปลง
84,สุราษฎร์ธานี,ML,ที่ดินดัดแปลง,อ.พุนพิน,-,,,"กรมพัฒนาที่ดิน · ปีผลิต 2561 · มาตราส่วนต้นฉบับ 1:25,000",ลดรายละเอียดเส้น 50 เมตรเพื่อแสดงผล; ไม่ใช้ระบุแนวเขตแปลง
84,สุราษฎร์ธานี,Mu,มูโน๊ะ,อ.พุนพิน,ปานกลาง,กรดจัดมาก,ดินร่วนเหนียวปนทรายแป้ง,"กรมพัฒนาที่ดิน · ปีผลิต 2561 · มาตราส่วนต้นฉบับ 1:25,000",ลดรายละเอียดเส้น 50 เมตรเพื่อแสดงผล; ไม่ใช้ระบุแนวเขตแปลง
84,สุราษฎร์ธานี,Mu,มูโน๊ะ,อ.พุนพิน,ปานกลาง,กรดจัดมาก,ดินร่วนปนทรายแป้ง,"กรมพัฒนาที่ดิน · ปีผลิต 2561 · มาตราส่วนต้นฉบับ 1:25,000",ลดรายละเอียดเส้น 50 เมตรเพื่อแสดงผล; ไม่ใช้ระบุแนวเขตแปลง
84,สุราษฎร์ธานี,Ntm,นาท่าม,อ.พุนพิน,ต่ำ,กรดจัดมากถึงกรดจัด,ดินร่วนปนทราย,"กรมพัฒนาที่ดิน · ปีผลิต 2561 · มาตราส่วนต้นฉบับ 1:25,000",ลดรายละเอียดเส้น 50 เมตรเพื่อแสดงผล; ไม่ใช้ระบุแนวเขตแปลง
84,สุราษฎร์ธานี,Pad,ปาดังเบซาร์,อ.พุนพิน,ต่ำ,กรดจัดมากถึงกรดจัด,ดินร่วนปนทราย,"กรมพัฒนาที่ดิน · ปีผลิต 2561 · มาตราส่วนต้นฉบับ 1:25,000",ลดรายละเอียดเส้น 50 เมตรเพื่อแสดงผล; ไม่ใช้ระบุแนวเขตแปลง
84,สุราษฎร์ธานี,Pkm,ปากคม,อ.พุนพิน,ต่ำ,กรดจัดมากถึงกรดจัด,ดินร่วนเหนียวปนทราย,"กรมพัฒนาที่ดิน · ปีผลิต 2561 · มาตราส่วนต้นฉบับ 1:25,000",ลดรายละเอียดเส้น 50 เมตรเพื่อแสดงผล; ไม่ใช้ระบุแนวเขตแปลง
84,สุราษฎร์ธานี,Ptl,พัทลุง,อ.พุนพิน,ต่ำ,กรดจัดถึงกรดเล็กน้อย,ดินร่วนเหนียวปนทรายแป้ง,"กรมพัฒนาที่ดิน · ปีผลิต 2561 · มาตราส่วนต้นฉบับ 1:25,000",ลดรายละเอียดเส้น 50 เมตรเพื่อแสดงผล; ไม่ใช้ระบุแนวเขตแปลง
84,สุราษฎร์ธานี,Ptl,พัทลุง,อ.พุนพิน,ต่ำ,กรดจัดถึงกรดเล็กน้อย,ดินร่วนปนดินเหนียว,"กรมพัฒนาที่ดิน · ปีผลิต 2561 · มาตราส่วนต้นฉบับ 1:25,000",ลดรายละเอียดเส้น 50 เมตรเพื่อแสดงผล; ไม่ใช้ระบุแนวเขตแปลง
84,สุราษฎร์ธานี,Pto,พะโต๊ะ,อ.พุนพิน,ต่ำ,กรดจัดถึงกรดเล็กน้อย,ดินร่วนปนทราย,"กรมพัฒนาที่ดิน · ปีผลิต 2561 · มาตราส่วนต้นฉบับ 1:25,000",ลดรายละเอียดเส้น 50 เมตรเพื่อแสดงผล; ไม่ใช้ระบุแนวเขตแปลง
84,สุราษฎร์ธานี,Ra,ระแงะ,อ.พุนพิน,ต่ำ,กรดจัดมาก,ดินร่วนเหนียวปนทรายแป้ง,"กรมพัฒนาที่ดิน · ปีผลิต 2561 · มาตราส่วนต้นฉบับ 1:25,000",ลดรายละเอียดเส้น 50 เมตรเพื่อแสดงผล; ไม่ใช้ระบุแนวเขตแปลง
84,สุราษฎร์ธานี,Rg,ระนอง,อ.พุนพิน,ต่ำ,กรดจัดมาก,ดินร่วนปนทรายปนกรวด,"กรมพัฒนาที่ดิน · ปีผลิต 2561 · มาตราส่วนต้นฉบับ 1:25,000",ลดรายละเอียดเส้น 50 เมตรเพื่อแสดงผล; ไม่ใช้ระบุแนวเขตแปลง
84,สุราษฎร์ธานี,Ro,รือเสาะ,อ.พุนพิน,ปานกลาง,กรดจัดมากถึงกรดปานกลาง,ดินร่วนปนทรายแป้ง,"กรมพัฒนาที่ดิน · ปีผลิต 2561 · มาตราส่วนต้นฉบับ 1:25,000",ลดรายละเอียดเส้น 50 เมตรเพื่อแสดงผล; ไม่ใช้ระบุแนวเขตแปลง
84,สุราษฎร์ธานี,Ro,รือเสาะ,อ.พุนพิน,ปานกลาง,กรดจัดมากถึงกรดปานกลาง,ดินร่วนปนทราย,"กรมพัฒนาที่ดิน · ปีผลิต 2561 · มาตราส่วนต้นฉบับ 1:25,000",ลดรายละเอียดเส้น 50 เมตรเพื่อแสดงผล; ไม่ใช้ระบุแนวเขตแปลง
84,สุราษฎร์ธานี,SC,ที่ลาดชันเชิงซ้อน,อ.พุนพิน,-,,,"กรมพัฒนาที่ดิน · ปีผลิต 2561 · มาตราส่วนต้นฉบับ 1:25,000",ลดรายละเอียดเส้น 50 เมตรเพื่อแสดงผล; ไม่ใช้ระบุแนวเขตแปลง
84,สุราษฎร์ธานี,Sd,สะเดา,อ.พุนพิน,ต่ำ,กรดจัดมาก,ดินร่วนปนทราย,"กรมพัฒนาที่ดิน · ปีผลิต 2561 · มาตราส่วนต้นฉบับ 1:25,000",ลดรายละเอียดเส้น 50 เมตรเพื่อแสดงผล; ไม่ใช้ระบุแนวเขตแปลง
84,สุราษฎร์ธานี,Sw,สวี,อ.พุนพิน,ต่ำ,กรดจัดถึงกรดเล็กน้อย,ดินร่วนปนทราย,"กรมพัฒนาที่ดิน · ปีผลิต 2561 · มาตราส่วนต้นฉบับ 1:25,000",ลดรายละเอียดเส้น 50 เมตรเพื่อแสดงผล; ไม่ใช้ระบุแนวเขตแปลง
84,สุราษฎร์ธานี,Te,ท่าแซะ,อ.พุนพิน,ต่ำ,กรดจัดมากถึงกรดจัด,ดินร่วนปนทราย,"กรมพัฒนาที่ดิน · ปีผลิต 2561 · มาตราส่วนต้นฉบับ 1:25,000",ลดรายละเอียดเส้น 50 เมตรเพื่อแสดงผล; ไม่ใช้ระบุแนวเขตแปลง
84,สุราษฎร์ธานี,Tg,ทุ่งหว้า,อ.พุนพิน,ต่ำ,กรดจัดมาก,ดินร่วนปนทราย,"กรมพัฒนาที่ดิน · ปีผลิต 2561 · มาตราส่วนต้นฉบับ 1:25,000",ลดรายละเอียดเส้น 50 เมตรเพื่อแสดงผล; ไม่ใช้ระบุแนวเขตแปลง
84,สุราษฎร์ธานี,Tkn,ตาขุน,อ.พุนพิน,ต่ำ,กรดจัดมากถึงกรดจัด,ดินร่วน,"กรมพัฒนาที่ดิน · ปีผลิต 2561 · มาตราส่วนต้นฉบับ 1:25,000",ลดรายละเอียดเส้น 50 เมตรเพื่อแสดงผล; ไม่ใช้ระบุแนวเขตแปลง
84,สุราษฎร์ธานี,Tkt,ตะกั่วทุ่ง,อ.พุนพิน,สูง,กรดปานกลางถึงด่างปานกลาง,ดินร่วนเหนียวปนทรายแป้ง,"กรมพัฒนาที่ดิน · ปีผลิต 2561 · มาตราส่วนต้นฉบับ 1:25,000",ลดรายละเอียดเส้น 50 เมตรเพื่อแสดงผล; ไม่ใช้ระบุแนวเขตแปลง
84,สุราษฎร์ธานี,Tkt,ตะกั่วทุ่ง,อ.พุนพิน,สูง,กรดปานกลางถึงด่างปานกลาง,ดินร่วนปนทรายแป้ง,"กรมพัฒนาที่ดิน · ปีผลิต 2561 · มาตราส่วนต้นฉบับ 1:25,000",ลดรายละเอียดเส้น 50 เมตรเพื่อแสดงผล; ไม่ใช้ระบุแนวเขตแปลง
84,สุราษฎร์ธานี,Vi,วิสัย,อ.พุนพิน,ต่ำ,กรดจัดมากถึงกรดปานกลาง,ดินร่วนปนทราย,"กรมพัฒนาที่ดิน · ปีผลิต 2561 · มาตราส่วนต้นฉบับ 1:25,000",ลดรายละเอียดเส้น 50 เมตรเพื่อแสดงผล; ไม่ใช้ระบุแนวเขตแปลง
84,สุราษฎร์ธานี,W,พื้นที่น้ำ,อ.พุนพิน,-,,,"กรมพัฒนาที่ดิน · ปีผลิต 2561 · มาตราส่วนต้นฉบับ 1:25,000",ลดรายละเอียดเส้น 50 เมตรเพื่อแสดงผล; ไม่ใช้ระบุแนวเขตแปลง
84,สุราษฎร์ธานี,AC,ตะกอนน้ำพาเชิงซ้อน,อ.เมืองสุราษฎร์ธานี,ปานกลาง,กรดจัดมากถึงกรดเล็กน้อย,ดินร่วนปนทราย,"กรมพัฒนาที่ดิน · ปีผลิต 2561 · มาตราส่วนต้นฉบับ 1:25,000",ลดรายละเอียดเส้น 50 เมตรเพื่อแสดงผล; ไม่ใช้ระบุแนวเขตแปลง
84,สุราษฎร์ธานี,Bu,สายบุรี,อ.เมืองสุราษฎร์ธานี,ต่ำ,กรดจัดมากถึงกรดปานกลาง,ดินร่วนปนทรายแป้ง,"กรมพัฒนาที่ดิน · ปีผลิต 2561 · มาตราส่วนต้นฉบับ 1:25,000",ลดรายละเอียดเส้น 50 เมตรเพื่อแสดงผล; ไม่ใช้ระบุแนวเขตแปลง
84,สุราษฎร์ธานี,Fd,ฝั่งแดง,อ.เมืองสุราษฎร์ธานี,ต่ำ,กรดจัดมากถึงกรดจัด,ดินร่วนปนทราย,"กรมพัฒนาที่ดิน · ปีผลิต 2561 · มาตราส่วนต้นฉบับ 1:25,000",ลดรายละเอียดเส้น 50 เมตรเพื่อแสดงผล; ไม่ใช้ระบุแนวเขตแปลง
84,สุราษฎร์ธานี,Kh,คอหงษ์,อ.เมืองสุราษฎร์ธานี,ต่ำ,กรดจัดมาก,ดินร่วนปนทราย,"กรมพัฒนาที่ดิน · ปีผลิต 2561 · มาตราส่วนต้นฉบับ 1:25,000",ลดรายละเอียดเส้น 50 เมตรเพื่อแสดงผล; ไม่ใช้ระบุแนวเขตแปลง
84,สุราษฎร์ธานี,Km,คลองท่อม,อ.เมืองสุราษฎร์ธานี,ต่ำ,กรดจัดมากถึงกรดจัด,ดินร่วนปนทราย,"กรมพัฒนาที่ดิน · ปีผลิต 2561 · มาตราส่วนต้นฉบับ 1:25,000",ลดรายละเอียดเส้น 50 เมตรเพื่อแสดงผล; ไม่ใช้ระบุแนวเขตแปลง
84,สุราษฎร์ธานี,Ko,โคกเคียน,อ.เมืองสุราษฎร์ธานี,ต่ำ,กรดจัดมากถึงกรดปานกลาง,ดินร่วนเหนียวปนทราย,"กรมพัฒนาที่ดิน · ปีผลิต 2561 · มาตราส่วนต้นฉบับ 1:25,000",ลดรายละเอียดเส้น 50 เมตรเพื่อแสดงผล; ไม่ใช้ระบุแนวเขตแปลง
84,สุราษฎร์ธานี,Mu,มูโน๊ะ,อ.เมืองสุราษฎร์ธานี,ปานกลาง,กรดจัดมาก,ดินร่วนเหนียวปนทรายแป้ง,"กรมพัฒนาที่ดิน · ปีผลิต 2561 · มาตราส่วนต้นฉบับ 1:25,000",ลดรายละเอียดเส้น 50 เมตรเพื่อแสดงผล; ไม่ใช้ระบุแนวเขตแปลง
84,สุราษฎร์ธานี,Ptl,พัทลุง,อ.เมืองสุราษฎร์ธานี,ต่ำ,กรดจัดถึงกรดเล็กน้อย,ดินร่วนเหนียวปนทรายแป้ง,"กรมพัฒนาที่ดิน · ปีผลิต 2561 · มาตราส่วนต้นฉบับ 1:25,000",ลดรายละเอียดเส้น 50 เมตรเพื่อแสดงผล; ไม่ใช้ระบุแนวเขตแปลง
84,สุราษฎร์ธานี,Ra,ระแงะ,อ.เมืองสุราษฎร์ธานี,ต่ำ,กรดจัดมาก,ดินร่วนเหนียวปนทรายแป้ง,"กรมพัฒนาที่ดิน · ปีผลิต 2561 · มาตราส่วนต้นฉบับ 1:25,000",ลดรายละเอียดเส้น 50 เมตรเพื่อแสดงผล; ไม่ใช้ระบุแนวเขตแปลง
84,สุราษฎร์ธานี,Ro,รือเสาะ,อ.เมืองสุราษฎร์ธานี,ปานกลาง,กรดจัดมากถึงกรดปานกลาง,ดินร่วนปนทรายแป้ง,"กรมพัฒนาที่ดิน · ปีผลิต 2561 · มาตราส่วนต้นฉบับ 1:25,000",ลดรายละเอียดเส้น 50 เมตรเพื่อแสดงผล; ไม่ใช้ระบุแนวเขตแปลง
84,สุราษฎร์ธานี,SC,ที่ลาดชันเชิงซ้อน,อ.เมืองสุราษฎร์ธานี,-,,,"กรมพัฒนาที่ดิน · ปีผลิต 2561 · มาตราส่วนต้นฉบับ 1:25,000",ลดรายละเอียดเส้น 50 เมตรเพื่อแสดงผล; ไม่ใช้ระบุแนวเขตแปลง
84,สุราษฎร์ธานี,Sd,สะเดา,อ.เมืองสุราษฎร์ธานี,ต่ำ,กรดจัดมาก,ดินร่วนปนทราย,"กรมพัฒนาที่ดิน · ปีผลิต 2561 · มาตราส่วนต้นฉบับ 1:25,000",ลดรายละเอียดเส้น 50 เมตรเพื่อแสดงผล; ไม่ใช้ระบุแนวเขตแปลง
84,สุราษฎร์ธานี,Sng,สงขลา,อ.เมืองสุราษฎร์ธานี,ต่ำ,กรดจัดมากถึงกรดปานกลาง,ดินร่วนปนทราย,"กรมพัฒนาที่ดิน · ปีผลิต 2561 · มาตราส่วนต้นฉบับ 1:25,000",ลดรายละเอียดเส้น 50 เมตรเพื่อแสดงผล; ไม่ใช้ระบุแนวเขตแปลง
84,สุราษฎร์ธานี,Sw,สวี,อ.เมืองสุราษฎร์ธานี,ต่ำ,กรดจัดถึงกรดเล็กน้อย,ดินร่วนปนทราย,"กรมพัฒนาที่ดิน · ปีผลิต 2561 · มาตราส่วนต้นฉบับ 1:25,000",ลดรายละเอียดเส้น 50 เมตรเพื่อแสดงผล; ไม่ใช้ระบุแนวเขตแปลง
84,สุราษฎร์ธานี,Te,ท่าแซะ,อ.เมืองสุราษฎร์ธานี,ต่ำ,กรดจัดมากถึงกรดจัด,ดินร่วนปนทราย,"กรมพัฒนาที่ดิน · ปีผลิต 2561 · มาตราส่วนต้นฉบับ 1:25,000",ลดรายละเอียดเส้น 50 เมตรเพื่อแสดงผล; ไม่ใช้ระบุแนวเขตแปลง
84,สุราษฎร์ธานี,Tg,ทุ่งหว้า,อ.เมืองสุราษฎร์ธานี,ต่ำ,กรดจัดมาก,ดินร่วนปนทราย,"กรมพัฒนาที่ดิน · ปีผลิต 2561 · มาตราส่วนต้นฉบับ 1:25,000",ลดรายละเอียดเส้น 50 เมตรเพื่อแสดงผล; ไม่ใช้ระบุแนวเขตแปลง
84,สุราษฎร์ธานี,Tkt,ตะกั่วทุ่ง,อ.เมืองสุราษฎร์ธานี,สูง,กรดปานกลางถึงด่างปานกลาง,ดินร่วนเหนียวปนทรายแป้ง,"กรมพัฒนาที่ดิน · ปีผลิต 2561 · มาตราส่วนต้นฉบับ 1:25,000",ลดรายละเอียดเส้น 50 เมตรเพื่อแสดงผล; ไม่ใช้ระบุแนวเขตแปลง
84,สุราษฎร์ธานี,Tkt,ตะกั่วทุ่ง,อ.เมืองสุราษฎร์ธานี,สูง,กรดปานกลางถึงด่างปานกลาง,ดินร่วนปนทรายแป้ง,"กรมพัฒนาที่ดิน · ปีผลิต 2561 · มาตราส่วนต้นฉบับ 1:25,000",ลดรายละเอียดเส้น 50 เมตรเพื่อแสดงผล; ไม่ใช้ระบุแนวเขตแปลง
84,สุราษฎร์ธานี,W,พื้นที่น้ำ,อ.เมืองสุราษฎร์ธานี,-,,,"กรมพัฒนาที่ดิน · ปีผลิต 2561 · มาตราส่วนต้นฉบับ 1:25,000",ลดรายละเอียดเส้น 50 เมตรเพื่อแสดงผล; ไม่ใช้ระบุแนวเขตแปลง
84,สุราษฎร์ธานี,AC,ตะกอนน้ำพาเชิงซ้อน,อ.วิภาวดี,ปานกลาง,กรดจัดมากถึงกรดเล็กน้อย,ดินร่วนปนทราย,"กรมพัฒนาที่ดิน · ปีผลิต 2561 · มาตราส่วนต้นฉบับ 1:25,000",ลดรายละเอียดเส้น 50 เมตรเพื่อแสดงผล; ไม่ใช้ระบุแนวเขตแปลง
84,สุราษฎร์ธานี,Chl,ฉลอง,อ.วิภาวดี,ต่ำ,กรดจัดมากถึงกรดจัด,ดินร่วนปนทราย,"กรมพัฒนาที่ดิน · ปีผลิต 2561 · มาตราส่วนต้นฉบับ 1:25,000",ลดรายละเอียดเส้น 50 เมตรเพื่อแสดงผล; ไม่ใช้ระบุแนวเขตแปลง
84,สุราษฎร์ธานี,Fd,ฝั่งแดง,อ.วิภาวดี,ต่ำ,กรดจัดมากถึงกรดจัด,ดินร่วนปนทราย,"กรมพัฒนาที่ดิน · ปีผลิต 2561 · มาตราส่วนต้นฉบับ 1:25,000",ลดรายละเอียดเส้น 50 เมตรเพื่อแสดงผล; ไม่ใช้ระบุแนวเขตแปลง
84,สุราษฎร์ธานี,Ho,ห้วยยอด,อ.วิภาวดี,ต่ำ,กรดจัดมาก,ดินร่วนเหนียวปนกรวด,"กรมพัฒนาที่ดิน · ปีผลิต 2561 · มาตราส่วนต้นฉบับ 1:25,000",ลดรายละเอียดเส้น 50 เมตรเพื่อแสดงผล; ไม่ใช้ระบุแนวเขตแปลง
84,สุราษฎร์ธานี,Ho-Klt,หน่วยเชิงซ้อนของชุดดินห้วยยอดและชุดดินคลองเต็ง,อ.วิภาวดี,ต่ำ,กรดจัดมาก,ดินร่วนปนดินเหนียว,"กรมพัฒนาที่ดิน · ปีผลิต 2561 · มาตราส่วนต้นฉบับ 1:25,000",ลดรายละเอียดเส้น 50 เมตรเพื่อแสดงผล; ไม่ใช้ระบุแนวเขตแปลง
84,สุราษฎร์ธานี,Hy,หาดใหญ่,อ.วิภาวดี,ต่ำ,กรดจัดมากถึงกรดปานกลาง,ดินร่วนปนทราย,"กรมพัฒนาที่ดิน · ปีผลิต 2561 · มาตราส่วนต้นฉบับ 1:25,000",ลดรายละเอียดเส้น 50 เมตรเพื่อแสดงผล; ไม่ใช้ระบุแนวเขตแปลง
84,สุราษฎร์ธานี,Kh,คอหงษ์,อ.วิภาวดี,ต่ำ,กรดจัดมาก,ดินร่วนปนทราย,"กรมพัฒนาที่ดิน · ปีผลิต 2561 · มาตราส่วนต้นฉบับ 1:25,000",ลดรายละเอียดเส้น 50 เมตรเพื่อแสดงผล; ไม่ใช้ระบุแนวเขตแปลง
84,สุราษฎร์ธานี,Kkl,ควนกาหลง,อ.วิภาวดี,ต่ำ,กรดจัดมากถึงกรดจัด,ดินร่วนปนทราย,"กรมพัฒนาที่ดิน · ปีผลิต 2561 · มาตราส่วนต้นฉบับ 1:25,000",ลดรายละเอียดเส้น 50 เมตรเพื่อแสดงผล; ไม่ใช้ระบุแนวเขตแปลง
84,สุราษฎร์ธานี,Klt,คลองเต็ง,อ.วิภาวดี,ต่ำ,กรดจัดมาก,ดินร่วนปนดินเหนียว,"กรมพัฒนาที่ดิน · ปีผลิต 2561 · มาตราส่วนต้นฉบับ 1:25,000",ลดรายละเอียดเส้น 50 เมตรเพื่อแสดงผล; ไม่ใช้ระบุแนวเขตแปลง
84,สุราษฎร์ธานี,Km,คลองท่อม,อ.วิภาวดี,ต่ำ,กรดจัดมากถึงกรดจัด,ดินร่วนปนทราย,"กรมพัฒนาที่ดิน · ปีผลิต 2561 · มาตราส่วนต้นฉบับ 1:25,000",ลดรายละเอียดเส้น 50 เมตรเพื่อแสดงผล; ไม่ใช้ระบุแนวเขตแปลง
84,สุราษฎร์ธานี,Ll,ลำภูรา,อ.วิภาวดี,ปานกลาง,กรดจัดมากถึงกรดเล็กน้อย,ดินร่วนปนดินเหนียว,"กรมพัฒนาที่ดิน · ปีผลิต 2561 · มาตราส่วนต้นฉบับ 1:25,000",ลดรายละเอียดเส้น 50 เมตรเพื่อแสดงผล; ไม่ใช้ระบุแนวเขตแปลง
84,สุราษฎร์ธานี,Ntn,นาทอน,อ.วิภาวดี,ต่ำ,กรดจัดมากถึงกรดจัด,ดินร่วนปนดินเหนียว,"กรมพัฒนาที่ดิน · ปีผลิต 2561 · มาตราส่วนต้นฉบับ 1:25,000",ลดรายละเอียดเส้น 50 เมตรเพื่อแสดงผล; ไม่ใช้ระบุแนวเขตแปลง
84,สุราษฎร์ธานี,Pad,ปาดังเบซาร์,อ.วิภาวดี,ต่ำ,กรดจัดมากถึงกรดจัด,ดินร่วนปนทราย,"กรมพัฒนาที่ดิน · ปีผลิต 2561 · มาตราส่วนต้นฉบับ 1:25,000",ลดรายละเอียดเส้น 50 เมตรเพื่อแสดงผล; ไม่ใช้ระบุแนวเขตแปลง
84,สุราษฎร์ธานี,Pto,พะโต๊ะ,อ.วิภาวดี,ต่ำ,กรดจัดถึงกรดเล็กน้อย,ดินร่วนปนทราย,"กรมพัฒนาที่ดิน · ปีผลิต 2561 · มาตราส่วนต้นฉบับ 1:25,000",ลดรายละเอียดเส้น 50 เมตรเพื่อแสดงผล; ไม่ใช้ระบุแนวเขตแปลง
84,สุราษฎร์ธานี,Pto,พะโต๊ะ,อ.วิภาวดี,ต่ำ,กรดจัดมากถึงกรดเล็กน้อย,ดินร่วนปนทราย,"กรมพัฒนาที่ดิน · ปีผลิต 2561 · มาตราส่วนต้นฉบับ 1:25,000",ลดรายละเอียดเส้น 50 เมตรเพื่อแสดงผล; ไม่ใช้ระบุแนวเขตแปลง
84,สุราษฎร์ธานี,Rg,ระนอง,อ.วิภาวดี,ต่ำ,กรดจัดมาก,ดินร่วนปนทรายปนกรวด,"กรมพัฒนาที่ดิน · ปีผลิต 2561 · มาตราส่วนต้นฉบับ 1:25,000",ลดรายละเอียดเส้น 50 เมตรเพื่อแสดงผล; ไม่ใช้ระบุแนวเขตแปลง
84,สุราษฎร์ธานี,Ro,รือเสาะ,อ.วิภาวดี,ปานกลาง,กรดจัดมากถึงกรดปานกลาง,ดินร่วนปนทรายแป้ง,"กรมพัฒนาที่ดิน · ปีผลิต 2561 · มาตราส่วนต้นฉบับ 1:25,000",ลดรายละเอียดเส้น 50 เมตรเพื่อแสดงผล; ไม่ใช้ระบุแนวเขตแปลง
84,สุราษฎร์ธานี,SC,ที่ลาดชันเชิงซ้อน,อ.วิภาวดี,-,,,"กรมพัฒนาที่ดิน · ปีผลิต 2561 · มาตราส่วนต้นฉบับ 1:25,000",ลดรายละเอียดเส้น 50 เมตรเพื่อแสดงผล; ไม่ใช้ระบุแนวเขตแปลง
84,สุราษฎร์ธานี,Sd,สะเดา,อ.วิภาวดี,ต่ำ,กรดจัดมาก,ดินร่วนปนทราย,"กรมพัฒนาที่ดิน · ปีผลิต 2561 · มาตราส่วนต้นฉบับ 1:25,000",ลดรายละเอียดเส้น 50 เมตรเพื่อแสดงผล; ไม่ใช้ระบุแนวเขตแปลง
84,สุราษฎร์ธานี,Sw,สวี,อ.วิภาวดี,ต่ำ,กรดจัดถึงกรดเล็กน้อย,ดินร่วนปนทราย,"กรมพัฒนาที่ดิน · ปีผลิต 2561 · มาตราส่วนต้นฉบับ 1:25,000",ลดรายละเอียดเส้น 50 เมตรเพื่อแสดงผล; ไม่ใช้ระบุแนวเขตแปลง
84,สุราษฎร์ธานี,Tac,ท่าฉาง,อ.วิภาวดี,ต่ำ,กรดจัดมากถึงกรดปานกลาง,ดินร่วนปนทราย,"กรมพัฒนาที่ดิน · ปีผลิต 2561 · มาตราส่วนต้นฉบับ 1:25,000",ลดรายละเอียดเส้น 50 เมตรเพื่อแสดงผล; ไม่ใช้ระบุแนวเขตแปลง
84,สุราษฎร์ธานี,Te,ท่าแซะ,อ.วิภาวดี,ต่ำ,กรดจัดมากถึงกรดจัด,ดินร่วนปนทราย,"กรมพัฒนาที่ดิน · ปีผลิต 2561 · มาตราส่วนต้นฉบับ 1:25,000",ลดรายละเอียดเส้น 50 เมตรเพื่อแสดงผล; ไม่ใช้ระบุแนวเขตแปลง
84,สุราษฎร์ธานี,Tg,ทุ่งหว้า,อ.วิภาวดี,ต่ำ,กรดจัดมาก,ดินร่วนปนทราย,"กรมพัฒนาที่ดิน · ปีผลิต 2561 · มาตราส่วนต้นฉบับ 1:25,000",ลดรายละเอียดเส้น 50 เมตรเพื่อแสดงผล; ไม่ใช้ระบุแนวเขตแปลง
84,สุราษฎร์ธานี,Tg,ทุ่งหว้า,อ.วิภาวดี,ต่ำ,กรดจัดมากถึงกรดจัด,ดินร่วนปนทราย,"กรมพัฒนาที่ดิน · ปีผลิต 2561 · มาตราส่วนต้นฉบับ 1:25,000",ลดรายละเอียดเส้น 50 เมตรเพื่อแสดงผล; ไม่ใช้ระบุแนวเขตแปลง
84,สุราษฎร์ธานี,Tim,ท้ายเหมือง,อ.วิภาวดี,ต่ำ,กรดจัดมากถึงกรดเล็กน้อย,ดินร่วนเหนียวปนทราย,"กรมพัฒนาที่ดิน · ปีผลิต 2561 · มาตราส่วนต้นฉบับ 1:25,000",ลดรายละเอียดเส้น 50 เมตรเพื่อแสดงผล; ไม่ใช้ระบุแนวเขตแปลง
84,สุราษฎร์ธานี,AC,ตะกอนน้ำพาเชิงซ้อน,อ.เวียงสระ,ปานกลาง,กรดจัดมากถึงกรดเล็กน้อย,ดินร่วนปนทราย,"กรมพัฒนาที่ดิน · ปีผลิต 2561 · มาตราส่วนต้นฉบับ 1:25,000",ลดรายละเอียดเส้น 50 เมตรเพื่อแสดงผล; ไม่ใช้ระบุแนวเขตแปลง
84,สุราษฎร์ธานี,Ak,ชุดดินอ่าวลึก,อ.เวียงสระ,ต่ำ,กรดจัดมากถึงกรดเล็กน้อย,ดินเหนียว,"กรมพัฒนาที่ดิน · ปีผลิต 2561 · มาตราส่วนต้นฉบับ 1:25,000",ลดรายละเอียดเส้น 50 เมตรเพื่อแสดงผล; ไม่ใช้ระบุแนวเขตแปลง
84,สุราษฎร์ธานี,Ba,ชุดดินบางนารา,อ.เวียงสระ,ต่ำ,กรดจัดถึงกรดเล็กน้อย,ดินร่วนเหนียวปนทรายแป้ง,"กรมพัฒนาที่ดิน · ปีผลิต 2561 · มาตราส่วนต้นฉบับ 1:25,000",ลดรายละเอียดเส้น 50 เมตรเพื่อแสดงผล; ไม่ใช้ระบุแนวเขตแปลง
84,สุราษฎร์ธานี,Bu,สายบุรี,อ.เวียงสระ,ต่ำ,กรดจัดมากถึงกรดปานกลาง,ดินร่วนปนทรายแป้ง,"กรมพัฒนาที่ดิน · ปีผลิต 2561 · มาตราส่วนต้นฉบับ 1:25,000",ลดรายละเอียดเส้น 50 เมตรเพื่อแสดงผล; ไม่ใช้ระบุแนวเขตแปลง
84,สุราษฎร์ธานี,Chl,ฉลอง,อ.เวียงสระ,ต่ำ,กรดจัดมากถึงกรดจัด,ดินร่วนปนทราย,"กรมพัฒนาที่ดิน · ปีผลิต 2561 · มาตราส่วนต้นฉบับ 1:25,000",ลดรายละเอียดเส้น 50 เมตรเพื่อแสดงผล; ไม่ใช้ระบุแนวเขตแปลง
84,สุราษฎร์ธานี,Cp,ชุมพร,อ.เวียงสระ,ต่ำ,กรดจัดมากถึงกรดปานกลาง,ดินร่วนปนดินเหนียว,"กรมพัฒนาที่ดิน · ปีผลิต 2561 · มาตราส่วนต้นฉบับ 1:25,000",ลดรายละเอียดเส้น 50 เมตรเพื่อแสดงผล; ไม่ใช้ระบุแนวเขตแปลง
84,สุราษฎร์ธานี,Cp,ชุมพร,อ.เวียงสระ,ต่ำ,กรดจัดมากถึงกรดปานกลาง,ดินร่วนเหนียวปนกรวด,"กรมพัฒนาที่ดิน · ปีผลิต 2561 · มาตราส่วนต้นฉบับ 1:25,000",ลดรายละเอียดเส้น 50 เมตรเพื่อแสดงผล; ไม่ใช้ระบุแนวเขตแปลง
84,สุราษฎร์ธานี,Cp,ชุมพร,อ.เวียงสระ,ต่ำ,กรดจัดมากถึงกรดปานกลาง,ดินร่วนเหนียวปนทราย,"กรมพัฒนาที่ดิน · ปีผลิต 2561 · มาตราส่วนต้นฉบับ 1:25,000",ลดรายละเอียดเส้น 50 เมตรเพื่อแสดงผล; ไม่ใช้ระบุแนวเขตแปลง
84,สุราษฎร์ธานี,Cp,ชุมพร,อ.เวียงสระ,ต่ำ,กรดจัดมากถึงกรดปานกลาง,ดินร่วนปนทราย,"กรมพัฒนาที่ดิน · ปีผลิต 2561 · มาตราส่วนต้นฉบับ 1:25,000",ลดรายละเอียดเส้น 50 เมตรเพื่อแสดงผล; ไม่ใช้ระบุแนวเขตแปลง
84,สุราษฎร์ธานี,Fd,ฝั่งแดง,อ.เวียงสระ,ต่ำ,กรดจัดมากถึงกรดจัด,ดินร่วนปนทราย,"กรมพัฒนาที่ดิน · ปีผลิต 2561 · มาตราส่วนต้นฉบับ 1:25,000",ลดรายละเอียดเส้น 50 เมตรเพื่อแสดงผล; ไม่ใช้ระบุแนวเขตแปลง
84,สุราษฎร์ธานี,Ho,ห้วยยอด,อ.เวียงสระ,ต่ำ,กรดจัดมาก,ดินร่วนเหนียวปนกรวด,"กรมพัฒนาที่ดิน · ปีผลิต 2561 · มาตราส่วนต้นฉบับ 1:25,000",ลดรายละเอียดเส้น 50 เมตรเพื่อแสดงผล; ไม่ใช้ระบุแนวเขตแปลง
84,สุราษฎร์ธานี,Kbi,กระบี่,อ.เวียงสระ,ปานกลาง,กรดจัดมากถึงกรดเล็กน้อย,ดินร่วนปนดินเหนียว,"กรมพัฒนาที่ดิน · ปีผลิต 2561 · มาตราส่วนต้นฉบับ 1:25,000",ลดรายละเอียดเส้น 50 เมตรเพื่อแสดงผล; ไม่ใช้ระบุแนวเขตแปลง
84,สุราษฎร์ธานี,Kc,คลองซาก,อ.เวียงสระ,ปานกลาง,กรดจัดมากถึงกรดปานกลาง,ดินร่วนปนดินเหนียว,"กรมพัฒนาที่ดิน · ปีผลิต 2561 · มาตราส่วนต้นฉบับ 1:25,000",ลดรายละเอียดเส้น 50 เมตรเพื่อแสดงผล; ไม่ใช้ระบุแนวเขตแปลง
84,สุราษฎร์ธานี,Kh,คอหงษ์,อ.เวียงสระ,ต่ำ,กรดจัดมาก,ดินร่วนปนทราย,"กรมพัฒนาที่ดิน · ปีผลิต 2561 · มาตราส่วนต้นฉบับ 1:25,000",ลดรายละเอียดเส้น 50 เมตรเพื่อแสดงผล; ไม่ใช้ระบุแนวเขตแปลง
84,สุราษฎร์ธานี,Kkl,ควนกาหลง,อ.เวียงสระ,ต่ำ,กรดจัดมากถึงกรดจัด,ดินร่วนปนทราย,"กรมพัฒนาที่ดิน · ปีผลิต 2561 · มาตราส่วนต้นฉบับ 1:25,000",ลดรายละเอียดเส้น 50 เมตรเพื่อแสดงผล; ไม่ใช้ระบุแนวเขตแปลง
84,สุราษฎร์ธานี,Kkt,เขาขาด,อ.เวียงสระ,ต่ำ,กรดจัดมากถึงกรดปานกลาง,ดินร่วนปนดินเหนียว,"กรมพัฒนาที่ดิน · ปีผลิต 2561 · มาตราส่วนต้นฉบับ 1:25,000",ลดรายละเอียดเส้น 50 เมตรเพื่อแสดงผล; ไม่ใช้ระบุแนวเขตแปลง
84,สุราษฎร์ธานี,Klt,คลองเต็ง,อ.เวียงสระ,ต่ำ,กรดจัดมาก,ดินร่วนปนดินเหนียว,"กรมพัฒนาที่ดิน · ปีผลิต 2561 · มาตราส่วนต้นฉบับ 1:25,000",ลดรายละเอียดเส้น 50 เมตรเพื่อแสดงผล; ไม่ใช้ระบุแนวเขตแปลง
84,สุราษฎร์ธานี,Km,คลองท่อม,อ.เวียงสระ,ต่ำ,กรดจัดมากถึงกรดจัด,ดินร่วนปนทราย,"กรมพัฒนาที่ดิน · ปีผลิต 2561 · มาตราส่วนต้นฉบับ 1:25,000",ลดรายละเอียดเส้น 50 เมตรเพื่อแสดงผล; ไม่ใช้ระบุแนวเขตแปลง
84,สุราษฎร์ธานี,Knk,คลองนกกระทุง,อ.เวียงสระ,ต่ำ,กรดจัดมากถึงกรดจัด,ดินร่วนปนทราย,"กรมพัฒนาที่ดิน · ปีผลิต 2561 · มาตราส่วนต้นฉบับ 1:25,000",ลดรายละเอียดเส้น 50 เมตรเพื่อแสดงผล; ไม่ใช้ระบุแนวเขตแปลง
84,สุราษฎร์ธานี,Ko,โคกเคียน,อ.เวียงสระ,ต่ำ,กรดจัดมากถึงกรดปานกลาง,ดินร่วนเหนียวปนทราย,"กรมพัฒนาที่ดิน · ปีผลิต 2561 · มาตราส่วนต้นฉบับ 1:25,000",ลดรายละเอียดเส้น 50 เมตรเพื่อแสดงผล; ไม่ใช้ระบุแนวเขตแปลง
84,สุราษฎร์ธานี,Koi,โคกกลอย,อ.เวียงสระ,ต่ำ,กรดจัดมากถึงกรดจัด,ดินร่วนปนทราย,"กรมพัฒนาที่ดิน · ปีผลิต 2561 · มาตราส่วนต้นฉบับ 1:25,000",ลดรายละเอียดเส้น 50 เมตรเพื่อแสดงผล; ไม่ใช้ระบุแนวเขตแปลง
84,สุราษฎร์ธานี,Koi,โคกกลอย,อ.เวียงสระ,ต่ำ,กรดจัดมากถึงกรดจัด,ดินร่วนเหนียวปนทราย,"กรมพัฒนาที่ดิน · ปีผลิต 2561 · มาตราส่วนต้นฉบับ 1:25,000",ลดรายละเอียดเส้น 50 เมตรเพื่อแสดงผล; ไม่ใช้ระบุแนวเขตแปลง
84,สุราษฎร์ธานี,Lam,ลำแก่น,อ.เวียงสระ,ต่ำ,กรดจัดมากถึงกรดปานกลาง,ดินร่วนปนทรายแป้ง,"กรมพัฒนาที่ดิน · ปีผลิต 2561 · มาตราส่วนต้นฉบับ 1:25,000",ลดรายละเอียดเส้น 50 เมตรเพื่อแสดงผล; ไม่ใช้ระบุแนวเขตแปลง
84,สุราษฎร์ธานี,Ll,ลำภูรา,อ.เวียงสระ,ปานกลาง,กรดจัดมากถึงกรดเล็กน้อย,ดินร่วนปนดินเหนียว,"กรมพัฒนาที่ดิน · ปีผลิต 2561 · มาตราส่วนต้นฉบับ 1:25,000",ลดรายละเอียดเส้น 50 เมตรเพื่อแสดงผล; ไม่ใช้ระบุแนวเขตแปลง
84,สุราษฎร์ธานี,Ll,ลำภูรา,อ.เวียงสระ,ปานกลาง,กรดจัดมากถึงกรดเล็กน้อย,ดินร่วนเหนียวปนทรายแป้ง,"กรมพัฒนาที่ดิน · ปีผลิต 2561 · มาตราส่วนต้นฉบับ 1:25,000",ลดรายละเอียดเส้น 50 เมตรเพื่อแสดงผล; ไม่ใช้ระบุแนวเขตแปลง
84,สุราษฎร์ธานี,Ntm,นาท่าม,อ.เวียงสระ,ต่ำ,กรดจัดมากถึงกรดจัด,ดินร่วน,"กรมพัฒนาที่ดิน · ปีผลิต 2561 · มาตราส่วนต้นฉบับ 1:25,000",ลดรายละเอียดเส้น 50 เมตรเพื่อแสดงผล; ไม่ใช้ระบุแนวเขตแปลง
84,สุราษฎร์ธานี,Ntn,นาทอน,อ.เวียงสระ,ต่ำ,กรดจัดมากถึงกรดจัด,ดินร่วนปนดินเหนียว,"กรมพัฒนาที่ดิน · ปีผลิต 2561 · มาตราส่วนต้นฉบับ 1:25,000",ลดรายละเอียดเส้น 50 เมตรเพื่อแสดงผล; ไม่ใช้ระบุแนวเขตแปลง
84,สุราษฎร์ธานี,P,บ่อขุด,อ.เวียงสระ,-,,,"กรมพัฒนาที่ดิน · ปีผลิต 2561 · มาตราส่วนต้นฉบับ 1:25,000",ลดรายละเอียดเส้น 50 เมตรเพื่อแสดงผล; ไม่ใช้ระบุแนวเขตแปลง
84,สุราษฎร์ธานี,Pac,ปากจั่น,อ.เวียงสระ,ปานกลาง,กรดปานกลางถึงเป็นกลาง,ดินร่วนปนดินเหนียว,"กรมพัฒนาที่ดิน · ปีผลิต 2561 · มาตราส่วนต้นฉบับ 1:25,000",ลดรายละเอียดเส้น 50 เมตรเพื่อแสดงผล; ไม่ใช้ระบุแนวเขตแปลง
84,สุราษฎร์ธานี,Pk,ภูเก็ต,อ.เวียงสระ,ต่ำ,กรดจัดมากถึงกรดจัด,ดินร่วนเหนียวปนทราย,"กรมพัฒนาที่ดิน · ปีผลิต 2561 · มาตราส่วนต้นฉบับ 1:25,000",ลดรายละเอียดเส้น 50 เมตรเพื่อแสดงผล; ไม่ใช้ระบุแนวเขตแปลง
84,สุราษฎร์ธานี,Pkm,ปากคม,อ.เวียงสระ,ต่ำ,กรดจัดมากถึงกรดจัด,ดินร่วนปนทราย,"กรมพัฒนาที่ดิน · ปีผลิต 2561 · มาตราส่วนต้นฉบับ 1:25,000",ลดรายละเอียดเส้น 50 เมตรเพื่อแสดงผล; ไม่ใช้ระบุแนวเขตแปลง
84,สุราษฎร์ธานี,Ptl,พัทลุง,อ.เวียงสระ,ต่ำ,กรดจัดถึงกรดเล็กน้อย,ดินร่วนเหนียวปนทรายแป้ง,"กรมพัฒนาที่ดิน · ปีผลิต 2561 · มาตราส่วนต้นฉบับ 1:25,000",ลดรายละเอียดเส้น 50 เมตรเพื่อแสดงผล; ไม่ใช้ระบุแนวเขตแปลง
84,สุราษฎร์ธานี,Ptl,พัทลุง,อ.เวียงสระ,ต่ำ,กรดจัดถึงกรดเล็กน้อย,ดินร่วนปนดินเหนียว,"กรมพัฒนาที่ดิน · ปีผลิต 2561 · มาตราส่วนต้นฉบับ 1:25,000",ลดรายละเอียดเส้น 50 เมตรเพื่อแสดงผล; ไม่ใช้ระบุแนวเขตแปลง
84,สุราษฎร์ธานี,Pto,พะโต๊ะ,อ.เวียงสระ,ต่ำ,กรดจัดถึงกรดเล็กน้อย,ดินร่วนปนทราย,"กรมพัฒนาที่ดิน · ปีผลิต 2561 · มาตราส่วนต้นฉบับ 1:25,000",ลดรายละเอียดเส้น 50 เมตรเพื่อแสดงผล; ไม่ใช้ระบุแนวเขตแปลง
84,สุราษฎร์ธานี,Pto,พะโต๊ะ,อ.เวียงสระ,ต่ำ,กรดจัดมากถึงกรดเล็กน้อย,ดินร่วนปนทราย,"กรมพัฒนาที่ดิน · ปีผลิต 2561 · มาตราส่วนต้นฉบับ 1:25,000",ลดรายละเอียดเส้น 50 เมตรเพื่อแสดงผล; ไม่ใช้ระบุแนวเขตแปลง
84,สุราษฎร์ธานี,Ro,รือเสาะ,อ.เวียงสระ,ปานกลาง,กรดจัดมากถึงกรดปานกลาง,ดินร่วนเหนียวปนทรายแป้ง,"กรมพัฒนาที่ดิน · ปีผลิต 2561 · มาตราส่วนต้นฉบับ 1:25,000",ลดรายละเอียดเส้น 50 เมตรเพื่อแสดงผล; ไม่ใช้ระบุแนวเขตแปลง
84,สุราษฎร์ธานี,Ro,รือเสาะ,อ.เวียงสระ,ปานกลาง,กรดจัดมากถึงกรดปานกลาง,ดินร่วนปนทรายแป้ง,"กรมพัฒนาที่ดิน · ปีผลิต 2561 · มาตราส่วนต้นฉบับ 1:25,000",ลดรายละเอียดเส้น 50 เมตรเพื่อแสดงผล; ไม่ใช้ระบุแนวเขตแปลง
84,สุราษฎร์ธานี,Ro,รือเสาะ,อ.เวียงสระ,ปานกลาง,กรดจัดมากถึงกรดปานกลาง,ดินร่วนปนทราย,"กรมพัฒนาที่ดิน · ปีผลิต 2561 · มาตราส่วนต้นฉบับ 1:25,000",ลดรายละเอียดเส้น 50 เมตรเพื่อแสดงผล; ไม่ใช้ระบุแนวเขตแปลง
84,สุราษฎร์ธานี,SC,ที่ลาดชันเชิงซ้อน,อ.เวียงสระ,-,,,"กรมพัฒนาที่ดิน · ปีผลิต 2561 · มาตราส่วนต้นฉบับ 1:25,000",ลดรายละเอียดเส้น 50 เมตรเพื่อแสดงผล; ไม่ใช้ระบุแนวเขตแปลง
84,สุราษฎร์ธานี,Sng,สงขลา,อ.เวียงสระ,ต่ำ,กรดจัดมากถึงกรดปานกลาง,ดินร่วนปนทราย,"กรมพัฒนาที่ดิน · ปีผลิต 2561 · มาตราส่วนต้นฉบับ 1:25,000",ลดรายละเอียดเส้น 50 เมตรเพื่อแสดงผล; ไม่ใช้ระบุแนวเขตแปลง
84,สุราษฎร์ธานี,Te,ท่าแซะ,อ.เวียงสระ,ต่ำ,กรดจัดมากถึงกรดจัด,ดินร่วนปนทราย,"กรมพัฒนาที่ดิน · ปีผลิต 2561 · มาตราส่วนต้นฉบับ 1:25,000",ลดรายละเอียดเส้น 50 เมตรเพื่อแสดงผล; ไม่ใช้ระบุแนวเขตแปลง
84,สุราษฎร์ธานี,Tg,ทุ่งหว้า,อ.เวียงสระ,ต่ำ,กรดจัดมาก,ดินร่วนปนทราย,"กรมพัฒนาที่ดิน · ปีผลิต 2561 · มาตราส่วนต้นฉบับ 1:25,000",ลดรายละเอียดเส้น 50 เมตรเพื่อแสดงผล; ไม่ใช้ระบุแนวเขตแปลง
84,สุราษฎร์ธานี,Tim,ท้ายเหมือง,อ.เวียงสระ,ต่ำ,กรดจัดมากถึงกรดเล็กน้อย,ดินร่วนเหนียวปนทราย,"กรมพัฒนาที่ดิน · ปีผลิต 2561 · มาตราส่วนต้นฉบับ 1:25,000",ลดรายละเอียดเส้น 50 เมตรเพื่อแสดงผล; ไม่ใช้ระบุแนวเขตแปลง
84,สุราษฎร์ธานี,Tkn,ตาขุน,อ.เวียงสระ,ต่ำ,กรดจัดมากถึงกรดจัด,ดินร่วน,"กรมพัฒนาที่ดิน · ปีผลิต 2561 · มาตราส่วนต้นฉบับ 1:25,000",ลดรายละเอียดเส้น 50 เมตรเพื่อแสดงผล; ไม่ใช้ระบุแนวเขตแปลง
84,สุราษฎร์ธานี,Tng,ตรัง,อ.เวียงสระ,ต่ำ,กรดจัดมากถึงกรดจัด,ดินร่วนปนดินเหนียว,"กรมพัฒนาที่ดิน · ปีผลิต 2561 · มาตราส่วนต้นฉบับ 1:25,000",ลดรายละเอียดเส้น 50 เมตรเพื่อแสดงผล; ไม่ใช้ระบุแนวเขตแปลง
84,สุราษฎร์ธานี,W,พื้นที่น้ำ,อ.เวียงสระ,-,,,"กรมพัฒนาที่ดิน · ปีผลิต 2561 · มาตราส่วนต้นฉบับ 1:25,000",ลดรายละเอียดเส้น 50 เมตรเพื่อแสดงผล; ไม่ใช้ระบุแนวเขตแปลง
84,สุราษฎร์ธานี,Ro-Lam,หน่วยเชิงซ้อนของชุดดินรือเสาะและชุดดินลำแก่น,อ.เวียงสระ,ปานกลาง,กรดจัดมากถึงกรดปานกลาง,ดินร่วนปนทรายแป้ง,"กรมพัฒนาที่ดิน · ปีผลิต 2561 · มาตราส่วนต้นฉบับ 1:25,000",ลดรายละเอียดเส้น 50 เมตรเพื่อแสดงผล; ไม่ใช้ระบุแนวเขตแปลง
84,สุราษฎร์ธานี,AC,ตะกอนน้ำพาเชิงซ้อน,อ.กาญจนดิษฐ์,ปานกลาง,กรดจัดมากถึงกรดเล็กน้อย,ดินร่วนปนทราย,"กรมพัฒนาที่ดิน · ปีผลิต 2561 · มาตราส่วนต้นฉบับ 1:25,000",ลดรายละเอียดเส้น 50 เมตรเพื่อแสดงผล; ไม่ใช้ระบุแนวเขตแปลง
84,สุราษฎร์ธานี,Ak,ชุดดินอ่าวลึก,อ.กาญจนดิษฐ์,ต่ำ,กรดจัดมากถึงกรดเล็กน้อย,ดินเหนียว,"กรมพัฒนาที่ดิน · ปีผลิต 2561 · มาตราส่วนต้นฉบับ 1:25,000",ลดรายละเอียดเส้น 50 เมตรเพื่อแสดงผล; ไม่ใช้ระบุแนวเขตแปลง
84,สุราษฎร์ธานี,Bc,บาเจาะ,อ.กาญจนดิษฐ์,ต่ำ,กรดจัดมากถึงกรดเล็กน้อย,ดินทรายปนดินร่วน,"กรมพัฒนาที่ดิน · ปีผลิต 2561 · มาตราส่วนต้นฉบับ 1:25,000",ลดรายละเอียดเส้น 50 เมตรเพื่อแสดงผล; ไม่ใช้ระบุแนวเขตแปลง
84,สุราษฎร์ธานี,Bh,บ้านทอน,อ.กาญจนดิษฐ์,ต่ำ,กรดจัดมากถึงกรดปานกลาง,ดินทรายปนดินร่วน,"กรมพัฒนาที่ดิน · ปีผลิต 2561 · มาตราส่วนต้นฉบับ 1:25,000",ลดรายละเอียดเส้น 50 เมตรเพื่อแสดงผล; ไม่ใช้ระบุแนวเขตแปลง
84,สุราษฎร์ธานี,Blm,บางละมุง,อ.กาญจนดิษฐ์,ต่ำ,กรดจัดมากถึงกรดจัด,ดินร่วนปนทราย,"กรมพัฒนาที่ดิน · ปีผลิต 2561 · มาตราส่วนต้นฉบับ 1:25,000",ลดรายละเอียดเส้น 50 เมตรเพื่อแสดงผล; ไม่ใช้ระบุแนวเขตแปลง
84,สุราษฎร์ธานี,Bph,บางแพ,อ.กาญจนดิษฐ์,ปานกลาง,กรดจัดถึงด่างปานกลาง,ดินร่วนปนทรายแป้ง,"กรมพัฒนาที่ดิน · ปีผลิต 2561 · มาตราส่วนต้นฉบับ 1:25,000",ลดรายละเอียดเส้น 50 เมตรเพื่อแสดงผล; ไม่ใช้ระบุแนวเขตแปลง
84,สุราษฎร์ธานี,Bu,สายบุรี,อ.กาญจนดิษฐ์,ต่ำ,กรดจัดมากถึงกรดปานกลาง,ดินร่วนปนทรายแป้ง,"กรมพัฒนาที่ดิน · ปีผลิต 2561 · มาตราส่วนต้นฉบับ 1:25,000",ลดรายละเอียดเส้น 50 เมตรเพื่อแสดงผล; ไม่ใช้ระบุแนวเขตแปลง
84,สุราษฎร์ธานี,Fd,ฝั่งแดง,อ.กาญจนดิษฐ์,ต่ำ,กรดจัดมากถึงกรดจัด,ดินร่วนปนทราย,"กรมพัฒนาที่ดิน · ปีผลิต 2561 · มาตราส่วนต้นฉบับ 1:25,000",ลดรายละเอียดเส้น 50 เมตรเพื่อแสดงผล; ไม่ใช้ระบุแนวเขตแปลง
84,สุราษฎร์ธานี,Ho,ห้วยยอด,อ.กาญจนดิษฐ์,ต่ำ,กรดจัดมาก,ดินร่วนเหนียวปนกรวด,"กรมพัฒนาที่ดิน · ปีผลิต 2561 · มาตราส่วนต้นฉบับ 1:25,000",ลดรายละเอียดเส้น 50 เมตรเพื่อแสดงผล; ไม่ใช้ระบุแนวเขตแปลง
84,สุราษฎร์ธานี,Kbi,กระบี่,อ.กาญจนดิษฐ์,ปานกลาง,กรดจัดมากถึงกรดเล็กน้อย,ดินร่วนปนดินเหนียว,"กรมพัฒนาที่ดิน · ปีผลิต 2561 · มาตราส่วนต้นฉบับ 1:25,000",ลดรายละเอียดเส้น 50 เมตรเพื่อแสดงผล; ไม่ใช้ระบุแนวเขตแปลง
84,สุราษฎร์ธานี,Kc,คลองซาก,อ.กาญจนดิษฐ์,ปานกลาง,กรดจัดมากถึงกรดปานกลาง,ดินร่วนปนดินเหนียว,"กรมพัฒนาที่ดิน · ปีผลิต 2561 · มาตราส่วนต้นฉบับ 1:25,000",ลดรายละเอียดเส้น 50 เมตรเพื่อแสดงผล; ไม่ใช้ระบุแนวเขตแปลง
84,สุราษฎร์ธานี,Kh,คอหงษ์,อ.กาญจนดิษฐ์,ต่ำ,กรดจัดมาก,ดินร่วนปนทราย,"กรมพัฒนาที่ดิน · ปีผลิต 2561 · มาตราส่วนต้นฉบับ 1:25,000",ลดรายละเอียดเส้น 50 เมตรเพื่อแสดงผล; ไม่ใช้ระบุแนวเขตแปลง
84,สุราษฎร์ธานี,Kkl,ควนกาหลง,อ.กาญจนดิษฐ์,ต่ำ,กรดจัดมากถึงกรดจัด,ดินร่วนปนทราย,"กรมพัฒนาที่ดิน · ปีผลิต 2561 · มาตราส่วนต้นฉบับ 1:25,000",ลดรายละเอียดเส้น 50 เมตรเพื่อแสดงผล; ไม่ใช้ระบุแนวเขตแปลง
84,สุราษฎร์ธานี,Klt,คลองเต็ง,อ.กาญจนดิษฐ์,ต่ำ,กรดจัดมาก,ดินร่วนปนดินเหนียว,"กรมพัฒนาที่ดิน · ปีผลิต 2561 · มาตราส่วนต้นฉบับ 1:25,000",ลดรายละเอียดเส้น 50 เมตรเพื่อแสดงผล; ไม่ใช้ระบุแนวเขตแปลง
84,สุราษฎร์ธานี,Km,คลองท่อม,อ.กาญจนดิษฐ์,ต่ำ,กรดจัดมากถึงกรดจัด,ดินร่วนปนทราย,"กรมพัฒนาที่ดิน · ปีผลิต 2561 · มาตราส่วนต้นฉบับ 1:25,000",ลดรายละเอียดเส้น 50 เมตรเพื่อแสดงผล; ไม่ใช้ระบุแนวเขตแปลง
84,สุราษฎร์ธานี,Knk,คลองนกกระทุง,อ.กาญจนดิษฐ์,ต่ำ,กรดจัดมากถึงกรดจัด,ดินร่วนปนทราย,"กรมพัฒนาที่ดิน · ปีผลิต 2561 · มาตราส่วนต้นฉบับ 1:25,000",ลดรายละเอียดเส้น 50 เมตรเพื่อแสดงผล; ไม่ใช้ระบุแนวเขตแปลง
84,สุราษฎร์ธานี,Ko,โคกเคียน,อ.กาญจนดิษฐ์,ต่ำ,กรดจัดมากถึงกรดปานกลาง,ดินร่วนเหนียวปนทราย,"กรมพัฒนาที่ดิน · ปีผลิต 2561 · มาตราส่วนต้นฉบับ 1:25,000",ลดรายละเอียดเส้น 50 เมตรเพื่อแสดงผล; ไม่ใช้ระบุแนวเขตแปลง
84,สุราษฎร์ธานี,Lan,หลังสวน,อ.กาญจนดิษฐ์,ต่ำ,กรดจัดมากถึงกรดเล็กน้อย,ดินทรายปนดินร่วน,"กรมพัฒนาที่ดิน · ปีผลิต 2561 · มาตราส่วนต้นฉบับ 1:25,000",ลดรายละเอียดเส้น 50 เมตรเพื่อแสดงผล; ไม่ใช้ระบุแนวเขตแปลง
84,สุราษฎร์ธานี,Lgu,ละงู,อ.กาญจนดิษฐ์,ปานกลาง,กรดจัดถึงกรดเล็กน้อย,ดินร่วนปนดินเหนียว,"กรมพัฒนาที่ดิน · ปีผลิต 2561 · มาตราส่วนต้นฉบับ 1:25,000",ลดรายละเอียดเส้น 50 เมตรเพื่อแสดงผล; ไม่ใช้ระบุแนวเขตแปลง
84,สุราษฎร์ธานี,Lh,ละหาน,อ.กาญจนดิษฐ์,ต่ำ,กรดจัดมากถึงกรดจัด,ดินร่วนปนทราย,"กรมพัฒนาที่ดิน · ปีผลิต 2561 · มาตราส่วนต้นฉบับ 1:25,000",ลดรายละเอียดเส้น 50 เมตรเพื่อแสดงผล; ไม่ใช้ระบุแนวเขตแปลง
84,สุราษฎร์ธานี,Ll,ลำภูรา,อ.กาญจนดิษฐ์,ปานกลาง,กรดจัดมากถึงกรดเล็กน้อย,ดินร่วนปนดินเหนียว,"กรมพัฒนาที่ดิน · ปีผลิต 2561 · มาตราส่วนต้นฉบับ 1:25,000",ลดรายละเอียดเส้น 50 เมตรเพื่อแสดงผล; ไม่ใช้ระบุแนวเขตแปลง
84,สุราษฎร์ธานี,Mu,มูโน๊ะ,อ.กาญจนดิษฐ์,ปานกลาง,กรดจัดมาก,ดินร่วนเหนียวปนทรายแป้ง,"กรมพัฒนาที่ดิน · ปีผลิต 2561 · มาตราส่วนต้นฉบับ 1:25,000",ลดรายละเอียดเส้น 50 เมตรเพื่อแสดงผล; ไม่ใช้ระบุแนวเขตแปลง
84,สุราษฎร์ธานี,Nat,นาทวี,อ.กาญจนดิษฐ์,ต่ำ,กรดจัดมาก,ดินร่วนปนทราย,"กรมพัฒนาที่ดิน · ปีผลิต 2561 · มาตราส่วนต้นฉบับ 1:25,000",ลดรายละเอียดเส้น 50 เมตรเพื่อแสดงผล; ไม่ใช้ระบุแนวเขตแปลง
84,สุราษฎร์ธานี,Ntn,นาทอน,อ.กาญจนดิษฐ์,ต่ำ,กรดจัดมากถึงกรดจัด,ดินร่วนปนดินเหนียว,"กรมพัฒนาที่ดิน · ปีผลิต 2561 · มาตราส่วนต้นฉบับ 1:25,000",ลดรายละเอียดเส้น 50 เมตรเพื่อแสดงผล; ไม่ใช้ระบุแนวเขตแปลง
84,สุราษฎร์ธานี,Pac,ปากจั่น,อ.กาญจนดิษฐ์,ปานกลาง,กรดปานกลางถึงเป็นกลาง,ดินร่วนปนดินเหนียว,"กรมพัฒนาที่ดิน · ปีผลิต 2561 · มาตราส่วนต้นฉบับ 1:25,000",ลดรายละเอียดเส้น 50 เมตรเพื่อแสดงผล; ไม่ใช้ระบุแนวเขตแปลง
84,สุราษฎร์ธานี,Pga,พังงา,อ.กาญจนดิษฐ์,ต่ำ,กรดจัดมากถึงกรดเล็กน้อย,ดินร่วนปนทราย,"กรมพัฒนาที่ดิน · ปีผลิต 2561 · มาตราส่วนต้นฉบับ 1:25,000",ลดรายละเอียดเส้น 50 เมตรเพื่อแสดงผล; ไม่ใช้ระบุแนวเขตแปลง
84,สุราษฎร์ธานี,Pkm,ปากคม,อ.กาญจนดิษฐ์,ต่ำ,กรดจัดมากถึงกรดจัด,ดินร่วนปนทราย,"กรมพัฒนาที่ดิน · ปีผลิต 2561 · มาตราส่วนต้นฉบับ 1:25,000",ลดรายละเอียดเส้น 50 เมตรเพื่อแสดงผล; ไม่ใช้ระบุแนวเขตแปลง
84,สุราษฎร์ธานี,Ppn,ปากพนัง,อ.กาญจนดิษฐ์,ปานกลาง,กรดจัดถึงด่างปานกลาง,ดินเหนียว,"กรมพัฒนาที่ดิน · ปีผลิต 2561 · มาตราส่วนต้นฉบับ 1:25,000",ลดรายละเอียดเส้น 50 เมตรเพื่อแสดงผล; ไม่ใช้ระบุแนวเขตแปลง
84,สุราษฎร์ธานี,Ptl,พัทลุง,อ.กาญจนดิษฐ์,ต่ำ,กรดจัดถึงกรดเล็กน้อย,ดินร่วนเหนียวปนทรายแป้ง,"กรมพัฒนาที่ดิน · ปีผลิต 2561 · มาตราส่วนต้นฉบับ 1:25,000",ลดรายละเอียดเส้น 50 เมตรเพื่อแสดงผล; ไม่ใช้ระบุแนวเขตแปลง
84,สุราษฎร์ธานี,Pto,พะโต๊ะ,อ.กาญจนดิษฐ์,ต่ำ,กรดจัดถึงกรดเล็กน้อย,ดินร่วนปนทราย,"กรมพัฒนาที่ดิน · ปีผลิต 2561 · มาตราส่วนต้นฉบับ 1:25,000",ลดรายละเอียดเส้น 50 เมตรเพื่อแสดงผล; ไม่ใช้ระบุแนวเขตแปลง
84,สุราษฎร์ธานี,Pto,พะโต๊ะ,อ.กาญจนดิษฐ์,ต่ำ,กรดจัดมากถึงกรดเล็กน้อย,ดินร่วนปนทราย,"กรมพัฒนาที่ดิน · ปีผลิต 2561 · มาตราส่วนต้นฉบับ 1:25,000",ลดรายละเอียดเส้น 50 เมตรเพื่อแสดงผล; ไม่ใช้ระบุแนวเขตแปลง
84,สุราษฎร์ธานี,Ra,ระแงะ,อ.กาญจนดิษฐ์,ต่ำ,กรดจัดมาก,ดินร่วนเหนียวปนทรายแป้ง,"กรมพัฒนาที่ดิน · ปีผลิต 2561 · มาตราส่วนต้นฉบับ 1:25,000",ลดรายละเอียดเส้น 50 เมตรเพื่อแสดงผล; ไม่ใช้ระบุแนวเขตแปลง
84,สุราษฎร์ธานี,Ran,ระโนด,อ.กาญจนดิษฐ์,ปานกลาง,กรดจัดถึงกรดเล็กน้อย,ดินเหนียวปนทรายแป้ง,"กรมพัฒนาที่ดิน · ปีผลิต 2561 · มาตราส่วนต้นฉบับ 1:25,000",ลดรายละเอียดเส้น 50 เมตรเพื่อแสดงผล; ไม่ใช้ระบุแนวเขตแปลง
84,สุราษฎร์ธานี,Rg,ระนอง,อ.กาญจนดิษฐ์,ต่ำ,กรดจัดมาก,ดินร่วนปนทรายปนกรวด,"กรมพัฒนาที่ดิน · ปีผลิต 2561 · มาตราส่วนต้นฉบับ 1:25,000",ลดรายละเอียดเส้น 50 เมตรเพื่อแสดงผล; ไม่ใช้ระบุแนวเขตแปลง
84,สุราษฎร์ธานี,Ro,รือเสาะ,อ.กาญจนดิษฐ์,ปานกลาง,กรดจัดมากถึงกรดปานกลาง,ดินร่วนปนทรายแป้ง,"กรมพัฒนาที่ดิน · ปีผลิต 2561 · มาตราส่วนต้นฉบับ 1:25,000",ลดรายละเอียดเส้น 50 เมตรเพื่อแสดงผล; ไม่ใช้ระบุแนวเขตแปลง
84,สุราษฎร์ธานี,SC,ที่ลาดชันเชิงซ้อน,อ.กาญจนดิษฐ์,-,,,"กรมพัฒนาที่ดิน · ปีผลิต 2561 · มาตราส่วนต้นฉบับ 1:25,000",ลดรายละเอียดเส้น 50 เมตรเพื่อแสดงผล; ไม่ใช้ระบุแนวเขตแปลง
84,สุราษฎร์ธานี,Sng,สงขลา,อ.กาญจนดิษฐ์,ต่ำ,กรดจัดมากถึงกรดปานกลาง,ดินร่วนปนทราย,"กรมพัฒนาที่ดิน · ปีผลิต 2561 · มาตราส่วนต้นฉบับ 1:25,000",ลดรายละเอียดเส้น 50 เมตรเพื่อแสดงผล; ไม่ใช้ระบุแนวเขตแปลง
84,สุราษฎร์ธานี,Sw,สวี,อ.กาญจนดิษฐ์,ต่ำ,กรดจัดถึงกรดเล็กน้อย,ดินร่วนปนทราย,"กรมพัฒนาที่ดิน · ปีผลิต 2561 · มาตราส่วนต้นฉบับ 1:25,000",ลดรายละเอียดเส้น 50 เมตรเพื่อแสดงผล; ไม่ใช้ระบุแนวเขตแปลง
84,สุราษฎร์ธานี,Te,ท่าแซะ,อ.กาญจนดิษฐ์,ต่ำ,กรดจัดมากถึงกรดจัด,ดินร่วนปนทราย,"กรมพัฒนาที่ดิน · ปีผลิต 2561 · มาตราส่วนต้นฉบับ 1:25,000",ลดรายละเอียดเส้น 50 เมตรเพื่อแสดงผล; ไม่ใช้ระบุแนวเขตแปลง
84,สุราษฎร์ธานี,Tg,ทุ่งหว้า,อ.กาญจนดิษฐ์,ต่ำ,กรดจัดมาก,ดินร่วนปนทราย,"กรมพัฒนาที่ดิน · ปีผลิต 2561 · มาตราส่วนต้นฉบับ 1:25,000",ลดรายละเอียดเส้น 50 เมตรเพื่อแสดงผล; ไม่ใช้ระบุแนวเขตแปลง
84,สุราษฎร์ธานี,Tg,ทุ่งหว้า,อ.กาญจนดิษฐ์,ต่ำ,กรดจัดมากถึงกรดจัด,ดินร่วนปนทราย,"กรมพัฒนาที่ดิน · ปีผลิต 2561 · มาตราส่วนต้นฉบับ 1:25,000",ลดรายละเอียดเส้น 50 เมตรเพื่อแสดงผล; ไม่ใช้ระบุแนวเขตแปลง
84,สุราษฎร์ธานี,Tg,ทุ่งหว้า,อ.กาญจนดิษฐ์,ต่ำ,กรดจัดถึงกรดเล็กน้อย,ดินร่วนปนทราย,"กรมพัฒนาที่ดิน · ปีผลิต 2561 · มาตราส่วนต้นฉบับ 1:25,000",ลดรายละเอียดเส้น 50 เมตรเพื่อแสดงผล; ไม่ใช้ระบุแนวเขตแปลง
84,สุราษฎร์ธานี,Tkn,ตาขุน,อ.กาญจนดิษฐ์,ต่ำ,กรดจัดมากถึงกรดจัด,ดินร่วน,"กรมพัฒนาที่ดิน · ปีผลิต 2561 · มาตราส่วนต้นฉบับ 1:25,000",ลดรายละเอียดเส้น 50 เมตรเพื่อแสดงผล; ไม่ใช้ระบุแนวเขตแปลง
84,สุราษฎร์ธานี,Tkn,ตาขุน,อ.กาญจนดิษฐ์,ต่ำ,กรดจัดมากถึงกรดจัด,ดินร่วนปนทราย,"กรมพัฒนาที่ดิน · ปีผลิต 2561 · มาตราส่วนต้นฉบับ 1:25,000",ลดรายละเอียดเส้น 50 เมตรเพื่อแสดงผล; ไม่ใช้ระบุแนวเขตแปลง
84,สุราษฎร์ธานี,Tkt,ตะกั่วทุ่ง,อ.กาญจนดิษฐ์,สูง,กรดปานกลางถึงด่างปานกลาง,ดินร่วนปนทรายแป้ง,"กรมพัฒนาที่ดิน · ปีผลิต 2561 · มาตราส่วนต้นฉบับ 1:25,000",ลดรายละเอียดเส้น 50 เมตรเพื่อแสดงผล; ไม่ใช้ระบุแนวเขตแปลง
84,สุราษฎร์ธานี,Tsl,ท่าศาลา,อ.กาญจนดิษฐ์,ต่ำ,กรดจัดถึงกรดเล็กน้อย,ดินร่วนปนดินเหนียว,"กรมพัฒนาที่ดิน · ปีผลิต 2561 · มาตราส่วนต้นฉบับ 1:25,000",ลดรายละเอียดเส้น 50 เมตรเพื่อแสดงผล; ไม่ใช้ระบุแนวเขตแปลง
84,สุราษฎร์ธานี,Vi,วิสัย,อ.กาญจนดิษฐ์,ต่ำ,กรดจัดมากถึงกรดปานกลาง,ดินร่วนปนทราย,"กรมพัฒนาที่ดิน · ปีผลิต 2561 · มาตราส่วนต้นฉบับ 1:25,000",ลดรายละเอียดเส้น 50 เมตรเพื่อแสดงผล; ไม่ใช้ระบุแนวเขตแปลง
84,สุราษฎร์ธานี,W,พื้นที่น้ำ,อ.กาญจนดิษฐ์,-,,,"กรมพัฒนาที่ดิน · ปีผลิต 2561 · มาตราส่วนต้นฉบับ 1:25,000",ลดรายละเอียดเส้น 50 เมตรเพื่อแสดงผล; ไม่ใช้ระบุแนวเขตแปลง
86,ชุมพร,Ba,ชุดดินบางนารา,อ.หลังสวน,ต่ำ,กรดจัดถึงกรดเล็กน้อย,ดินร่วนปนดินเหนียว,"กรมพัฒนาที่ดิน · ปีผลิต 2561 · มาตราส่วนต้นฉบับ 1:25,000",ลดรายละเอียดเส้น 50 เมตรเพื่อแสดงผล; ไม่ใช้ระบุแนวเขตแปลง
86,ชุมพร,Bh,บ้านทอน,อ.หลังสวน,ต่ำ,กรดจัดมากถึงกรดปานกลาง,ดินทรายปนดินร่วน,"กรมพัฒนาที่ดิน · ปีผลิต 2561 · มาตราส่วนต้นฉบับ 1:25,000",ลดรายละเอียดเส้น 50 เมตรเพื่อแสดงผล; ไม่ใช้ระบุแนวเขตแปลง
86,ชุมพร,Blm,บางละมุง,อ.หลังสวน,ต่ำ,กรดจัดมากถึงกรดจัด,ดินร่วนปนทราย,"กรมพัฒนาที่ดิน · ปีผลิต 2561 · มาตราส่วนต้นฉบับ 1:25,000",ลดรายละเอียดเส้น 50 เมตรเพื่อแสดงผล; ไม่ใช้ระบุแนวเขตแปลง
86,ชุมพร,Bu,สายบุรี,อ.หลังสวน,ต่ำ,กรดจัดมากถึงกรดปานกลาง,ดินร่วนปนทรายแป้ง,"กรมพัฒนาที่ดิน · ปีผลิต 2561 · มาตราส่วนต้นฉบับ 1:25,000",ลดรายละเอียดเส้น 50 เมตรเพื่อแสดงผล; ไม่ใช้ระบุแนวเขตแปลง
86,ชุมพร,Cp,ชุมพร,อ.หลังสวน,ต่ำ,กรดจัดมากถึงกรดปานกลาง,ดินร่วนปนทราย,"กรมพัฒนาที่ดิน · ปีผลิต 2561 · มาตราส่วนต้นฉบับ 1:25,000",ลดรายละเอียดเส้น 50 เมตรเพื่อแสดงผล; ไม่ใช้ระบุแนวเขตแปลง
86,ชุมพร,Cyi,เชียรใหญ่,อ.หลังสวน,ปานกลาง,กรดจัดมาก,ดินร่วนเหนียวปนทรายแป้ง,"กรมพัฒนาที่ดิน · ปีผลิต 2561 · มาตราส่วนต้นฉบับ 1:25,000",ลดรายละเอียดเส้น 50 เมตรเพื่อแสดงผล; ไม่ใช้ระบุแนวเขตแปลง
86,ชุมพร,Hh,หัวหิน,อ.หลังสวน,ต่ำ,กรดปานกลางถึงด่างปานกลาง,ดินทรายปนดินร่วน,"กรมพัฒนาที่ดิน · ปีผลิต 2561 · มาตราส่วนต้นฉบับ 1:25,000",ลดรายละเอียดเส้น 50 เมตรเพื่อแสดงผล; ไม่ใช้ระบุแนวเขตแปลง
86,ชุมพร,Ho-Klt,หน่วยเชิงซ้อนของชุดดินห้วยยอดและชุดดินคลองเต็ง,อ.หลังสวน,ต่ำ,กรดจัดมาก,ดินร่วนเหนียวปนกรวด,"กรมพัฒนาที่ดิน · ปีผลิต 2561 · มาตราส่วนต้นฉบับ 1:25,000",ลดรายละเอียดเส้น 50 เมตรเพื่อแสดงผล; ไม่ใช้ระบุแนวเขตแปลง
86,ชุมพร,I,เกาะ,อ.หลังสวน,-,,,"กรมพัฒนาที่ดิน · ปีผลิต 2561 · มาตราส่วนต้นฉบับ 1:25,000",ลดรายละเอียดเส้น 50 เมตรเพื่อแสดงผล; ไม่ใช้ระบุแนวเขตแปลง
86,ชุมพร,Kh,คอหงษ์,อ.หลังสวน,ต่ำ,กรดจัดมาก,ดินร่วนปนทราย,"กรมพัฒนาที่ดิน · ปีผลิต 2561 · มาตราส่วนต้นฉบับ 1:25,000",ลดรายละเอียดเส้น 50 เมตรเพื่อแสดงผล; ไม่ใช้ระบุแนวเขตแปลง
86,ชุมพร,Kkl,ควนกาหลง,อ.หลังสวน,ต่ำ,กรดจัดมากถึงกรดจัด,ดินร่วนปนทราย,"กรมพัฒนาที่ดิน · ปีผลิต 2561 · มาตราส่วนต้นฉบับ 1:25,000",ลดรายละเอียดเส้น 50 เมตรเพื่อแสดงผล; ไม่ใช้ระบุแนวเขตแปลง
86,ชุมพร,Klt,คลองเต็ง,อ.หลังสวน,ต่ำ,กรดจัดมาก,ดินร่วนปนดินเหนียว,"กรมพัฒนาที่ดิน · ปีผลิต 2561 · มาตราส่วนต้นฉบับ 1:25,000",ลดรายละเอียดเส้น 50 เมตรเพื่อแสดงผล; ไม่ใช้ระบุแนวเขตแปลง
86,ชุมพร,Klt-Ntn,หน่วยเชิงซ้อนของชุดดินคลองเต็งและชุดดินนาทอน,อ.หลังสวน,ต่ำ,กรดจัดมากหรือกรดจัด,ดินร่วนปนดินเหนียว,"กรมพัฒนาที่ดิน · ปีผลิต 2561 · มาตราส่วนต้นฉบับ 1:25,000",ลดรายละเอียดเส้น 50 เมตรเพื่อแสดงผล; ไม่ใช้ระบุแนวเขตแปลง
86,ชุมพร,Knk,คลองนกกระทุง,อ.หลังสวน,ต่ำ,กรดจัดมากถึงกรดจัด,ดินร่วนปนทราย,"กรมพัฒนาที่ดิน · ปีผลิต 2561 · มาตราส่วนต้นฉบับ 1:25,000",ลดรายละเอียดเส้น 50 เมตรเพื่อแสดงผล; ไม่ใช้ระบุแนวเขตแปลง
86,ชุมพร,Koi,โคกกลอย,อ.หลังสวน,ต่ำ,กรดจัดมากถึงกรดจัด,ดินร่วนปนทราย,"กรมพัฒนาที่ดิน · ปีผลิต 2561 · มาตราส่วนต้นฉบับ 1:25,000",ลดรายละเอียดเส้น 50 เมตรเพื่อแสดงผล; ไม่ใช้ระบุแนวเขตแปลง
86,ชุมพร,Koi,โคกกลอย,อ.หลังสวน,ต่ำ,กรดจัดมากถึงกรดจัด,ดินร่วนเหนียวปนทราย,"กรมพัฒนาที่ดิน · ปีผลิต 2561 · มาตราส่วนต้นฉบับ 1:25,000",ลดรายละเอียดเส้น 50 เมตรเพื่อแสดงผล; ไม่ใช้ระบุแนวเขตแปลง
86,ชุมพร,Lan,หลังสวน,อ.หลังสวน,ต่ำ,กรดจัดมากถึงกรดเล็กน้อย,ดินทรายปนดินร่วน,"กรมพัฒนาที่ดิน · ปีผลิต 2561 · มาตราส่วนต้นฉบับ 1:25,000",ลดรายละเอียดเส้น 50 เมตรเพื่อแสดงผล; ไม่ใช้ระบุแนวเขตแปลง
86,ชุมพร,Lgu,ละงู,อ.หลังสวน,ปานกลาง,กรดจัดถึงกรดเล็กน้อย,ดินร่วนปนดินเหนียว,"กรมพัฒนาที่ดิน · ปีผลิต 2561 · มาตราส่วนต้นฉบับ 1:25,000",ลดรายละเอียดเส้น 50 เมตรเพื่อแสดงผล; ไม่ใช้ระบุแนวเขตแปลง
86,ชุมพร,Mu,มูโน๊ะ,อ.หลังสวน,ปานกลาง,กรดจัดมาก,ดินร่วนเหนียวปนทรายแป้ง,"กรมพัฒนาที่ดิน · ปีผลิต 2561 · มาตราส่วนต้นฉบับ 1:25,000",ลดรายละเอียดเส้น 50 เมตรเพื่อแสดงผล; ไม่ใช้ระบุแนวเขตแปลง
86,ชุมพร,Nat,นาทวี,อ.หลังสวน,ต่ำ,กรดจัดมาก,ดินร่วนปนทราย,"กรมพัฒนาที่ดิน · ปีผลิต 2561 · มาตราส่วนต้นฉบับ 1:25,000",ลดรายละเอียดเส้น 50 เมตรเพื่อแสดงผล; ไม่ใช้ระบุแนวเขตแปลง
86,ชุมพร,Ni,น้ำกระจาย,อ.หลังสวน,ต่ำ,กรดจัดถึงกรดเล็กน้อย,ดินร่วนปนทราย,"กรมพัฒนาที่ดิน · ปีผลิต 2561 · มาตราส่วนต้นฉบับ 1:25,000",ลดรายละเอียดเส้น 50 เมตรเพื่อแสดงผล; ไม่ใช้ระบุแนวเขตแปลง
86,ชุมพร,Ntn,นาทอน,อ.หลังสวน,ต่ำ,กรดจัดมากถึงกรดจัด,ดินร่วนปนดินเหนียว,"กรมพัฒนาที่ดิน · ปีผลิต 2561 · มาตราส่วนต้นฉบับ 1:25,000",ลดรายละเอียดเส้น 50 เมตรเพื่อแสดงผล; ไม่ใช้ระบุแนวเขตแปลง
86,ชุมพร,Ptl,พัทลุง,อ.หลังสวน,ต่ำ,กรดจัดถึงกรดเล็กน้อย,ดินร่วนปนดินเหนียว,"กรมพัฒนาที่ดิน · ปีผลิต 2561 · มาตราส่วนต้นฉบับ 1:25,000",ลดรายละเอียดเส้น 50 เมตรเพื่อแสดงผล; ไม่ใช้ระบุแนวเขตแปลง
86,ชุมพร,Pto,พะโต๊ะ,อ.หลังสวน,ต่ำ,กรดจัดมากถึงกรดเล็กน้อย,ดินร่วนปนทราย,"กรมพัฒนาที่ดิน · ปีผลิต 2561 · มาตราส่วนต้นฉบับ 1:25,000",ลดรายละเอียดเส้น 50 เมตรเพื่อแสดงผล; ไม่ใช้ระบุแนวเขตแปลง
86,ชุมพร,Pto,พะโต๊ะ,อ.หลังสวน,ต่ำ,กรดจัดถึงกรดเล็กน้อย,ดินร่วนปนทราย,"กรมพัฒนาที่ดิน · ปีผลิต 2561 · มาตราส่วนต้นฉบับ 1:25,000",ลดรายละเอียดเส้น 50 เมตรเพื่อแสดงผล; ไม่ใช้ระบุแนวเขตแปลง
86,ชุมพร,Pto-Rg,หน่วยเชิงซ้อนของชุดดินพะโต๊ะและชุดดินระนอง,อ.หลังสวน,ต่ำ,กรดจัดมากถึงกรดเล็กน้อย,ดินร่วนปนทรายหรือดินร่วนปนทรายปนกรวด,"กรมพัฒนาที่ดิน · ปีผลิต 2561 · มาตราส่วนต้นฉบับ 1:25,000",ลดรายละเอียดเส้น 50 เมตรเพื่อแสดงผล; ไม่ใช้ระบุแนวเขตแปลง
86,ชุมพร,Ra,ระแงะ,อ.หลังสวน,ต่ำ,กรดจัดมาก,ดินร่วนเหนียวปนทรายแป้ง,"กรมพัฒนาที่ดิน · ปีผลิต 2561 · มาตราส่วนต้นฉบับ 1:25,000",ลดรายละเอียดเส้น 50 เมตรเพื่อแสดงผล; ไม่ใช้ระบุแนวเขตแปลง
86,ชุมพร,Rg,ระนอง,อ.หลังสวน,ต่ำ,กรดจัดมาก,ดินร่วนปนทรายปนกรวด,"กรมพัฒนาที่ดิน · ปีผลิต 2561 · มาตราส่วนต้นฉบับ 1:25,000",ลดรายละเอียดเส้น 50 เมตรเพื่อแสดงผล; ไม่ใช้ระบุแนวเขตแปลง
86,ชุมพร,Ro,รือเสาะ,อ.หลังสวน,ปานกลาง,กรดจัดมากถึงกรดปานกลาง,ดินร่วน,"กรมพัฒนาที่ดิน · ปีผลิต 2561 · มาตราส่วนต้นฉบับ 1:25,000",ลดรายละเอียดเส้น 50 เมตรเพื่อแสดงผล; ไม่ใช้ระบุแนวเขตแปลง
86,ชุมพร,Ro,รือเสาะ,อ.หลังสวน,ปานกลาง,กรดจัดมากถึงกรดปานกลาง,ดินร่วนปนทรายแป้ง,"กรมพัฒนาที่ดิน · ปีผลิต 2561 · มาตราส่วนต้นฉบับ 1:25,000",ลดรายละเอียดเส้น 50 เมตรเพื่อแสดงผล; ไม่ใช้ระบุแนวเขตแปลง
86,ชุมพร,SC,ที่ลาดชันเชิงซ้อน,อ.หลังสวน,-,,,"กรมพัฒนาที่ดิน · ปีผลิต 2561 · มาตราส่วนต้นฉบับ 1:25,000",ลดรายละเอียดเส้น 50 เมตรเพื่อแสดงผล; ไม่ใช้ระบุแนวเขตแปลง
86,ชุมพร,Sd,สะเดา,อ.หลังสวน,ต่ำ,กรดจัดมาก,ดินร่วนปนทราย,"กรมพัฒนาที่ดิน · ปีผลิต 2561 · มาตราส่วนต้นฉบับ 1:25,000",ลดรายละเอียดเส้น 50 เมตรเพื่อแสดงผล; ไม่ใช้ระบุแนวเขตแปลง
86,ชุมพร,Sw,สวี,อ.หลังสวน,ต่ำ,กรดจัดถึงกรดเล็กน้อย,ดินร่วนปนทราย,"กรมพัฒนาที่ดิน · ปีผลิต 2561 · มาตราส่วนต้นฉบับ 1:25,000",ลดรายละเอียดเส้น 50 เมตรเพื่อแสดงผล; ไม่ใช้ระบุแนวเขตแปลง
86,ชุมพร,Ta,ตากใบ,อ.หลังสวน,ต่ำ,กรดจัดมากถึงกรดปานกลาง,ดินร่วนเหนียวปนทรายแป้ง,"กรมพัฒนาที่ดิน · ปีผลิต 2561 · มาตราส่วนต้นฉบับ 1:25,000",ลดรายละเอียดเส้น 50 เมตรเพื่อแสดงผล; ไม่ใช้ระบุแนวเขตแปลง
86,ชุมพร,Te,ท่าแซะ,อ.หลังสวน,ต่ำ,กรดจัดมากถึงกรดจัด,ดินร่วนปนทราย,"กรมพัฒนาที่ดิน · ปีผลิต 2561 · มาตราส่วนต้นฉบับ 1:25,000",ลดรายละเอียดเส้น 50 เมตรเพื่อแสดงผล; ไม่ใช้ระบุแนวเขตแปลง
86,ชุมพร,Tg,ทุ่งหว้า,อ.หลังสวน,ต่ำ,กรดจัดมาก,ดินร่วนปนทราย,"กรมพัฒนาที่ดิน · ปีผลิต 2561 · มาตราส่วนต้นฉบับ 1:25,000",ลดรายละเอียดเส้น 50 เมตรเพื่อแสดงผล; ไม่ใช้ระบุแนวเขตแปลง
86,ชุมพร,Tkn,ตาขุน,อ.หลังสวน,ต่ำ,กรดจัดมากถึงกรดจัด,ดินร่วนปนทราย,"กรมพัฒนาที่ดิน · ปีผลิต 2561 · มาตราส่วนต้นฉบับ 1:25,000",ลดรายละเอียดเส้น 50 เมตรเพื่อแสดงผล; ไม่ใช้ระบุแนวเขตแปลง
86,ชุมพร,Tkt,ตะกั่วทุ่ง,อ.หลังสวน,สูง,กรดปานกลางถึงด่างปานกลาง,ดินเหนียวปนทรายแป้ง,"กรมพัฒนาที่ดิน · ปีผลิต 2561 · มาตราส่วนต้นฉบับ 1:25,000",ลดรายละเอียดเส้น 50 เมตรเพื่อแสดงผล; ไม่ใช้ระบุแนวเขตแปลง
86,ชุมพร,Ts,ต้นไทร,อ.หลังสวน,ต่ำ,กรดจัดมาก,ดินร่วนปนทราย,"กรมพัฒนาที่ดิน · ปีผลิต 2561 · มาตราส่วนต้นฉบับ 1:25,000",ลดรายละเอียดเส้น 50 เมตรเพื่อแสดงผล; ไม่ใช้ระบุแนวเขตแปลง
86,ชุมพร,Tsl,ท่าศาลา,อ.หลังสวน,ต่ำ,กรดจัดถึงกรดเล็กน้อย,ดินร่วนปนทราย,"กรมพัฒนาที่ดิน · ปีผลิต 2561 · มาตราส่วนต้นฉบับ 1:25,000",ลดรายละเอียดเส้น 50 เมตรเพื่อแสดงผล; ไม่ใช้ระบุแนวเขตแปลง
86,ชุมพร,Vi,วิสัย,อ.หลังสวน,ต่ำ,กรดจัดมากถึงกรดปานกลาง,ดินร่วนปนทราย,"กรมพัฒนาที่ดิน · ปีผลิต 2561 · มาตราส่วนต้นฉบับ 1:25,000",ลดรายละเอียดเส้น 50 เมตรเพื่อแสดงผล; ไม่ใช้ระบุแนวเขตแปลง
86,ชุมพร,W,พื้นที่น้ำ,อ.หลังสวน,-,,,"กรมพัฒนาที่ดิน · ปีผลิต 2561 · มาตราส่วนต้นฉบับ 1:25,000",ลดรายละเอียดเส้น 50 เมตรเพื่อแสดงผล; ไม่ใช้ระบุแนวเขตแปลง
86,ชุมพร,Wp,วัลเปรียง,อ.หลังสวน,ต่ำ,กรดปานกลางถึงเป็นกลาง,ดินร่วนปนทราย,"กรมพัฒนาที่ดิน · ปีผลิต 2561 · มาตราส่วนต้นฉบับ 1:25,000",ลดรายละเอียดเส้น 50 เมตรเพื่อแสดงผล; ไม่ใช้ระบุแนวเขตแปลง
86,ชุมพร,Ba,ชุดดินบางนารา,อ.ท่าแซะ,ต่ำ,กรดจัดถึงกรดเล็กน้อย,ดินร่วนปนดินเหนียว,"กรมพัฒนาที่ดิน · ปีผลิต 2561 · มาตราส่วนต้นฉบับ 1:25,000",ลดรายละเอียดเส้น 50 เมตรเพื่อแสดงผล; ไม่ใช้ระบุแนวเขตแปลง
86,ชุมพร,Bng,บึงชะนัง,อ.ท่าแซะ,ปานกลาง,เป็นกลางถึงด่างปานกลาง,ดินร่วนเหนียวปนกรวด,"กรมพัฒนาที่ดิน · ปีผลิต 2561 · มาตราส่วนต้นฉบับ 1:25,000",ลดรายละเอียดเส้น 50 เมตรเพื่อแสดงผล; ไม่ใช้ระบุแนวเขตแปลง
86,ชุมพร,Bs,บางสะพาน,อ.ท่าแซะ,ต่ำ,กรดจัดถึงกรดเล็กน้อย,ดินร่วนปนทราย,"กรมพัฒนาที่ดิน · ปีผลิต 2561 · มาตราส่วนต้นฉบับ 1:25,000",ลดรายละเอียดเส้น 50 เมตรเพื่อแสดงผล; ไม่ใช้ระบุแนวเขตแปลง
86,ชุมพร,Bu,สายบุรี,อ.ท่าแซะ,ต่ำ,กรดจัดมากถึงกรดปานกลาง,ดินร่วนปนดินเหนียว,"กรมพัฒนาที่ดิน · ปีผลิต 2561 · มาตราส่วนต้นฉบับ 1:25,000",ลดรายละเอียดเส้น 50 เมตรเพื่อแสดงผล; ไม่ใช้ระบุแนวเขตแปลง
86,ชุมพร,Cp,ชุมพร,อ.ท่าแซะ,ต่ำ,กรดจัดมากถึงกรดปานกลาง,ดินร่วนปนทราย,"กรมพัฒนาที่ดิน · ปีผลิต 2561 · มาตราส่วนต้นฉบับ 1:25,000",ลดรายละเอียดเส้น 50 เมตรเพื่อแสดงผล; ไม่ใช้ระบุแนวเขตแปลง
86,ชุมพร,Ho,ห้วยยอด,อ.ท่าแซะ,ต่ำ,กรดจัดมาก,ดินร่วนเหนียวปนกรวด,"กรมพัฒนาที่ดิน · ปีผลิต 2561 · มาตราส่วนต้นฉบับ 1:25,000",ลดรายละเอียดเส้น 50 เมตรเพื่อแสดงผล; ไม่ใช้ระบุแนวเขตแปลง
86,ชุมพร,Kbi,กระบี่,อ.ท่าแซะ,ปานกลาง,กรดจัดมากถึงกรดเล็กน้อย,ดินร่วนปนดินเหนียว,"กรมพัฒนาที่ดิน · ปีผลิต 2561 · มาตราส่วนต้นฉบับ 1:25,000",ลดรายละเอียดเส้น 50 เมตรเพื่อแสดงผล; ไม่ใช้ระบุแนวเขตแปลง
86,ชุมพร,Kh,คอหงษ์,อ.ท่าแซะ,ต่ำ,กรดจัดมาก,ดินร่วนปนทราย,"กรมพัฒนาที่ดิน · ปีผลิต 2561 · มาตราส่วนต้นฉบับ 1:25,000",ลดรายละเอียดเส้น 50 เมตรเพื่อแสดงผล; ไม่ใช้ระบุแนวเขตแปลง
86,ชุมพร,Kh,คอหงษ์,อ.ท่าแซะ,ต่ำ,กรดจัดมาก,ดินทรายปนดินร่วน,"กรมพัฒนาที่ดิน · ปีผลิต 2561 · มาตราส่วนต้นฉบับ 1:25,000",ลดรายละเอียดเส้น 50 เมตรเพื่อแสดงผล; ไม่ใช้ระบุแนวเขตแปลง
86,ชุมพร,Kkl,ควนกาหลง,อ.ท่าแซะ,ต่ำ,กรดจัดมากถึงกรดจัด,ดินร่วนปนทราย,"กรมพัฒนาที่ดิน · ปีผลิต 2561 · มาตราส่วนต้นฉบับ 1:25,000",ลดรายละเอียดเส้น 50 เมตรเพื่อแสดงผล; ไม่ใช้ระบุแนวเขตแปลง
86,ชุมพร,Klt,คลองเต็ง,อ.ท่าแซะ,ต่ำ,กรดจัดมาก,ดินร่วนปนดินเหนียว,"กรมพัฒนาที่ดิน · ปีผลิต 2561 · มาตราส่วนต้นฉบับ 1:25,000",ลดรายละเอียดเส้น 50 เมตรเพื่อแสดงผล; ไม่ใช้ระบุแนวเขตแปลง
86,ชุมพร,Km,คลองท่อม,อ.ท่าแซะ,ต่ำ,กรดจัดมากถึงกรดจัด,ดินร่วนปนทราย,"กรมพัฒนาที่ดิน · ปีผลิต 2561 · มาตราส่วนต้นฉบับ 1:25,000",ลดรายละเอียดเส้น 50 เมตรเพื่อแสดงผล; ไม่ใช้ระบุแนวเขตแปลง
86,ชุมพร,Koi,โคกกลอย,อ.ท่าแซะ,ต่ำ,กรดจัดมากถึงกรดจัด,ดินร่วนปนทราย,"กรมพัฒนาที่ดิน · ปีผลิต 2561 · มาตราส่วนต้นฉบับ 1:25,000",ลดรายละเอียดเส้น 50 เมตรเพื่อแสดงผล; ไม่ใช้ระบุแนวเขตแปลง
86,ชุมพร,Lam,ลำแก่น,อ.ท่าแซะ,ต่ำ,กรดจัดมากถึงกรดปานกลาง,ดินร่วนปนทราย,"กรมพัฒนาที่ดิน · ปีผลิต 2561 · มาตราส่วนต้นฉบับ 1:25,000",ลดรายละเอียดเส้น 50 เมตรเพื่อแสดงผล; ไม่ใช้ระบุแนวเขตแปลง
86,ชุมพร,Lam-Ro,หน่วยเชิงซ้อนของชุดดินลำแก่นและชุดดินรือเสาะ,อ.ท่าแซะ,ต่ำ,กรดจัดมากถึงกรดปานกลาง,ดินร่วน,"กรมพัฒนาที่ดิน · ปีผลิต 2561 · มาตราส่วนต้นฉบับ 1:25,000",ลดรายละเอียดเส้น 50 เมตรเพื่อแสดงผล; ไม่ใช้ระบุแนวเขตแปลง
86,ชุมพร,Lan,หลังสวน,อ.ท่าแซะ,ต่ำ,กรดจัดมากถึงกรดเล็กน้อย,ดินทรายปนดินร่วน,"กรมพัฒนาที่ดิน · ปีผลิต 2561 · มาตราส่วนต้นฉบับ 1:25,000",ลดรายละเอียดเส้น 50 เมตรเพื่อแสดงผล; ไม่ใช้ระบุแนวเขตแปลง
86,ชุมพร,Lgu,ละงู,อ.ท่าแซะ,ปานกลาง,กรดจัดถึงกรดเล็กน้อย,ดินร่วนปนดินเหนียว,"กรมพัฒนาที่ดิน · ปีผลิต 2561 · มาตราส่วนต้นฉบับ 1:25,000",ลดรายละเอียดเส้น 50 เมตรเพื่อแสดงผล; ไม่ใช้ระบุแนวเขตแปลง
86,ชุมพร,Nat,นาทวี,อ.ท่าแซะ,ต่ำ,กรดจัดมาก,ดินร่วนปนทราย,"กรมพัฒนาที่ดิน · ปีผลิต 2561 · มาตราส่วนต้นฉบับ 1:25,000",ลดรายละเอียดเส้น 50 เมตรเพื่อแสดงผล; ไม่ใช้ระบุแนวเขตแปลง
86,ชุมพร,Nok,หนองคล้า,อ.ท่าแซะ,ต่ำ,กรดจัดมากถึงกรดปานกลาง,ดินร่วนเหนียวปนกรวด,"กรมพัฒนาที่ดิน · ปีผลิต 2561 · มาตราส่วนต้นฉบับ 1:25,000",ลดรายละเอียดเส้น 50 เมตรเพื่อแสดงผล; ไม่ใช้ระบุแนวเขตแปลง
86,ชุมพร,Ntn,นาทอน,อ.ท่าแซะ,ต่ำ,กรดจัดมากถึงกรดจัด,ดินร่วนปนดินเหนียว,"กรมพัฒนาที่ดิน · ปีผลิต 2561 · มาตราส่วนต้นฉบับ 1:25,000",ลดรายละเอียดเส้น 50 เมตรเพื่อแสดงผล; ไม่ใช้ระบุแนวเขตแปลง
86,ชุมพร,Ptl,พัทลุง,อ.ท่าแซะ,ต่ำ,กรดจัดถึงกรดเล็กน้อย,ดินร่วนปนดินเหนียว,"กรมพัฒนาที่ดิน · ปีผลิต 2561 · มาตราส่วนต้นฉบับ 1:25,000",ลดรายละเอียดเส้น 50 เมตรเพื่อแสดงผล; ไม่ใช้ระบุแนวเขตแปลง
86,ชุมพร,Pto,พะโต๊ะ,อ.ท่าแซะ,ต่ำ,กรดจัดมากถึงกรดเล็กน้อย,ดินร่วนปนทราย,"กรมพัฒนาที่ดิน · ปีผลิต 2561 · มาตราส่วนต้นฉบับ 1:25,000",ลดรายละเอียดเส้น 50 เมตรเพื่อแสดงผล; ไม่ใช้ระบุแนวเขตแปลง
86,ชุมพร,Pto,พะโต๊ะ,อ.ท่าแซะ,ต่ำ,กรดจัดถึงกรดเล็กน้อย,ดินร่วนปนทราย,"กรมพัฒนาที่ดิน · ปีผลิต 2561 · มาตราส่วนต้นฉบับ 1:25,000",ลดรายละเอียดเส้น 50 เมตรเพื่อแสดงผล; ไม่ใช้ระบุแนวเขตแปลง
86,ชุมพร,Pto,พะโต๊ะ,อ.ท่าแซะ,ต่ำ,กรดจัดถึงกรดเล็กน้อย,ดินร่วนปนทรายปนกรวด,"กรมพัฒนาที่ดิน · ปีผลิต 2561 · มาตราส่วนต้นฉบับ 1:25,000",ลดรายละเอียดเส้น 50 เมตรเพื่อแสดงผล; ไม่ใช้ระบุแนวเขตแปลง
86,ชุมพร,Ptu,ปะทิว,อ.ท่าแซะ,ต่ำ,กรดจัดมากถึงกรดจัด,ดินร่วนเหนียวปนทราย,"กรมพัฒนาที่ดิน · ปีผลิต 2561 · มาตราส่วนต้นฉบับ 1:25,000",ลดรายละเอียดเส้น 50 เมตรเพื่อแสดงผล; ไม่ใช้ระบุแนวเขตแปลง
86,ชุมพร,Rg,ระนอง,อ.ท่าแซะ,ต่ำ,กรดจัดมาก,ดินร่วนปนทรายปนกรวด,"กรมพัฒนาที่ดิน · ปีผลิต 2561 · มาตราส่วนต้นฉบับ 1:25,000",ลดรายละเอียดเส้น 50 เมตรเพื่อแสดงผล; ไม่ใช้ระบุแนวเขตแปลง
86,ชุมพร,Ro,รือเสาะ,อ.ท่าแซะ,ปานกลาง,กรดจัดมากถึงกรดปานกลาง,ดินร่วน,"กรมพัฒนาที่ดิน · ปีผลิต 2561 · มาตราส่วนต้นฉบับ 1:25,000",ลดรายละเอียดเส้น 50 เมตรเพื่อแสดงผล; ไม่ใช้ระบุแนวเขตแปลง
86,ชุมพร,Ro,รือเสาะ,อ.ท่าแซะ,ปานกลาง,กรดจัดมากถึงกรดปานกลาง,ดินร่วนปนทรายแป้ง,"กรมพัฒนาที่ดิน · ปีผลิต 2561 · มาตราส่วนต้นฉบับ 1:25,000",ลดรายละเอียดเส้น 50 เมตรเพื่อแสดงผล; ไม่ใช้ระบุแนวเขตแปลง
86,ชุมพร,SC,ที่ลาดชันเชิงซ้อน,อ.ท่าแซะ,-,,,"กรมพัฒนาที่ดิน · ปีผลิต 2561 · มาตราส่วนต้นฉบับ 1:25,000",ลดรายละเอียดเส้น 50 เมตรเพื่อแสดงผล; ไม่ใช้ระบุแนวเขตแปลง
86,ชุมพร,Sd,สะเดา,อ.ท่าแซะ,ต่ำ,กรดจัดมาก,ดินร่วนปนทราย,"กรมพัฒนาที่ดิน · ปีผลิต 2561 · มาตราส่วนต้นฉบับ 1:25,000",ลดรายละเอียดเส้น 50 เมตรเพื่อแสดงผล; ไม่ใช้ระบุแนวเขตแปลง
86,ชุมพร,Sw,สวี,อ.ท่าแซะ,ต่ำ,กรดจัดถึงกรดเล็กน้อย,ดินร่วนปนทราย,"กรมพัฒนาที่ดิน · ปีผลิต 2561 · มาตราส่วนต้นฉบับ 1:25,000",ลดรายละเอียดเส้น 50 เมตรเพื่อแสดงผล; ไม่ใช้ระบุแนวเขตแปลง
86,ชุมพร,Te,ท่าแซะ,อ.ท่าแซะ,ต่ำ,กรดจัดมากถึงกรดจัด,ดินร่วนปนทราย,"กรมพัฒนาที่ดิน · ปีผลิต 2561 · มาตราส่วนต้นฉบับ 1:25,000",ลดรายละเอียดเส้น 50 เมตรเพื่อแสดงผล; ไม่ใช้ระบุแนวเขตแปลง
86,ชุมพร,Tg,ทุ่งหว้า,อ.ท่าแซะ,ต่ำ,กรดจัดมาก,ดินร่วนปนทราย,"กรมพัฒนาที่ดิน · ปีผลิต 2561 · มาตราส่วนต้นฉบับ 1:25,000",ลดรายละเอียดเส้น 50 เมตรเพื่อแสดงผล; ไม่ใช้ระบุแนวเขตแปลง
86,ชุมพร,Tkn,ตาขุน,อ.ท่าแซะ,ต่ำ,กรดจัดมากถึงกรดจัด,ดินร่วนปนทราย,"กรมพัฒนาที่ดิน · ปีผลิต 2561 · มาตราส่วนต้นฉบับ 1:25,000",ลดรายละเอียดเส้น 50 เมตรเพื่อแสดงผล; ไม่ใช้ระบุแนวเขตแปลง
86,ชุมพร,Tkt,ตะกั่วทุ่ง,อ.ท่าแซะ,สูง,กรดปานกลางถึงด่างปานกลาง,ดินเหนียวปนทรายแป้ง,"กรมพัฒนาที่ดิน · ปีผลิต 2561 · มาตราส่วนต้นฉบับ 1:25,000",ลดรายละเอียดเส้น 50 เมตรเพื่อแสดงผล; ไม่ใช้ระบุแนวเขตแปลง
86,ชุมพร,Tuk,ทุ่งค่าย,อ.ท่าแซะ,ต่ำ,กรดปานกลางถึงเป็นกลาง,ดินร่วนปนดินเหนียว,"กรมพัฒนาที่ดิน · ปีผลิต 2561 · มาตราส่วนต้นฉบับ 1:25,000",ลดรายละเอียดเส้น 50 เมตรเพื่อแสดงผล; ไม่ใช้ระบุแนวเขตแปลง
86,ชุมพร,W,พื้นที่น้ำ,อ.ท่าแซะ,-,,,"กรมพัฒนาที่ดิน · ปีผลิต 2561 · มาตราส่วนต้นฉบับ 1:25,000",ลดรายละเอียดเส้น 50 เมตรเพื่อแสดงผล; ไม่ใช้ระบุแนวเขตแปลง
86,ชุมพร,Ya,ยะลา,อ.ท่าแซะ,ต่ำ,กรดจัดถึงกรดเล็กน้อย,ดินร่วนปนทราย,"กรมพัฒนาที่ดิน · ปีผลิต 2561 · มาตราส่วนต้นฉบับ 1:25,000",ลดรายละเอียดเส้น 50 เมตรเพื่อแสดงผล; ไม่ใช้ระบุแนวเขตแปลง
86,ชุมพร,Bh,บ้านทอน,อ.ทุ่งตะโก,ต่ำ,กรดจัดมากถึงกรดปานกลาง,ดินทรายปนดินร่วน,"กรมพัฒนาที่ดิน · ปีผลิต 2561 · มาตราส่วนต้นฉบับ 1:25,000",ลดรายละเอียดเส้น 50 เมตรเพื่อแสดงผล; ไม่ใช้ระบุแนวเขตแปลง
86,ชุมพร,Blm,บางละมุง,อ.ทุ่งตะโก,ต่ำ,กรดจัดมากถึงกรดจัด,ดินร่วนปนทราย,"กรมพัฒนาที่ดิน · ปีผลิต 2561 · มาตราส่วนต้นฉบับ 1:25,000",ลดรายละเอียดเส้น 50 เมตรเพื่อแสดงผล; ไม่ใช้ระบุแนวเขตแปลง
86,ชุมพร,Bu,สายบุรี,อ.ทุ่งตะโก,ต่ำ,กรดจัดมากถึงกรดปานกลาง,ดินร่วนปนทรายแป้ง,"กรมพัฒนาที่ดิน · ปีผลิต 2561 · มาตราส่วนต้นฉบับ 1:25,000",ลดรายละเอียดเส้น 50 เมตรเพื่อแสดงผล; ไม่ใช้ระบุแนวเขตแปลง
86,ชุมพร,Cp,ชุมพร,อ.ทุ่งตะโก,ต่ำ,กรดจัดมากถึงกรดปานกลาง,ดินร่วนปนทราย,"กรมพัฒนาที่ดิน · ปีผลิต 2561 · มาตราส่วนต้นฉบับ 1:25,000",ลดรายละเอียดเส้น 50 เมตรเพื่อแสดงผล; ไม่ใช้ระบุแนวเขตแปลง
86,ชุมพร,Cyi,เชียรใหญ่,อ.ทุ่งตะโก,ปานกลาง,กรดจัดมาก,ดินร่วนเหนียวปนทรายแป้ง,"กรมพัฒนาที่ดิน · ปีผลิต 2561 · มาตราส่วนต้นฉบับ 1:25,000",ลดรายละเอียดเส้น 50 เมตรเพื่อแสดงผล; ไม่ใช้ระบุแนวเขตแปลง
86,ชุมพร,Hh,หัวหิน,อ.ทุ่งตะโก,ต่ำ,กรดปานกลางถึงด่างปานกลาง,ดินทรายปนดินร่วน,"กรมพัฒนาที่ดิน · ปีผลิต 2561 · มาตราส่วนต้นฉบับ 1:25,000",ลดรายละเอียดเส้น 50 เมตรเพื่อแสดงผล; ไม่ใช้ระบุแนวเขตแปลง
86,ชุมพร,Ho-Klt,หน่วยเชิงซ้อนของชุดดินห้วยยอดและชุดดินคลองเต็ง,อ.ทุ่งตะโก,ต่ำ,กรดจัดมาก,ดินร่วนเหนียวปนกรวด,"กรมพัฒนาที่ดิน · ปีผลิต 2561 · มาตราส่วนต้นฉบับ 1:25,000",ลดรายละเอียดเส้น 50 เมตรเพื่อแสดงผล; ไม่ใช้ระบุแนวเขตแปลง
86,ชุมพร,I,เกาะ,อ.ทุ่งตะโก,-,,,"กรมพัฒนาที่ดิน · ปีผลิต 2561 · มาตราส่วนต้นฉบับ 1:25,000",ลดรายละเอียดเส้น 50 เมตรเพื่อแสดงผล; ไม่ใช้ระบุแนวเขตแปลง
86,ชุมพร,Kd,กาบแดง,อ.ทุ่งตะโก,ปานกลาง,กรดรุนแรงมาก,วัสดุอินทรีย์สลายตัวเล็กน้อย,"กรมพัฒนาที่ดิน · ปีผลิต 2561 · มาตราส่วนต้นฉบับ 1:25,000",ลดรายละเอียดเส้น 50 เมตรเพื่อแสดงผล; ไม่ใช้ระบุแนวเขตแปลง
86,ชุมพร,Kh,คอหงษ์,อ.ทุ่งตะโก,ต่ำ,กรดจัดมาก,ดินร่วนปนทราย,"กรมพัฒนาที่ดิน · ปีผลิต 2561 · มาตราส่วนต้นฉบับ 1:25,000",ลดรายละเอียดเส้น 50 เมตรเพื่อแสดงผล; ไม่ใช้ระบุแนวเขตแปลง
86,ชุมพร,Klt,คลองเต็ง,อ.ทุ่งตะโก,ต่ำ,กรดจัดมาก,ดินร่วนปนดินเหนียว,"กรมพัฒนาที่ดิน · ปีผลิต 2561 · มาตราส่วนต้นฉบับ 1:25,000",ลดรายละเอียดเส้น 50 เมตรเพื่อแสดงผล; ไม่ใช้ระบุแนวเขตแปลง
86,ชุมพร,Klt,คลองเต็ง,อ.ทุ่งตะโก,ต่ำ,กรดจัดมาก,ดินร่วนเหนียวปนกรวด,"กรมพัฒนาที่ดิน · ปีผลิต 2561 · มาตราส่วนต้นฉบับ 1:25,000",ลดรายละเอียดเส้น 50 เมตรเพื่อแสดงผล; ไม่ใช้ระบุแนวเขตแปลง
86,ชุมพร,Km,คลองท่อม,อ.ทุ่งตะโก,ต่ำ,กรดจัดมากถึงกรดจัด,ดินร่วนปนทราย,"กรมพัฒนาที่ดิน · ปีผลิต 2561 · มาตราส่วนต้นฉบับ 1:25,000",ลดรายละเอียดเส้น 50 เมตรเพื่อแสดงผล; ไม่ใช้ระบุแนวเขตแปลง
86,ชุมพร,Lan,หลังสวน,อ.ทุ่งตะโก,ต่ำ,กรดจัดมากถึงกรดเล็กน้อย,ดินทรายปนดินร่วน,"กรมพัฒนาที่ดิน · ปีผลิต 2561 · มาตราส่วนต้นฉบับ 1:25,000",ลดรายละเอียดเส้น 50 เมตรเพื่อแสดงผล; ไม่ใช้ระบุแนวเขตแปลง
86,ชุมพร,Nat,นาทวี,อ.ทุ่งตะโก,ต่ำ,กรดจัดมาก,ดินร่วนปนทราย,"กรมพัฒนาที่ดิน · ปีผลิต 2561 · มาตราส่วนต้นฉบับ 1:25,000",ลดรายละเอียดเส้น 50 เมตรเพื่อแสดงผล; ไม่ใช้ระบุแนวเขตแปลง
86,ชุมพร,Ntn,นาทอน,อ.ทุ่งตะโก,ต่ำ,กรดจัดมากถึงกรดจัด,ดินร่วนปนดินเหนียว,"กรมพัฒนาที่ดิน · ปีผลิต 2561 · มาตราส่วนต้นฉบับ 1:25,000",ลดรายละเอียดเส้น 50 เมตรเพื่อแสดงผล; ไม่ใช้ระบุแนวเขตแปลง
86,ชุมพร,Ptl,พัทลุง,อ.ทุ่งตะโก,ต่ำ,กรดจัดถึงกรดเล็กน้อย,ดินร่วนปนดินเหนียว,"กรมพัฒนาที่ดิน · ปีผลิต 2561 · มาตราส่วนต้นฉบับ 1:25,000",ลดรายละเอียดเส้น 50 เมตรเพื่อแสดงผล; ไม่ใช้ระบุแนวเขตแปลง
86,ชุมพร,Pto,พะโต๊ะ,อ.ทุ่งตะโก,ต่ำ,กรดจัดถึงกรดเล็กน้อย,ดินร่วนปนทราย,"กรมพัฒนาที่ดิน · ปีผลิต 2561 · มาตราส่วนต้นฉบับ 1:25,000",ลดรายละเอียดเส้น 50 เมตรเพื่อแสดงผล; ไม่ใช้ระบุแนวเขตแปลง
86,ชุมพร,Pto,พะโต๊ะ,อ.ทุ่งตะโก,ต่ำ,กรดจัดมากถึงกรดเล็กน้อย,ดินร่วนปนทราย,"กรมพัฒนาที่ดิน · ปีผลิต 2561 · มาตราส่วนต้นฉบับ 1:25,000",ลดรายละเอียดเส้น 50 เมตรเพื่อแสดงผล; ไม่ใช้ระบุแนวเขตแปลง
86,ชุมพร,Pto-Rg,หน่วยเชิงซ้อนของชุดดินพะโต๊ะและชุดดินระนอง,อ.ทุ่งตะโก,ต่ำ,กรดจัดมากถึงกรดเล็กน้อย,ดินร่วนปนทรายหรือดินร่วนปนทรายปนกรวด,"กรมพัฒนาที่ดิน · ปีผลิต 2561 · มาตราส่วนต้นฉบับ 1:25,000",ลดรายละเอียดเส้น 50 เมตรเพื่อแสดงผล; ไม่ใช้ระบุแนวเขตแปลง
86,ชุมพร,Ra,ระแงะ,อ.ทุ่งตะโก,ต่ำ,กรดจัดมาก,ดินร่วนเหนียวปนทรายแป้ง,"กรมพัฒนาที่ดิน · ปีผลิต 2561 · มาตราส่วนต้นฉบับ 1:25,000",ลดรายละเอียดเส้น 50 เมตรเพื่อแสดงผล; ไม่ใช้ระบุแนวเขตแปลง
86,ชุมพร,Rg,ระนอง,อ.ทุ่งตะโก,ต่ำ,กรดจัดมาก,ดินร่วนปนทรายปนกรวด,"กรมพัฒนาที่ดิน · ปีผลิต 2561 · มาตราส่วนต้นฉบับ 1:25,000",ลดรายละเอียดเส้น 50 เมตรเพื่อแสดงผล; ไม่ใช้ระบุแนวเขตแปลง
86,ชุมพร,Rg,ระนอง,อ.ทุ่งตะโก,ต่ำ,กรดจัดมาก,ดินร่วนปนทราย,"กรมพัฒนาที่ดิน · ปีผลิต 2561 · มาตราส่วนต้นฉบับ 1:25,000",ลดรายละเอียดเส้น 50 เมตรเพื่อแสดงผล; ไม่ใช้ระบุแนวเขตแปลง
86,ชุมพร,Ro,รือเสาะ,อ.ทุ่งตะโก,ปานกลาง,กรดจัดมากถึงกรดปานกลาง,ดินร่วน,"กรมพัฒนาที่ดิน · ปีผลิต 2561 · มาตราส่วนต้นฉบับ 1:25,000",ลดรายละเอียดเส้น 50 เมตรเพื่อแสดงผล; ไม่ใช้ระบุแนวเขตแปลง
86,ชุมพร,Ro,รือเสาะ,อ.ทุ่งตะโก,ปานกลาง,กรดจัดมากถึงกรดปานกลาง,ดินร่วนปนทรายแป้ง,"กรมพัฒนาที่ดิน · ปีผลิต 2561 · มาตราส่วนต้นฉบับ 1:25,000",ลดรายละเอียดเส้น 50 เมตรเพื่อแสดงผล; ไม่ใช้ระบุแนวเขตแปลง
86,ชุมพร,SC,ที่ลาดชันเชิงซ้อน,อ.ทุ่งตะโก,-,,,"กรมพัฒนาที่ดิน · ปีผลิต 2561 · มาตราส่วนต้นฉบับ 1:25,000",ลดรายละเอียดเส้น 50 เมตรเพื่อแสดงผล; ไม่ใช้ระบุแนวเขตแปลง
86,ชุมพร,Sd,สะเดา,อ.ทุ่งตะโก,ต่ำ,กรดจัดมาก,ดินร่วนปนทราย,"กรมพัฒนาที่ดิน · ปีผลิต 2561 · มาตราส่วนต้นฉบับ 1:25,000",ลดรายละเอียดเส้น 50 เมตรเพื่อแสดงผล; ไม่ใช้ระบุแนวเขตแปลง
86,ชุมพร,Ta,ตากใบ,อ.ทุ่งตะโก,ต่ำ,กรดจัดมากถึงกรดปานกลาง,ดินร่วนเหนียวปนทรายแป้ง,"กรมพัฒนาที่ดิน · ปีผลิต 2561 · มาตราส่วนต้นฉบับ 1:25,000",ลดรายละเอียดเส้น 50 เมตรเพื่อแสดงผล; ไม่ใช้ระบุแนวเขตแปลง
86,ชุมพร,Te,ท่าแซะ,อ.ทุ่งตะโก,ต่ำ,กรดจัดมากถึงกรดจัด,ดินร่วนปนทราย,"กรมพัฒนาที่ดิน · ปีผลิต 2561 · มาตราส่วนต้นฉบับ 1:25,000",ลดรายละเอียดเส้น 50 เมตรเพื่อแสดงผล; ไม่ใช้ระบุแนวเขตแปลง
86,ชุมพร,Tkn,ตาขุน,อ.ทุ่งตะโก,ต่ำ,กรดจัดมากถึงกรดจัด,ดินร่วนปนทราย,"กรมพัฒนาที่ดิน · ปีผลิต 2561 · มาตราส่วนต้นฉบับ 1:25,000",ลดรายละเอียดเส้น 50 เมตรเพื่อแสดงผล; ไม่ใช้ระบุแนวเขตแปลง
86,ชุมพร,Tkt,ตะกั่วทุ่ง,อ.ทุ่งตะโก,สูง,กรดปานกลางถึงด่างปานกลาง,ดินเหนียวปนทรายแป้ง,"กรมพัฒนาที่ดิน · ปีผลิต 2561 · มาตราส่วนต้นฉบับ 1:25,000",ลดรายละเอียดเส้น 50 เมตรเพื่อแสดงผล; ไม่ใช้ระบุแนวเขตแปลง
86,ชุมพร,Ts,ต้นไทร,อ.ทุ่งตะโก,ต่ำ,กรดจัดมาก,ดินร่วนปนทราย,"กรมพัฒนาที่ดิน · ปีผลิต 2561 · มาตราส่วนต้นฉบับ 1:25,000",ลดรายละเอียดเส้น 50 เมตรเพื่อแสดงผล; ไม่ใช้ระบุแนวเขตแปลง
86,ชุมพร,Vi,วิสัย,อ.ทุ่งตะโก,ต่ำ,กรดจัดมากถึงกรดปานกลาง,ดินร่วนปนทราย,"กรมพัฒนาที่ดิน · ปีผลิต 2561 · มาตราส่วนต้นฉบับ 1:25,000",ลดรายละเอียดเส้น 50 เมตรเพื่อแสดงผล; ไม่ใช้ระบุแนวเขตแปลง
86,ชุมพร,W,พื้นที่น้ำ,อ.ทุ่งตะโก,-,,,"กรมพัฒนาที่ดิน · ปีผลิต 2561 · มาตราส่วนต้นฉบับ 1:25,000",ลดรายละเอียดเส้น 50 เมตรเพื่อแสดงผล; ไม่ใช้ระบุแนวเขตแปลง
86,ชุมพร,Ak,ชุดดินอ่าวลึก,อ.ปะทิว,ต่ำ,กรดจัดมากถึงกรดเล็กน้อย,ดินร่วนปนดินเหนียว,"กรมพัฒนาที่ดิน · ปีผลิต 2561 · มาตราส่วนต้นฉบับ 1:25,000",ลดรายละเอียดเส้น 50 เมตรเพื่อแสดงผล; ไม่ใช้ระบุแนวเขตแปลง
86,ชุมพร,Bc,บาเจาะ,อ.ปะทิว,ต่ำ,กรดจัดมากถึงกรดเล็กน้อย,ดินทรายปนดินร่วน,"กรมพัฒนาที่ดิน · ปีผลิต 2561 · มาตราส่วนต้นฉบับ 1:25,000",ลดรายละเอียดเส้น 50 เมตรเพื่อแสดงผล; ไม่ใช้ระบุแนวเขตแปลง
86,ชุมพร,Bh,บ้านทอน,อ.ปะทิว,ต่ำ,กรดจัดมากถึงกรดปานกลาง,ดินทรายปนดินร่วน,"กรมพัฒนาที่ดิน · ปีผลิต 2561 · มาตราส่วนต้นฉบับ 1:25,000",ลดรายละเอียดเส้น 50 เมตรเพื่อแสดงผล; ไม่ใช้ระบุแนวเขตแปลง
86,ชุมพร,Bng,บึงชะนัง,อ.ปะทิว,ปานกลาง,เป็นกลางถึงด่างปานกลาง,ดินร่วนเหนียวปนกรวด,"กรมพัฒนาที่ดิน · ปีผลิต 2561 · มาตราส่วนต้นฉบับ 1:25,000",ลดรายละเอียดเส้น 50 เมตรเพื่อแสดงผล; ไม่ใช้ระบุแนวเขตแปลง
86,ชุมพร,Bs,บางสะพาน,อ.ปะทิว,ต่ำ,กรดจัดถึงกรดเล็กน้อย,ดินร่วนปนทราย,"กรมพัฒนาที่ดิน · ปีผลิต 2561 · มาตราส่วนต้นฉบับ 1:25,000",ลดรายละเอียดเส้น 50 เมตรเพื่อแสดงผล; ไม่ใช้ระบุแนวเขตแปลง
86,ชุมพร,Bu,สายบุรี,อ.ปะทิว,ต่ำ,กรดจัดมากถึงกรดปานกลาง,ดินร่วนปนดินเหนียว,"กรมพัฒนาที่ดิน · ปีผลิต 2561 · มาตราส่วนต้นฉบับ 1:25,000",ลดรายละเอียดเส้น 50 เมตรเพื่อแสดงผล; ไม่ใช้ระบุแนวเขตแปลง
86,ชุมพร,Cp,ชุมพร,อ.ปะทิว,ต่ำ,กรดจัดมากถึงกรดปานกลาง,ดินร่วนปนทราย,"กรมพัฒนาที่ดิน · ปีผลิต 2561 · มาตราส่วนต้นฉบับ 1:25,000",ลดรายละเอียดเส้น 50 เมตรเพื่อแสดงผล; ไม่ใช้ระบุแนวเขตแปลง
86,ชุมพร,Fd,ฝั่งแดง,อ.ปะทิว,ต่ำ,กรดจัดมากถึงกรดจัด,ดินร่วนปนทราย,"กรมพัฒนาที่ดิน · ปีผลิต 2561 · มาตราส่วนต้นฉบับ 1:25,000",ลดรายละเอียดเส้น 50 เมตรเพื่อแสดงผล; ไม่ใช้ระบุแนวเขตแปลง
86,ชุมพร,Hh,หัวหิน,อ.ปะทิว,ต่ำ,กรดปานกลางถึงด่างปานกลาง,ดินทรายปนดินร่วน,"กรมพัฒนาที่ดิน · ปีผลิต 2561 · มาตราส่วนต้นฉบับ 1:25,000",ลดรายละเอียดเส้น 50 เมตรเพื่อแสดงผล; ไม่ใช้ระบุแนวเขตแปลง
86,ชุมพร,Ho,ห้วยยอด,อ.ปะทิว,ต่ำ,กรดจัดมาก,ดินร่วนเหนียวปนกรวด,"กรมพัฒนาที่ดิน · ปีผลิต 2561 · มาตราส่วนต้นฉบับ 1:25,000",ลดรายละเอียดเส้น 50 เมตรเพื่อแสดงผล; ไม่ใช้ระบุแนวเขตแปลง
86,ชุมพร,Ho-Klt,หน่วยเชิงซ้อนของชุดดินห้วยยอดและชุดดินคลองเต็ง,อ.ปะทิว,ต่ำ,กรดจัดมาก,ดินร่วนปนดินเหนียว,"กรมพัฒนาที่ดิน · ปีผลิต 2561 · มาตราส่วนต้นฉบับ 1:25,000",ลดรายละเอียดเส้น 50 เมตรเพื่อแสดงผล; ไม่ใช้ระบุแนวเขตแปลง
86,ชุมพร,Hy,หาดใหญ่,อ.ปะทิว,ต่ำ,กรดจัดมากถึงกรดปานกลาง,ดินร่วนปนทรายปนกรวด,"กรมพัฒนาที่ดิน · ปีผลิต 2561 · มาตราส่วนต้นฉบับ 1:25,000",ลดรายละเอียดเส้น 50 เมตรเพื่อแสดงผล; ไม่ใช้ระบุแนวเขตแปลง
86,ชุมพร,Hy,หาดใหญ่,อ.ปะทิว,ต่ำ,กรดจัดมากถึงกรดปานกลาง,ดินร่วนปนทราย,"กรมพัฒนาที่ดิน · ปีผลิต 2561 · มาตราส่วนต้นฉบับ 1:25,000",ลดรายละเอียดเส้น 50 เมตรเพื่อแสดงผล; ไม่ใช้ระบุแนวเขตแปลง
86,ชุมพร,I,เกาะ,อ.ปะทิว,-,,,"กรมพัฒนาที่ดิน · ปีผลิต 2561 · มาตราส่วนต้นฉบับ 1:25,000",ลดรายละเอียดเส้น 50 เมตรเพื่อแสดงผล; ไม่ใช้ระบุแนวเขตแปลง
86,ชุมพร,Kbi,กระบี่,อ.ปะทิว,ปานกลาง,กรดจัดมากถึงกรดเล็กน้อย,ดินร่วนปนดินเหนียว,"กรมพัฒนาที่ดิน · ปีผลิต 2561 · มาตราส่วนต้นฉบับ 1:25,000",ลดรายละเอียดเส้น 50 เมตรเพื่อแสดงผล; ไม่ใช้ระบุแนวเขตแปลง
86,ชุมพร,Kd,กาบแดง,อ.ปะทิว,ปานกลาง,กรดรุนแรงมาก,วัสดุอินทรีย์สลายตัวเล็กน้อย,"กรมพัฒนาที่ดิน · ปีผลิต 2561 · มาตราส่วนต้นฉบับ 1:25,000",ลดรายละเอียดเส้น 50 เมตรเพื่อแสดงผล; ไม่ใช้ระบุแนวเขตแปลง
86,ชุมพร,Kh,คอหงษ์,อ.ปะทิว,ต่ำ,กรดจัดมาก,ดินร่วนปนทราย,"กรมพัฒนาที่ดิน · ปีผลิต 2561 · มาตราส่วนต้นฉบับ 1:25,000",ลดรายละเอียดเส้น 50 เมตรเพื่อแสดงผล; ไม่ใช้ระบุแนวเขตแปลง
86,ชุมพร,Kh,คอหงษ์,อ.ปะทิว,ต่ำ,กรดจัดมาก,ดินทรายปนดินร่วน,"กรมพัฒนาที่ดิน · ปีผลิต 2561 · มาตราส่วนต้นฉบับ 1:25,000",ลดรายละเอียดเส้น 50 เมตรเพื่อแสดงผล; ไม่ใช้ระบุแนวเขตแปลง
86,ชุมพร,Klt,คลองเต็ง,อ.ปะทิว,ต่ำ,กรดจัดมาก,ดินร่วนปนดินเหนียว,"กรมพัฒนาที่ดิน · ปีผลิต 2561 · มาตราส่วนต้นฉบับ 1:25,000",ลดรายละเอียดเส้น 50 เมตรเพื่อแสดงผล; ไม่ใช้ระบุแนวเขตแปลง
86,ชุมพร,Km,คลองท่อม,อ.ปะทิว,ต่ำ,กรดจัดมากถึงกรดจัด,ดินร่วนปนทราย,"กรมพัฒนาที่ดิน · ปีผลิต 2561 · มาตราส่วนต้นฉบับ 1:25,000",ลดรายละเอียดเส้น 50 เมตรเพื่อแสดงผล; ไม่ใช้ระบุแนวเขตแปลง
86,ชุมพร,Lan,หลังสวน,อ.ปะทิว,ต่ำ,กรดจัดมากถึงกรดเล็กน้อย,ดินทรายปนดินร่วน,"กรมพัฒนาที่ดิน · ปีผลิต 2561 · มาตราส่วนต้นฉบับ 1:25,000",ลดรายละเอียดเส้น 50 เมตรเพื่อแสดงผล; ไม่ใช้ระบุแนวเขตแปลง
86,ชุมพร,Lgu,ละงู,อ.ปะทิว,ปานกลาง,กรดจัดถึงกรดเล็กน้อย,ดินร่วนปนดินเหนียว,"กรมพัฒนาที่ดิน · ปีผลิต 2561 · มาตราส่วนต้นฉบับ 1:25,000",ลดรายละเอียดเส้น 50 เมตรเพื่อแสดงผล; ไม่ใช้ระบุแนวเขตแปลง
86,ชุมพร,Mu,มูโน๊ะ,อ.ปะทิว,ปานกลาง,กรดจัดมาก,ดินร่วนเหนียวปนทรายแป้ง,"กรมพัฒนาที่ดิน · ปีผลิต 2561 · มาตราส่วนต้นฉบับ 1:25,000",ลดรายละเอียดเส้น 50 เมตรเพื่อแสดงผล; ไม่ใช้ระบุแนวเขตแปลง
86,ชุมพร,Nat,นาทวี,อ.ปะทิว,ต่ำ,กรดจัดมาก,ดินร่วนปนทราย,"กรมพัฒนาที่ดิน · ปีผลิต 2561 · มาตราส่วนต้นฉบับ 1:25,000",ลดรายละเอียดเส้น 50 เมตรเพื่อแสดงผล; ไม่ใช้ระบุแนวเขตแปลง
86,ชุมพร,Ni,น้ำกระจาย,อ.ปะทิว,ต่ำ,กรดจัดถึงกรดเล็กน้อย,ดินร่วนปนทราย,"กรมพัฒนาที่ดิน · ปีผลิต 2561 · มาตราส่วนต้นฉบับ 1:25,000",ลดรายละเอียดเส้น 50 เมตรเพื่อแสดงผล; ไม่ใช้ระบุแนวเขตแปลง
86,ชุมพร,Nok,หนองคล้า,อ.ปะทิว,ต่ำ,กรดจัดมากถึงกรดปานกลาง,ดินร่วนเหนียวปนกรวด,"กรมพัฒนาที่ดิน · ปีผลิต 2561 · มาตราส่วนต้นฉบับ 1:25,000",ลดรายละเอียดเส้น 50 เมตรเพื่อแสดงผล; ไม่ใช้ระบุแนวเขตแปลง
86,ชุมพร,Ntn,นาทอน,อ.ปะทิว,ต่ำ,กรดจัดมากถึงกรดจัด,ดินร่วนปนดินเหนียว,"กรมพัฒนาที่ดิน · ปีผลิต 2561 · มาตราส่วนต้นฉบับ 1:25,000",ลดรายละเอียดเส้น 50 เมตรเพื่อแสดงผล; ไม่ใช้ระบุแนวเขตแปลง
86,ชุมพร,Nw,นราธิวาส,อ.ปะทิว,สูง,กรดรุนแรงมาก,วัสดุอินทรีย์สลายตัวเล็กน้อย,"กรมพัฒนาที่ดิน · ปีผลิต 2561 · มาตราส่วนต้นฉบับ 1:25,000",ลดรายละเอียดเส้น 50 เมตรเพื่อแสดงผล; ไม่ใช้ระบุแนวเขตแปลง
86,ชุมพร,Pti,ปัตตานี,อ.ปะทิว,ต่ำ,กรดจัดถึงกรดเล็กน้อย,ดินร่วนปนทราย,"กรมพัฒนาที่ดิน · ปีผลิต 2561 · มาตราส่วนต้นฉบับ 1:25,000",ลดรายละเอียดเส้น 50 เมตรเพื่อแสดงผล; ไม่ใช้ระบุแนวเขตแปลง
86,ชุมพร,Ptl,พัทลุง,อ.ปะทิว,ต่ำ,กรดจัดถึงกรดเล็กน้อย,ดินร่วนปนดินเหนียว,"กรมพัฒนาที่ดิน · ปีผลิต 2561 · มาตราส่วนต้นฉบับ 1:25,000",ลดรายละเอียดเส้น 50 เมตรเพื่อแสดงผล; ไม่ใช้ระบุแนวเขตแปลง
86,ชุมพร,Pto,พะโต๊ะ,อ.ปะทิว,ต่ำ,กรดจัดมากถึงกรดเล็กน้อย,ดินร่วนปนทราย,"กรมพัฒนาที่ดิน · ปีผลิต 2561 · มาตราส่วนต้นฉบับ 1:25,000",ลดรายละเอียดเส้น 50 เมตรเพื่อแสดงผล; ไม่ใช้ระบุแนวเขตแปลง
86,ชุมพร,Pto,พะโต๊ะ,อ.ปะทิว,ต่ำ,กรดจัดถึงกรดเล็กน้อย,ดินร่วนปนทราย,"กรมพัฒนาที่ดิน · ปีผลิต 2561 · มาตราส่วนต้นฉบับ 1:25,000",ลดรายละเอียดเส้น 50 เมตรเพื่อแสดงผล; ไม่ใช้ระบุแนวเขตแปลง
86,ชุมพร,Pto,พะโต๊ะ,อ.ปะทิว,ต่ำ,กรดจัดถึงกรดเล็กน้อย,ดินร่วนปนทรายปนกรวด,"กรมพัฒนาที่ดิน · ปีผลิต 2561 · มาตราส่วนต้นฉบับ 1:25,000",ลดรายละเอียดเส้น 50 เมตรเพื่อแสดงผล; ไม่ใช้ระบุแนวเขตแปลง
86,ชุมพร,Pto-Rg,หน่วยเชิงซ้อนของชุดดินพะโต๊ะและชุดดินระนอง,อ.ปะทิว,ต่ำ,กรดจัดมากถึงกรดเล็กน้อย,ดินร่วนปนทราย,"กรมพัฒนาที่ดิน · ปีผลิต 2561 · มาตราส่วนต้นฉบับ 1:25,000",ลดรายละเอียดเส้น 50 เมตรเพื่อแสดงผล; ไม่ใช้ระบุแนวเขตแปลง
86,ชุมพร,Ptu,ปะทิว,อ.ปะทิว,ต่ำ,กรดจัดมากถึงกรดจัด,ดินร่วนเหนียวปนทราย,"กรมพัฒนาที่ดิน · ปีผลิต 2561 · มาตราส่วนต้นฉบับ 1:25,000",ลดรายละเอียดเส้น 50 เมตรเพื่อแสดงผล; ไม่ใช้ระบุแนวเขตแปลง
86,ชุมพร,Ra,ระแงะ,อ.ปะทิว,ต่ำ,กรดจัดมาก,ดินร่วนเหนียวปนทรายแป้ง,"กรมพัฒนาที่ดิน · ปีผลิต 2561 · มาตราส่วนต้นฉบับ 1:25,000",ลดรายละเอียดเส้น 50 เมตรเพื่อแสดงผล; ไม่ใช้ระบุแนวเขตแปลง
86,ชุมพร,Rg,ระนอง,อ.ปะทิว,ต่ำ,กรดจัดมาก,ดินร่วนปนทรายปนกรวด,"กรมพัฒนาที่ดิน · ปีผลิต 2561 · มาตราส่วนต้นฉบับ 1:25,000",ลดรายละเอียดเส้น 50 เมตรเพื่อแสดงผล; ไม่ใช้ระบุแนวเขตแปลง
86,ชุมพร,Ro,รือเสาะ,อ.ปะทิว,ปานกลาง,กรดจัดมากถึงกรดปานกลาง,ดินร่วน,"กรมพัฒนาที่ดิน · ปีผลิต 2561 · มาตราส่วนต้นฉบับ 1:25,000",ลดรายละเอียดเส้น 50 เมตรเพื่อแสดงผล; ไม่ใช้ระบุแนวเขตแปลง
86,ชุมพร,SC,ที่ลาดชันเชิงซ้อน,อ.ปะทิว,-,,,"กรมพัฒนาที่ดิน · ปีผลิต 2561 · มาตราส่วนต้นฉบับ 1:25,000",ลดรายละเอียดเส้น 50 เมตรเพื่อแสดงผล; ไม่ใช้ระบุแนวเขตแปลง
86,ชุมพร,Sd,สะเดา,อ.ปะทิว,ต่ำ,กรดจัดมาก,ดินร่วนปนทราย,"กรมพัฒนาที่ดิน · ปีผลิต 2561 · มาตราส่วนต้นฉบับ 1:25,000",ลดรายละเอียดเส้น 50 เมตรเพื่อแสดงผล; ไม่ใช้ระบุแนวเขตแปลง
86,ชุมพร,Sw,สวี,อ.ปะทิว,ต่ำ,กรดจัดถึงกรดเล็กน้อย,ดินร่วนปนทราย,"กรมพัฒนาที่ดิน · ปีผลิต 2561 · มาตราส่วนต้นฉบับ 1:25,000",ลดรายละเอียดเส้น 50 เมตรเพื่อแสดงผล; ไม่ใช้ระบุแนวเขตแปลง
86,ชุมพร,Te,ท่าแซะ,อ.ปะทิว,ต่ำ,กรดจัดมากถึงกรดจัด,ดินร่วนปนทราย,"กรมพัฒนาที่ดิน · ปีผลิต 2561 · มาตราส่วนต้นฉบับ 1:25,000",ลดรายละเอียดเส้น 50 เมตรเพื่อแสดงผล; ไม่ใช้ระบุแนวเขตแปลง
86,ชุมพร,Tg,ทุ่งหว้า,อ.ปะทิว,ต่ำ,กรดจัดมาก,ดินร่วนปนทราย,"กรมพัฒนาที่ดิน · ปีผลิต 2561 · มาตราส่วนต้นฉบับ 1:25,000",ลดรายละเอียดเส้น 50 เมตรเพื่อแสดงผล; ไม่ใช้ระบุแนวเขตแปลง
86,ชุมพร,Tkn,ตาขุน,อ.ปะทิว,ต่ำ,กรดจัดมากถึงกรดจัด,ดินร่วนปนทราย,"กรมพัฒนาที่ดิน · ปีผลิต 2561 · มาตราส่วนต้นฉบับ 1:25,000",ลดรายละเอียดเส้น 50 เมตรเพื่อแสดงผล; ไม่ใช้ระบุแนวเขตแปลง
86,ชุมพร,Tkt,ตะกั่วทุ่ง,อ.ปะทิว,สูง,กรดปานกลางถึงด่างปานกลาง,ดินเหนียวปนทรายแป้ง,"กรมพัฒนาที่ดิน · ปีผลิต 2561 · มาตราส่วนต้นฉบับ 1:25,000",ลดรายละเอียดเส้น 50 เมตรเพื่อแสดงผล; ไม่ใช้ระบุแนวเขตแปลง
86,ชุมพร,Tkt,ตะกั่วทุ่ง,อ.ปะทิว,สูง,กรดปานกลางถึงด่างปานกลาง,ดินร่วนเหนียวปนทรายแป้ง,"กรมพัฒนาที่ดิน · ปีผลิต 2561 · มาตราส่วนต้นฉบับ 1:25,000",ลดรายละเอียดเส้น 50 เมตรเพื่อแสดงผล; ไม่ใช้ระบุแนวเขตแปลง
86,ชุมพร,Tuk,ทุ่งค่าย,อ.ปะทิว,ต่ำ,กรดปานกลางถึงเป็นกลาง,ดินร่วนปนดินเหนียว,"กรมพัฒนาที่ดิน · ปีผลิต 2561 · มาตราส่วนต้นฉบับ 1:25,000",ลดรายละเอียดเส้น 50 เมตรเพื่อแสดงผล; ไม่ใช้ระบุแนวเขตแปลง
86,ชุมพร,W,พื้นที่น้ำ,อ.ปะทิว,-,,,"กรมพัฒนาที่ดิน · ปีผลิต 2561 · มาตราส่วนต้นฉบับ 1:25,000",ลดรายละเอียดเส้น 50 เมตรเพื่อแสดงผล; ไม่ใช้ระบุแนวเขตแปลง
86,ชุมพร,Wp,วัลเปรียง,อ.ปะทิว,ต่ำ,กรดปานกลางถึงเป็นกลาง,ดินร่วนปนทราย,"กรมพัฒนาที่ดิน · ปีผลิต 2561 · มาตราส่วนต้นฉบับ 1:25,000",ลดรายละเอียดเส้น 50 เมตรเพื่อแสดงผล; ไม่ใช้ระบุแนวเขตแปลง
86,ชุมพร,Ya,ยะลา,อ.ปะทิว,ต่ำ,กรดจัดถึงกรดเล็กน้อย,ดินร่วนปนทราย,"กรมพัฒนาที่ดิน · ปีผลิต 2561 · มาตราส่วนต้นฉบับ 1:25,000",ลดรายละเอียดเส้น 50 เมตรเพื่อแสดงผล; ไม่ใช้ระบุแนวเขตแปลง
86,ชุมพร,Cp,ชุมพร,อ.พะโต๊ะ,ต่ำ,กรดจัดมากถึงกรดปานกลาง,ดินร่วนปนทราย,"กรมพัฒนาที่ดิน · ปีผลิต 2561 · มาตราส่วนต้นฉบับ 1:25,000",ลดรายละเอียดเส้น 50 เมตรเพื่อแสดงผล; ไม่ใช้ระบุแนวเขตแปลง
86,ชุมพร,Ho,ห้วยยอด,อ.พะโต๊ะ,ต่ำ,กรดจัดมาก,ดินร่วนเหนียวปนกรวด,"กรมพัฒนาที่ดิน · ปีผลิต 2561 · มาตราส่วนต้นฉบับ 1:25,000",ลดรายละเอียดเส้น 50 เมตรเพื่อแสดงผล; ไม่ใช้ระบุแนวเขตแปลง
86,ชุมพร,Kkl,ควนกาหลง,อ.พะโต๊ะ,ต่ำ,กรดจัดมากถึงกรดจัด,ดินร่วนปนทราย,"กรมพัฒนาที่ดิน · ปีผลิต 2561 · มาตราส่วนต้นฉบับ 1:25,000",ลดรายละเอียดเส้น 50 เมตรเพื่อแสดงผล; ไม่ใช้ระบุแนวเขตแปลง
86,ชุมพร,Klt,คลองเต็ง,อ.พะโต๊ะ,ต่ำ,กรดจัดมาก,ดินร่วนปนดินเหนียว,"กรมพัฒนาที่ดิน · ปีผลิต 2561 · มาตราส่วนต้นฉบับ 1:25,000",ลดรายละเอียดเส้น 50 เมตรเพื่อแสดงผล; ไม่ใช้ระบุแนวเขตแปลง
86,ชุมพร,Koi,โคกกลอย,อ.พะโต๊ะ,ต่ำ,กรดจัดมากถึงกรดจัด,ดินร่วนเหนียวปนทราย,"กรมพัฒนาที่ดิน · ปีผลิต 2561 · มาตราส่วนต้นฉบับ 1:25,000",ลดรายละเอียดเส้น 50 เมตรเพื่อแสดงผล; ไม่ใช้ระบุแนวเขตแปลง
86,ชุมพร,Ntn,นาทอน,อ.พะโต๊ะ,ต่ำ,กรดจัดมากถึงกรดจัด,ดินร่วนปนดินเหนียว,"กรมพัฒนาที่ดิน · ปีผลิต 2561 · มาตราส่วนต้นฉบับ 1:25,000",ลดรายละเอียดเส้น 50 เมตรเพื่อแสดงผล; ไม่ใช้ระบุแนวเขตแปลง
86,ชุมพร,Pto,พะโต๊ะ,อ.พะโต๊ะ,ต่ำ,กรดจัดมากถึงกรดเล็กน้อย,ดินร่วนปนทราย,"กรมพัฒนาที่ดิน · ปีผลิต 2561 · มาตราส่วนต้นฉบับ 1:25,000",ลดรายละเอียดเส้น 50 เมตรเพื่อแสดงผล; ไม่ใช้ระบุแนวเขตแปลง
86,ชุมพร,Pto,พะโต๊ะ,อ.พะโต๊ะ,ต่ำ,กรดจัดถึงกรดเล็กน้อย,ดินร่วนปนทราย,"กรมพัฒนาที่ดิน · ปีผลิต 2561 · มาตราส่วนต้นฉบับ 1:25,000",ลดรายละเอียดเส้น 50 เมตรเพื่อแสดงผล; ไม่ใช้ระบุแนวเขตแปลง
86,ชุมพร,Ro,รือเสาะ,อ.พะโต๊ะ,ปานกลาง,กรดจัดมากถึงกรดปานกลาง,ดินร่วน,"กรมพัฒนาที่ดิน · ปีผลิต 2561 · มาตราส่วนต้นฉบับ 1:25,000",ลดรายละเอียดเส้น 50 เมตรเพื่อแสดงผล; ไม่ใช้ระบุแนวเขตแปลง
86,ชุมพร,SC,ที่ลาดชันเชิงซ้อน,อ.พะโต๊ะ,-,,,"กรมพัฒนาที่ดิน · ปีผลิต 2561 · มาตราส่วนต้นฉบับ 1:25,000",ลดรายละเอียดเส้น 50 เมตรเพื่อแสดงผล; ไม่ใช้ระบุแนวเขตแปลง
86,ชุมพร,Sw,สวี,อ.พะโต๊ะ,ต่ำ,กรดจัดถึงกรดเล็กน้อย,ดินร่วนปนทราย,"กรมพัฒนาที่ดิน · ปีผลิต 2561 · มาตราส่วนต้นฉบับ 1:25,000",ลดรายละเอียดเส้น 50 เมตรเพื่อแสดงผล; ไม่ใช้ระบุแนวเขตแปลง
86,ชุมพร,Te,ท่าแซะ,อ.พะโต๊ะ,ต่ำ,กรดจัดมากถึงกรดจัด,ดินร่วนปนทราย,"กรมพัฒนาที่ดิน · ปีผลิต 2561 · มาตราส่วนต้นฉบับ 1:25,000",ลดรายละเอียดเส้น 50 เมตรเพื่อแสดงผล; ไม่ใช้ระบุแนวเขตแปลง
86,ชุมพร,Tg,ทุ่งหว้า,อ.พะโต๊ะ,ต่ำ,กรดจัดมาก,ดินร่วนปนทราย,"กรมพัฒนาที่ดิน · ปีผลิต 2561 · มาตราส่วนต้นฉบับ 1:25,000",ลดรายละเอียดเส้น 50 เมตรเพื่อแสดงผล; ไม่ใช้ระบุแนวเขตแปลง
86,ชุมพร,Tim,ท้ายเหมือง,อ.พะโต๊ะ,ต่ำ,กรดจัดมากถึงกรดเล็กน้อย,ดินร่วนเหนียวปนทราย,"กรมพัฒนาที่ดิน · ปีผลิต 2561 · มาตราส่วนต้นฉบับ 1:25,000",ลดรายละเอียดเส้น 50 เมตรเพื่อแสดงผล; ไม่ใช้ระบุแนวเขตแปลง
86,ชุมพร,Tkn,ตาขุน,อ.พะโต๊ะ,ต่ำ,กรดจัดมากถึงกรดจัด,ดินร่วนปนทราย,"กรมพัฒนาที่ดิน · ปีผลิต 2561 · มาตราส่วนต้นฉบับ 1:25,000",ลดรายละเอียดเส้น 50 เมตรเพื่อแสดงผล; ไม่ใช้ระบุแนวเขตแปลง
86,ชุมพร,W,พื้นที่น้ำ,อ.พะโต๊ะ,-,,,"กรมพัฒนาที่ดิน · ปีผลิต 2561 · มาตราส่วนต้นฉบับ 1:25,000",ลดรายละเอียดเส้น 50 เมตรเพื่อแสดงผล; ไม่ใช้ระบุแนวเขตแปลง
86,ชุมพร,Ak,ชุดดินอ่าวลึก,อ.เมืองชุมพร,ต่ำ,กรดจัดมากถึงกรดเล็กน้อย,ดินเหนียว,"กรมพัฒนาที่ดิน · ปีผลิต 2561 · มาตราส่วนต้นฉบับ 1:25,000",ลดรายละเอียดเส้น 50 เมตรเพื่อแสดงผล; ไม่ใช้ระบุแนวเขตแปลง
86,ชุมพร,Ba,ชุดดินบางนารา,อ.เมืองชุมพร,ต่ำ,กรดจัดถึงกรดเล็กน้อย,ดินร่วนปนดินเหนียว,"กรมพัฒนาที่ดิน · ปีผลิต 2561 · มาตราส่วนต้นฉบับ 1:25,000",ลดรายละเอียดเส้น 50 เมตรเพื่อแสดงผล; ไม่ใช้ระบุแนวเขตแปลง
86,ชุมพร,Bc,บาเจาะ,อ.เมืองชุมพร,ต่ำ,กรดจัดมากถึงกรดเล็กน้อย,ดินทรายปนดินร่วน,"กรมพัฒนาที่ดิน · ปีผลิต 2561 · มาตราส่วนต้นฉบับ 1:25,000",ลดรายละเอียดเส้น 50 เมตรเพื่อแสดงผล; ไม่ใช้ระบุแนวเขตแปลง
86,ชุมพร,Bh,บ้านทอน,อ.เมืองชุมพร,ต่ำ,กรดจัดมากถึงกรดปานกลาง,ดินทรายปนดินร่วน,"กรมพัฒนาที่ดิน · ปีผลิต 2561 · มาตราส่วนต้นฉบับ 1:25,000",ลดรายละเอียดเส้น 50 เมตรเพื่อแสดงผล; ไม่ใช้ระบุแนวเขตแปลง
86,ชุมพร,Bu,สายบุรี,อ.เมืองชุมพร,ต่ำ,กรดจัดมากถึงกรดปานกลาง,ดินร่วนปนดินเหนียว,"กรมพัฒนาที่ดิน · ปีผลิต 2561 · มาตราส่วนต้นฉบับ 1:25,000",ลดรายละเอียดเส้น 50 เมตรเพื่อแสดงผล; ไม่ใช้ระบุแนวเขตแปลง
86,ชุมพร,Bu,สายบุรี,อ.เมืองชุมพร,ต่ำ,กรดจัดมากถึงกรดปานกลาง,ดินร่วนปนทรายแป้ง,"กรมพัฒนาที่ดิน · ปีผลิต 2561 · มาตราส่วนต้นฉบับ 1:25,000",ลดรายละเอียดเส้น 50 เมตรเพื่อแสดงผล; ไม่ใช้ระบุแนวเขตแปลง
86,ชุมพร,Cp,ชุมพร,อ.เมืองชุมพร,ต่ำ,กรดจัดมากถึงกรดปานกลาง,ดินร่วนปนทราย,"กรมพัฒนาที่ดิน · ปีผลิต 2561 · มาตราส่วนต้นฉบับ 1:25,000",ลดรายละเอียดเส้น 50 เมตรเพื่อแสดงผล; ไม่ใช้ระบุแนวเขตแปลง
86,ชุมพร,Fd,ฝั่งแดง,อ.เมืองชุมพร,ต่ำ,กรดจัดมากถึงกรดจัด,ดินร่วนปนทราย,"กรมพัฒนาที่ดิน · ปีผลิต 2561 · มาตราส่วนต้นฉบับ 1:25,000",ลดรายละเอียดเส้น 50 เมตรเพื่อแสดงผล; ไม่ใช้ระบุแนวเขตแปลง
86,ชุมพร,Hh,หัวหิน,อ.เมืองชุมพร,ต่ำ,กรดปานกลางถึงด่างปานกลาง,ดินทรายปนดินร่วน,"กรมพัฒนาที่ดิน · ปีผลิต 2561 · มาตราส่วนต้นฉบับ 1:25,000",ลดรายละเอียดเส้น 50 เมตรเพื่อแสดงผล; ไม่ใช้ระบุแนวเขตแปลง
86,ชุมพร,Ho,ห้วยยอด,อ.เมืองชุมพร,ต่ำ,กรดจัดมาก,ดินร่วนเหนียวปนกรวด,"กรมพัฒนาที่ดิน · ปีผลิต 2561 · มาตราส่วนต้นฉบับ 1:25,000",ลดรายละเอียดเส้น 50 เมตรเพื่อแสดงผล; ไม่ใช้ระบุแนวเขตแปลง
86,ชุมพร,Ho-Klt,หน่วยเชิงซ้อนของชุดดินห้วยยอดและชุดดินคลองเต็ง,อ.เมืองชุมพร,ต่ำ,กรดจัดมาก,ดินร่วนเหนียวปนกรวด,"กรมพัฒนาที่ดิน · ปีผลิต 2561 · มาตราส่วนต้นฉบับ 1:25,000",ลดรายละเอียดเส้น 50 เมตรเพื่อแสดงผล; ไม่ใช้ระบุแนวเขตแปลง
86,ชุมพร,I,เกาะ,อ.เมืองชุมพร,-,,,"กรมพัฒนาที่ดิน · ปีผลิต 2561 · มาตราส่วนต้นฉบับ 1:25,000",ลดรายละเอียดเส้น 50 เมตรเพื่อแสดงผล; ไม่ใช้ระบุแนวเขตแปลง
86,ชุมพร,Kh,คอหงษ์,อ.เมืองชุมพร,ต่ำ,กรดจัดมาก,ดินร่วนปนทราย,"กรมพัฒนาที่ดิน · ปีผลิต 2561 · มาตราส่วนต้นฉบับ 1:25,000",ลดรายละเอียดเส้น 50 เมตรเพื่อแสดงผล; ไม่ใช้ระบุแนวเขตแปลง
86,ชุมพร,Kh,คอหงษ์,อ.เมืองชุมพร,ต่ำ,กรดจัดมาก,ดินทรายปนดินร่วน,"กรมพัฒนาที่ดิน · ปีผลิต 2561 · มาตราส่วนต้นฉบับ 1:25,000",ลดรายละเอียดเส้น 50 เมตรเพื่อแสดงผล; ไม่ใช้ระบุแนวเขตแปลง
86,ชุมพร,Klt,คลองเต็ง,อ.เมืองชุมพร,ต่ำ,กรดจัดมาก,ดินร่วนปนดินเหนียว,"กรมพัฒนาที่ดิน · ปีผลิต 2561 · มาตราส่วนต้นฉบับ 1:25,000",ลดรายละเอียดเส้น 50 เมตรเพื่อแสดงผล; ไม่ใช้ระบุแนวเขตแปลง
86,ชุมพร,Klt-Ntn,หน่วยเชิงซ้อนของชุดดินคลองเต็งและชุดดินนาทอน,อ.เมืองชุมพร,ต่ำ,กรดจัดมากหรือกรดจัด,ดินร่วนปนดินเหนียว,"กรมพัฒนาที่ดิน · ปีผลิต 2561 · มาตราส่วนต้นฉบับ 1:25,000",ลดรายละเอียดเส้น 50 เมตรเพื่อแสดงผล; ไม่ใช้ระบุแนวเขตแปลง
86,ชุมพร,Km,คลองท่อม,อ.เมืองชุมพร,ต่ำ,กรดจัดมากถึงกรดจัด,ดินร่วนปนทราย,"กรมพัฒนาที่ดิน · ปีผลิต 2561 · มาตราส่วนต้นฉบับ 1:25,000",ลดรายละเอียดเส้น 50 เมตรเพื่อแสดงผล; ไม่ใช้ระบุแนวเขตแปลง
86,ชุมพร,Lam,ลำแก่น,อ.เมืองชุมพร,ต่ำ,กรดจัดมากถึงกรดปานกลาง,ดินร่วนปนดินเหนียว,"กรมพัฒนาที่ดิน · ปีผลิต 2561 · มาตราส่วนต้นฉบับ 1:25,000",ลดรายละเอียดเส้น 50 เมตรเพื่อแสดงผล; ไม่ใช้ระบุแนวเขตแปลง
86,ชุมพร,Lam,ลำแก่น,อ.เมืองชุมพร,ต่ำ,กรดจัดมากถึงกรดปานกลาง,ดินร่วนปนทราย,"กรมพัฒนาที่ดิน · ปีผลิต 2561 · มาตราส่วนต้นฉบับ 1:25,000",ลดรายละเอียดเส้น 50 เมตรเพื่อแสดงผล; ไม่ใช้ระบุแนวเขตแปลง
86,ชุมพร,Lan,หลังสวน,อ.เมืองชุมพร,ต่ำ,กรดจัดมากถึงกรดเล็กน้อย,ดินทรายปนดินร่วน,"กรมพัฒนาที่ดิน · ปีผลิต 2561 · มาตราส่วนต้นฉบับ 1:25,000",ลดรายละเอียดเส้น 50 เมตรเพื่อแสดงผล; ไม่ใช้ระบุแนวเขตแปลง
86,ชุมพร,Lgu,ละงู,อ.เมืองชุมพร,ปานกลาง,กรดจัดถึงกรดเล็กน้อย,ดินร่วนปนดินเหนียว,"กรมพัฒนาที่ดิน · ปีผลิต 2561 · มาตราส่วนต้นฉบับ 1:25,000",ลดรายละเอียดเส้น 50 เมตรเพื่อแสดงผล; ไม่ใช้ระบุแนวเขตแปลง
86,ชุมพร,Ll,ลำภูรา,อ.เมืองชุมพร,ปานกลาง,กรดจัดมากถึงกรดเล็กน้อย,ดินร่วนปนดินเหนียว,"กรมพัฒนาที่ดิน · ปีผลิต 2561 · มาตราส่วนต้นฉบับ 1:25,000",ลดรายละเอียดเส้น 50 เมตรเพื่อแสดงผล; ไม่ใช้ระบุแนวเขตแปลง
86,ชุมพร,Mu,มูโน๊ะ,อ.เมืองชุมพร,ปานกลาง,กรดจัดมาก,ดินร่วนเหนียวปนทรายแป้ง,"กรมพัฒนาที่ดิน · ปีผลิต 2561 · มาตราส่วนต้นฉบับ 1:25,000",ลดรายละเอียดเส้น 50 เมตรเพื่อแสดงผล; ไม่ใช้ระบุแนวเขตแปลง
86,ชุมพร,Nat,นาทวี,อ.เมืองชุมพร,ต่ำ,กรดจัดมาก,ดินร่วนปนทราย,"กรมพัฒนาที่ดิน · ปีผลิต 2561 · มาตราส่วนต้นฉบับ 1:25,000",ลดรายละเอียดเส้น 50 เมตรเพื่อแสดงผล; ไม่ใช้ระบุแนวเขตแปลง
86,ชุมพร,Ni,น้ำกระจาย,อ.เมืองชุมพร,ต่ำ,กรดจัดถึงกรดเล็กน้อย,ดินร่วนปนทราย,"กรมพัฒนาที่ดิน · ปีผลิต 2561 · มาตราส่วนต้นฉบับ 1:25,000",ลดรายละเอียดเส้น 50 เมตรเพื่อแสดงผล; ไม่ใช้ระบุแนวเขตแปลง
86,ชุมพร,Ntn,นาทอน,อ.เมืองชุมพร,ต่ำ,กรดจัดมากถึงกรดจัด,ดินร่วนปนดินเหนียว,"กรมพัฒนาที่ดิน · ปีผลิต 2561 · มาตราส่วนต้นฉบับ 1:25,000",ลดรายละเอียดเส้น 50 เมตรเพื่อแสดงผล; ไม่ใช้ระบุแนวเขตแปลง
86,ชุมพร,Ptg,พานทอง,อ.เมืองชุมพร,ปานกลาง,กรดปานกลางถึงเป็นกลาง,ดินร่วนปนดินเหนียว,"กรมพัฒนาที่ดิน · ปีผลิต 2561 · มาตราส่วนต้นฉบับ 1:25,000",ลดรายละเอียดเส้น 50 เมตรเพื่อแสดงผล; ไม่ใช้ระบุแนวเขตแปลง
86,ชุมพร,Pti,ปัตตานี,อ.เมืองชุมพร,ต่ำ,กรดจัดถึงกรดเล็กน้อย,ดินร่วนปนทราย,"กรมพัฒนาที่ดิน · ปีผลิต 2561 · มาตราส่วนต้นฉบับ 1:25,000",ลดรายละเอียดเส้น 50 เมตรเพื่อแสดงผล; ไม่ใช้ระบุแนวเขตแปลง
86,ชุมพร,Ptl,พัทลุง,อ.เมืองชุมพร,ต่ำ,กรดจัดถึงกรดเล็กน้อย,ดินร่วนปนดินเหนียว,"กรมพัฒนาที่ดิน · ปีผลิต 2561 · มาตราส่วนต้นฉบับ 1:25,000",ลดรายละเอียดเส้น 50 เมตรเพื่อแสดงผล; ไม่ใช้ระบุแนวเขตแปลง
86,ชุมพร,Pto,พะโต๊ะ,อ.เมืองชุมพร,ต่ำ,กรดจัดมากถึงกรดเล็กน้อย,ดินร่วนปนทราย,"กรมพัฒนาที่ดิน · ปีผลิต 2561 · มาตราส่วนต้นฉบับ 1:25,000",ลดรายละเอียดเส้น 50 เมตรเพื่อแสดงผล; ไม่ใช้ระบุแนวเขตแปลง
86,ชุมพร,Pto,พะโต๊ะ,อ.เมืองชุมพร,ต่ำ,กรดจัดถึงกรดเล็กน้อย,ดินร่วนปนทราย,"กรมพัฒนาที่ดิน · ปีผลิต 2561 · มาตราส่วนต้นฉบับ 1:25,000",ลดรายละเอียดเส้น 50 เมตรเพื่อแสดงผล; ไม่ใช้ระบุแนวเขตแปลง
86,ชุมพร,Pto,พะโต๊ะ,อ.เมืองชุมพร,ต่ำ,กรดจัดถึงกรดเล็กน้อย,ดินร่วนปนทรายปนกรวด,"กรมพัฒนาที่ดิน · ปีผลิต 2561 · มาตราส่วนต้นฉบับ 1:25,000",ลดรายละเอียดเส้น 50 เมตรเพื่อแสดงผล; ไม่ใช้ระบุแนวเขตแปลง
86,ชุมพร,Ra,ระแงะ,อ.เมืองชุมพร,ต่ำ,กรดจัดมาก,ดินร่วนเหนียวปนทรายแป้ง,"กรมพัฒนาที่ดิน · ปีผลิต 2561 · มาตราส่วนต้นฉบับ 1:25,000",ลดรายละเอียดเส้น 50 เมตรเพื่อแสดงผล; ไม่ใช้ระบุแนวเขตแปลง
86,ชุมพร,Rg,ระนอง,อ.เมืองชุมพร,ต่ำ,กรดจัดมาก,ดินร่วนปนทรายปนกรวด,"กรมพัฒนาที่ดิน · ปีผลิต 2561 · มาตราส่วนต้นฉบับ 1:25,000",ลดรายละเอียดเส้น 50 เมตรเพื่อแสดงผล; ไม่ใช้ระบุแนวเขตแปลง
86,ชุมพร,Ro,รือเสาะ,อ.เมืองชุมพร,ปานกลาง,กรดจัดมากถึงกรดปานกลาง,ดินร่วน,"กรมพัฒนาที่ดิน · ปีผลิต 2561 · มาตราส่วนต้นฉบับ 1:25,000",ลดรายละเอียดเส้น 50 เมตรเพื่อแสดงผล; ไม่ใช้ระบุแนวเขตแปลง
86,ชุมพร,SC,ที่ลาดชันเชิงซ้อน,อ.เมืองชุมพร,-,,,"กรมพัฒนาที่ดิน · ปีผลิต 2561 · มาตราส่วนต้นฉบับ 1:25,000",ลดรายละเอียดเส้น 50 เมตรเพื่อแสดงผล; ไม่ใช้ระบุแนวเขตแปลง
86,ชุมพร,Sd,สะเดา,อ.เมืองชุมพร,ต่ำ,กรดจัดมาก,ดินร่วนปนทราย,"กรมพัฒนาที่ดิน · ปีผลิต 2561 · มาตราส่วนต้นฉบับ 1:25,000",ลดรายละเอียดเส้น 50 เมตรเพื่อแสดงผล; ไม่ใช้ระบุแนวเขตแปลง
86,ชุมพร,Sm,สมุทรปราการ,อ.เมืองชุมพร,สูง,กรดปานกลางถึงด่างปานกลาง,ดินเหนียวปนทรายแป้ง,"กรมพัฒนาที่ดิน · ปีผลิต 2561 · มาตราส่วนต้นฉบับ 1:25,000",ลดรายละเอียดเส้น 50 เมตรเพื่อแสดงผล; ไม่ใช้ระบุแนวเขตแปลง
86,ชุมพร,Sw,สวี,อ.เมืองชุมพร,ต่ำ,กรดจัดถึงกรดเล็กน้อย,ดินร่วนปนทราย,"กรมพัฒนาที่ดิน · ปีผลิต 2561 · มาตราส่วนต้นฉบับ 1:25,000",ลดรายละเอียดเส้น 50 เมตรเพื่อแสดงผล; ไม่ใช้ระบุแนวเขตแปลง
86,ชุมพร,Te,ท่าแซะ,อ.เมืองชุมพร,ต่ำ,กรดจัดมากถึงกรดจัด,ดินร่วนปนทราย,"กรมพัฒนาที่ดิน · ปีผลิต 2561 · มาตราส่วนต้นฉบับ 1:25,000",ลดรายละเอียดเส้น 50 เมตรเพื่อแสดงผล; ไม่ใช้ระบุแนวเขตแปลง
86,ชุมพร,Tkn,ตาขุน,อ.เมืองชุมพร,ต่ำ,กรดจัดมากถึงกรดจัด,ดินร่วนปนทราย,"กรมพัฒนาที่ดิน · ปีผลิต 2561 · มาตราส่วนต้นฉบับ 1:25,000",ลดรายละเอียดเส้น 50 เมตรเพื่อแสดงผล; ไม่ใช้ระบุแนวเขตแปลง
86,ชุมพร,Tkt,ตะกั่วทุ่ง,อ.เมืองชุมพร,สูง,กรดปานกลางถึงด่างปานกลาง,ดินเหนียวปนทรายแป้ง,"กรมพัฒนาที่ดิน · ปีผลิต 2561 · มาตราส่วนต้นฉบับ 1:25,000",ลดรายละเอียดเส้น 50 เมตรเพื่อแสดงผล; ไม่ใช้ระบุแนวเขตแปลง
86,ชุมพร,Tkt,ตะกั่วทุ่ง,อ.เมืองชุมพร,สูง,กรดปานกลางถึงด่างปานกลาง,ดินร่วนเหนียวปนทรายแป้ง,"กรมพัฒนาที่ดิน · ปีผลิต 2561 · มาตราส่วนต้นฉบับ 1:25,000",ลดรายละเอียดเส้น 50 เมตรเพื่อแสดงผล; ไม่ใช้ระบุแนวเขตแปลง
86,ชุมพร,Ts,ต้นไทร,อ.เมืองชุมพร,ต่ำ,กรดจัดมาก,ดินร่วนปนทราย,"กรมพัฒนาที่ดิน · ปีผลิต 2561 · มาตราส่วนต้นฉบับ 1:25,000",ลดรายละเอียดเส้น 50 เมตรเพื่อแสดงผล; ไม่ใช้ระบุแนวเขตแปลง
86,ชุมพร,Tsl,ท่าศาลา,อ.เมืองชุมพร,ต่ำ,กรดจัดถึงกรดเล็กน้อย,ดินร่วนปนดินเหนียว,"กรมพัฒนาที่ดิน · ปีผลิต 2561 · มาตราส่วนต้นฉบับ 1:25,000",ลดรายละเอียดเส้น 50 เมตรเพื่อแสดงผล; ไม่ใช้ระบุแนวเขตแปลง
86,ชุมพร,Tuk,ทุ่งค่าย,อ.เมืองชุมพร,ต่ำ,กรดปานกลางถึงเป็นกลาง,ดินร่วนปนดินเหนียว,"กรมพัฒนาที่ดิน · ปีผลิต 2561 · มาตราส่วนต้นฉบับ 1:25,000",ลดรายละเอียดเส้น 50 เมตรเพื่อแสดงผล; ไม่ใช้ระบุแนวเขตแปลง
86,ชุมพร,Vi,วิสัย,อ.เมืองชุมพร,ต่ำ,กรดจัดมากถึงกรดปานกลาง,ดินร่วนปนทราย,"กรมพัฒนาที่ดิน · ปีผลิต 2561 · มาตราส่วนต้นฉบับ 1:25,000",ลดรายละเอียดเส้น 50 เมตรเพื่อแสดงผล; ไม่ใช้ระบุแนวเขตแปลง
86,ชุมพร,W,พื้นที่น้ำ,อ.เมืองชุมพร,-,,,"กรมพัฒนาที่ดิน · ปีผลิต 2561 · มาตราส่วนต้นฉบับ 1:25,000",ลดรายละเอียดเส้น 50 เมตรเพื่อแสดงผล; ไม่ใช้ระบุแนวเขตแปลง
86,ชุมพร,Wp,วัลเปรียง,อ.เมืองชุมพร,ต่ำ,กรดปานกลางถึงเป็นกลาง,ดินร่วนปนทราย,"กรมพัฒนาที่ดิน · ปีผลิต 2561 · มาตราส่วนต้นฉบับ 1:25,000",ลดรายละเอียดเส้น 50 เมตรเพื่อแสดงผล; ไม่ใช้ระบุแนวเขตแปลง
86,ชุมพร,Ya,ยะลา,อ.เมืองชุมพร,ต่ำ,กรดจัดถึงกรดเล็กน้อย,ดินร่วนปนทราย,"กรมพัฒนาที่ดิน · ปีผลิต 2561 · มาตราส่วนต้นฉบับ 1:25,000",ลดรายละเอียดเส้น 50 เมตรเพื่อแสดงผล; ไม่ใช้ระบุแนวเขตแปลง
86,ชุมพร,AC,ตะกอนน้ำพาเชิงซ้อน,อ.ละแม,ปานกลาง,กรดจัดมากถึงกรดเล็กน้อย,ดินร่วนปนทราย,"กรมพัฒนาที่ดิน · ปีผลิต 2561 · มาตราส่วนต้นฉบับ 1:25,000",ลดรายละเอียดเส้น 50 เมตรเพื่อแสดงผล; ไม่ใช้ระบุแนวเขตแปลง
86,ชุมพร,Bh,บ้านทอน,อ.ละแม,ต่ำ,กรดจัดมากถึงกรดปานกลาง,ดินทรายปนดินร่วน,"กรมพัฒนาที่ดิน · ปีผลิต 2561 · มาตราส่วนต้นฉบับ 1:25,000",ลดรายละเอียดเส้น 50 เมตรเพื่อแสดงผล; ไม่ใช้ระบุแนวเขตแปลง
86,ชุมพร,Blm,บางละมุง,อ.ละแม,ต่ำ,กรดจัดมากถึงกรดจัด,ดินร่วนปนทราย,"กรมพัฒนาที่ดิน · ปีผลิต 2561 · มาตราส่วนต้นฉบับ 1:25,000",ลดรายละเอียดเส้น 50 เมตรเพื่อแสดงผล; ไม่ใช้ระบุแนวเขตแปลง
86,ชุมพร,Chl,ฉลอง,อ.ละแม,ต่ำ,กรดจัดมากถึงกรดจัด,ดินร่วนปนทราย,"กรมพัฒนาที่ดิน · ปีผลิต 2561 · มาตราส่วนต้นฉบับ 1:25,000",ลดรายละเอียดเส้น 50 เมตรเพื่อแสดงผล; ไม่ใช้ระบุแนวเขตแปลง
86,ชุมพร,Cp,ชุมพร,อ.ละแม,ต่ำ,กรดจัดมากถึงกรดปานกลาง,ดินร่วนปนทราย,"กรมพัฒนาที่ดิน · ปีผลิต 2561 · มาตราส่วนต้นฉบับ 1:25,000",ลดรายละเอียดเส้น 50 เมตรเพื่อแสดงผล; ไม่ใช้ระบุแนวเขตแปลง
86,ชุมพร,Fd,ฝั่งแดง,อ.ละแม,ต่ำ,กรดจัดมากถึงกรดจัด,ดินร่วนปนทราย,"กรมพัฒนาที่ดิน · ปีผลิต 2561 · มาตราส่วนต้นฉบับ 1:25,000",ลดรายละเอียดเส้น 50 เมตรเพื่อแสดงผล; ไม่ใช้ระบุแนวเขตแปลง
86,ชุมพร,Hh,หัวหิน,อ.ละแม,ต่ำ,กรดปานกลางถึงด่างปานกลาง,ดินทรายปนดินร่วน,"กรมพัฒนาที่ดิน · ปีผลิต 2561 · มาตราส่วนต้นฉบับ 1:25,000",ลดรายละเอียดเส้น 50 เมตรเพื่อแสดงผล; ไม่ใช้ระบุแนวเขตแปลง
86,ชุมพร,Kh,คอหงษ์,อ.ละแม,ต่ำ,กรดจัดมาก,ดินร่วนปนทราย,"กรมพัฒนาที่ดิน · ปีผลิต 2561 · มาตราส่วนต้นฉบับ 1:25,000",ลดรายละเอียดเส้น 50 เมตรเพื่อแสดงผล; ไม่ใช้ระบุแนวเขตแปลง
86,ชุมพร,Kkl,ควนกาหลง,อ.ละแม,ต่ำ,กรดจัดมากถึงกรดจัด,ดินร่วนปนทราย,"กรมพัฒนาที่ดิน · ปีผลิต 2561 · มาตราส่วนต้นฉบับ 1:25,000",ลดรายละเอียดเส้น 50 เมตรเพื่อแสดงผล; ไม่ใช้ระบุแนวเขตแปลง
86,ชุมพร,Klt,คลองเต็ง,อ.ละแม,ต่ำ,กรดจัดมาก,ดินร่วนปนดินเหนียว,"กรมพัฒนาที่ดิน · ปีผลิต 2561 · มาตราส่วนต้นฉบับ 1:25,000",ลดรายละเอียดเส้น 50 เมตรเพื่อแสดงผล; ไม่ใช้ระบุแนวเขตแปลง
86,ชุมพร,Km,คลองท่อม,อ.ละแม,ต่ำ,กรดจัดมากถึงกรดจัด,ดินร่วนปนทราย,"กรมพัฒนาที่ดิน · ปีผลิต 2561 · มาตราส่วนต้นฉบับ 1:25,000",ลดรายละเอียดเส้น 50 เมตรเพื่อแสดงผล; ไม่ใช้ระบุแนวเขตแปลง
86,ชุมพร,Knk,คลองนกกระทุง,อ.ละแม,ต่ำ,กรดจัดมากถึงกรดจัด,ดินร่วนปนทราย,"กรมพัฒนาที่ดิน · ปีผลิต 2561 · มาตราส่วนต้นฉบับ 1:25,000",ลดรายละเอียดเส้น 50 เมตรเพื่อแสดงผล; ไม่ใช้ระบุแนวเขตแปลง
86,ชุมพร,Koi,โคกกลอย,อ.ละแม,ต่ำ,กรดจัดมากถึงกรดจัด,ดินร่วนปนทราย,"กรมพัฒนาที่ดิน · ปีผลิต 2561 · มาตราส่วนต้นฉบับ 1:25,000",ลดรายละเอียดเส้น 50 เมตรเพื่อแสดงผล; ไม่ใช้ระบุแนวเขตแปลง
86,ชุมพร,Koi,โคกกลอย,อ.ละแม,ต่ำ,กรดจัดมากถึงกรดจัด,ดินร่วนเหนียวปนทราย,"กรมพัฒนาที่ดิน · ปีผลิต 2561 · มาตราส่วนต้นฉบับ 1:25,000",ลดรายละเอียดเส้น 50 เมตรเพื่อแสดงผล; ไม่ใช้ระบุแนวเขตแปลง
86,ชุมพร,Nat,นาทวี,อ.ละแม,ต่ำ,กรดจัดมาก,ดินร่วนปนทราย,"กรมพัฒนาที่ดิน · ปีผลิต 2561 · มาตราส่วนต้นฉบับ 1:25,000",ลดรายละเอียดเส้น 50 เมตรเพื่อแสดงผล; ไม่ใช้ระบุแนวเขตแปลง
86,ชุมพร,Ni,น้ำกระจาย,อ.ละแม,ต่ำ,กรดจัดถึงกรดเล็กน้อย,ดินร่วนปนทราย,"กรมพัฒนาที่ดิน · ปีผลิต 2561 · มาตราส่วนต้นฉบับ 1:25,000",ลดรายละเอียดเส้น 50 เมตรเพื่อแสดงผล; ไม่ใช้ระบุแนวเขตแปลง
86,ชุมพร,Ntn,นาทอน,อ.ละแม,ต่ำ,กรดจัดมากถึงกรดจัด,ดินร่วนปนดินเหนียว,"กรมพัฒนาที่ดิน · ปีผลิต 2561 · มาตราส่วนต้นฉบับ 1:25,000",ลดรายละเอียดเส้น 50 เมตรเพื่อแสดงผล; ไม่ใช้ระบุแนวเขตแปลง
86,ชุมพร,Pga,พังงา,อ.ละแม,ต่ำ,กรดจัดมากถึงกรดเล็กน้อย,ดินร่วนปนทราย,"กรมพัฒนาที่ดิน · ปีผลิต 2561 · มาตราส่วนต้นฉบับ 1:25,000",ลดรายละเอียดเส้น 50 เมตรเพื่อแสดงผล; ไม่ใช้ระบุแนวเขตแปลง
86,ชุมพร,Pto,พะโต๊ะ,อ.ละแม,ต่ำ,กรดจัดมากถึงกรดเล็กน้อย,ดินร่วนปนทราย,"กรมพัฒนาที่ดิน · ปีผลิต 2561 · มาตราส่วนต้นฉบับ 1:25,000",ลดรายละเอียดเส้น 50 เมตรเพื่อแสดงผล; ไม่ใช้ระบุแนวเขตแปลง
86,ชุมพร,Pto,พะโต๊ะ,อ.ละแม,ต่ำ,กรดจัดถึงกรดเล็กน้อย,ดินร่วนปนทราย,"กรมพัฒนาที่ดิน · ปีผลิต 2561 · มาตราส่วนต้นฉบับ 1:25,000",ลดรายละเอียดเส้น 50 เมตรเพื่อแสดงผล; ไม่ใช้ระบุแนวเขตแปลง
86,ชุมพร,Pto-Rg,หน่วยเชิงซ้อนของชุดดินพะโต๊ะและชุดดินระนอง,อ.ละแม,ต่ำ,กรดจัดมากถึงกรดเล็กน้อย,ดินร่วนปนทรายหรือดินร่วนปนทรายปนกรวด,"กรมพัฒนาที่ดิน · ปีผลิต 2561 · มาตราส่วนต้นฉบับ 1:25,000",ลดรายละเอียดเส้น 50 เมตรเพื่อแสดงผล; ไม่ใช้ระบุแนวเขตแปลง
86,ชุมพร,Ra,ระแงะ,อ.ละแม,ต่ำ,กรดจัดมาก,ดินร่วนเหนียวปนทรายแป้ง,"กรมพัฒนาที่ดิน · ปีผลิต 2561 · มาตราส่วนต้นฉบับ 1:25,000",ลดรายละเอียดเส้น 50 เมตรเพื่อแสดงผล; ไม่ใช้ระบุแนวเขตแปลง
86,ชุมพร,Rg,ระนอง,อ.ละแม,ต่ำ,กรดจัดมาก,ดินร่วนปนทรายปนกรวด,"กรมพัฒนาที่ดิน · ปีผลิต 2561 · มาตราส่วนต้นฉบับ 1:25,000",ลดรายละเอียดเส้น 50 เมตรเพื่อแสดงผล; ไม่ใช้ระบุแนวเขตแปลง
86,ชุมพร,Ro,รือเสาะ,อ.ละแม,ปานกลาง,กรดจัดมากถึงกรดปานกลาง,ดินร่วน,"กรมพัฒนาที่ดิน · ปีผลิต 2561 · มาตราส่วนต้นฉบับ 1:25,000",ลดรายละเอียดเส้น 50 เมตรเพื่อแสดงผล; ไม่ใช้ระบุแนวเขตแปลง
86,ชุมพร,Ro,รือเสาะ,อ.ละแม,ปานกลาง,กรดจัดมากถึงกรดปานกลาง,ดินร่วนปนทรายแป้ง,"กรมพัฒนาที่ดิน · ปีผลิต 2561 · มาตราส่วนต้นฉบับ 1:25,000",ลดรายละเอียดเส้น 50 เมตรเพื่อแสดงผล; ไม่ใช้ระบุแนวเขตแปลง
86,ชุมพร,SC,ที่ลาดชันเชิงซ้อน,อ.ละแม,-,,,"กรมพัฒนาที่ดิน · ปีผลิต 2561 · มาตราส่วนต้นฉบับ 1:25,000",ลดรายละเอียดเส้น 50 เมตรเพื่อแสดงผล; ไม่ใช้ระบุแนวเขตแปลง
86,ชุมพร,Sd,สะเดา,อ.ละแม,ต่ำ,กรดจัดมาก,ดินร่วนปนทราย,"กรมพัฒนาที่ดิน · ปีผลิต 2561 · มาตราส่วนต้นฉบับ 1:25,000",ลดรายละเอียดเส้น 50 เมตรเพื่อแสดงผล; ไม่ใช้ระบุแนวเขตแปลง
86,ชุมพร,Te,ท่าแซะ,อ.ละแม,ต่ำ,กรดจัดมากถึงกรดจัด,ดินร่วนปนทราย,"กรมพัฒนาที่ดิน · ปีผลิต 2561 · มาตราส่วนต้นฉบับ 1:25,000",ลดรายละเอียดเส้น 50 เมตรเพื่อแสดงผล; ไม่ใช้ระบุแนวเขตแปลง
86,ชุมพร,Tg,ทุ่งหว้า,อ.ละแม,ต่ำ,กรดจัดมาก,ดินร่วนปนทราย,"กรมพัฒนาที่ดิน · ปีผลิต 2561 · มาตราส่วนต้นฉบับ 1:25,000",ลดรายละเอียดเส้น 50 เมตรเพื่อแสดงผล; ไม่ใช้ระบุแนวเขตแปลง
86,ชุมพร,Tg,ทุ่งหว้า,อ.ละแม,ต่ำ,กรดจัดมากถึงกรดจัด,ดินร่วนปนทราย,"กรมพัฒนาที่ดิน · ปีผลิต 2561 · มาตราส่วนต้นฉบับ 1:25,000",ลดรายละเอียดเส้น 50 เมตรเพื่อแสดงผล; ไม่ใช้ระบุแนวเขตแปลง
86,ชุมพร,Tg,ทุ่งหว้า,อ.ละแม,ต่ำ,กรดจัดถึงกรดเล็กน้อย,ดินร่วนปนทราย,"กรมพัฒนาที่ดิน · ปีผลิต 2561 · มาตราส่วนต้นฉบับ 1:25,000",ลดรายละเอียดเส้น 50 เมตรเพื่อแสดงผล; ไม่ใช้ระบุแนวเขตแปลง
86,ชุมพร,Tim,ท้ายเหมือง,อ.ละแม,ต่ำ,กรดจัดมากถึงกรดเล็กน้อย,ดินร่วนเหนียวปนทราย,"กรมพัฒนาที่ดิน · ปีผลิต 2561 · มาตราส่วนต้นฉบับ 1:25,000",ลดรายละเอียดเส้น 50 เมตรเพื่อแสดงผล; ไม่ใช้ระบุแนวเขตแปลง
86,ชุมพร,Tkn,ตาขุน,อ.ละแม,ต่ำ,กรดจัดมากถึงกรดจัด,ดินร่วนปนทราย,"กรมพัฒนาที่ดิน · ปีผลิต 2561 · มาตราส่วนต้นฉบับ 1:25,000",ลดรายละเอียดเส้น 50 เมตรเพื่อแสดงผล; ไม่ใช้ระบุแนวเขตแปลง
86,ชุมพร,Vi,วิสัย,อ.ละแม,ต่ำ,กรดจัดมากถึงกรดปานกลาง,ดินร่วนปนทราย,"กรมพัฒนาที่ดิน · ปีผลิต 2561 · มาตราส่วนต้นฉบับ 1:25,000",ลดรายละเอียดเส้น 50 เมตรเพื่อแสดงผล; ไม่ใช้ระบุแนวเขตแปลง
86,ชุมพร,W,พื้นที่น้ำ,อ.ละแม,-,,,"กรมพัฒนาที่ดิน · ปีผลิต 2561 · มาตราส่วนต้นฉบับ 1:25,000",ลดรายละเอียดเส้น 50 เมตรเพื่อแสดงผล; ไม่ใช้ระบุแนวเขตแปลง
86,ชุมพร,Wp,วัลเปรียง,อ.ละแม,ต่ำ,กรดปานกลางถึงเป็นกลาง,ดินร่วนปนทราย,"กรมพัฒนาที่ดิน · ปีผลิต 2561 · มาตราส่วนต้นฉบับ 1:25,000",ลดรายละเอียดเส้น 50 เมตรเพื่อแสดงผล; ไม่ใช้ระบุแนวเขตแปลง
86,ชุมพร,Ak,ชุดดินอ่าวลึก,อ.สวี,ต่ำ,กรดจัดมากถึงกรดเล็กน้อย,ดินเหนียว,"กรมพัฒนาที่ดิน · ปีผลิต 2561 · มาตราส่วนต้นฉบับ 1:25,000",ลดรายละเอียดเส้น 50 เมตรเพื่อแสดงผล; ไม่ใช้ระบุแนวเขตแปลง
86,ชุมพร,Ak,ชุดดินอ่าวลึก,อ.สวี,ต่ำ,กรดจัดมากถึงกรดเล็กน้อย,ดินร่วนปนดินเหนียว,"กรมพัฒนาที่ดิน · ปีผลิต 2561 · มาตราส่วนต้นฉบับ 1:25,000",ลดรายละเอียดเส้น 50 เมตรเพื่อแสดงผล; ไม่ใช้ระบุแนวเขตแปลง
86,ชุมพร,Ba,ชุดดินบางนารา,อ.สวี,ต่ำ,กรดจัดถึงกรดเล็กน้อย,ดินร่วนปนดินเหนียว,"กรมพัฒนาที่ดิน · ปีผลิต 2561 · มาตราส่วนต้นฉบับ 1:25,000",ลดรายละเอียดเส้น 50 เมตรเพื่อแสดงผล; ไม่ใช้ระบุแนวเขตแปลง
86,ชุมพร,Bc,บาเจาะ,อ.สวี,ต่ำ,กรดจัดมากถึงกรดเล็กน้อย,ดินทรายปนดินร่วน,"กรมพัฒนาที่ดิน · ปีผลิต 2561 · มาตราส่วนต้นฉบับ 1:25,000",ลดรายละเอียดเส้น 50 เมตรเพื่อแสดงผล; ไม่ใช้ระบุแนวเขตแปลง
86,ชุมพร,Bh,บ้านทอน,อ.สวี,ต่ำ,กรดจัดมากถึงกรดปานกลาง,ดินทรายปนดินร่วน,"กรมพัฒนาที่ดิน · ปีผลิต 2561 · มาตราส่วนต้นฉบับ 1:25,000",ลดรายละเอียดเส้น 50 เมตรเพื่อแสดงผล; ไม่ใช้ระบุแนวเขตแปลง
86,ชุมพร,Bu,สายบุรี,อ.สวี,ต่ำ,กรดจัดมากถึงกรดปานกลาง,ดินร่วนปนดินเหนียว,"กรมพัฒนาที่ดิน · ปีผลิต 2561 · มาตราส่วนต้นฉบับ 1:25,000",ลดรายละเอียดเส้น 50 เมตรเพื่อแสดงผล; ไม่ใช้ระบุแนวเขตแปลง
86,ชุมพร,Bu,สายบุรี,อ.สวี,ต่ำ,กรดจัดมากถึงกรดปานกลาง,ดินร่วนปนทรายแป้ง,"กรมพัฒนาที่ดิน · ปีผลิต 2561 · มาตราส่วนต้นฉบับ 1:25,000",ลดรายละเอียดเส้น 50 เมตรเพื่อแสดงผล; ไม่ใช้ระบุแนวเขตแปลง
86,ชุมพร,Cp,ชุมพร,อ.สวี,ต่ำ,กรดจัดมากถึงกรดปานกลาง,ดินร่วนปนดินเหนียว,"กรมพัฒนาที่ดิน · ปีผลิต 2561 · มาตราส่วนต้นฉบับ 1:25,000",ลดรายละเอียดเส้น 50 เมตรเพื่อแสดงผล; ไม่ใช้ระบุแนวเขตแปลง
86,ชุมพร,Cp,ชุมพร,อ.สวี,ต่ำ,กรดจัดมากถึงกรดปานกลาง,ดินร่วนปนทราย,"กรมพัฒนาที่ดิน · ปีผลิต 2561 · มาตราส่วนต้นฉบับ 1:25,000",ลดรายละเอียดเส้น 50 เมตรเพื่อแสดงผล; ไม่ใช้ระบุแนวเขตแปลง
86,ชุมพร,Cyi,เชียรใหญ่,อ.สวี,ปานกลาง,กรดจัดมาก,ดินร่วนเหนียวปนทรายแป้ง,"กรมพัฒนาที่ดิน · ปีผลิต 2561 · มาตราส่วนต้นฉบับ 1:25,000",ลดรายละเอียดเส้น 50 เมตรเพื่อแสดงผล; ไม่ใช้ระบุแนวเขตแปลง
86,ชุมพร,Fd,ฝั่งแดง,อ.สวี,ต่ำ,กรดจัดมากถึงกรดจัด,ดินร่วนปนทราย,"กรมพัฒนาที่ดิน · ปีผลิต 2561 · มาตราส่วนต้นฉบับ 1:25,000",ลดรายละเอียดเส้น 50 เมตรเพื่อแสดงผล; ไม่ใช้ระบุแนวเขตแปลง
86,ชุมพร,Hh,หัวหิน,อ.สวี,ต่ำ,กรดปานกลางถึงด่างปานกลาง,ดินทรายปนดินร่วน,"กรมพัฒนาที่ดิน · ปีผลิต 2561 · มาตราส่วนต้นฉบับ 1:25,000",ลดรายละเอียดเส้น 50 เมตรเพื่อแสดงผล; ไม่ใช้ระบุแนวเขตแปลง
86,ชุมพร,Ho-Klt,หน่วยเชิงซ้อนของชุดดินห้วยยอดและชุดดินคลองเต็ง,อ.สวี,ต่ำ,กรดจัดมาก,ดินร่วนเหนียวปนกรวด,"กรมพัฒนาที่ดิน · ปีผลิต 2561 · มาตราส่วนต้นฉบับ 1:25,000",ลดรายละเอียดเส้น 50 เมตรเพื่อแสดงผล; ไม่ใช้ระบุแนวเขตแปลง
86,ชุมพร,I,เกาะ,อ.สวี,-,,,"กรมพัฒนาที่ดิน · ปีผลิต 2561 · มาตราส่วนต้นฉบับ 1:25,000",ลดรายละเอียดเส้น 50 เมตรเพื่อแสดงผล; ไม่ใช้ระบุแนวเขตแปลง
86,ชุมพร,Kbi,กระบี่,อ.สวี,ปานกลาง,กรดจัดมากถึงกรดเล็กน้อย,ดินร่วนปนดินเหนียว,"กรมพัฒนาที่ดิน · ปีผลิต 2561 · มาตราส่วนต้นฉบับ 1:25,000",ลดรายละเอียดเส้น 50 เมตรเพื่อแสดงผล; ไม่ใช้ระบุแนวเขตแปลง
86,ชุมพร,Kh,คอหงษ์,อ.สวี,ต่ำ,กรดจัดมาก,ดินร่วนปนทราย,"กรมพัฒนาที่ดิน · ปีผลิต 2561 · มาตราส่วนต้นฉบับ 1:25,000",ลดรายละเอียดเส้น 50 เมตรเพื่อแสดงผล; ไม่ใช้ระบุแนวเขตแปลง
86,ชุมพร,Kh,คอหงษ์,อ.สวี,ต่ำ,กรดจัดมาก,ดินทรายปนดินร่วน,"กรมพัฒนาที่ดิน · ปีผลิต 2561 · มาตราส่วนต้นฉบับ 1:25,000",ลดรายละเอียดเส้น 50 เมตรเพื่อแสดงผล; ไม่ใช้ระบุแนวเขตแปลง
86,ชุมพร,Klt,คลองเต็ง,อ.สวี,ต่ำ,กรดจัดมาก,ดินร่วนปนดินเหนียว,"กรมพัฒนาที่ดิน · ปีผลิต 2561 · มาตราส่วนต้นฉบับ 1:25,000",ลดรายละเอียดเส้น 50 เมตรเพื่อแสดงผล; ไม่ใช้ระบุแนวเขตแปลง
86,ชุมพร,Klt-Ntn,หน่วยเชิงซ้อนของชุดดินคลองเต็งและชุดดินนาทอน,อ.สวี,ต่ำ,กรดจัดมากหรือกรดจัด,ดินร่วนปนดินเหนียว,"กรมพัฒนาที่ดิน · ปีผลิต 2561 · มาตราส่วนต้นฉบับ 1:25,000",ลดรายละเอียดเส้น 50 เมตรเพื่อแสดงผล; ไม่ใช้ระบุแนวเขตแปลง
86,ชุมพร,Km,คลองท่อม,อ.สวี,ต่ำ,กรดจัดมากถึงกรดจัด,ดินร่วนปนทราย,"กรมพัฒนาที่ดิน · ปีผลิต 2561 · มาตราส่วนต้นฉบับ 1:25,000",ลดรายละเอียดเส้น 50 เมตรเพื่อแสดงผล; ไม่ใช้ระบุแนวเขตแปลง
86,ชุมพร,Lan,หลังสวน,อ.สวี,ต่ำ,กรดจัดมากถึงกรดเล็กน้อย,ดินทรายปนดินร่วน,"กรมพัฒนาที่ดิน · ปีผลิต 2561 · มาตราส่วนต้นฉบับ 1:25,000",ลดรายละเอียดเส้น 50 เมตรเพื่อแสดงผล; ไม่ใช้ระบุแนวเขตแปลง
86,ชุมพร,Lgu,ละงู,อ.สวี,ปานกลาง,กรดจัดถึงกรดเล็กน้อย,ดินร่วนปนดินเหนียว,"กรมพัฒนาที่ดิน · ปีผลิต 2561 · มาตราส่วนต้นฉบับ 1:25,000",ลดรายละเอียดเส้น 50 เมตรเพื่อแสดงผล; ไม่ใช้ระบุแนวเขตแปลง
86,ชุมพร,Ll,ลำภูรา,อ.สวี,ปานกลาง,กรดจัดมากถึงกรดเล็กน้อย,ดินร่วนปนดินเหนียว,"กรมพัฒนาที่ดิน · ปีผลิต 2561 · มาตราส่วนต้นฉบับ 1:25,000",ลดรายละเอียดเส้น 50 เมตรเพื่อแสดงผล; ไม่ใช้ระบุแนวเขตแปลง
86,ชุมพร,Mu,มูโน๊ะ,อ.สวี,ปานกลาง,กรดจัดมาก,ดินร่วนเหนียวปนทรายแป้ง,"กรมพัฒนาที่ดิน · ปีผลิต 2561 · มาตราส่วนต้นฉบับ 1:25,000",ลดรายละเอียดเส้น 50 เมตรเพื่อแสดงผล; ไม่ใช้ระบุแนวเขตแปลง
86,ชุมพร,Nat,นาทวี,อ.สวี,ต่ำ,กรดจัดมาก,ดินร่วนปนทราย,"กรมพัฒนาที่ดิน · ปีผลิต 2561 · มาตราส่วนต้นฉบับ 1:25,000",ลดรายละเอียดเส้น 50 เมตรเพื่อแสดงผล; ไม่ใช้ระบุแนวเขตแปลง
86,ชุมพร,Ni,น้ำกระจาย,อ.สวี,ต่ำ,กรดจัดถึงกรดเล็กน้อย,ดินร่วนปนทราย,"กรมพัฒนาที่ดิน · ปีผลิต 2561 · มาตราส่วนต้นฉบับ 1:25,000",ลดรายละเอียดเส้น 50 เมตรเพื่อแสดงผล; ไม่ใช้ระบุแนวเขตแปลง
86,ชุมพร,Ntn,นาทอน,อ.สวี,ต่ำ,กรดจัดมากถึงกรดจัด,ดินร่วนปนดินเหนียว,"กรมพัฒนาที่ดิน · ปีผลิต 2561 · มาตราส่วนต้นฉบับ 1:25,000",ลดรายละเอียดเส้น 50 เมตรเพื่อแสดงผล; ไม่ใช้ระบุแนวเขตแปลง
86,ชุมพร,Ptl,พัทลุง,อ.สวี,ต่ำ,กรดจัดถึงกรดเล็กน้อย,ดินร่วนปนดินเหนียว,"กรมพัฒนาที่ดิน · ปีผลิต 2561 · มาตราส่วนต้นฉบับ 1:25,000",ลดรายละเอียดเส้น 50 เมตรเพื่อแสดงผล; ไม่ใช้ระบุแนวเขตแปลง
86,ชุมพร,Pto,พะโต๊ะ,อ.สวี,ต่ำ,กรดจัดมากถึงกรดเล็กน้อย,ดินร่วนปนทราย,"กรมพัฒนาที่ดิน · ปีผลิต 2561 · มาตราส่วนต้นฉบับ 1:25,000",ลดรายละเอียดเส้น 50 เมตรเพื่อแสดงผล; ไม่ใช้ระบุแนวเขตแปลง
86,ชุมพร,Pto,พะโต๊ะ,อ.สวี,ต่ำ,กรดจัดถึงกรดเล็กน้อย,ดินร่วนปนทราย,"กรมพัฒนาที่ดิน · ปีผลิต 2561 · มาตราส่วนต้นฉบับ 1:25,000",ลดรายละเอียดเส้น 50 เมตรเพื่อแสดงผล; ไม่ใช้ระบุแนวเขตแปลง
86,ชุมพร,Pto-Rg,หน่วยเชิงซ้อนของชุดดินพะโต๊ะและชุดดินระนอง,อ.สวี,ต่ำ,กรดจัดมากถึงกรดเล็กน้อย,ดินร่วนปนทรายหรือดินร่วนปนทรายปนกรวด,"กรมพัฒนาที่ดิน · ปีผลิต 2561 · มาตราส่วนต้นฉบับ 1:25,000",ลดรายละเอียดเส้น 50 เมตรเพื่อแสดงผล; ไม่ใช้ระบุแนวเขตแปลง
86,ชุมพร,Ptu,ปะทิว,อ.สวี,ต่ำ,กรดจัดมากถึงกรดจัด,ดินร่วนเหนียวปนทราย,"กรมพัฒนาที่ดิน · ปีผลิต 2561 · มาตราส่วนต้นฉบับ 1:25,000",ลดรายละเอียดเส้น 50 เมตรเพื่อแสดงผล; ไม่ใช้ระบุแนวเขตแปลง
86,ชุมพร,Ra,ระแงะ,อ.สวี,ต่ำ,กรดจัดมาก,ดินร่วนเหนียวปนทรายแป้ง,"กรมพัฒนาที่ดิน · ปีผลิต 2561 · มาตราส่วนต้นฉบับ 1:25,000",ลดรายละเอียดเส้น 50 เมตรเพื่อแสดงผล; ไม่ใช้ระบุแนวเขตแปลง
86,ชุมพร,Rg,ระนอง,อ.สวี,ต่ำ,กรดจัดมาก,ดินร่วนปนทรายปนกรวด,"กรมพัฒนาที่ดิน · ปีผลิต 2561 · มาตราส่วนต้นฉบับ 1:25,000",ลดรายละเอียดเส้น 50 เมตรเพื่อแสดงผล; ไม่ใช้ระบุแนวเขตแปลง
86,ชุมพร,Rg,ระนอง,อ.สวี,ต่ำ,กรดจัดมาก,ดินร่วนปนทราย,"กรมพัฒนาที่ดิน · ปีผลิต 2561 · มาตราส่วนต้นฉบับ 1:25,000",ลดรายละเอียดเส้น 50 เมตรเพื่อแสดงผล; ไม่ใช้ระบุแนวเขตแปลง
86,ชุมพร,Ro,รือเสาะ,อ.สวี,ปานกลาง,กรดจัดมากถึงกรดปานกลาง,ดินร่วน,"กรมพัฒนาที่ดิน · ปีผลิต 2561 · มาตราส่วนต้นฉบับ 1:25,000",ลดรายละเอียดเส้น 50 เมตรเพื่อแสดงผล; ไม่ใช้ระบุแนวเขตแปลง
86,ชุมพร,Ro,รือเสาะ,อ.สวี,ปานกลาง,กรดจัดมากถึงกรดปานกลาง,ดินร่วนปนทรายแป้ง,"กรมพัฒนาที่ดิน · ปีผลิต 2561 · มาตราส่วนต้นฉบับ 1:25,000",ลดรายละเอียดเส้น 50 เมตรเพื่อแสดงผล; ไม่ใช้ระบุแนวเขตแปลง
86,ชุมพร,SC,ที่ลาดชันเชิงซ้อน,อ.สวี,-,,,"กรมพัฒนาที่ดิน · ปีผลิต 2561 · มาตราส่วนต้นฉบับ 1:25,000",ลดรายละเอียดเส้น 50 เมตรเพื่อแสดงผล; ไม่ใช้ระบุแนวเขตแปลง
86,ชุมพร,Sd,สะเดา,อ.สวี,ต่ำ,กรดจัดมาก,ดินร่วนปนทราย,"กรมพัฒนาที่ดิน · ปีผลิต 2561 · มาตราส่วนต้นฉบับ 1:25,000",ลดรายละเอียดเส้น 50 เมตรเพื่อแสดงผล; ไม่ใช้ระบุแนวเขตแปลง
86,ชุมพร,Sw,สวี,อ.สวี,ต่ำ,กรดจัดถึงกรดเล็กน้อย,ดินร่วนปนทราย,"กรมพัฒนาที่ดิน · ปีผลิต 2561 · มาตราส่วนต้นฉบับ 1:25,000",ลดรายละเอียดเส้น 50 เมตรเพื่อแสดงผล; ไม่ใช้ระบุแนวเขตแปลง
86,ชุมพร,Te,ท่าแซะ,อ.สวี,ต่ำ,กรดจัดมากถึงกรดจัด,ดินร่วนปนทราย,"กรมพัฒนาที่ดิน · ปีผลิต 2561 · มาตราส่วนต้นฉบับ 1:25,000",ลดรายละเอียดเส้น 50 เมตรเพื่อแสดงผล; ไม่ใช้ระบุแนวเขตแปลง
86,ชุมพร,Tkt,ตะกั่วทุ่ง,อ.สวี,สูง,กรดปานกลางถึงด่างปานกลาง,ดินเหนียวปนทรายแป้ง,"กรมพัฒนาที่ดิน · ปีผลิต 2561 · มาตราส่วนต้นฉบับ 1:25,000",ลดรายละเอียดเส้น 50 เมตรเพื่อแสดงผล; ไม่ใช้ระบุแนวเขตแปลง
86,ชุมพร,Ts,ต้นไทร,อ.สวี,ต่ำ,กรดจัดมาก,ดินร่วนปนทราย,"กรมพัฒนาที่ดิน · ปีผลิต 2561 · มาตราส่วนต้นฉบับ 1:25,000",ลดรายละเอียดเส้น 50 เมตรเพื่อแสดงผล; ไม่ใช้ระบุแนวเขตแปลง
86,ชุมพร,Tsl,ท่าศาลา,อ.สวี,ต่ำ,กรดจัดถึงกรดเล็กน้อย,ดินร่วนปนดินเหนียว,"กรมพัฒนาที่ดิน · ปีผลิต 2561 · มาตราส่วนต้นฉบับ 1:25,000",ลดรายละเอียดเส้น 50 เมตรเพื่อแสดงผล; ไม่ใช้ระบุแนวเขตแปลง
86,ชุมพร,Tuk,ทุ่งค่าย,อ.สวี,ต่ำ,กรดปานกลางถึงเป็นกลาง,ดินร่วนปนดินเหนียว,"กรมพัฒนาที่ดิน · ปีผลิต 2561 · มาตราส่วนต้นฉบับ 1:25,000",ลดรายละเอียดเส้น 50 เมตรเพื่อแสดงผล; ไม่ใช้ระบุแนวเขตแปลง
86,ชุมพร,Vi,วิสัย,อ.สวี,ต่ำ,กรดจัดมากถึงกรดปานกลาง,ดินร่วนปนทราย,"กรมพัฒนาที่ดิน · ปีผลิต 2561 · มาตราส่วนต้นฉบับ 1:25,000",ลดรายละเอียดเส้น 50 เมตรเพื่อแสดงผล; ไม่ใช้ระบุแนวเขตแปลง
86,ชุมพร,W,พื้นที่น้ำ,อ.สวี,-,,,"กรมพัฒนาที่ดิน · ปีผลิต 2561 · มาตราส่วนต้นฉบับ 1:25,000",ลดรายละเอียดเส้น 50 เมตรเพื่อแสดงผล; ไม่ใช้ระบุแนวเขตแปลง
86,ชุมพร,Wp,วัลเปรียง,อ.สวี,ต่ำ,กรดปานกลางถึงเป็นกลาง,ดินร่วนปนทราย,"กรมพัฒนาที่ดิน · ปีผลิต 2561 · มาตราส่วนต้นฉบับ 1:25,000",ลดรายละเอียดเส้น 50 เมตรเพื่อแสดงผล; ไม่ใช้ระบุแนวเขตแปลง
