province_code,year_ce,month,temperature_c,max_temperature_c,min_temperature_c,humidity_pct,rain_mm,solar_mj_m2_day,days_temperature,days_rain,expected_days,baseline_1991_2020_c,temperature_anomaly_c
22,1981,1,23.29290322580645,32.69,12.63,68.14838709677419,1.4400000000000002,,31,31,31,24.409150537634407,-1.116247311827955
22,1981,2,26.288214285714286,35.17,18.36,72.06964285714285,51.6,,28,28,28,26.196212643678162,0.0920016420361236
22,1981,3,27.521612903225805,36.54,21.59,73.88806451612903,47.88,,31,31,31,27.591817204301076,-0.07020430107527176
22,1981,4,27.284666666666666,34.3,23.06,78.65533333333333,111.59999999999998,,30,30,30,28.20868888888889,-0.9240222222222236
22,1981,5,27.168709677419354,33.31,22.33,83.25419354838711,286.4800000000001,,31,31,31,27.442193548387095,-0.2734838709677412
22,1981,6,26.19,30.71,22.77,87.056,302.21999999999997,,30,30,30,26.420955555555555,-0.23095555555555336
22,1981,7,25.653870967741934,29.74,22.36,89.98870967741935,335.21999999999997,,31,31,31,25.901139784946235,-0.24726881720430072
22,1981,8,25.35967741935484,29.44,21.53,89.86225806451613,338.83000000000004,,31,31,31,25.77583870967742,-0.41616129032258087
22,1981,9,25.691666666666666,31.43,22.4,90.179,440.2699999999999,,30,30,30,25.68022222222222,0.011444444444446589
22,1981,10,25.0,31.37,18.46,90.37612903225806,189.12,,31,31,31,25.43632258064516,-0.43632258064516094
22,1981,11,23.821666666666665,29.7,14.11,88.55333333333333,90.75999999999999,,30,30,30,24.410966666666663,-0.5892999999999979
22,1981,12,20.973870967741934,29.98,12.27,79.9332258064516,0.22,,31,31,31,23.316075268817205,-2.3422043010752702
22,1982,1,23.21451612903226,31.83,14.61,68.68903225806451,1.7599999999999998,,31,31,31,24.409150537634407,-1.1946344086021483
22,1982,2,26.357499999999998,35.32,20.0,75.325,21.15,,28,28,28,26.196212643678162,0.16128735632183577
22,1982,3,27.844838709677422,37.83,22.1,72.70161290322581,14.48,,31,31,31,27.591817204301076,0.2530215053763456
22,1982,4,28.671,38.06,22.75,67.759,30.479999999999997,,30,30,30,28.20868888888889,0.46231111111110934
22,1982,5,28.182580645161288,37.56,23.28,76.64774193548386,204.08,,31,31,31,27.442193548387095,0.7403870967741923
22,1982,6,26.204,32.38,22.01,87.182,430.48999999999995,,30,30,30,26.420955555555555,-0.216955555555554
22,1982,7,25.543548387096774,29.69,22.06,89.10290322580646,352.2200000000001,,31,31,31,25.901139784946235,-0.35759139784946115
22,1982,8,25.203225806451613,29.34,22.33,91.1374193548387,348.91,,31,31,31,25.77583870967742,-0.5726129032258065
22,1982,9,25.142333333333333,31.16,21.8,90.33099999999999,228.11999999999998,,30,30,30,25.68022222222222,-0.5378888888888866
22,1982,10,25.379677419354838,30.81,20.93,87.49451612903225,154.4,,31,31,31,25.43632258064516,-0.05664516129032293
22,1982,11,25.063,30.42,19.43,86.494,56.92,,30,30,30,24.410966666666663,0.6520333333333355
22,1982,12,21.411290322580644,29.98,11.83,75.22032258064516,19.31,,31,31,31,23.316075268817205,-1.9047849462365605
22,1983,1,23.36774193548387,33.03,12.43,70.51193548387097,19.229999999999997,,31,31,31,24.409150537634407,-1.0414086021505362
22,1983,2,26.567857142857143,34.9,18.9,75.28714285714285,1.42,,28,28,28,26.196212643678162,0.3716444991789807
22,1983,3,27.90741935483871,38.21,20.75,72.0741935483871,24.450000000000003,,31,31,31,27.591817204301076,0.3156021505376323
22,1983,4,29.341666666666665,37.56,22.48,69.88533333333334,16.14,,30,30,30,28.20868888888889,1.132977777777775
22,1983,5,27.66,36.45,23.74,80.4674193548387,314.26,,31,31,31,27.442193548387095,0.2178064516129048
22,1983,6,26.338,31.09,22.65,88.31099999999999,310.82,,30,30,30,26.420955555555555,-0.08295555555555367
22,1983,7,25.904193548387095,30.52,23.3,89.6832258064516,367.6099999999999,,31,31,31,25.901139784946235,0.00305376344086028
22,1983,8,25.654516129032256,30.89,21.8,91.02967741935484,611.0199999999999,,31,31,31,25.77583870967742,-0.12132258064516321
22,1983,9,25.625333333333334,31.09,22.51,90.44699999999999,402.67999999999995,,30,30,30,25.68022222222222,-0.0548888888888861
22,1983,10,24.85225806451613,30.35,19.8,91.46516129032258,417.76,,31,31,31,25.43632258064516,-0.5840645161290325
22,1983,11,22.442,29.87,12.4,88.09666666666666,155.9,,30,30,30,24.410966666666663,-1.9689666666666632
22,1983,12,21.870322580645162,28.86,13.34,83.64612903225807,9.43,,31,31,31,23.316075268817205,-1.4457526881720426
22,1984,1,22.500645161290322,30.87,12.58,76.58129032258064,17.029999999999998,17.921290322580642,31,31,31,24.409150537634407,-1.9085053763440847
22,1984,2,26.152413793103445,34.38,16.02,73.3503448275862,21.5,18.903793103448276,29,29,29,26.196212643678162,-0.04379885057471711
22,1984,3,27.108709677419355,36.65,19.21,71.91483870967743,43.66,20.137096774193548,31,31,31,27.591817204301076,-0.4831075268817209
22,1984,4,27.95133333333333,35.99,23.47,76.40766666666667,86.64,19.099,30,30,30,28.20868888888889,-0.25735555555555933
22,1984,5,26.523870967741935,32.84,23.17,86.0125806451613,276.13999999999993,18.53774193548387,31,31,31,27.442193548387095,-0.9183225806451603
22,1984,6,25.771,30.05,22.73,89.81133333333334,387.48,15.657333333333334,30,30,30,26.420955555555555,-0.6499555555555538
22,1984,7,25.588709677419356,31.05,22.27,88.80806451612904,214.69,13.91741935483871,31,31,31,25.901139784946235,-0.31243010752687894
22,1984,8,25.356129032258064,30.41,21.72,88.64516129032258,354.07000000000005,14.376451612903226,31,31,31,25.77583870967742,-0.4197096774193554
22,1984,9,25.332666666666668,30.74,21.26,88.695,287.02,16.598333333333333,30,30,30,25.68022222222222,-0.3475555555555516
22,1984,10,24.361612903225808,30.76,16.53,87.83516129032257,192.80999999999997,17.68967741935484,31,31,31,25.43632258064516,-1.074709677419353
22,1984,11,23.897,30.29,16.53,84.858,47.68,18.850666666666665,30,30,30,24.410966666666663,-0.5139666666666649
22,1984,12,23.057741935483868,30.18,14.6,77.46129032258065,0.99,18.11774193548387,31,31,31,23.316075268817205,-0.2583333333333364
22,1985,1,24.653870967741934,32.83,16.27,71.14838709677419,26.15,18.595161290322583,31,31,31,24.409150537634407,0.24472043010752742
22,1985,2,26.893571428571427,35.07,18.45,73.69285714285715,23.07,19.099285714285713,28,28,28,26.196212643678162,0.6973587848932645
22,1985,3,27.81709677419355,36.74,20.58,70.06516129032258,63.49000000000001,21.384516129032257,31,31,31,27.591817204301076,0.225279569892475
22,1985,4,27.661,38.54,21.96,77.26766666666667,129.45,19.679,30,30,30,28.20868888888889,-0.5476888888888887
22,1985,5,26.542258064516126,32.66,21.68,85.86612903225806,283.83,18.15838709677419,31,31,31,27.442193548387095,-0.8999354838709692
22,1985,6,25.66166666666667,29.85,22.9,89.85333333333332,229.07000000000002,15.814333333333334,30,30,30,26.420955555555555,-0.7592888888888858
22,1985,7,25.16741935483871,30.3,21.71,88.5425806451613,242.80999999999997,16.603870967741937,31,31,31,25.901139784946235,-0.7337204301075246
22,1985,8,25.506129032258066,29.88,22.66,89.52870967741936,210.54,16.420645161290324,31,31,31,25.77583870967742,-0.26970967741935326
22,1985,9,25.347666666666665,30.61,22.18,90.10633333333334,346.8500000000001,16.874000000000002,30,30,30,25.68022222222222,-0.3325555555555546
22,1985,10,24.830322580645163,30.4,19.79,90.11774193548388,262.26000000000005,17.037096774193547,31,31,31,25.43632258064516,-0.6059999999999981
22,1985,11,24.497333333333334,29.71,18.44,88.58766666666666,59.910000000000004,17.737666666666666,30,30,30,24.410966666666663,0.08636666666667026
22,1985,12,22.183870967741935,29.46,12.4,79.00935483870968,0.31000000000000005,19.264193548387098,31,31,31,23.316075268817205,-1.1322043010752694
22,1986,1,22.625806451612902,31.87,12.03,69.54935483870968,1.78,20.286129032258064,31,31,31,24.409150537634407,-1.7833440860215042
22,1986,2,25.810000000000002,35.85,18.25,72.55607142857143,4.85,20.735000000000003,28,28,28,26.196212643678162,-0.3862126436781601
22,1986,3,27.46451612903226,37.99,13.34,64.38096774193548,3.7099999999999995,24.039032258064516,31,31,31,27.591817204301076,-0.12730107526881795
22,1986,4,28.023666666666667,36.06,23.39,74.73966666666666,81.76,20.560333333333332,30,30,30,28.20868888888889,-0.18502222222222287
22,1986,5,26.664516129032258,35.19,22.82,85.2216129032258,370.22,17.13225806451613,31,31,31,27.442193548387095,-0.7776774193548377
22,1986,6,26.123333333333335,31.06,22.66,88.16166666666666,284.03,17.279999999999998,30,30,30,26.420955555555555,-0.2976222222222198
22,1986,7,25.453548387096777,30.55,21.88,88.90774193548387,244.6,16.979032258064517,31,31,31,25.901139784946235,-0.44759139784945745
22,1986,8,25.401935483870968,30.12,22.68,90.82967741935484,319.90999999999997,15.007741935483871,31,31,31,25.77583870967742,-0.3739032258064512
22,1986,9,25.528666666666666,30.73,21.64,89.82866666666668,321.59,16.421333333333333,30,30,30,25.68022222222222,-0.15155555555555367
22,1986,10,25.437096774193545,30.85,19.85,89.94032258064516,307.93,17.00741935483871,31,31,31,25.43632258064516,0.000774193548384261
22,1986,11,23.666666666666668,30.07,15.92,86.06099999999999,55.65,18.213,30,30,30,24.410966666666663,-0.7442999999999955
22,1986,12,22.69451612903226,29.67,15.48,81.56096774193549,7.35,18.307419354838707,31,31,31,23.316075268817205,-0.6215591397849458
22,1987,1,24.030645161290323,32.4,15.92,71.65193548387097,0.49,19.893225806451614,31,31,31,24.409150537634407,-0.37850537634408354
22,1987,2,25.799642857142857,34.9,16.02,70.61749999999999,12.84,20.60928571428571,28,28,28,26.196212643678162,-0.3965697865353057
22,1987,3,27.58451612903226,37.0,20.66,71.8916129032258,26.780000000000005,20.08677419354839,31,31,31,27.591817204301076,-0.007301075268816959
22,1987,4,28.337333333333333,37.45,23.37,73.81033333333333,39.92,19.771333333333335,30,30,30,28.20868888888889,0.12864444444444345
22,1987,5,27.80032258064516,35.02,23.39,79.1658064516129,168.50999999999996,19.341290322580647,31,31,31,27.442193548387095,0.35812903225806636
22,1987,6,26.523000000000003,33.16,23.32,88.51533333333333,407.5,17.041,30,30,30,26.420955555555555,0.1020444444444486
22,1987,7,26.17064516129032,30.57,21.57,87.1541935483871,182.33999999999997,17.019354838709678,31,31,31,25.901139784946235,0.26950537634408533
22,1987,8,25.93903225806452,30.66,22.91,89.95645161290322,313.28000000000003,16.231612903225805,31,31,31,25.77583870967742,0.16319354838709899
22,1987,9,25.905666666666665,31.05,22.1,90.295,352.55999999999995,15.317,30,30,30,25.68022222222222,0.22544444444444522
22,1987,10,25.837741935483873,31.14,19.73,88.67451612903226,197.90000000000003,18.14,31,31,31,25.43632258064516,0.40141935483871194
22,1987,11,25.243333333333332,30.58,16.0,89.37966666666667,191.33,16.058666666666667,30,30,30,24.410966666666663,0.8323666666666689
22,1987,12,20.936774193548384,29.93,12.6,79.62096774193549,0.02,19.234516129032258,31,31,31,23.316075268817205,-2.3793010752688204
22,1988,1,24.591290322580647,33.14,15.98,74.71967741935484,2.0,19.443225806451615,31,31,31,24.409150537634407,0.18213978494624072
22,1988,2,26.41758620689655,35.23,19.66,77.55275862068964,78.53,18.862758620689654,29,29,29,26.196212643678162,0.22137356321838908
22,1988,3,27.813225806451616,36.63,20.03,74.62903225806451,44.25000000000001,20.074193548387097,31,31,31,27.591817204301076,0.22140860215053948
22,1988,4,28.086333333333336,35.44,22.72,77.71333333333334,102.25,17.932666666666666,30,30,30,28.20868888888889,-0.12235555555555422
22,1988,5,26.78483870967742,31.53,23.57,88.77870967741936,307.26,17.695806451612906,31,31,31,27.442193548387095,-0.6573548387096757
22,1988,6,26.065,31.14,22.97,89.834,428.26000000000005,17.262,30,30,30,26.420955555555555,-0.35595555555555336
22,1988,7,26.091290322580647,30.67,22.98,91.01806451612903,369.92,16.720967741935485,31,31,31,25.901139784946235,0.1901505376344126
22,1988,8,25.887096774193548,30.05,22.75,91.31064516129032,316.01000000000005,15.718709677419357,31,31,31,25.77583870967742,0.11125806451612874
22,1988,9,26.057000000000002,31.24,22.65,90.105,330.53,16.654666666666667,30,30,30,25.68022222222222,0.3767777777777823
22,1988,10,24.739354838709676,30.1,16.89,90.85387096774193,384.2800000000001,15.350967741935484,31,31,31,25.43632258064516,-0.6969677419354845
22,1988,11,22.727333333333334,29.19,15.61,85.82433333333333,12.34,17.16033333333333,30,30,30,24.410966666666663,-1.6836333333333293
22,1988,12,21.88,29.47,14.26,78.1183870967742,0.0,19.128064516129033,31,31,31,23.316075268817205,-1.4360752688172056
22,1989,1,25.65516129032258,33.41,17.44,74.87548387096774,45.01,17.86225806451613,31,31,31,24.409150537634407,1.246010752688175
22,1989,2,26.280714285714286,35.45,18.58,71.83357142857143,18.830000000000002,20.524285714285714,28,28,28,26.196212643678162,0.08450164203612331
22,1989,3,27.06064516129032,35.84,19.08,72.03354838709677,68.92999999999999,19.717741935483872,31,31,31,27.591817204301076,-0.5311720430107556
22,1989,4,28.169333333333334,37.28,22.49,75.97666666666667,46.019999999999996,21.424,30,30,30,28.20868888888889,-0.03935555555555581
22,1989,5,27.461612903225806,36.94,23.66,80.78967741935485,225.41999999999996,17.458387096774196,31,31,31,27.442193548387095,0.01941935483871049
22,1989,6,25.979666666666667,30.58,22.39,87.41766666666668,187.49999999999997,18.288333333333334,30,30,30,26.420955555555555,-0.44128888888888795
22,1989,7,25.91032258064516,31.24,22.8,88.30322580645162,210.10000000000005,17.106451612903225,31,31,31,25.901139784946235,0.009182795698926327
22,1989,8,25.641290322580645,29.84,22.48,89.97064516129032,310.84,16.91032258064516,31,31,31,25.77583870967742,-0.13454838709677475
22,1989,9,25.751666666666665,30.38,22.71,89.82533333333335,272.09000000000003,16.16166666666667,30,30,30,25.68022222222222,0.07144444444444531
22,1989,10,25.356774193548386,30.79,18.67,89.04870967741935,268.92,17.293548387096774,31,31,31,25.43632258064516,-0.07954838709677503
22,1989,11,23.735333333333337,30.27,15.58,85.896,56.19,18.703333333333333,30,30,30,24.410966666666663,-0.6756333333333266
22,1989,12,22.480645161290322,30.97,14.8,76.53870967741935,3.5700000000000003,19.416774193548385,31,31,31,23.316075268817205,-0.8354301075268822
22,1990,1,25.44451612903226,34.94,16.73,72.99129032258064,15.379999999999999,19.418387096774193,31,31,31,24.409150537634407,1.0353655913978521
22,1990,2,26.758214285714285,35.63,19.41,71.7975,5.0,19.84714285714286,28,28,28,26.196212643678162,0.5620016420361225
22,1990,3,27.398387096774194,36.94,21.87,74.1741935483871,105.52999999999999,19.340645161290322,31,31,31,27.591817204301076,-0.19343010752688272
22,1990,4,28.878666666666668,37.3,24.01,72.87566666666666,77.91,19.666333333333334,30,30,30,28.20868888888889,0.6699777777777776
22,1990,5,27.521612903225805,35.8,23.35,82.02,256.11999999999995,18.06967741935484,31,31,31,27.442193548387095,0.07941935483870921
22,1990,6,26.457666666666668,31.27,22.81,87.66033333333333,197.32,16.809333333333335,30,30,30,26.420955555555555,0.03671111111111358
22,1990,7,26.061290322580643,31.02,22.56,87.0009677419355,159.39,18.220000000000002,31,31,31,25.901139784946235,0.1601505376344079
22,1990,8,25.753225806451614,30.75,22.06,89.47032258064516,303.18999999999994,16.401290322580646,31,31,31,25.77583870967742,-0.02261290322580578
22,1990,9,25.80666666666667,31.62,23.07,90.67466666666665,404.6,17.105999999999998,30,30,30,25.68022222222222,0.12644444444444858
22,1990,10,25.557419354838707,30.75,19.86,89.64225806451613,356.53999999999996,17.47258064516129,31,31,31,25.43632258064516,0.12109677419354625
22,1990,11,24.125666666666667,30.45,16.25,86.488,57.910000000000004,18.108666666666668,30,30,30,24.410966666666663,-0.2852999999999959
22,1990,12,23.131612903225808,31.13,13.83,79.67129032258065,0.26,19.289032258064516,31,31,31,23.316075268817205,-0.18446236559139706
22,1991,1,25.671935483870968,33.64,18.04,71.70032258064516,2.76,19.79,31,31,31,24.409150537634407,1.262784946236561
22,1991,2,26.636428571428574,36.58,18.14,65.4,28.54,20.738214285714285,28,28,28,26.196212643678162,0.44021592775041185
22,1991,3,28.473225806451612,37.7,22.16,68.84064516129033,27.53,19.80258064516129,31,31,31,27.591817204301076,0.8814086021505361
22,1991,4,29.021666666666665,37.58,21.44,69.10466666666666,86.46,20.392333333333333,30,30,30,28.20868888888889,0.8129777777777747
22,1991,5,27.77548387096774,35.68,23.47,80.77612903225807,198.82000000000002,18.304193548387097,31,31,31,27.442193548387095,0.3332903225806447
22,1991,6,26.653666666666666,31.84,22.8,86.62133333333333,206.71,16.805333333333333,30,30,30,26.420955555555555,0.23271111111111153
22,1991,7,25.975161290322582,30.25,23.23,89.6041935483871,351.71000000000004,15.066129032258065,31,31,31,25.901139784946235,0.07402150537634711
22,1991,8,25.721612903225807,29.68,22.92,91.06,335.46999999999986,13.708709677419355,31,31,31,25.77583870967742,-0.0542258064516119
22,1991,9,25.557333333333336,30.11,23.0,92.115,496.59,14.232333333333335,30,30,30,25.68022222222222,-0.12288888888888394
22,1991,10,24.75032258064516,30.63,16.35,90.23387096774194,238.79999999999995,15.769354838709678,31,31,31,25.43632258064516,-0.6859999999999999
22,1991,11,23.215333333333334,29.8,15.71,85.316,9.33,19.202333333333335,30,30,30,24.410966666666663,-1.1956333333333298
22,1991,12,23.41483870967742,30.52,16.55,80.20677419354838,1.2300000000000002,18.452903225806452,31,31,31,23.316075268817205,0.09876344086021405
22,1992,1,23.469032258064516,33.04,13.9,73.55548387096773,16.06,18.629032258064516,31,31,31,24.409150537634407,-0.9401182795698908
22,1992,2,26.12034482758621,34.67,19.26,72.79275862068965,13.28,19.05655172413793,29,29,29,26.196212643678162,-0.0758678160919537
22,1992,3,28.101935483870967,37.13,19.99,68.17096774193548,7.41,20.90258064516129,31,31,31,27.591817204301076,0.5101182795698911
22,1992,4,29.478,38.84,23.24,68.01166666666667,28.940000000000005,20.25133333333333,30,30,30,28.20868888888889,1.2693111111111115
22,1992,5,28.233870967741936,36.84,24.44,77.58774193548386,128.1,18.778709677419354,31,31,31,27.442193548387095,0.7916774193548406
22,1992,6,26.834,33.54,23.42,85.35966666666667,252.70000000000002,15.758666666666667,30,30,30,26.420955555555555,0.413044444444445
22,1992,7,25.943870967741937,31.74,22.65,88.90225806451612,298.46,16.575161290322583,31,31,31,25.901139784946235,0.04273118279570198
22,1992,8,25.523548387096774,30.17,22.75,91.19354838709677,368.0799999999999,14.248387096774193,31,31,31,25.77583870967742,-0.2522903225806452
22,1992,9,25.610333333333333,29.8,22.56,90.58866666666667,193.92999999999995,16.380333333333333,30,30,30,25.68022222222222,-0.06988888888888667
22,1992,10,24.782258064516128,30.04,19.0,88.54870967741937,261.12,15.459354838709677,31,31,31,25.43632258064516,-0.6540645161290328
22,1992,11,22.980666666666664,30.14,13.67,82.99466666666667,4.29,18.755999999999997,30,30,30,24.410966666666663,-1.430299999999999
22,1992,12,23.83516129032258,30.83,13.66,78.68290322580646,19.330000000000002,17.427419354838708,31,31,31,23.316075268817205,0.5190860215053767
22,1993,1,23.993870967741934,33.23,11.92,71.78225806451613,35.77,17.93903225806452,31,31,31,24.409150537634407,-0.4152795698924727
22,1993,2,25.351785714285715,35.35,15.73,69.33107142857143,5.799999999999999,20.671071428571427,28,28,28,26.196212643678162,-0.8444269293924478
22,1993,3,26.884193548387096,36.42,21.34,76.43709677419355,126.08000000000001,18.32774193548387,31,31,31,27.591817204301076,-0.7076236559139808
22,1993,4,27.971666666666668,36.92,21.15,74.46733333333333,41.519999999999996,19.713,30,30,30,28.20868888888889,-0.23702222222222247
22,1993,5,27.768709677419356,36.84,23.25,79.58064516129032,166.45000000000005,19.404193548387095,31,31,31,27.442193548387095,0.32651612903226024
22,1993,6,26.668,32.65,23.27,87.51333333333334,240.89,16.598,30,30,30,26.420955555555555,0.24704444444444462
22,1993,7,26.200000000000003,31.04,23.2,89.08354838709678,193.20000000000002,17.470000000000002,31,31,31,25.901139784946235,0.29886021505376803
22,1993,8,25.50258064516129,30.19,22.26,89.69709677419355,400.74,14.40516129032258,31,31,31,25.77583870967742,-0.2732580645161278
22,1993,9,25.50633333333333,30.05,21.89,91.672,468.19999999999993,14.354666666666667,30,30,30,25.68022222222222,-0.17388888888888943
22,1993,10,25.136451612903226,30.84,18.21,90.09354838709677,223.68,16.711612903225806,31,31,31,25.43632258064516,-0.2998709677419349
22,1993,11,24.149333333333335,30.17,16.86,82.56166666666667,12.219999999999999,18.521,30,30,30,24.410966666666663,-0.2616333333333287
22,1993,12,22.51225806451613,30.4,12.87,74.63516129032259,1.49,17.790967741935482,31,31,31,23.316075268817205,-0.8038172043010761
22,1994,1,25.02516129032258,33.43,15.54,69.59548387096774,0.02,19.490645161290324,31,31,31,24.409150537634407,0.6160107526881724
22,1994,2,26.957142857142856,35.67,19.3,73.70571428571428,21.07,19.79642857142857,28,28,28,26.196212643678162,0.7609302134646931
22,1994,3,27.232903225806453,36.07,19.59,73.32612903225807,100.46999999999998,17.42032258064516,31,31,31,27.591817204301076,-0.35891397849462336
22,1994,4,28.237000000000002,36.34,22.07,75.40566666666668,50.440000000000005,21.192999999999998,30,30,30,28.20868888888889,0.028311111111111842
22,1994,5,27.360967741935486,36.18,23.7,84.82451612903226,283.74,17.43290322580645,31,31,31,27.442193548387095,-0.08122580645160937
22,1994,6,25.837666666666667,29.41,23.37,91.44866666666667,491.05999999999995,15.194333333333333,30,30,30,26.420955555555555,-0.5832888888888874
22,1994,7,25.52741935483871,29.32,22.94,91.9474193548387,200.58000000000004,14.408387096774195,31,31,31,25.901139784946235,-0.3737204301075252
22,1994,8,25.366129032258065,29.68,22.81,91.39354838709677,334.24999999999994,14.40548387096774,31,31,31,25.77583870967742,-0.4097096774193538
22,1994,9,25.261333333333333,29.35,21.85,92.62366666666667,416.31999999999994,15.737333333333334,30,30,30,25.68022222222222,-0.41888888888888687
22,1994,10,24.41774193548387,30.61,16.05,88.07612903225807,133.25000000000003,18.496451612903225,31,31,31,25.43632258064516,-1.0185806451612898
22,1994,11,23.937666666666665,30.18,17.07,84.20933333333332,8.38,19.346,30,30,30,24.410966666666663,-0.4732999999999983
22,1994,12,24.56451612903226,31.06,15.76,73.33193548387096,16.169999999999998,18.001935483870966,31,31,31,23.316075268817205,1.2484408602150552
22,1995,1,24.69161290322581,33.34,12.77,65.26741935483871,23.9,19.05354838709677,31,31,31,24.409150537634407,0.28246236559140314
22,1995,2,25.64107142857143,35.65,14.3,67.16607142857143,23.03,20.113928571428573,28,28,28,26.196212643678162,-0.5551412151067332
22,1995,3,27.73,36.7,19.78,71.52870967741936,43.56000000000001,19.99774193548387,31,31,31,27.591817204301076,0.1381827956989241
22,1995,4,28.42366666666667,37.36,23.01,74.06966666666668,54.02,20.46966666666667,30,30,30,28.20868888888889,0.21497777777777927
22,1995,5,27.34967741935484,35.8,23.72,82.5958064516129,264.54,18.894193548387097,31,31,31,27.442193548387095,-0.09251612903225492
22,1995,6,26.307666666666666,30.48,22.43,90.84400000000001,337.79,17.935333333333332,30,30,30,26.420955555555555,-0.11328888888888855
22,1995,7,25.567419354838712,29.91,22.99,91.95064516129031,354.73,17.114516129032257,31,31,31,25.901139784946235,-0.3337204301075225
22,1995,8,25.780967741935484,30.35,23.36,92.26129032258065,476.85,14.762903225806452,31,31,31,25.77583870967742,0.005129032258064825
22,1995,9,25.517666666666667,30.3,21.62,92.97333333333333,565.7600000000001,14.658999999999999,30,30,30,25.68022222222222,-0.1625555555555529
22,1995,10,25.438387096774196,30.43,20.21,90.8083870967742,253.48,15.932903225806452,31,31,31,25.43632258064516,0.002064516129035354
22,1995,11,23.907,30.01,15.92,86.27833333333334,26.169999999999998,17.704666666666665,30,30,30,24.410966666666663,-0.5039666666666633
22,1995,12,21.983548387096775,29.87,12.59,78.65548387096774,2.26,17.635161290322582,31,31,31,23.316075268817205,-1.3325268817204297
22,1996,1,24.436129032258062,33.24,12.39,70.56064516129032,4.75,17.977096774193548,31,31,31,24.409150537634407,0.026978494623655536
22,1996,2,25.587241379310345,35.1,15.61,64.37172413793104,48.51999999999999,19.561379310344826,29,29,29,26.196212643678162,-0.6089712643678169
22,1996,3,27.910645161290322,38.05,18.16,69.39806451612904,28.419999999999998,20.473870967741938,31,31,31,27.591817204301076,0.3188279569892458
22,1996,4,27.888333333333332,36.74,22.18,76.95566666666667,109.38,18.898666666666667,30,30,30,28.20868888888889,-0.32035555555555817
22,1996,5,26.77225806451613,32.36,23.46,86.67290322580645,262.46,17.993870967741934,31,31,31,27.442193548387095,-0.6699354838709652
22,1996,6,26.204666666666665,30.81,23.49,89.89966666666666,346.6299999999999,17.730666666666664,30,30,30,26.420955555555555,-0.21628888888889009
22,1996,7,25.758064516129032,31.23,22.6,90.81774193548387,337.73,15.584838709677419,31,31,31,25.901139784946235,-0.14307526881720278
22,1996,8,25.72967741935484,30.52,22.02,90.99967741935482,222.57,16.360967741935482,31,31,31,25.77583870967742,-0.04616129032257987
22,1996,9,25.590666666666667,30.81,22.55,92.40033333333334,400.7500000000001,14.389333333333333,30,30,30,25.68022222222222,-0.0895555555555525
22,1996,10,25.36741935483871,29.65,20.1,90.32129032258065,244.87,17.06064516129032,31,31,31,25.43632258064516,-0.06890322580645147
22,1996,11,24.403333333333332,30.29,16.73,89.14766666666667,98.56,16.068666666666665,30,30,30,24.410966666666663,-0.007633333333330938
22,1996,12,21.917096774193546,29.34,12.17,81.27774193548387,1.38,16.609032258064516,31,31,31,23.316075268817205,-1.398978494623659
22,1997,1,23.200967741935486,31.26,13.63,75.37612903225806,6.01,18.03483870967742,31,31,31,24.409150537634407,-1.2081827956989208
22,1997,2,25.849642857142857,34.7,18.04,74.73607142857144,45.18999999999999,17.884642857142858,28,28,28,26.196212643678162,-0.346569786535305
22,1997,3,27.133548387096774,37.17,19.37,73.57129032258065,89.47,20.796774193548387,31,31,31,27.591817204301076,-0.4582688172043028
22,1997,4,27.707333333333334,36.47,21.98,74.52266666666667,80.38000000000001,20.071666666666665,30,30,30,28.20868888888889,-0.5013555555555556
22,1997,5,27.72774193548387,36.94,23.17,79.99483870967742,148.42000000000002,19.026774193548388,31,31,31,27.442193548387095,0.28554838709677455
22,1997,6,27.207666666666668,33.94,23.36,82.28333333333333,117.53,17.662666666666667,30,30,30,26.420955555555555,0.7867111111111136
22,1997,7,26.146129032258063,30.13,23.44,87.5458064516129,220.26,15.600967741935484,31,31,31,25.901139784946235,0.24498924731182825
22,1997,8,25.87709677419355,30.31,22.62,89.32354838709678,228.89000000000001,16.773225806451613,31,31,31,25.77583870967742,0.10125806451613073
22,1997,9,26.021666666666665,31.21,20.55,89.31833333333334,374.39,17.036333333333335,30,30,30,25.68022222222222,0.3414444444444449
22,1997,10,25.698387096774194,31.04,19.74,88.85354838709678,180.83000000000004,17.41548387096774,31,31,31,25.43632258064516,0.26206451612903336
22,1997,11,25.10666666666667,31.13,18.55,85.88766666666668,42.989999999999995,18.176333333333332,30,30,30,24.410966666666663,0.6957000000000058
22,1997,12,24.656451612903226,31.46,17.36,77.3558064516129,0.8200000000000001,19.337419354838712,31,31,31,23.316075268817205,1.340376344086021
22,1998,1,26.335806451612903,34.44,19.45,73.34225806451613,11.969999999999999,18.88193548387097,31,31,31,24.409150537634407,1.9266559139784967
22,1998,2,27.711785714285714,36.61,21.54,74.2667857142857,29.389999999999997,18.573571428571427,28,28,28,26.196212643678162,1.5155730706075516
22,1998,3,29.155806451612904,38.92,21.97,65.8141935483871,12.839999999999998,21.287096774193547,31,31,31,27.591817204301076,1.5639892473118273
22,1998,4,29.784666666666666,39.92,22.85,68.34533333333334,54.94,19.522,30,30,30,28.20868888888889,1.5759777777777764
22,1998,5,28.82774193548387,36.89,24.56,79.80483870967741,291.13,18.549032258064514,31,31,31,27.442193548387095,1.385548387096776
22,1998,6,26.873,31.08,24.28,90.95,420.47,17.401666666666664,30,30,30,26.420955555555555,0.45204444444444647
22,1998,7,26.200322580645164,30.46,23.51,92.3474193548387,365.45000000000005,17.903225806451612,31,31,31,25.901139784946235,0.299182795698929
22,1998,8,26.143548387096775,30.68,23.47,91.93354838709678,377.24999999999994,17.68,31,31,31,25.77583870967742,0.3677096774193558
22,1998,9,26.034,30.83,23.06,92.14366666666666,392.12000000000006,15.639666666666667,30,30,30,25.68022222222222,0.3537777777777791
22,1998,10,25.59967741935484,30.4,20.6,89.02774193548387,160.82999999999998,16.655806451612904,31,31,31,25.43632258064516,0.16335483870967948
22,1998,11,24.355999999999998,30.07,18.28,87.421,38.96,15.294666666666666,30,30,30,24.410966666666663,-0.054966666666665276
22,1998,12,23.300645161290323,29.97,14.94,80.8941935483871,9.54,15.87741935483871,31,31,31,23.316075268817205,-0.015430107526881898
22,1999,1,24.479032258064517,33.55,14.07,73.22129032258064,6.739999999999999,16.782258064516128,31,31,31,24.409150537634407,0.06988172043011076
22,1999,2,26.502857142857145,35.68,16.18,67.64607142857143,14.669999999999998,19.336785714285714,28,28,28,26.196212643678162,0.30664449917898295
22,1999,3,27.60290322580645,36.77,21.63,75.26161290322581,113.05999999999997,18.636451612903226,31,31,31,27.591817204301076,0.011086021505374077
22,1999,4,26.660666666666668,33.72,21.91,84.988,273.37,17.817333333333334,30,30,30,28.20868888888889,-1.5480222222222224
22,1999,5,25.776774193548388,30.81,22.78,91.25967741935484,347.6600000000001,16.034193548387098,31,31,31,27.442193548387095,-1.6654193548387077
22,1999,6,25.487000000000002,29.61,22.72,91.62166666666667,258.24,16.266333333333332,30,30,30,26.420955555555555,-0.9339555555555528
22,1999,7,25.502903225806453,30.1,22.77,92.5341935483871,340.02000000000004,16.073870967741936,31,31,31,25.901139784946235,-0.3982365591397823
22,1999,8,25.480645161290322,29.82,22.93,91.46064516129033,202.53000000000003,16.98516129032258,31,31,31,25.77583870967742,-0.2951935483870969
22,1999,9,25.410666666666668,29.59,22.19,91.775,364.2099999999999,16.913,30,30,30,25.68022222222222,-0.2695555555555522
22,1999,10,25.36032258064516,30.37,18.66,90.37161290322581,296.25,16.72225806451613,31,31,31,25.43632258064516,-0.07600000000000051
22,1999,11,24.147,29.74,17.46,88.59533333333334,91.26,15.785666666666666,30,30,30,24.410966666666663,-0.2639666666666649
22,1999,12,20.265483870967742,29.23,8.64,81.99967741935485,0.75,16.405806451612904,31,31,31,23.316075268817205,-3.0505913978494625
22,2000,1,24.371290322580645,31.48,14.67,78.53451612903227,20.049999999999997,17.67967741935484,31,31,31,24.409150537634407,-0.03786021505376169
22,2000,2,25.150344827586206,34.15,13.93,72.72862068965517,32.47,18.473793103448276,29,29,29,26.196212643678162,-1.0458678160919561
22,2000,3,27.557096774193546,36.04,19.59,72.01064516129033,32.69,18.83967741935484,31,31,31,27.591817204301076,-0.03472043010753012
22,2000,4,26.947333333333333,36.09,22.92,83.41900000000001,192.46,18.433666666666667,30,30,30,28.20868888888889,-1.2613555555555571
22,2000,5,26.496451612903225,32.32,23.05,88.62290322580645,248.47000000000003,16.727096774193548,31,31,31,27.442193548387095,-0.9457419354838699
22,2000,6,25.444333333333336,29.38,22.66,91.974,404.41999999999996,16.801333333333332,30,30,30,26.420955555555555,-0.9766222222222183
22,2000,7,25.288709677419355,29.38,22.1,92.10709677419355,312.2699999999999,16.674516129032256,31,31,31,25.901139784946235,-0.6124301075268797
22,2000,8,25.48548387096774,29.82,22.79,92.63935483870968,307.11000000000007,16.45806451612903,31,31,31,25.77583870967742,-0.2903548387096784
22,2000,9,25.322333333333333,30.43,20.02,90.72566666666667,300.35999999999996,16.086,30,30,30,25.68022222222222,-0.3578888888888869
22,2000,10,25.27548387096774,30.35,20.94,91.2783870967742,232.62,14.894516129032258,31,31,31,25.43632258064516,-0.16083870967742087
22,2000,11,22.970666666666666,29.89,13.4,84.766,26.920000000000005,18.01966666666667,30,30,30,24.410966666666663,-1.440299999999997
22,2000,12,23.74806451612903,30.05,15.17,81.40903225806451,7.909999999999999,17.317741935483873,31,31,31,23.316075268817205,0.43198924731182586
22,2001,1,24.89258064516129,32.82,16.62,79.6916129032258,43.8,16.561290322580643,31,31,31,24.409150537634407,0.48343010752688187
22,2001,2,26.363214285714285,35.42,17.4,71.83357142857143,9.28,18.915,28,28,28,26.196212643678162,0.1670016420361229
22,2001,3,26.50741935483871,36.53,21.14,81.52645161290323,195.27,16.950000000000003,31,31,31,27.591817204301076,-1.0843978494623663
22,2001,4,27.554,35.08,22.34,82.22566666666667,87.10000000000001,19.726333333333333,30,30,30,28.20868888888889,-0.6546888888888915
22,2001,5,26.573225806451614,32.28,23.97,88.6116129032258,309.61999999999995,17.062258064516126,31,31,31,27.442193548387095,-0.8689677419354815
22,2001,6,25.883,30.28,23.12,89.923,198.20000000000002,16.05966666666667,30,30,30,26.420955555555555,-0.5379555555555555
22,2001,7,25.87548387096774,30.2,23.15,90.29967741935484,199.7,17.004193548387097,31,31,31,25.901139784946235,-0.025655913978493317
22,2001,8,25.606451612903225,29.58,22.95,91.78096774193548,255.01,13.980967741935483,31,31,31,25.77583870967742,-0.1693870967741944
22,2001,9,25.742666666666665,30.76,23.1,91.81366666666666,245.40999999999997,15.618333333333334,30,30,30,25.68022222222222,0.06244444444444497
22,2001,10,25.821290322580648,30.79,21.44,90.53903225806452,288.6,16.399677419354838,31,31,31,25.43632258064516,0.3849677419354869
22,2001,11,22.583333333333332,29.76,15.51,85.21433333333333,29.5,17.639666666666667,30,30,30,24.410966666666663,-1.8276333333333312
22,2001,12,23.17290322580645,29.96,13.92,79.75451612903225,3.9799999999999995,17.57193548387097,31,31,31,23.316075268817205,-0.14317204301075392
22,2002,1,23.895806451612902,32.44,14.66,74.58354838709678,3.5399999999999996,18.309354838709677,31,31,31,24.409150537634407,-0.5133440860215046
22,2002,2,26.3075,34.59,18.31,74.16071428571429,33.2,17.998214285714287,28,28,28,26.196212643678162,0.11128735632183862
22,2002,3,27.539677419354838,36.66,20.08,74.47612903225807,46.489999999999995,18.70258064516129,31,31,31,27.591817204301076,-0.052139784946238166
22,2002,4,28.066,36.01,22.54,75.72600000000001,78.28,18.602333333333334,30,30,30,28.20868888888889,-0.14268888888889109
22,2002,5,26.98516129032258,35.43,23.57,85.88483870967741,327.42,15.959032258064516,31,31,31,27.442193548387095,-0.4570322580645154
22,2002,6,26.187666666666665,29.89,22.33,90.17,277.65000000000003,16.673,30,30,30,26.420955555555555,-0.23328888888888955
22,2002,7,26.273548387096774,30.79,23.21,89.73,217.29999999999998,17.520967741935483,31,31,31,25.901139784946235,0.3724086021505393
22,2002,8,25.477096774193548,29.77,22.31,91.11290322580645,291.0200000000001,13.008387096774193,31,31,31,25.77583870967742,-0.2987419354838714
22,2002,9,25.37366666666667,30.03,22.93,92.28366666666668,321.28999999999996,14.751333333333333,30,30,30,25.68022222222222,-0.30655555555555125
22,2002,10,25.42032258064516,30.79,18.09,87.35354838709678,138.19000000000003,17.961290322580645,31,31,31,25.43632258064516,-0.01600000000000179
22,2002,11,24.931333333333335,30.64,18.04,87.64466666666667,50.8,17.211666666666666,30,30,30,24.410966666666663,0.5203666666666713
22,2002,12,24.890645161290323,30.96,16.92,83.48612903225806,38.76,16.561290322580643,31,31,31,23.316075268817205,1.574569892473118
22,2003,1,23.65032258064516,32.54,13.97,72.68645161290321,0.03,19.29774193548387,31,31,31,24.409150537634407,-0.7588279569892471
22,2003,2,26.248214285714287,33.83,16.22,73.96107142857143,34.26,17.555357142857144,28,28,28,26.196212643678162,0.05200164203612445
22,2003,3,27.23741935483871,36.02,21.29,76.79451612903226,93.09,16.621290322580645,31,31,31,27.591817204301076,-0.35439784946236585
22,2003,4,28.772,37.28,23.72,72.99933333333334,67.8,19.997,30,30,30,28.20868888888889,0.5633111111111084
22,2003,5,27.282258064516128,36.46,23.9,85.11,157.89999999999998,17.360967741935482,31,31,31,27.442193548387095,-0.15993548387096723
22,2003,6,26.36466666666667,33.35,23.41,88.41066666666667,335.4200000000001,17.552333333333333,30,30,30,26.420955555555555,-0.05628888888888639
22,2003,7,25.874193548387098,30.77,22.76,91.05064516129033,398.21,16.15225806451613,31,31,31,25.901139784946235,-0.026946236559137304
22,2003,8,25.946129032258067,30.13,23.01,92.11451612903227,316.89,16.199354838709677,31,31,31,25.77583870967742,0.17029032258064802
22,2003,9,25.49366666666667,29.51,22.05,92.261,290.03999999999996,14.835333333333333,30,30,30,25.68022222222222,-0.18655555555555026
22,2003,10,25.263870967741937,30.61,20.82,91.13741935483871,182.75000000000003,15.884193548387097,31,31,31,25.43632258064516,-0.17245161290322386
22,2003,11,24.752666666666666,31.01,17.21,81.96566666666666,1.9,18.371,30,30,30,24.410966666666663,0.341700000000003
22,2003,12,22.483548387096775,30.38,14.93,74.53258064516129,0.01,18.008064516129032,31,31,31,23.316075268817205,-0.8325268817204297
22,2004,1,24.475806451612904,32.02,14.22,74.85161290322581,68.5,16.786774193548386,31,31,31,24.409150537634407,0.06665591397849724
22,2004,2,24.989655172413794,34.19,15.89,74.56275862068966,46.349999999999994,17.525172413793104,29,29,29,26.196212643678162,-1.206557471264368
22,2004,3,27.960645161290323,37.0,19.55,71.68387096774192,22.45,19.57161290322581,31,31,31,27.591817204301076,0.36882795698924653
22,2004,4,28.937,38.51,23.39,72.46733333333333,60.0,20.398666666666667,30,30,30,28.20868888888889,0.7283111111111111
22,2004,5,27.32225806451613,35.46,23.02,83.58064516129032,230.14,18.038709677419355,31,31,31,27.442193548387095,-0.11993548387096453
22,2004,6,26.246333333333332,32.09,22.53,89.02199999999999,330.96000000000004,15.561,30,30,30,26.420955555555555,-0.17462222222222223
22,2004,7,25.84258064516129,30.3,23.07,90.18161290322581,424.76,16.57935483870968,31,31,31,25.901139784946235,-0.058559139784943426
22,2004,8,25.644193548387097,29.61,23.01,92.03322580645163,285.54,15.683548387096774,31,31,31,25.77583870967742,-0.13164516129032222
22,2004,9,25.838666666666665,30.83,22.41,89.43833333333333,274.9,16.147000000000002,30,30,30,25.68022222222222,0.15844444444444505
22,2004,10,24.953548387096777,30.36,18.08,86.33709677419354,122.86,18.69451612903226,31,31,31,25.43632258064516,-0.4827741935483836
22,2004,11,24.98033333333333,30.96,16.94,80.102,16.92,18.269333333333336,30,30,30,24.410966666666663,0.5693666666666672
22,2004,12,23.616129032258065,31.93,15.66,66.54161290322581,0.0,18.839032258064517,31,31,31,23.316075268817205,0.3000537634408609
22,2005,1,24.416774193548385,34.63,13.83,70.98903225806451,29.820000000000004,17.143548387096775,31,31,31,24.409150537634407,0.007623655913977956
22,2005,2,27.204285714285714,36.19,20.59,73.61142857142856,4.64,18.945,28,28,28,26.196212643678162,1.0080730706075514
22,2005,3,27.637096774193548,37.38,16.13,69.07096774193548,47.85,18.820645161290326,31,31,31,27.591817204301076,0.04527956989247173
22,2005,4,28.441666666666666,37.65,22.55,74.93666666666667,123.27000000000001,18.704333333333334,30,30,30,28.20868888888889,0.2329777777777764
22,2005,5,27.681935483870966,37.04,23.63,83.2683870967742,175.28,17.963548387096775,31,31,31,27.442193548387095,0.23974193548387035
22,2005,6,26.524,31.3,23.36,89.79033333333334,315.43,16.604666666666667,30,30,30,26.420955555555555,0.10304444444444627
22,2005,7,26.081612903225807,31.72,23.01,90.02451612903226,219.57,13.377096774193548,31,31,31,25.901139784946235,0.18047311827957202
22,2005,8,25.962580645161292,30.27,23.03,90.77290322580646,222.58999999999995,14.935161290322581,31,31,31,25.77583870967742,0.18674193548387308
22,2005,9,25.599333333333334,29.98,22.27,92.19233333333334,394.33,14.152666666666667,30,30,30,25.68022222222222,-0.0808888888888859
22,2005,10,25.796774193548387,30.57,21.83,89.57322580645162,201.54,16.822580645161292,31,31,31,25.43632258064516,0.36045161290322625
22,2005,11,24.786,30.86,16.2,87.43900000000001,114.61,16.304333333333332,30,30,30,24.410966666666663,0.375033333333338
22,2005,12,22.181612903225805,29.38,13.69,83.23483870967742,19.27,15.070967741935483,31,31,31,23.316075268817205,-1.1344623655914
22,2006,1,23.942580645161293,32.22,15.47,76.72967741935483,3.67,17.91032258064516,31,31,31,24.409150537634407,-0.46656989247311387
22,2006,2,26.337142857142858,33.68,19.76,77.01964285714287,65.55000000000001,18.349642857142857,28,28,28,26.196212643678162,0.1409302134646957
22,2006,3,27.076129032258066,34.51,21.23,78.30870967741936,70.16,18.70483870967742,31,31,31,27.591817204301076,-0.51568817204301
22,2006,4,27.458333333333332,35.29,21.05,80.11200000000001,111.09999999999998,18.192666666666664,30,30,30,28.20868888888889,-0.7503555555555579
22,2006,5,26.86967741935484,33.62,22.79,85.74935483870968,289.09000000000003,16.83225806451613,31,31,31,27.442193548387095,-0.5725161290322553
22,2006,6,26.326666666666664,30.87,23.44,89.39900000000002,261.07,16.837666666666667,30,30,30,26.420955555555555,-0.0942888888888902
22,2006,7,25.636129032258065,29.63,22.75,91.96129032258064,364.38000000000005,14.339354838709676,31,31,31,25.901139784946235,-0.26501075268816976
22,2006,8,25.509032258064515,30.45,21.48,91.2558064516129,348.01,13.718064516129031,31,31,31,25.77583870967742,-0.2668064516129043
22,2006,9,25.628333333333334,30.6,21.96,91.22166666666666,398.03000000000003,14.93,30,30,30,25.68022222222222,-0.05188888888888599
22,2006,10,25.481935483870966,30.58,20.88,89.88129032258065,377.7200000000001,16.458709677419357,31,31,31,25.43632258064516,0.04561290322580547
22,2006,11,25.297666666666665,31.48,17.56,84.12766666666667,38.970000000000006,18.221333333333334,30,30,30,24.410966666666663,0.8867000000000012
22,2006,12,23.375806451612902,30.74,13.21,75.48354838709677,4.359999999999999,18.183870967741935,31,31,31,23.316075268817205,0.05973118279569789
22,2007,1,24.56096774193548,33.66,14.63,66.79354838709678,11.879999999999999,18.396451612903224,31,31,31,24.409150537634407,0.15181720430107504
22,2007,2,25.749285714285715,34.48,14.16,70.88321428571429,14.88,18.640714285714285,28,28,28,26.196212643678162,-0.44692692939244694
22,2007,3,27.60741935483871,36.86,20.58,76.05935483870968,65.26,18.692580645161293,31,31,31,27.591817204301076,0.01560215053763514
22,2007,4,27.744666666666667,37.18,22.78,78.19200000000001,176.83999999999997,18.525333333333332,30,30,30,28.20868888888889,-0.4640222222222228
22,2007,5,26.349032258064515,30.89,23.13,90.23806451612903,434.1,15.820322580645161,31,31,31,27.442193548387095,-1.0931612903225805
22,2007,6,26.560333333333332,30.86,23.49,91.334,341.89,16.899,30,30,30,26.420955555555555,0.13937777777777782
22,2007,7,25.980645161290322,31.61,22.99,90.19870967741934,416.75,15.518709677419354,31,31,31,25.901139784946235,0.07950537634408761
22,2007,8,25.798387096774192,29.93,22.45,91.29903225806451,186.01000000000005,14.129354838709677,31,31,31,25.77583870967742,0.02254838709677287
22,2007,9,25.717,30.8,21.06,91.36633333333334,328.57,15.148,30,30,30,25.68022222222222,0.03677777777777891
22,2007,10,25.006451612903227,30.24,19.83,90.66935483870968,127.57000000000001,15.133225806451613,31,31,31,25.43632258064516,-0.4298709677419339
22,2007,11,22.636333333333333,29.86,13.27,84.664,25.93,16.948666666666664,30,30,30,24.410966666666663,-1.7746333333333304
22,2007,12,24.121612903225806,31.63,13.87,78.56451612903226,0.03,17.990322580645163,31,31,31,23.316075268817205,0.8055376344086014
22,2008,1,24.838064516129034,33.89,14.63,68.1,13.27,18.032258064516128,31,31,31,24.409150537634407,0.4289139784946272
22,2008,2,25.878275862068968,33.92,17.2,68.73310344827586,63.38999999999999,17.048620689655174,29,29,29,26.196212643678162,-0.3179367816091947
22,2008,3,27.20935483870968,36.27,17.76,70.43258064516128,34.99,18.698387096774194,31,31,31,27.591817204301076,-0.38246236559139746
22,2008,4,27.834333333333333,36.59,23.0,77.20700000000001,134.14000000000001,18.835333333333335,30,30,30,28.20868888888889,-0.37435555555555666
22,2008,5,26.36064516129032,32.02,22.11,86.65645161290323,343.9399999999999,16.081290322580646,31,31,31,27.442193548387095,-1.081548387096774
22,2008,6,26.157333333333334,30.85,22.65,89.036,259.33,16.685,30,30,30,26.420955555555555,-0.26362222222222087
22,2008,7,25.468709677419355,29.88,22.28,91.32193548387097,353.96,16.66548387096774,31,31,31,25.901139784946235,-0.43243010752687994
22,2008,8,25.67096774193548,31.4,22.79,90.59967741935485,249.14999999999998,16.263870967741937,31,31,31,25.77583870967742,-0.10487096774193816
22,2008,9,25.470000000000002,30.67,21.31,91.181,432.28,14.921,30,30,30,25.68022222222222,-0.21022222222221743
22,2008,10,25.982903225806453,30.62,22.66,89.45967741935483,208.81999999999996,15.91451612903226,31,31,31,25.43632258064516,0.546580645161292
22,2008,11,23.48933333333333,30.13,16.18,87.73433333333334,51.08,14.859333333333334,30,30,30,24.410966666666663,-0.9216333333333324
22,2008,12,21.84741935483871,29.31,15.07,81.65645161290323,0.05,17.04774193548387,31,31,31,23.316075268817205,-1.4686559139784947
22,2009,1,22.205161290322582,32.77,11.67,72.16870967741936,0.12,18.904516129032256,31,31,31,24.409150537634407,-2.2039892473118243
22,2009,2,26.915714285714284,35.97,18.35,71.03928571428571,6.23,18.2225,28,28,28,26.196212643678162,0.7195016420361213
22,2009,3,27.243548387096773,35.57,20.04,75.88096774193548,122.86000000000001,18.205483870967743,31,31,31,27.591817204301076,-0.34826881720430336
22,2009,4,27.880999999999997,36.07,22.56,78.42966666666666,170.26,18.263666666666666,30,30,30,28.20868888888889,-0.32768888888889336
22,2009,5,26.56096774193548,33.23,22.07,86.9874193548387,379.29,16.666129032258063,31,31,31,27.442193548387095,-0.8812258064516136
22,2009,6,26.136333333333333,30.54,23.04,90.038,193.29999999999995,16.771666666666665,30,30,30,26.420955555555555,-0.28462222222222167
22,2009,7,25.86,31.04,22.69,89.48354838709676,332.15,15.182580645161291,31,31,31,25.901139784946235,-0.04113978494623538
22,2009,8,26.330000000000002,31.4,22.66,88.81709677419354,179.22,16.261935483870968,31,31,31,25.77583870967742,0.5541612903225825
22,2009,9,25.793333333333333,30.77,22.2,91.49233333333333,423.55,14.038333333333332,30,30,30,25.68022222222222,0.11311111111111316
22,2009,10,25.65774193548387,30.61,20.11,90.32870967741935,251.63000000000002,14.93,31,31,31,25.43632258064516,0.22141935483870867
22,2009,11,23.908,31.62,14.96,84.13433333333334,14.56,18.498,30,30,30,24.410966666666663,-0.5029666666666621
22,2009,12,24.28774193548387,31.47,16.01,78.9132258064516,3.7399999999999998,17.879677419354838,31,31,31,23.316075268817205,0.971666666666664
22,2010,1,25.41516129032258,33.36,17.05,76.22419354838709,33.55000000000001,16.83258064516129,31,31,31,24.409150537634407,1.006010752688173
22,2010,2,27.336785714285714,36.0,22.27,76.5275,47.029999999999994,18.771428571428572,28,28,28,26.196212643678162,1.1405730706075516
22,2010,3,27.97193548387097,38.12,19.84,70.67451612903226,52.879999999999995,20.020967741935483,31,31,31,27.591817204301076,0.3801182795698921
22,2010,4,28.791666666666668,37.53,23.08,76.04633333333332,81.38999999999999,20.306333333333335,30,30,30,28.20868888888889,0.5829777777777778
22,2010,5,28.266774193548386,37.84,24.1,82.17129032258065,221.44999999999996,18.97967741935484,31,31,31,27.442193548387095,0.8245806451612907
22,2010,6,26.705333333333332,30.85,24.28,90.33566666666667,293.96999999999997,16.476666666666667,30,30,30,26.420955555555555,0.2843777777777774
22,2010,7,26.16483870967742,31.05,22.92,90.79161290322581,349.95,16.47967741935484,31,31,31,25.901139784946235,0.26369892473118384
22,2010,8,25.63935483870968,30.18,22.54,91.66870967741936,476.9000000000001,14.895806451612902,31,31,31,25.77583870967742,-0.13648387096774073
22,2010,9,25.97533333333333,31.03,22.78,90.25733333333332,214.23000000000005,16.174,30,30,30,25.68022222222222,0.29511111111111177
22,2010,10,24.921612903225807,31.33,17.48,89.75806451612904,300.39000000000004,14.63,31,31,31,25.43632258064516,-0.5147096774193543
22,2010,11,23.829666666666665,30.1,18.0,86.90166666666667,8.35,16.153000000000002,30,30,30,24.410966666666663,-0.5812999999999988
22,2010,12,23.710322580645162,30.08,15.21,81.46612903225805,12.38,16.683870967741935,31,31,31,23.316075268817205,0.39424731182795725
22,2011,1,23.766451612903225,33.01,14.79,66.38225806451612,0.01,18.794516129032257,31,31,31,24.409150537634407,-0.6426989247311816
22,2011,2,26.349999999999998,35.16,17.67,73.08214285714286,34.83,16.918928571428573,28,28,28,26.196212643678162,0.1537873563218355
22,2011,3,26.12290322580645,35.31,17.21,71.43129032258064,109.51000000000002,16.61258064516129,31,31,31,27.591817204301076,-1.4689139784946263
22,2011,4,27.369000000000003,36.69,21.66,78.11999999999999,145.95000000000002,17.186666666666667,30,30,30,28.20868888888889,-0.8396888888888867
22,2011,5,26.891935483870967,33.42,23.33,85.65548387096774,173.98999999999998,17.04258064516129,31,31,31,27.442193548387095,-0.5502580645161288
22,2011,6,26.183333333333334,30.82,22.77,89.43933333333332,348.51000000000005,14.935,30,30,30,26.420955555555555,-0.23762222222222107
22,2011,7,25.70225806451613,30.68,22.42,90.62064516129031,255.78,16.47741935483871,31,31,31,25.901139784946235,-0.198881720430105
22,2011,8,25.69451612903226,30.47,22.84,90.61516129032259,453.08000000000004,16.26516129032258,31,31,31,25.77583870967742,-0.08132258064516051
22,2011,9,25.351999999999997,29.15,21.67,92.31099999999999,526.41,13.074000000000002,30,30,30,25.68022222222222,-0.3282222222222231
22,2011,10,25.120322580645162,30.4,21.55,91.51677419354839,263.78999999999996,15.593225806451612,31,31,31,25.43632258064516,-0.31599999999999895
22,2011,11,24.641666666666666,29.99,18.66,85.86133333333333,25.13,17.910666666666668,30,30,30,24.410966666666663,0.23070000000000235
22,2011,12,22.27548387096774,29.96,14.05,78.12290322580645,0.7,16.801612903225806,31,31,31,23.316075268817205,-1.0405913978494645
22,2012,1,24.875806451612902,32.07,17.48,78.29935483870969,43.95,15.303870967741936,31,31,31,24.409150537634407,0.4666559139784958
22,2012,2,26.618275862068966,35.87,18.11,76.24068965517242,55.39999999999999,17.813793103448276,29,29,29,26.196212643678162,0.42206321839080374
22,2012,3,27.311290322580643,35.79,21.59,76.35064516129032,63.32000000000001,19.116129032258065,31,31,31,27.591817204301076,-0.2805268817204336
22,2012,4,27.896333333333335,36.07,21.45,77.205,43.37,18.834333333333333,30,30,30,28.20868888888889,-0.3123555555555555
22,2012,5,27.065806451612904,33.0,23.77,85.04838709677419,292.98999999999995,16.063870967741938,31,31,31,27.442193548387095,-0.3763870967741916
22,2012,6,26.387666666666668,30.79,23.19,88.02366666666667,198.05,16.524,30,30,30,26.420955555555555,-0.0332888888888867
22,2012,7,25.969032258064516,30.82,21.98,88.3216129032258,335.11999999999995,15.70032258064516,31,31,31,25.901139784946235,0.06789247311828106
22,2012,8,25.76225806451613,30.7,22.26,88.04096774193549,168.70999999999998,15.818387096774194,31,31,31,25.77583870967742,-0.01358064516129076
22,2012,9,25.322999999999997,29.81,21.84,92.243,481.33000000000004,14.384333333333332,30,30,30,25.68022222222222,-0.357222222222223
22,2012,10,25.852903225806454,31.28,21.19,87.68225806451613,163.30999999999997,16.938709677419357,31,31,31,25.43632258064516,0.416580645161293
22,2012,11,25.929333333333332,31.13,21.5,86.81733333333334,150.68,15.995666666666667,30,30,30,24.410966666666663,1.5183666666666689
22,2012,12,25.169032258064515,31.08,16.15,80.4916129032258,1.6500000000000001,18.057419354838707,31,31,31,23.316075268817205,1.8529569892473106
22,2013,1,24.34193548387097,31.49,16.27,78.17129032258065,60.290000000000006,16.877741935483872,31,31,31,24.409150537634407,-0.06721505376343728
22,2013,2,26.300714285714285,34.69,19.9,77.91321428571429,21.250000000000004,17.46892857142857,28,28,28,26.196212643678162,0.10450164203612289
22,2013,3,28.15774193548387,37.24,21.15,73.24096774193548,38.32000000000001,19.34451612903226,31,31,31,27.591817204301076,0.5659247311827933
22,2013,4,27.996666666666666,38.96,23.16,78.54400000000001,147.81999999999996,17.987000000000002,30,30,30,28.20868888888889,-0.2120222222222239
22,2013,5,27.677419354838708,33.79,24.2,82.9683870967742,115.48,18.547096774193548,31,31,31,27.442193548387095,0.23522580645161284
22,2013,6,26.399333333333335,31.97,23.47,89.30066666666667,417.45,15.685333333333334,30,30,30,26.420955555555555,-0.02162222222221999
22,2013,7,25.539677419354838,31.02,22.34,90.99096774193548,522.28,14.32516129032258,31,31,31,25.901139784946235,-0.36146236559139666
22,2013,8,25.501935483870966,29.79,22.49,91.64387096774193,351.40999999999997,15.424516129032257,31,31,31,25.77583870967742,-0.2739032258064533
22,2013,9,25.515333333333334,30.52,22.57,91.261,428.43,14.380333333333335,30,30,30,25.68022222222222,-0.16488888888888553
22,2013,10,25.388387096774192,31.17,20.03,88.76451612903226,323.67,16.273225806451613,31,31,31,25.43632258064516,-0.04793548387096891
22,2013,11,24.849333333333334,30.83,18.27,87.47666666666667,74.41000000000001,16.244333333333334,30,30,30,24.410966666666663,0.43836666666667057
22,2013,12,20.72258064516129,28.95,12.08,80.23451612903226,6.379999999999999,17.05322580645161,31,31,31,23.316075268817205,-2.593494623655914
22,2014,1,22.018387096774195,30.81,11.89,69.6558064516129,0.0,19.081612903225807,31,31,31,24.409150537634407,-2.390763440860212
22,2014,2,25.540357142857143,34.95,17.96,75.71714285714286,17.55,17.33857142857143,28,28,28,26.196212643678162,-0.6558555008210192
22,2014,3,27.57709677419355,36.36,20.89,75.10258064516128,70.01,19.266129032258064,31,31,31,27.591817204301076,-0.014720430107526994
22,2014,4,28.816333333333333,37.75,23.07,71.86166666666666,53.62,19.09466666666667,30,30,30,28.20868888888889,0.6076444444444427
22,2014,5,28.86806451612903,36.98,24.01,75.69870967741934,105.23,19.082580645161293,31,31,31,27.442193548387095,1.4258709677419361
22,2014,6,27.158,35.12,23.25,86.22533333333334,291.47999999999996,14.538,30,30,30,26.420955555555555,0.7370444444444466
22,2014,7,26.29064516129032,31.93,22.76,87.78903225806452,248.9,15.394193548387097,31,31,31,25.901139784946235,0.38950537634408633
22,2014,8,26.05548387096774,31.55,22.21,88.76548387096774,262.36,16.351290322580645,31,31,31,25.77583870967742,0.2796451612903219
22,2014,9,25.89,31.17,22.17,90.34066666666666,391.39,15.006333333333334,30,30,30,25.68022222222222,0.20977777777778073
22,2014,10,25.60451612903226,30.92,21.81,88.87258064516129,296.60999999999996,17.21741935483871,31,31,31,25.43632258064516,0.168193548387098
22,2014,11,25.538,30.83,19.03,86.35966666666667,74.21000000000001,17.43433333333333,30,30,30,24.410966666666663,1.1270333333333369
22,2014,12,23.028709677419354,30.35,15.42,79.83354838709678,11.9,17.13741935483871,31,31,31,23.316075268817205,-0.287365591397851
22,2015,1,23.254516129032258,32.78,13.5,71.92483870967742,5.19,18.730967741935483,31,31,31,24.409150537634407,-1.1546344086021492
22,2015,2,25.728571428571428,34.67,17.52,70.66392857142857,30.960000000000004,18.6325,28,28,28,26.196212643678162,-0.4676412151067346
22,2015,3,27.794193548387096,35.59,22.32,74.31290322580645,45.56,17.95935483870968,31,31,31,27.591817204301076,0.20237634408601934
22,2015,4,28.712333333333333,38.11,20.75,71.26466666666667,57.120000000000005,19.238999999999997,30,30,30,28.20868888888889,0.5036444444444435
22,2015,5,28.570967741935487,35.82,24.15,77.92645161290322,147.63000000000002,19.444193548387098,31,31,31,27.442193548387095,1.1287741935483915
22,2015,6,26.89966666666667,35.86,23.01,85.16033333333333,345.18,17.337,30,30,30,26.420955555555555,0.47871111111111375
22,2015,7,26.408709677419353,31.69,22.05,87.09451612903226,195.9,16.832903225806454,31,31,31,25.901139784946235,0.5075698924731178
22,2015,8,26.04,30.91,22.35,89.22806451612904,282.78,16.44677419354839,31,31,31,25.77583870967742,0.26416129032257984
22,2015,9,25.91166666666667,31.65,21.93,90.35533333333333,404.52,16.000333333333334,30,30,30,25.68022222222222,0.231444444444449
22,2015,10,25.991612903225807,31.37,21.14,87.83935483870968,228.16,17.289354838709677,31,31,31,25.43632258064516,0.555290322580646
22,2015,11,25.785666666666668,31.06,20.5,86.475,81.25000000000001,17.677,30,30,30,24.410966666666663,1.3747000000000043
22,2015,12,24.975161290322582,31.36,15.77,79.4658064516129,23.020000000000003,17.533548387096772,31,31,31,23.316075268817205,1.6590860215053773
22,2016,1,25.219354838709677,33.19,12.31,77.68838709677419,49.970000000000006,16.653225806451612,31,31,31,24.409150537634407,0.8102043010752702
22,2016,2,25.88344827586207,35.69,12.79,63.98724137931034,5.9799999999999995,19.775862068965516,29,29,29,26.196212643678162,-0.3127643678160936
22,2016,3,28.470645161290324,37.43,19.6,69.79516129032258,18.850000000000005,19.68516129032258,31,31,31,27.591817204301076,0.8788279569892481
22,2016,4,30.255666666666666,40.41,23.31,66.25066666666666,21.099999999999998,21.325333333333333,30,30,30,28.20868888888889,2.0469777777777765
22,2016,5,29.32,39.53,24.57,73.50354838709679,154.46999999999997,17.317419354838712,31,31,31,27.442193548387095,1.877806451612905
22,2016,6,26.675666666666665,32.78,23.51,87.96766666666667,408.03999999999996,16.837666666666667,30,30,30,26.420955555555555,0.25471111111111
22,2016,7,25.95387096774194,31.08,22.56,89.70387096774193,321.25000000000006,15.594193548387098,31,31,31,25.901139784946235,0.052731182795703546
22,2016,8,26.28483870967742,31.22,23.09,90.02387096774193,277.3,16.598064516129032,31,31,31,25.77583870967742,0.5090000000000003
22,2016,9,25.764333333333333,30.28,22.33,91.648,368.43,15.435333333333334,30,30,30,25.68022222222222,0.08411111111111325
22,2016,10,25.938064516129035,30.79,22.88,90.98225806451612,270.59999999999997,14.90032258064516,31,31,31,25.43632258064516,0.5017419354838744
22,2016,11,25.333666666666666,30.72,19.56,88.36933333333333,98.14000000000001,16.099333333333334,30,30,30,24.410966666666663,0.9227000000000025
22,2016,12,23.523870967741935,30.43,15.97,83.41516129032257,4.329999999999999,15.156129032258063,31,31,31,23.316075268817205,0.2077956989247305
22,2017,1,24.539032258064516,30.88,17.07,79.54483870967742,68.03,17.109354838709677,31,31,31,24.409150537634407,0.12988172043010948
22,2017,2,25.458928571428572,34.12,16.64,71.13607142857143,21.330000000000002,19.797500000000003,28,28,28,26.196212643678162,-0.7372840722495901
22,2017,3,27.145806451612902,35.38,19.23,76.76709677419356,101.05000000000001,18.910967741935483,31,31,31,27.591817204301076,-0.44601075268817425
22,2017,4,27.7,35.79,22.43,78.97633333333333,100.66999999999997,19.646,30,30,30,28.20868888888889,-0.5086888888888907
22,2017,5,27.25225806451613,33.77,24.27,87.87129032258065,485.00000000000006,15.811935483870968,31,31,31,27.442193548387095,-0.18993548387096482
22,2017,6,26.397,31.49,23.1,90.70133333333334,275.63,16.63266666666667,30,30,30,26.420955555555555,-0.023955555555556174
22,2017,7,25.52774193548387,30.21,22.29,91.85032258064517,445.0199999999999,15.201612903225806,31,31,31,25.901139784946235,-0.3733978494623642
22,2017,8,25.943870967741937,29.85,22.46,91.16451612903225,273.04999999999995,16.533548387096772,31,31,31,25.77583870967742,0.1680322580645175
22,2017,9,26.326666666666664,31.29,23.21,91.38366666666667,313.40999999999997,17.113333333333333,30,30,30,25.68022222222222,0.6464444444444446
22,2017,10,25.850967741935484,31.01,19.83,90.34387096774194,211.54000000000002,16.86032258064516,31,31,31,25.43632258064516,0.41464516129032347
22,2017,11,24.734333333333332,30.57,18.02,88.86200000000001,81.01,14.196666666666665,30,30,30,24.410966666666663,0.3233666666666686
22,2017,12,23.232903225806453,30.22,11.49,81.67774193548387,13.079999999999998,16.46451612903226,31,31,31,23.316075268817205,-0.08317204301075165
22,2018,1,24.526774193548388,31.79,14.09,80.44096774193548,67.53,16.068709677419356,31,31,31,24.409150537634407,0.11762365591398094
22,2018,2,24.930714285714288,34.37,13.75,74.58964285714285,24.25,18.24892857142857,28,28,28,26.196212643678162,-1.2654983579638746
22,2018,3,26.981612903225805,34.88,18.43,77.6416129032258,112.69000000000001,18.142903225806453,31,31,31,27.591817204301076,-0.6102043010752709
22,2018,4,27.200666666666667,35.18,18.53,80.372,171.35999999999999,18.267,30,30,30,28.20868888888889,-1.0080222222222233
22,2018,5,27.106129032258064,32.98,22.97,85.83870967741936,152.40999999999997,18.135161290322582,31,31,31,27.442193548387095,-0.33606451612903143
22,2018,6,26.301666666666666,31.21,23.19,88.34333333333333,270.84,16.128666666666668,30,30,30,26.420955555555555,-0.11928888888888878
22,2018,7,26.017419354838708,29.9,22.99,89.34290322580645,181.86,14.58290322580645,31,31,31,25.901139784946235,0.11627956989247323
22,2018,8,25.614838709677418,29.85,21.81,88.7158064516129,278.21000000000004,13.49741935483871,31,31,31,25.77583870967742,-0.16100000000000136
22,2018,9,25.869666666666667,31.7,22.21,90.07566666666666,316.90000000000003,16.302333333333333,30,30,30,25.68022222222222,0.1894444444444474
22,2018,10,25.991290322580646,31.51,19.54,89.12258064516129,194.73999999999995,17.951290322580647,31,31,31,25.43632258064516,0.554967741935485
22,2018,11,25.249666666666666,31.29,17.76,84.75133333333333,42.629999999999995,17.754666666666665,30,30,30,24.410966666666663,0.8387000000000029
22,2018,12,25.438709677419357,32.26,18.55,78.91935483870968,21.51,16.988064516129032,31,31,31,23.316075268817205,2.1226344086021527
22,2019,1,25.253548387096775,32.96,16.76,71.3358064516129,2.6,17.84483870967742,31,31,31,24.409150537634407,0.8443978494623678
22,2019,2,27.24285714285714,35.28,21.13,75.01178571428571,10.0,18.735357142857143,28,28,28,26.196212643678162,1.0466444991789778
22,2019,3,27.79806451612903,36.52,20.43,73.78483870967742,77.81,19.705483870967743,31,31,31,27.591817204301076,0.20624731182795486
22,2019,4,28.468999999999998,36.6,24.16,77.997,87.46,20.853666666666665,30,30,30,28.20868888888889,0.2603111111111076
22,2019,5,28.008387096774193,35.9,24.2,83.45709677419354,208.23000000000002,17.483548387096775,31,31,31,27.442193548387095,0.5661935483870977
22,2019,6,27.082666666666668,33.02,23.66,88.37266666666666,327.44,16.187333333333335,30,30,30,26.420955555555555,0.6617111111111136
22,2019,7,26.216129032258067,30.63,22.22,88.3309677419355,292.50999999999993,18.053870967741933,31,31,31,25.901139784946235,0.3149892473118321
22,2019,8,25.997096774193547,30.05,22.48,90.05129032258066,230.01,13.459677419354838,31,31,31,25.77583870967742,0.22125806451612817
22,2019,9,25.824333333333335,31.91,22.74,90.35666666666665,371.66,14.856666666666666,30,30,30,25.68022222222222,0.14411111111111552
22,2019,10,26.2958064516129,32.25,20.97,87.17322580645161,103.4,18.916774193548385,31,31,31,25.43632258064516,0.8594838709677397
22,2019,11,25.075,30.99,18.52,81.88933333333333,28.080000000000002,17.892333333333333,30,30,30,24.410966666666663,0.6640333333333359
22,2019,12,24.01774193548387,32.44,13.42,74.43483870967742,0.8500000000000001,18.989032258064515,31,31,31,23.316075268817205,0.7016666666666644
22,2020,1,26.510645161290324,34.82,18.66,72.61483870967741,15.490000000000002,18.403870967741934,31,31,31,24.409150537634407,2.101494623655917
22,2020,2,26.993793103448276,36.02,19.66,65.51103448275862,16.400000000000002,19.59896551724138,29,29,29,26.196212643678162,0.7975804597701135
22,2020,3,28.622258064516128,38.15,22.65,72.42483870967742,70.62,19.82451612903226,31,31,31,27.591817204301076,1.0304408602150517
22,2020,4,28.243666666666666,37.12,22.58,76.50500000000001,148.78,18.678,30,30,30,28.20868888888889,0.034977777777776
22,2020,5,28.16322580645161,36.04,22.03,83.7116129032258,228.2,18.205806451612904,31,31,31,27.442193548387095,0.7210322580645148
22,2020,6,26.534333333333333,30.99,23.78,90.66733333333333,404.27000000000004,17.01966666666667,30,30,30,26.420955555555555,0.11337777777777802
22,2020,7,26.240967741935485,30.54,22.63,90.45870967741935,253.67,17.94193548387097,31,31,31,25.901139784946235,0.33982795698925017
22,2020,8,26.184838709677418,30.76,23.14,90.58903225806452,284.91,16.213548387096775,31,31,31,25.77583870967742,0.4089999999999989
22,2020,9,26.165333333333333,31.06,23.16,91.74,458.25,15.470333333333334,30,30,30,25.68022222222222,0.48511111111111305
22,2020,10,24.92290322580645,29.86,19.79,91.7358064516129,512.66,14.003225806451614,31,31,31,25.43632258064516,-0.5134193548387103
22,2020,11,24.824,30.98,19.38,87.97666666666667,51.17,16.99833333333333,30,30,30,24.410966666666663,0.41303333333333825
22,2020,12,23.21225806451613,31.0,14.09,82.8141935483871,12.56,17.021612903225805,31,31,31,23.316075268817205,-0.10381720430107322
22,2021,1,23.190322580645162,32.86,12.88,71.90032258064515,0.39999999999999997,18.72967741935484,31,31,31,24.409150537634407,-1.2188279569892444
22,2021,2,26.103928571428572,35.42,17.88,69.57964285714286,49.61999999999999,20.082857142857144,28,28,28,26.196212643678162,-0.09228407224959057
22,2021,3,27.603870967741937,35.51,20.67,77.1541935483871,101.26000000000002,19.44483870967742,31,31,31,27.591817204301076,0.012053763440860621
22,2021,4,27.048000000000002,34.46,23.17,84.80833333333334,240.27999999999997,17.821,30,30,30,28.20868888888889,-1.1606888888888882
22,2021,5,27.181935483870966,32.06,22.78,88.09935483870967,209.55000000000004,18.583225806451615,31,31,31,27.442193548387095,-0.26025806451612965
22,2021,6,26.426333333333332,30.77,22.93,89.60633333333334,268.07000000000005,17.677333333333333,30,30,30,26.420955555555555,0.0053777777777774816
22,2021,7,26.008064516129032,30.57,23.01,91.19483870967741,436.78000000000003,16.924193548387095,31,31,31,25.901139784946235,0.10692473118279722
22,2021,8,26.12741935483871,31.65,22.9,90.83032258064516,399.26,17.123225806451615,31,31,31,25.77583870967742,0.3515806451612917
22,2021,9,25.49866666666667,31.03,21.9,92.48866666666666,558.6099999999999,13.962333333333333,30,30,30,25.68022222222222,-0.18155555555555125
22,2021,10,25.66483870967742,30.58,19.93,91.81032258064516,413.35,14.314516129032258,31,31,31,25.43632258064516,0.2285161290322577
22,2021,11,24.917333333333332,30.74,18.43,88.777,68.14,15.778666666666668,30,30,30,24.410966666666663,0.5063666666666684
22,2021,12,22.56032258064516,29.94,14.46,83.11967741935484,4.92,17.15064516129032,31,31,31,23.316075268817205,-0.7557526881720449
22,2022,1,24.898709677419355,32.42,17.88,77.83870967741936,20.82,18.299677419354836,31,31,31,24.409150537634407,0.4895591397849479
22,2022,2,25.462857142857143,33.97,16.36,79.94392857142857,126.76,17.834642857142857,28,28,28,26.196212643678162,-0.7333555008210197
22,2022,3,27.206774193548387,34.16,21.62,81.82451612903226,102.13,17.848064516129032,31,31,31,27.591817204301076,-0.385043010752689
22,2022,4,27.403666666666666,35.73,17.29,77.29533333333333,99.72999999999999,19.002000000000002,30,30,30,28.20868888888889,-0.8050222222222239
22,2022,5,26.520967741935483,32.67,19.47,86.67774193548388,259.45,15.453548387096774,31,31,31,27.442193548387095,-0.9212258064516128
22,2022,6,26.590666666666667,30.91,23.44,88.684,179.25,17.983999999999998,30,30,30,26.420955555555555,0.1697111111111127
22,2022,7,26.40838709677419,31.33,22.85,89.79354838709678,382.78,14.848064516129034,31,31,31,25.901139784946235,0.5072473118279568
22,2022,8,25.793548387096774,30.5,22.87,91.34903225806453,519.18,14.683870967741935,31,31,31,25.77583870967742,0.017709677419354364
22,2022,9,25.495333333333335,32.19,22.45,92.864,641.16,12.845,30,30,30,25.68022222222222,-0.1848888888888851
22,2022,10,25.02032258064516,30.24,18.36,89.20129032258065,245.72,17.061935483870965,31,31,31,25.43632258064516,-0.41600000000000037
22,2022,11,24.942,30.47,16.8,88.67433333333334,155.07000000000002,15.860666666666667,30,30,30,24.410966666666663,0.5310333333333368
22,2022,12,22.85709677419355,29.64,13.76,81.87258064516129,2.08,17.698387096774194,31,31,31,23.316075268817205,-0.45897849462365414
22,2023,1,23.451612903225808,32.27,14.67,74.43064516129031,5.670000000000001,17.17774193548387,31,31,31,24.409150537634407,-0.9575376344085988
22,2023,2,26.2,34.62,17.93,72.44964285714286,51.47,19.199285714285715,28,28,28,26.196212643678162,0.00378735632183691
22,2023,3,27.614193548387096,36.4,19.25,70.70935483870969,14.66,21.219032258064516,31,31,31,27.591817204301076,0.02237634408601963
22,2023,4,28.871666666666666,37.32,23.08,75.63533333333334,103.37,18.604666666666667,30,30,30,28.20868888888889,0.6629777777777761
22,2023,5,28.254516129032258,36.94,22.93,81.44774193548388,261.84,18.04774193548387,31,31,31,27.442193548387095,0.8123225806451622
22,2023,6,26.886000000000003,31.64,22.57,88.12866666666667,285.54,16.579,30,30,30,26.420955555555555,0.46504444444444815
22,2023,7,26.530967741935484,32.18,23.19,89.57645161290323,386.9200000000001,14.475161290322582,31,31,31,25.901139784946235,0.6298279569892493
22,2023,8,26.660967741935483,31.43,23.34,89.61935483870967,158.76999999999998,17.21225806451613,31,31,31,25.77583870967742,0.8851290322580638
22,2023,9,26.41466666666667,30.98,23.05,91.01,408.4200000000001,14.247666666666667,30,30,30,25.68022222222222,0.7344444444444491
22,2023,10,26.301612903225806,30.82,23.4,91.39451612903225,358.24,15.47,31,31,31,25.43632258064516,0.8652903225806448
22,2023,11,25.19,30.94,17.2,87.16333333333334,60.66,16.868666666666666,30,30,30,24.410966666666663,0.7790333333333379
22,2023,12,25.029999999999998,31.37,15.18,80.4283870967742,7.9799999999999995,17.093225806451613,31,31,31,23.316075268817205,1.713924731182793
22,2024,1,25.96193548387097,33.48,19.1,72.53967741935485,2.27,18.355483870967742,31,31,31,24.409150537634407,1.5527849462365637
22,2024,2,27.661724137931035,36.46,18.88,74.14413793103448,27.54,18.69,29,29,29,26.196212643678162,1.4655114942528726
22,2024,3,28.809677419354838,37.73,22.97,74.22741935483872,58.550000000000004,17.947741935483872,31,31,31,27.591817204301076,1.2178602150537614
22,2024,4,30.771666666666665,39.98,24.59,68.40933333333334,7.35,21.355999999999998,30,30,30,28.20868888888889,2.5629777777777747
22,2024,5,29.003548387096775,39.14,24.4,80.98419354838708,367.73999999999995,17.15741935483871,31,31,31,27.442193548387095,1.5613548387096792
22,2024,6,27.190333333333335,31.89,23.58,88.05466666666666,227.21000000000004,16.233666666666668,30,30,30,26.420955555555555,0.7693777777777804
22,2024,7,26.450967741935486,31.1,23.29,90.62645161290322,559.0499999999998,13.287096774193548,31,31,31,25.901139784946235,0.549827956989251
22,2024,8,26.904193548387095,31.07,23.42,91.34870967741935,359.08,17.121290322580645,31,31,31,25.77583870967742,1.1283548387096758
22,2024,9,26.453666666666667,31.36,22.95,91.28766666666667,348.69999999999993,14.675333333333333,30,30,30,25.68022222222222,0.773444444444447
22,2024,10,26.410967741935483,31.49,21.11,89.7567741935484,214.15000000000003,15.935806451612903,31,31,31,25.43632258064516,0.9746451612903222
22,2024,11,25.361,31.77,17.1,86.42833333333333,46.0,17.563666666666666,30,30,30,24.410966666666663,0.9500333333333373
22,2024,12,23.469032258064516,30.58,15.56,77.79903225806451,2.49,16.77774193548387,31,31,31,23.316075268817205,0.15295698924731127
22,2025,1,23.356451612903225,34.14,13.42,64.9416129032258,0.78,19.280645161290323,31,31,31,24.409150537634407,-1.0526989247311818
22,2025,2,26.816785714285714,36.38,17.1,69.65464285714286,46.88,18.583571428571428,28,28,28,26.196212643678162,0.6205730706075521
22,2025,3,27.760322580645163,36.78,19.2,72.47967741935483,87.51,19.198064516129033,31,31,31,27.591817204301076,0.16850537634408624
22,2025,4,27.925333333333334,36.52,22.67,80.07166666666667,146.04999999999998,18.189666666666668,30,30,30,28.20868888888889,-0.2833555555555556
22,2025,5,27.481935483870966,35.38,23.84,86.55193548387098,429.85,16.491612903225807,31,31,31,27.442193548387095,0.03974193548387106
22,2025,6,26.557333333333336,31.4,22.79,89.51966666666667,276.44000000000005,14.871666666666666,30,30,30,26.420955555555555,0.13637777777778126
22,2025,7,26.47774193548387,30.63,22.92,90.45967741935483,299.24999999999994,14.97709677419355,31,31,31,25.901139784946235,0.5766021505376351
22,2025,8,26.2241935483871,31.82,22.3,89.46612903225805,338.03,16.088709677419356,31,31,31,25.77583870967742,0.4483548387096796
22,2025,9,25.897,31.09,23.57,92.422,567.9399999999999,14.063333333333333,30,30,30,25.68022222222222,0.21677777777777862
22,2025,10,25.903225806451612,31.32,20.67,89.45677419354838,247.16000000000003,16.11032258064516,31,31,31,25.43632258064516,0.46690322580645116
22,2025,11,23.578333333333333,30.74,13.65,85.89,93.1,14.955333333333334,30,30,30,24.410966666666663,-0.8326333333333302
22,2025,12,23.718064516129033,30.39,16.91,79.9941935483871,7.930000000000001,17.476451612903226,31,31,31,23.316075268817205,0.4019892473118283
22,2026,1,23.323870967741936,33.25,12.88,69.15451612903226,3.0700000000000003,18.34903225806452,31,31,31,24.409150537634407,-1.0852795698924709
22,2026,2,27.304285714285715,35.95,18.41,70.64571428571428,32.7,18.584285714285716,28,28,28,26.196212643678162,1.1080730706075528
22,2026,3,28.307741935483868,37.11,22.43,69.71516129032258,43.96999999999999,20.940645161290323,31,31,31,27.591817204301076,0.7159247311827919
22,2026,4,29.362666666666666,37.48,22.4,70.141,31.33,20.185,30,30,30,28.20868888888889,1.1539777777777758
22,2026,5,28.175161290322578,35.51,24.56,82.14935483870968,242.71999999999997,16.532258064516128,31,31,31,27.442193548387095,0.7329677419354823
22,2026,6,27.188,32.21,23.71,87.036,253.76,16.61133333333333,30,30,30,26.420955555555555,0.7670444444444442
22,2026,7,26.681290322580644,31.27,22.74,88.40677419354839,533.85,14.263548387096774,31,31,31,25.901139784946235,0.7801505376344089
22,2026,8,26.434838709677418,30.42,23.24,90.53451612903227,283.09000000000003,12.458709677419353,31,31,31,25.77583870967742,0.6589999999999989
22,2026,9,26.395454545454548,31.27,21.63,88.54227272727273,217.52,14.0335,22,22,30,25.68022222222222,0.7152323232323283
33,1981,1,23.92774193548387,36.1,11.49,56.7383870967742,0.02,,31,31,31,25.266602150537633,-1.3388602150537636
33,1981,2,28.27285714285714,39.7,18.75,48.106785714285714,25.13,,28,28,28,27.849703201970442,0.42315394088669933
33,1981,3,31.461935483870967,41.56,21.89,43.18774193548387,9.969999999999999,,31,31,31,30.381107526881717,1.0808279569892498
33,1981,4,30.671666666666667,39.52,23.42,57.82,88.61000000000001,,30,30,30,30.805333333333333,-0.1336666666666666
33,1981,5,28.97290322580645,38.29,20.99,70.27193548387096,168.98999999999998,,31,31,31,28.913043010752688,0.05986021505376371
33,1981,6,26.735,33.77,22.64,84.31633333333333,220.54999999999998,,30,30,30,27.222577777777776,-0.48757777777777633
33,1981,7,25.955483870967743,30.73,22.76,88.65741935483871,301.67999999999995,,31,31,31,26.49031182795699,-0.5348279569892469
33,1981,8,25.741935483870968,30.28,22.22,89.4158064516129,196.87,,31,31,31,26.2825376344086,-0.5406021505376337
33,1981,9,26.328,32.01,22.38,85.913,115.84,,30,30,30,26.144877777777776,0.18312222222222374
33,1981,10,25.346451612903227,32.0,17.79,86.44903225806452,116.97999999999999,,31,31,31,25.471301075268816,-0.12484946236558869
33,1981,11,24.246,32.4,14.31,81.909,47.13999999999999,,30,30,30,24.453944444444446,-0.20794444444444693
33,1981,12,22.06,34.91,11.17,65.31774193548387,0.06999999999999999,,31,31,31,23.94061290322581,-1.8806129032258099
33,1982,1,24.39774193548387,35.43,14.44,53.759354838709676,0.3,,31,31,31,25.266602150537633,-0.8688602150537612
33,1982,2,28.742142857142856,39.66,16.09,48.732142857142854,10.399999999999999,,28,28,28,27.849703201970442,0.8924396551724136
33,1982,3,32.45935483870968,42.37,24.09,39.83064516129032,8.34,,31,31,31,30.381107526881717,2.078247311827962
33,1982,4,30.939,40.91,19.51,50.413333333333334,50.239999999999995,,30,30,30,30.805333333333333,0.1336666666666666
33,1982,5,31.09,41.17,23.03,58.77967741935484,101.41,,31,31,31,28.913043010752688,2.176956989247312
33,1982,6,27.750666666666667,38.35,22.72,77.46033333333334,220.02999999999997,,30,30,30,27.222577777777776,0.5280888888888917
33,1982,7,26.278387096774193,32.4,22.18,85.1467741935484,186.54999999999998,,31,31,31,26.49031182795699,-0.21192473118279764
33,1982,8,25.844838709677422,30.41,22.27,87.68161290322581,225.66,,31,31,31,26.2825376344086,-0.4376989247311798
33,1982,9,25.295666666666666,31.08,20.91,89.49233333333333,376.21,,30,30,30,26.144877777777776,-0.84921111111111
33,1982,10,25.551935483870967,31.06,20.12,85.20129032258065,103.30000000000001,,31,31,31,25.471301075268816,0.0806344086021511
33,1982,11,24.897333333333332,31.23,16.89,83.39699999999999,27.939999999999998,,30,30,30,24.453944444444446,0.4433888888888866
33,1982,12,21.39,32.36,9.62,66.01741935483871,1.5300000000000002,,31,31,31,23.94061290322581,-2.550612903225808
33,1983,1,23.663870967741936,36.82,10.64,56.905806451612904,1.7200000000000002,,31,31,31,25.266602150537633,-1.6027311827956972
33,1983,2,29.81,38.22,17.89,42.31357142857143,2.17,,28,28,28,27.849703201970442,1.9602967980295567
33,1983,3,31.93064516129032,41.98,17.57,39.46741935483871,1.76,,31,31,31,30.381107526881717,1.5495376344086047
33,1983,4,33.80166666666666,43.92,25.67,43.66466666666667,48.99,,30,30,30,30.805333333333333,2.996333333333329
33,1983,5,29.390645161290323,39.36,23.68,69.91774193548386,172.58,,31,31,31,28.913043010752688,0.4776021505376349
33,1983,6,27.486333333333334,34.61,22.72,81.00966666666666,259.96000000000004,,30,30,30,27.222577777777776,0.26375555555555863
33,1983,7,26.529677419354837,31.52,23.19,86.98451612903226,158.64000000000001,,31,31,31,26.49031182795699,0.039365591397846345
33,1983,8,26.226451612903226,31.98,22.55,88.34258064516129,267.11,,31,31,31,26.2825376344086,-0.05608602150537578
33,1983,9,26.16866666666667,31.16,22.15,86.71766666666667,199.92,,30,30,30,26.144877777777776,0.023788888888894633
33,1983,10,25.14516129032258,30.82,18.1,88.6241935483871,221.6,,31,31,31,25.471301075268816,-0.3261397849462355
33,1983,11,22.112000000000002,30.48,11.08,82.28466666666667,13.239999999999998,,30,30,30,24.453944444444446,-2.3419444444444437
33,1983,12,22.471612903225807,32.14,11.93,68.65225806451612,1.1300000000000001,,31,31,31,23.94061290322581,-1.4690000000000012
33,1984,1,23.335806451612903,35.63,11.02,56.63354838709678,6.629999999999999,19.37709677419355,31,31,31,25.266602150537633,-1.9307956989247295
33,1984,2,28.646896551724137,39.54,13.73,44.10413793103448,3.6199999999999997,21.812758620689657,29,29,29,27.849703201970442,0.7971933497536945
33,1984,3,30.07677419354839,41.74,15.25,48.71322580645161,56.88,21.856451612903225,31,31,31,30.381107526881717,-0.3043333333333287
33,1984,4,30.797,40.95,23.39,59.483333333333334,107.55,20.096999999999998,30,30,30,30.805333333333333,-0.00833333333333286
33,1984,5,27.539677419354838,35.78,20.35,77.88225806451612,197.29999999999998,21.749354838709678,31,31,31,28.913043010752688,-1.3733655913978495
33,1984,6,26.605,32.09,22.76,85.172,172.34,18.71966666666667,30,30,30,27.222577777777776,-0.6175777777777753
33,1984,7,26.409032258064514,32.67,21.43,83.66451612903225,159.48,16.97483870967742,31,31,31,26.49031182795699,-0.08127956989247664
33,1984,8,25.99451612903226,33.5,22.31,86.05903225806452,334.81000000000006,16.816451612903226,31,31,31,26.2825376344086,-0.2880215053763422
33,1984,9,25.884333333333334,31.13,21.56,86.10966666666667,305.88,18.513666666666666,30,30,30,26.144877777777776,-0.2605444444444416
33,1984,10,24.445806451612903,30.58,17.27,87.29129032258064,183.56,17.924838709677417,31,31,31,25.471301075268816,-1.0254946236559128
33,1984,11,23.174,30.33,15.42,85.00033333333334,20.77,18.269000000000002,30,30,30,24.453944444444446,-1.279944444444446
33,1984,12,22.489032258064515,32.88,12.19,72.23354838709676,0.02,18.88064516129032,31,31,31,23.94061290322581,-1.4515806451612931
33,1985,1,24.34,35.87,15.27,61.115161290322575,9.79,21.03,31,31,31,25.266602150537633,-0.926602150537633
33,1985,2,29.736785714285713,38.79,16.54,50.580357142857146,56.540000000000006,22.063214285714285,28,28,28,27.849703201970442,1.8870825123152706
33,1985,3,28.62290322580645,39.3,16.34,55.58032258064516,19.93,22.11032258064516,31,31,31,30.381107526881717,-1.758204301075267
33,1985,4,30.16433333333333,42.18,20.05,58.93666666666666,143.63,20.851666666666667,30,30,30,30.805333333333333,-0.6410000000000018
33,1985,5,27.77225806451613,35.61,22.06,78.01806451612903,180.82000000000005,21.681935483870966,31,31,31,28.913043010752688,-1.1407849462365576
33,1985,6,26.147666666666666,31.6,22.53,87.22766666666666,217.81999999999996,18.532666666666668,30,30,30,27.222577777777776,-1.0749111111111098
33,1985,7,25.68354838709677,30.64,22.11,86.5009677419355,135.16000000000003,20.658709677419353,31,31,31,26.49031182795699,-0.8067634408602196
33,1985,8,25.84193548387097,31.0,22.57,88.42903225806452,252.06,18.403548387096773,31,31,31,26.2825376344086,-0.4406021505376323
33,1985,9,25.82766666666667,30.72,21.28,87.26566666666666,277.27,19.525,30,30,30,26.144877777777776,-0.31721111111110645
33,1985,10,25.034193548387094,30.58,17.53,84.85935483870968,113.49000000000002,19.44741935483871,31,31,31,25.471301075268816,-0.4371075268817215
33,1985,11,24.708333333333332,32.07,16.82,83.08566666666667,28.77,19.06833333333333,30,30,30,24.453944444444446,0.25438888888888656
33,1985,12,23.07677419354839,34.05,11.05,66.17903225806452,0.02,19.442903225806454,31,31,31,23.94061290322581,-0.8638387096774203
33,1986,1,23.549354838709675,36.2,11.28,53.480000000000004,0.0,21.280645161290323,31,31,31,25.266602150537633,-1.7172473118279576
33,1986,2,28.543928571428573,38.93,16.83,40.99821428571429,0.02,22.43392857142857,28,28,28,27.849703201970442,0.6942253694581311
33,1986,3,30.220322580645163,42.06,11.69,41.92903225806452,18.769999999999996,23.26774193548387,31,31,31,30.381107526881717,-0.1607849462365536
33,1986,4,30.448,39.97,24.31,58.553,86.85000000000002,22.034666666666666,30,30,30,30.805333333333333,-0.35733333333333306
33,1986,5,27.57225806451613,36.77,23.51,79.12258064516129,181.82000000000002,20.88258064516129,31,31,31,28.913043010752688,-1.3407849462365569
33,1986,6,27.179,34.22,22.75,81.46900000000001,149.19,21.147666666666666,30,30,30,27.222577777777776,-0.04357777777777727
33,1986,7,26.253870967741936,32.82,21.23,84.49838709677418,234.48000000000002,19.675483870967742,31,31,31,26.49031182795699,-0.23644086021505473
33,1986,8,25.790967741935482,31.01,22.2,89.73290322580644,390.13,17.151290322580646,31,31,31,26.2825376344086,-0.49156989247311955
33,1986,9,25.77466666666667,30.75,20.09,87.319,223.39000000000004,18.220333333333333,30,30,30,26.144877777777776,-0.37021111111110727
33,1986,10,25.39,30.76,18.45,87.11290322580645,179.59000000000003,18.889032258064514,31,31,31,25.471301075268816,-0.08130107526881503
33,1986,11,22.778000000000002,30.11,14.28,84.497,17.46,19.17,30,30,30,24.453944444444446,-1.6759444444444433
33,1986,12,22.873870967741937,33.78,13.7,74.10548387096775,3.52,18.59225806451613,31,31,31,23.94061290322581,-1.066741935483872
33,1987,1,24.801290322580645,35.65,14.78,58.37451612903225,0.01,20.905806451612904,31,31,31,25.266602150537633,-0.4653118279569881
33,1987,2,28.052142857142858,38.73,15.41,44.63,2.8,22.31142857142857,28,28,28,27.849703201970442,0.2024396551724159
33,1987,3,31.258387096774193,41.47,20.15,45.009354838709676,17.04,21.909354838709678,31,31,31,30.381107526881717,0.877279569892476
33,1987,4,31.129666666666665,40.26,24.15,54.858666666666664,53.53,22.252666666666666,30,30,30,30.805333333333333,0.3243333333333318
33,1987,5,30.536129032258064,39.4,23.52,62.296129032258065,115.72999999999999,22.093225806451613,31,31,31,28.913043010752688,1.623086021505376
33,1987,6,27.539666666666665,34.51,23.21,82.01566666666666,251.51,20.511666666666667,30,30,30,27.222577777777776,0.31708888888888964
33,1987,7,26.20741935483871,31.36,22.37,87.18354838709678,272.84,19.12,31,31,31,26.49031182795699,-0.2828924731182809
33,1987,8,26.47258064516129,32.45,22.09,86.99774193548386,219.89999999999998,18.615161290322582,31,31,31,26.2825376344086,0.1900430107526887
33,1987,9,26.33533333333333,31.04,22.56,87.454,345.17,17.34733333333333,30,30,30,26.144877777777776,0.19045555555555538
33,1987,10,26.068387096774195,31.56,17.13,85.28483870967742,79.33,19.42322580645161,31,31,31,25.471301075268816,0.5970860215053797
33,1987,11,24.861666666666668,31.52,14.25,85.15100000000001,33.349999999999994,17.497,30,30,30,24.453944444444446,0.40772222222222254
33,1987,12,21.32677419354839,34.15,10.63,67.58258064516129,0.0,19.483870967741936,31,31,31,23.94061290322581,-2.6138387096774203
33,1988,1,26.800967741935484,38.75,14.93,52.58129032258064,0.04,20.109354838709677,31,31,31,25.266602150537633,1.534365591397851
33,1988,2,29.5,39.88,18.08,45.84172413793104,19.279999999999998,21.97344827586207,29,29,29,27.849703201970442,1.650296798029558
33,1988,3,32.19774193548387,42.38,18.09,42.92935483870968,10.440000000000001,22.250967741935483,31,31,31,30.381107526881717,1.8166344086021518
33,1988,4,30.758666666666667,40.04,21.39,57.61066666666667,90.67999999999999,20.161,30,30,30,30.805333333333333,-0.046666666666666856
33,1988,5,28.102903225806454,36.5,22.94,80.05000000000001,232.70000000000005,20.039354838709677,31,31,31,28.913043010752688,-0.8101397849462337
33,1988,6,26.549666666666667,31.56,22.76,88.42699999999999,329.06,20.216333333333335,30,30,30,27.222577777777776,-0.6729111111111088
33,1988,7,26.77806451612903,31.46,22.93,86.98516129032258,97.55,20.326451612903227,31,31,31,26.49031182795699,0.28775268817204136
33,1988,8,26.615161290322582,31.39,22.81,86.71548387096773,119.57000000000001,18.409032258064514,31,31,31,26.2825376344086,0.3326236559139808
33,1988,9,26.728,31.86,22.04,85.11166666666666,240.21999999999997,20.233666666666668,30,30,30,26.144877777777776,0.5831222222222259
33,1988,10,24.799032258064514,31.25,14.41,87.03709677419356,159.6,16.269032258064517,31,31,31,25.471301075268816,-0.6722688172043014
33,1988,11,22.654999999999998,32.23,14.49,78.176,0.9500000000000001,18.374000000000002,30,30,30,24.453944444444446,-1.798944444444448
33,1988,12,23.306774193548385,33.64,13.19,61.88,0.0,19.220645161290324,31,31,31,23.94061290322581,-0.6338387096774234
33,1989,1,27.15258064516129,38.23,15.18,49.99709677419355,0.25,20.111290322580647,31,31,31,25.266602150537633,1.8859784946236573
33,1989,2,28.01107142857143,39.46,15.32,40.824285714285715,0.1,22.98428571428571,28,28,28,27.849703201970442,0.16136822660098815
33,1989,3,28.90290322580645,39.59,17.42,50.90903225806452,49.519999999999996,20.138387096774192,31,31,31,30.381107526881717,-1.478204301075266
33,1989,4,30.982000000000003,42.43,22.94,57.55133333333333,53.94999999999999,20.646333333333335,30,30,30,30.805333333333333,0.17666666666666941
33,1989,5,29.33225806451613,38.96,23.35,69.54161290322581,165.31999999999996,20.686774193548384,31,31,31,28.913043010752688,0.41921505376344115
33,1989,6,26.75,32.39,22.65,82.99666666666667,162.89999999999998,19.49866666666667,30,30,30,27.222577777777776,-0.47257777777777576
33,1989,7,26.208709677419357,31.64,22.33,87.46354838709676,300.65000000000003,18.76516129032258,31,31,31,26.49031182795699,-0.2816021505376334
33,1989,8,26.018387096774195,30.36,22.26,89.33806451612904,256.61,18.444193548387098,31,31,31,26.2825376344086,-0.2641505376344071
33,1989,9,25.990333333333336,31.79,21.48,87.59233333333333,195.87,18.244666666666667,30,30,30,26.144877777777776,-0.15454444444443993
33,1989,10,25.226129032258065,30.95,16.41,86.00161290322582,120.66000000000001,19.31709677419355,31,31,31,25.471301075268816,-0.24517204301075068
33,1989,11,24.012,31.42,15.02,77.66366666666666,7.34,20.259999999999998,30,30,30,24.453944444444446,-0.44194444444444514
33,1989,12,23.879032258064516,35.31,13.77,60.87612903225807,0.04,20.07032258064516,31,31,31,23.94061290322581,-0.06158064516129258
33,1990,1,27.003225806451614,37.51,14.47,49.69903225806452,1.37,20.44483870967742,31,31,31,25.266602150537633,1.7366236559139807
33,1990,2,28.16,37.38,15.74,51.205,42.1,21.707142857142856,28,28,28,27.849703201970442,0.3102967980295581
33,1990,3,28.764193548387098,39.81,19.68,59.78064516129032,71.14000000000001,19.248387096774195,31,31,31,30.381107526881717,-1.616913978494619
33,1990,4,32.10733333333334,41.8,24.05,50.77433333333333,35.71999999999999,21.17,30,30,30,30.805333333333333,1.3020000000000032
33,1990,5,29.72483870967742,40.52,21.98,67.60354838709678,174.86000000000004,19.95193548387097,31,31,31,28.913043010752688,0.8117956989247332
33,1990,6,27.041666666666668,33.95,22.55,84.08033333333333,243.77999999999997,18.478333333333335,30,30,30,27.222577777777776,-0.18091111111110791
33,1990,7,26.149032258064516,30.67,22.73,87.92806451612903,331.96000000000004,19.241290322580646,31,31,31,26.49031182795699,-0.34127956989247465
33,1990,8,25.990967741935485,31.04,21.83,89.68903225806451,191.98000000000002,17.881612903225808,31,31,31,26.2825376344086,-0.2915698924731167
33,1990,9,26.221666666666668,30.6,22.65,88.93633333333334,299.31,18.094,30,30,30,26.144877777777776,0.0767888888888919
33,1990,10,25.36064516129032,30.93,18.71,88.44548387096773,147.57999999999998,18.129677419354838,31,31,31,25.471301075268816,-0.11065591397849417
33,1990,11,23.839333333333332,31.28,14.77,84.89366666666666,35.3,18.662333333333333,30,30,30,24.453944444444446,-0.6146111111111132
33,1990,12,23.208709677419357,34.3,12.1,72.39741935483872,0.04,19.66483870967742,31,31,31,23.94061290322581,-0.7319032258064517
33,1991,1,26.562580645161287,36.58,17.46,56.84193548387096,0.04,20.548387096774192,31,31,31,25.266602150537633,1.2959784946236539
33,1991,2,28.208571428571428,39.52,16.22,44.63642857142857,0.37,22.314285714285713,28,28,28,27.849703201970442,0.35886822660098616
33,1991,3,32.61258064516129,41.27,21.64,41.50290322580645,5.91,22.067419354838712,31,31,31,30.381107526881717,2.2314731182795704
33,1991,4,31.907333333333334,42.18,18.19,50.22633333333333,48.26000000000001,21.479,30,30,30,30.805333333333333,1.1020000000000003
33,1991,5,30.206129032258065,38.39,23.59,65.22709677419354,127.42000000000002,21.95741935483871,31,31,31,28.913043010752688,1.2930860215053777
33,1991,6,27.401333333333334,34.04,22.43,80.66266666666667,205.5,19.00433333333333,30,30,30,27.222577777777776,0.17875555555555778
33,1991,7,26.64,31.97,22.64,85.88645161290323,143.09,17.386774193548387,31,31,31,26.49031182795699,0.14968817204301033
33,1991,8,26.10709677419355,30.59,22.67,89.15741935483871,368.06,16.552258064516128,31,31,31,26.2825376344086,-0.17544086021505123
33,1991,9,26.441666666666666,31.8,22.06,87.981,249.10000000000002,16.920666666666666,30,30,30,26.144877777777776,0.29678888888889077
33,1991,10,24.791935483870965,30.96,14.57,88.12677419354839,160.53999999999996,17.199354838709677,31,31,31,25.471301075268816,-0.6793655913978505
33,1991,11,22.688666666666666,30.87,13.66,83.88066666666667,0.8800000000000001,20.134333333333334,30,30,30,24.453944444444446,-1.7652777777777793
33,1991,12,23.659354838709678,34.07,14.17,70.87225806451613,2.1499999999999995,18.778387096774193,31,31,31,23.94061290322581,-0.28125806451613045
33,1992,1,23.355483870967742,34.86,11.6,63.32258064516129,22.259999999999998,19.501290322580644,31,31,31,25.266602150537633,-1.9111182795698909
33,1992,2,27.61344827586207,37.32,17.46,54.83586206896552,22.52,20.885517241379308,29,29,29,27.849703201970442,-0.23625492610837284
33,1992,3,32.07387096774193,41.88,19.09,41.01096774193548,3.0199999999999996,21.72290322580645,31,31,31,30.381107526881717,1.6927634408602152
33,1992,4,33.478,42.98,23.8,43.17066666666667,29.590000000000003,20.910333333333334,30,30,30,30.805333333333333,2.672666666666668
33,1992,5,29.84741935483871,39.76,24.09,68.31935483870969,170.0,22.720322580645163,31,31,31,28.913043010752688,0.9343763440860222
33,1992,6,27.075666666666667,34.87,22.63,84.91966666666667,252.46000000000004,18.81566666666667,30,30,30,27.222577777777776,-0.146911111111109
33,1992,7,26.462903225806453,31.48,22.26,86.29322580645162,240.81,18.42258064516129,31,31,31,26.49031182795699,-0.027408602150536865
33,1992,8,26.320967741935487,30.91,22.55,88.58870967741936,287.57000000000005,16.430967741935483,31,31,31,26.2825376344086,0.03843010752688514
33,1992,9,25.951,30.31,22.75,89.64466666666667,230.86,18.086666666666666,30,30,30,26.144877777777776,-0.19387777777777515
33,1992,10,24.279354838709676,30.93,17.6,86.47290322580645,88.0,18.00709677419355,31,31,31,25.471301075268816,-1.19194623655914
33,1992,11,22.483999999999998,31.86,12.29,78.24933333333334,0.08,19.747666666666664,30,30,30,24.453944444444446,-1.9699444444444474
33,1992,12,24.608709677419355,34.28,11.6,66.80129032258066,5.409999999999999,18.266451612903225,31,31,31,23.94061290322581,0.6680967741935468
33,1993,1,24.175806451612903,35.87,10.93,55.5441935483871,1.1600000000000001,19.139032258064514,31,31,31,25.266602150537633,-1.0907956989247296
33,1993,2,27.333214285714288,38.78,14.19,44.865,2.73,21.889642857142857,28,28,28,27.849703201970442,-0.5164889162561543
33,1993,3,28.93064516129032,39.57,19.8,55.407419354838716,67.24000000000001,20.46548387096774,31,31,31,30.381107526881717,-1.4504623655913953
33,1993,4,30.148000000000003,39.47,21.6,60.63933333333333,74.19000000000001,21.332666666666668,30,30,30,30.805333333333333,-0.6573333333333302
33,1993,5,29.38258064516129,39.89,23.0,70.17903225806452,189.96999999999997,22.068387096774195,31,31,31,28.913043010752688,0.46953763440860286
33,1993,6,27.398666666666667,33.53,23.7,82.95366666666668,152.6,20.206333333333337,30,30,30,27.222577777777776,0.1760888888888914
33,1993,7,26.776129032258066,32.42,23.03,85.81032258064516,177.54,19.963225806451614,31,31,31,26.49031182795699,0.2858172043010754
33,1993,8,25.885161290322582,31.17,22.27,88.31548387096775,185.89,17.71483870967742,31,31,31,26.2825376344086,-0.39737634408601963
33,1993,9,26.105666666666664,31.32,21.97,87.73633333333333,204.5,17.215333333333334,30,30,30,26.144877777777776,-0.03921111111111131
33,1993,10,25.21709677419355,32.1,17.48,83.56806451612904,40.989999999999995,19.63258064516129,31,31,31,25.471301075268816,-0.2542043010752657
33,1993,11,25.58533333333333,34.96,15.78,67.257,0.8300000000000001,18.87066666666667,30,30,30,24.453944444444446,1.1313888888888854
33,1993,12,23.34774193548387,35.79,12.02,61.976129032258065,4.25,17.713225806451614,31,31,31,23.94061290322581,-0.5928709677419377
33,1994,1,26.133225806451613,37.74,12.97,50.87387096774193,0.01,20.128064516129033,31,31,31,25.266602150537633,0.8666236559139797
33,1994,2,29.1175,38.31,18.74,54.51571428571429,52.43,21.33642857142857,28,28,28,27.849703201970442,1.2677967980295577
33,1994,3,28.51967741935484,39.57,17.03,56.32,56.18,19.58225806451613,31,31,31,30.381107526881717,-1.8614301075268784
33,1994,4,31.015666666666668,41.53,23.62,58.42666666666666,63.580000000000005,22.344,30,30,30,30.805333333333333,0.2103333333333346
33,1994,5,28.840645161290325,40.88,22.76,74.9016129032258,235.86999999999998,21.69709677419355,31,31,31,28.913043010752688,-0.07239784946236227
33,1994,6,26.256333333333334,30.86,23.41,88.91433333333333,265.34999999999997,17.587666666666667,30,30,30,27.222577777777776,-0.9662444444444418
33,1994,7,26.20483870967742,31.04,23.18,88.60806451612903,136.49,17.42967741935484,31,31,31,26.49031182795699,-0.2854731182795689
33,1994,8,26.0258064516129,31.05,22.51,89.00258064516129,337.58,17.75032258064516,31,31,31,26.2825376344086,-0.2567311827957006
33,1994,9,25.825666666666667,30.83,21.38,90.19966666666667,303.08000000000004,16.689333333333334,30,30,30,26.144877777777776,-0.3192111111111089
33,1994,10,24.280967741935484,30.91,13.3,86.34516129032258,73.03999999999999,20.057741935483868,31,31,31,25.471301075268816,-1.1903333333333315
33,1994,11,23.791,33.19,14.89,80.31133333333334,2.57,20.552333333333333,30,30,30,24.453944444444446,-0.6629444444444452
33,1994,12,25.136451612903226,34.12,15.42,65.94,1.28,18.630967741935486,31,31,31,23.94061290322581,1.1958387096774175
33,1995,1,24.81064516129032,36.12,10.79,54.41967741935484,1.3,20.600645161290323,31,31,31,25.266602150537633,-0.4559569892473121
33,1995,2,27.500357142857144,38.7,12.43,47.112857142857145,4.1,22.153214285714284,28,28,28,27.849703201970442,-0.34934605911329797
33,1995,3,30.36,40.88,17.76,46.710967741935484,31.25,21.45225806451613,31,31,31,30.381107526881717,-0.021107526881717575
33,1995,4,31.878,40.72,24.03,53.550333333333334,31.889999999999997,20.834666666666667,30,30,30,30.805333333333333,1.0726666666666667
33,1995,5,29.205161290322582,38.25,23.48,70.48612903225806,187.82,21.794193548387096,31,31,31,28.913043010752688,0.29211827956989467
33,1995,6,27.276999999999997,32.75,23.84,84.44033333333333,188.53000000000003,20.890333333333334,30,30,30,27.222577777777776,0.054422222222221706
33,1995,7,26.24451612903226,30.99,23.02,88.22096774193548,285.72,19.309677419354838,31,31,31,26.49031182795699,-0.24579569892473074
33,1995,8,26.489032258064515,31.29,23.22,88.47967741935483,167.26,17.903225806451612,31,31,31,26.2825376344086,0.20649462365591376
33,1995,9,26.329333333333334,31.46,21.42,87.87866666666667,214.06999999999996,16.939,30,30,30,26.144877777777776,0.1844555555555587
33,1995,10,25.703548387096774,31.01,18.9,86.94870967741934,134.80999999999997,17.648387096774194,31,31,31,25.471301075268816,0.2322473118279582
33,1995,11,23.735333333333333,32.58,14.23,80.48466666666667,27.38,18.148666666666667,30,30,30,24.453944444444446,-0.7186111111111124
33,1995,12,22.90806451612903,34.48,11.41,65.58258064516129,0.13,18.243548387096773,31,31,31,23.94061290322581,-1.032548387096778
33,1996,1,25.772903225806452,36.66,11.25,53.493870967741934,0.78,19.352903225806454,31,31,31,25.266602150537633,0.5063010752688193
33,1996,2,26.175862068965518,39.12,13.43,49.40034482758621,2.76,20.29241379310345,29,29,29,27.849703201970442,-1.6738411330049239
33,1996,3,30.510967741935485,41.78,15.35,45.36774193548387,29.040000000000003,21.498064516129034,31,31,31,30.381107526881717,0.12986021505376755
33,1996,4,29.512,41.46,20.12,62.368,130.92000000000002,19.883333333333333,30,30,30,30.805333333333333,-1.293333333333333
33,1996,5,27.65096774193548,33.22,23.25,80.9258064516129,157.19,20.07967741935484,31,31,31,28.913043010752688,-1.262075268817206
33,1996,6,26.919666666666668,31.99,22.7,85.86933333333333,226.56,20.031,30,30,30,27.222577777777776,-0.3029111111111078
33,1996,7,26.411612903225805,31.15,23.11,86.69290322580645,121.96,18.23032258064516,31,31,31,26.49031182795699,-0.07869892473118512
33,1996,8,26.39,31.38,22.43,87.13096774193548,206.81,18.427096774193547,31,31,31,26.2825376344086,0.10746236559139888
33,1996,9,26.157333333333334,31.02,22.65,88.578,389.90999999999997,15.377,30,30,30,26.144877777777776,0.012455555555558107
33,1996,10,25.340645161290325,30.5,18.84,88.19,114.32999999999998,17.861612903225808,31,31,31,25.471301075268816,-0.1306559139784902
33,1996,11,24.078333333333333,30.02,15.19,86.182,96.35000000000001,17.16166666666667,30,30,30,24.453944444444446,-0.37561111111111245
33,1996,12,22.03838709677419,30.84,12.98,75.37612903225806,0.01,17.856129032258064,31,31,31,23.94061290322581,-1.902225806451618
33,1997,1,24.21483870967742,34.95,12.7,59.597096774193545,0.81,19.413870967741936,31,31,31,25.266602150537633,-1.0517634408602134
33,1997,2,26.837142857142855,36.95,16.54,58.205,12.28,18.33535714285714,28,28,28,27.849703201970442,-1.0125603448275875
33,1997,3,30.42064516129032,40.26,17.77,45.339354838709674,42.64000000000001,21.32903225806452,31,31,31,30.381107526881717,0.03953763440860314
33,1997,4,29.638333333333332,37.95,21.67,61.660999999999994,103.65,21.531000000000002,30,30,30,30.805333333333333,-1.1670000000000016
33,1997,5,29.02064516129032,39.86,23.15,71.5009677419355,194.52,21.125806451612902,31,31,31,28.913043010752688,0.10760215053763389
33,1997,6,27.351,34.22,23.24,82.181,238.98999999999998,20.281,30,30,30,27.222577777777776,0.12842222222222333
33,1997,7,26.133225806451613,30.39,23.49,90.48387096774194,365.51,17.800322580645158,31,31,31,26.49031182795699,-0.3570860215053777
33,1997,8,26.013548387096773,30.61,23.36,90.7416129032258,258.20000000000005,18.909354838709678,31,31,31,26.2825376344086,-0.26898924731182916
33,1997,9,26.130333333333333,31.9,18.51,86.33733333333333,160.61999999999995,17.937333333333335,30,30,30,26.144877777777776,-0.014544444444442917
33,1997,10,26.07161290322581,32.36,17.76,84.7341935483871,106.47999999999999,17.94709677419355,31,31,31,25.471301075268816,0.6003118279569932
33,1997,11,25.517333333333333,35.21,16.69,76.45933333333333,0.37,19.180666666666664,30,30,30,24.453944444444446,1.0633888888888876
33,1997,12,26.279999999999998,36.57,15.77,60.47451612903226,0.03,19.68903225806452,31,31,31,23.94061290322581,2.339387096774189
33,1998,1,28.196129032258067,37.99,17.42,48.189677419354844,1.27,19.88774193548387,31,31,31,25.266602150537633,2.9295268817204345
33,1998,2,30.21642857142857,40.89,17.95,48.81392857142857,27.54,19.794642857142858,28,28,28,27.849703201970442,2.366725369458127
33,1998,3,32.58483870967742,42.37,22.46,40.97354838709678,7.069999999999999,22.478709677419356,31,31,31,30.381107526881717,2.2037311827957033
33,1998,4,33.05566666666667,43.64,23.94,48.529333333333334,71.53,20.963666666666665,30,30,30,30.805333333333333,2.2503333333333337
33,1998,5,31.311290322580643,40.77,24.57,64.10645161290323,172.11,21.66483870967742,31,31,31,28.913043010752688,2.398247311827955
33,1998,6,28.269000000000002,34.53,23.7,82.184,230.14999999999998,20.913999999999998,30,30,30,27.222577777777776,1.0464222222222261
33,1998,7,27.28,32.82,23.48,85.92903225806452,107.08999999999999,20.95709677419355,31,31,31,26.49031182795699,0.7896881720430109
33,1998,8,27.220000000000002,31.98,23.25,85.33290322580646,195.56,19.493225806451612,31,31,31,26.2825376344086,0.9374623655914007
33,1998,9,26.546,31.75,21.94,87.30466666666666,216.04,16.936333333333334,30,30,30,26.144877777777776,0.4011222222222237
33,1998,10,25.773225806451613,32.11,17.84,84.40870967741935,106.66000000000001,18.803870967741933,31,31,31,25.471301075268816,0.3019247311827975
33,1998,11,24.885333333333335,34.38,16.61,79.194,87.11000000000001,16.086,30,30,30,24.453944444444446,0.4313888888888897
33,1998,12,23.70967741935484,33.35,14.86,70.72451612903225,2.85,17.112903225806452,31,31,31,23.94061290322581,-0.23093548387096874
33,1999,1,25.029677419354837,37.23,13.82,60.622580645161285,5.52,18.240645161290324,31,31,31,25.266602150537633,-0.23692473118279622
33,1999,2,27.202142857142857,39.88,13.98,51.223214285714285,7.6899999999999995,20.590714285714284,28,28,28,27.849703201970442,-0.6475603448275855
33,1999,3,30.615161290322582,41.43,20.11,55.50774193548387,94.57000000000001,20.10483870967742,31,31,31,30.381107526881717,0.23405376344086548
33,1999,4,28.329333333333334,38.18,19.52,73.443,154.17999999999998,19.136666666666667,30,30,30,30.805333333333333,-2.475999999999999
33,1999,5,26.62483870967742,32.54,21.72,86.02935483870968,229.12999999999997,18.580322580645163,31,31,31,28.913043010752688,-2.288204301075268
33,1999,6,26.211000000000002,31.06,22.65,88.43,222.68,19.195666666666668,30,30,30,27.222577777777776,-1.0115777777777737
33,1999,7,26.116129032258065,30.29,23.17,90.32483870967742,293.48,18.64,31,31,31,26.49031182795699,-0.37418279569892476
33,1999,8,25.91548387096774,31.8,22.69,88.99225806451614,116.36,18.061290322580643,31,31,31,26.2825376344086,-0.36705376344086105
33,1999,9,25.880666666666666,31.41,21.65,88.72066666666666,200.61,17.276666666666664,30,30,30,26.144877777777776,-0.2642111111111092
33,1999,10,25.393548387096775,31.15,17.56,87.61193548387098,140.67,18.174516129032256,31,31,31,25.471301075268816,-0.07775268817204051
33,1999,11,23.837,30.65,16.18,86.119,31.689999999999998,17.086333333333336,30,30,30,24.453944444444446,-0.6169444444444458
33,1999,12,20.076451612903227,33.12,7.15,75.62258064516129,1.9300000000000002,17.179354838709674,31,31,31,23.94061290322581,-3.8641612903225813
33,2000,1,25.280967741935484,36.12,12.19,62.37548387096775,14.559999999999999,18.182580645161288,31,31,31,25.266602150537633,0.014365591397851318
33,2000,2,25.990344827586206,38.08,12.57,57.42172413793104,35.83,19.8348275862069,29,29,29,27.849703201970442,-1.859358374384236
33,2000,3,30.11064516129032,39.3,17.71,50.52903225806452,12.19,20.62709677419355,31,31,31,30.381107526881717,-0.2704623655913956
33,2000,4,28.60533333333333,40.54,20.29,73.22033333333334,234.42,19.598666666666666,30,30,30,30.805333333333333,-2.200000000000003
33,2000,5,26.969354838709677,32.36,23.41,86.84064516129033,327.64000000000004,19.49483870967742,31,31,31,28.913043010752688,-1.9436881720430108
33,2000,6,26.253333333333334,31.02,22.83,89.74866666666667,276.46999999999997,18.454333333333334,30,30,30,27.222577777777776,-0.9692444444444419
33,2000,7,25.78483870967742,30.36,21.76,90.9274193548387,286.98999999999995,18.609354838709677,31,31,31,26.49031182795699,-0.7054731182795706
33,2000,8,26.062580645161294,31.11,22.93,90.36,375.19,18.456774193548387,31,31,31,26.2825376344086,-0.2199569892473079
33,2000,9,25.565333333333335,30.85,18.34,88.82466666666666,185.36999999999998,16.801666666666666,30,30,30,26.144877777777776,-0.5795444444444406
33,2000,10,25.34935483870968,30.98,17.57,87.23806451612903,72.33000000000003,17.07967741935484,31,31,31,25.471301075268816,-0.12194623655913617
33,2000,11,22.858666666666668,33.53,13.53,79.62366666666667,1.1400000000000001,19.153000000000002,30,30,30,24.453944444444446,-1.5952777777777776
33,2000,12,24.75483870967742,34.3,13.85,67.5458064516129,0.12,17.609032258064516,31,31,31,23.94061290322581,0.8142258064516099
33,2001,1,27.160645161290322,38.4,15.44,57.36677419354838,1.46,17.261290322580646,31,31,31,25.266602150537633,1.8940430107526893
33,2001,2,27.947857142857142,37.95,15.4,49.52428571428572,6.9,19.80392857142857,28,28,28,27.849703201970442,0.09815394088670004
33,2001,3,28.905483870967743,39.3,19.07,60.627741935483876,91.04,18.748709677419356,31,31,31,30.381107526881717,-1.4756236559139744
33,2001,4,31.183666666666667,41.11,20.9,59.37533333333333,32.38,22.584333333333333,30,30,30,30.805333333333333,0.37833333333333385
33,2001,5,28.510967741935485,38.83,22.78,76.27032258064517,177.18999999999997,20.348387096774193,31,31,31,28.913043010752688,-0.4020752688172031
33,2001,6,26.618666666666666,31.77,23.47,86.41000000000001,267.54999999999995,18.615333333333336,30,30,30,27.222577777777776,-0.6039111111111097
33,2001,7,26.42064516129032,31.46,22.86,88.50322580645161,231.95999999999995,19.459032258064518,31,31,31,26.49031182795699,-0.0696666666666701
33,2001,8,26.124193548387098,30.15,22.88,90.54709677419355,245.51,17.445483870967742,31,31,31,26.2825376344086,-0.15834408602150418
33,2001,9,26.238,30.69,22.4,88.65100000000001,269.55999999999995,17.237000000000002,30,30,30,26.144877777777776,0.09312222222222388
33,2001,10,26.05483870967742,30.93,21.0,87.16612903225807,219.38000000000002,18.89741935483871,31,31,31,25.471301075268816,0.5835376344086036
33,2001,11,22.127,30.6,13.92,85.38633333333334,69.66,17.641333333333332,30,30,30,24.453944444444446,-2.3269444444444467
33,2001,12,21.965806451612906,29.85,10.81,80.25870967741936,0.4,17.566129032258065,31,31,31,23.94061290322581,-1.9748064516129027
33,2002,1,23.91032258064516,35.39,14.01,64.1983870967742,0.04,19.109354838709677,31,31,31,25.266602150537633,-1.3562795698924717
33,2002,2,27.816785714285714,37.85,16.23,51.58678571428572,5.56,20.440714285714286,28,28,28,27.849703201970442,-0.032917487684727575
33,2002,3,30.833225806451615,41.29,17.91,48.43774193548387,24.82,20.210967741935484,31,31,31,30.381107526881717,0.45211827956989836
33,2002,4,30.96333333333333,40.63,20.07,56.611666666666665,79.81,21.333000000000002,30,30,30,30.805333333333333,0.1579999999999977
33,2002,5,28.69967741935484,36.16,23.45,74.37225806451613,149.44000000000003,20.473225806451612,31,31,31,28.913043010752688,-0.21336559139784939
33,2002,6,27.024333333333335,32.06,22.79,85.70633333333333,201.32999999999998,20.31866666666667,30,30,30,27.222577777777776,-0.19824444444444111
33,2002,7,26.596129032258066,31.72,22.82,88.0241935483871,255.81,19.808387096774194,31,31,31,26.49031182795699,0.10581720430107566
33,2002,8,25.90806451612903,31.04,22.79,89.83225806451614,398.13,16.94645161290323,31,31,31,26.2825376344086,-0.3744731182795711
33,2002,9,25.90666666666667,30.43,22.14,90.827,360.51000000000005,15.423333333333334,30,30,30,26.144877777777776,-0.23821111111110582
33,2002,10,25.372903225806454,31.5,16.22,86.02354838709678,86.77,17.703870967741935,31,31,31,25.471301075268816,-0.09839784946236207
33,2002,11,24.706,32.0,16.16,83.14633333333333,20.080000000000002,18.40666666666667,30,30,30,24.453944444444446,0.2520555555555539
33,2002,12,25.911290322580644,34.62,16.39,68.64903225806451,15.959999999999999,17.241612903225807,31,31,31,23.94061290322581,1.9706774193548355
33,2003,1,24.416774193548385,35.81,13.71,55.87387096774193,0.0,18.904516129032256,31,31,31,25.266602150537633,-0.8498279569892482
33,2003,2,28.469642857142855,38.49,14.71,51.458571428571425,28.080000000000002,19.018214285714286,28,28,28,27.849703201970442,0.6199396551724128
33,2003,3,29.115161290322582,39.58,19.8,58.09838709677419,108.06,19.86032258064516,31,31,31,30.381107526881717,-1.2659462365591345
33,2003,4,30.501666666666665,38.93,21.69,61.99633333333334,77.53,20.907666666666668,30,30,30,30.805333333333333,-0.3036666666666683
33,2003,5,29.037419354838708,40.3,22.81,73.45967741935483,193.42000000000002,21.720000000000002,31,31,31,28.913043010752688,0.12437634408601994
33,2003,6,27.19333333333333,33.16,23.43,84.00666666666666,141.73,19.657,30,30,30,27.222577777777776,-0.029244444444444184
33,2003,7,27.331612903225807,33.93,23.3,82.67967741935485,140.67,19.169999999999998,31,31,31,26.49031182795699,0.8413010752688166
33,2003,8,26.726129032258065,31.9,23.11,87.35967741935484,270.75,18.23516129032258,31,31,31,26.2825376344086,0.4435913978494632
33,2003,9,25.916999999999998,31.1,21.97,89.91699999999999,364.99,15.408999999999999,30,30,30,26.144877777777776,-0.22787777777777762
33,2003,10,25.37741935483871,32.15,18.9,86.3158064516129,62.46000000000001,18.866774193548387,31,31,31,25.471301075268816,-0.09388172043010456
33,2003,11,24.990000000000002,33.82,16.18,73.78733333333334,0.30000000000000004,19.101,30,30,30,24.453944444444446,0.5360555555555564
33,2003,12,23.870967741935484,33.39,13.4,61.2641935483871,0.14,17.973548387096773,31,31,31,23.94061290322581,-0.06964516129032461
33,2004,1,25.37548387096774,35.63,12.37,58.09322580645161,33.41,17.94161290322581,31,31,31,25.266602150537633,0.10888172043010869
33,2004,2,25.853103448275863,37.94,14.27,57.77206896551724,26.610000000000003,18.116206896551724,29,29,29,27.849703201970442,-1.9965997536945785
33,2004,3,31.00548387096774,40.92,17.71,44.89645161290323,20.759999999999998,19.465483870967745,31,31,31,30.381107526881717,0.6243763440860235
33,2004,4,31.76833333333333,41.62,21.11,53.62466666666667,67.02000000000001,21.211000000000002,30,30,30,30.805333333333333,0.9629999999999974
33,2004,5,28.62,36.96,22.54,75.61064516129032,194.64,20.667096774193546,31,31,31,28.913043010752688,-0.2930430107526867
33,2004,6,27.000999999999998,34.72,22.36,84.64200000000001,332.96999999999997,19.159,30,30,30,27.222577777777776,-0.2215777777777781
33,2004,7,26.151935483870968,31.56,22.6,88.59806451612903,331.88,18.80806451612903,31,31,31,26.49031182795699,-0.33837634408602213
33,2004,8,26.029354838709676,30.37,22.99,90.78645161290324,229.93,17.924838709677417,31,31,31,26.2825376344086,-0.2531827956989261
33,2004,9,26.013333333333332,31.72,19.45,87.10033333333334,182.27999999999997,17.78666666666667,30,30,30,26.144877777777776,-0.1315444444444438
33,2004,10,24.897419354838707,33.35,17.0,80.11774193548388,3.2,19.620645161290323,31,31,31,25.471301075268816,-0.5738817204301085
33,2004,11,26.760333333333335,37.08,17.16,61.45066666666666,1.6300000000000001,19.567333333333334,30,30,30,24.453944444444446,2.3063888888888897
33,2004,12,24.901612903225807,34.66,13.79,52.58838709677419,0.0,18.881612903225808,31,31,31,23.94061290322581,0.9609999999999985
33,2005,1,25.680967741935483,38.18,11.57,49.49967741935484,0.62,18.48741935483871,31,31,31,25.266602150537633,0.4143655913978499
33,2005,2,30.043928571428573,40.7,17.48,41.826428571428565,0.6000000000000001,19.68892857142857,28,28,28,27.849703201970442,2.194225369458131
33,2005,3,29.326129032258066,40.18,14.05,47.722258064516126,23.5,18.989032258064515,31,31,31,30.381107526881717,-1.0549784946236507
33,2005,4,30.846,39.43,21.86,58.26566666666667,68.75,19.168333333333333,30,30,30,30.805333333333333,0.04066666666666663
33,2005,5,30.036451612903225,41.21,24.35,68.89548387096774,145.36,20.911935483870966,31,31,31,28.913043010752688,1.123408602150537
33,2005,6,27.838666666666665,34.56,23.61,81.45966666666666,179.44999999999996,19.083000000000002,30,30,30,27.222577777777776,0.6160888888888891
33,2005,7,26.671290322580642,32.02,23.34,87.15354838709678,313.69,17.236129032258066,31,31,31,26.49031182795699,0.1809784946236519
33,2005,8,26.28451612903226,31.02,23.07,89.04064516129033,250.09999999999997,15.663225806451614,31,31,31,26.2825376344086,0.0019784946236569567
33,2005,9,26.167333333333332,31.21,23.08,89.69866666666667,255.59,15.17,30,30,30,26.144877777777776,0.022455555555556117
33,2005,10,25.728709677419356,31.97,19.52,85.90741935483871,46.209999999999994,18.595483870967744,31,31,31,25.471301075268816,0.25740860215054084
33,2005,11,25.39466666666667,32.71,14.98,79.673,28.69,17.174666666666667,30,30,30,24.453944444444446,0.9407222222222238
33,2005,12,23.613225806451613,33.99,12.88,65.24483870967742,2.15,16.392580645161292,31,31,31,23.94061290322581,-0.32738709677419564
33,2006,1,25.731290322580644,37.2,13.64,52.16193548387097,0.12,19.203225806451613,31,31,31,25.266602150537633,0.4646881720430116
33,2006,2,28.880357142857143,38.65,19.4,49.43214285714286,5.84,19.887857142857143,28,28,28,27.849703201970442,1.030653940886701
33,2006,3,30.05870967741935,40.18,16.13,52.230645161290326,41.94,19.748709677419356,31,31,31,30.381107526881717,-0.3223978494623658
33,2006,4,29.628666666666668,38.44,20.36,65.298,149.14000000000004,19.709333333333333,30,30,30,30.805333333333333,-1.1766666666666659
33,2006,5,28.353548387096776,37.93,20.03,72.85774193548387,124.85000000000001,20.796774193548387,31,31,31,28.913043010752688,-0.5594946236559117
33,2006,6,27.634999999999998,35.04,23.31,80.92433333333334,181.58,20.308333333333334,30,30,30,27.222577777777776,0.41242222222222225
33,2006,7,26.323548387096775,31.18,22.43,88.73483870967742,293.26,17.14483870967742,31,31,31,26.49031182795699,-0.16676344086021544
33,2006,8,25.91,30.37,21.36,90.08870967741936,306.2,16.482258064516127,31,31,31,26.2825376344086,-0.37253763440860155
33,2006,9,25.950333333333333,31.51,20.85,87.45566666666667,149.67999999999998,17.545333333333335,30,30,30,26.144877777777776,-0.19454444444444263
33,2006,10,25.59,31.35,19.18,86.73838709677419,195.68000000000004,18.274838709677418,31,31,31,25.471301075268816,0.11869892473118426
33,2006,11,25.689666666666668,33.96,16.32,78.93066666666667,19.970000000000006,19.29733333333333,30,30,30,24.453944444444446,1.235722222222222
33,2006,12,24.36225806451613,34.63,12.85,63.773548387096774,0.02,18.50709677419355,31,31,31,23.94061290322581,0.42164516129032137
33,2007,1,24.924838709677417,35.98,13.2,53.94870967741936,0.47000000000000003,19.41709677419355,31,31,31,25.266602150537633,-0.34176344086021615
33,2007,2,28.638928571428572,39.7,13.83,45.59321428571428,15.65,19.627142857142854,28,28,28,27.849703201970442,0.7892253694581299
33,2007,3,29.991290322580646,39.21,19.72,57.480000000000004,54.49,19.428709677419352,31,31,31,30.381107526881717,-0.38981720430107103
33,2007,4,30.658333333333335,40.9,22.03,54.90266666666666,62.57,20.9,30,30,30,30.805333333333333,-0.14699999999999847
33,2007,5,27.620322580645162,34.4,22.73,81.36677419354838,244.65,19.410967741935483,31,31,31,28.913043010752688,-1.2927204301075257
33,2007,6,27.928333333333335,34.36,23.19,81.72,113.27000000000001,19.811,30,30,30,27.222577777777776,0.7057555555555588
33,2007,7,26.968709677419355,32.6,22.69,84.52225806451614,251.64,19.131612903225808,31,31,31,26.49031182795699,0.47839784946236463
33,2007,8,26.285806451612903,31.4,23.24,88.79677419354839,335.37999999999994,16.46677419354839,31,31,31,26.2825376344086,0.0032688172043009445
33,2007,9,26.34466666666667,31.96,19.55,87.03999999999999,251.41000000000003,17.70266666666667,30,30,30,26.144877777777776,0.199788888888893
33,2007,10,24.815161290322582,30.12,18.78,89.30387096774194,212.20999999999998,15.160645161290324,31,31,31,25.471301075268816,-0.6561397849462338
33,2007,11,21.869000000000003,29.62,11.31,84.21499999999999,9.299999999999999,17.53533333333333,30,30,30,24.453944444444446,-2.5849444444444423
33,2007,12,25.102903225806454,35.23,13.26,67.82967741935484,0.0,18.51258064516129,31,31,31,23.94061290322581,1.1622903225806454
33,2008,1,25.00225806451613,37.02,12.79,54.12548387096775,0.26,18.936774193548384,31,31,31,25.266602150537633,-0.2643440860215023
33,2008,2,24.74758620689655,36.32,14.49,52.34206896551724,2.16,19.406206896551723,29,29,29,27.849703201970442,-3.1021169950738923
33,2008,3,29.51451612903226,40.03,15.11,49.19870967741936,33.35,20.05838709677419,31,31,31,30.381107526881717,-0.8665913978494579
33,2008,4,30.787333333333333,40.05,23.31,57.57533333333333,54.519999999999996,21.013666666666666,30,30,30,30.805333333333333,-0.018000000000000682
33,2008,5,27.307096774193546,35.56,22.05,80.6083870967742,277.03,18.541612903225804,31,31,31,28.913043010752688,-1.6059462365591415
33,2008,6,26.71966666666667,31.52,22.89,85.79299999999999,159.03000000000003,18.699666666666666,30,30,30,27.222577777777776,-0.5029111111111071
33,2008,7,26.47290322580645,31.47,22.72,85.71322580645162,114.57000000000002,19.59903225806452,31,31,31,26.49031182795699,-0.017408602150538854
33,2008,8,26.322903225806453,32.16,22.61,86.37935483870967,190.36999999999998,17.700000000000003,31,31,31,26.2825376344086,0.04036559139785112
33,2008,9,26.014666666666667,31.55,22.75,89.08633333333334,389.81,16.489333333333335,30,30,30,26.144877777777776,-0.13021111111110883
33,2008,10,26.083870967741937,31.09,20.95,87.74645161290321,87.41999999999999,17.466451612903228,31,31,31,25.471301075268816,0.6125698924731218
33,2008,11,23.38266666666667,30.73,13.86,84.59366666666666,61.769999999999996,17.021333333333335,30,30,30,24.453944444444446,-1.0712777777777767
33,2008,12,22.669677419354837,32.37,13.94,70.91096774193548,4.17,17.075483870967744,31,31,31,23.94061290322581,-1.2709354838709714
33,2009,1,22.740967741935485,34.99,10.76,57.395806451612906,0.05,19.550645161290323,31,31,31,25.266602150537633,-2.525634408602148
33,2009,2,29.425714285714285,39.28,17.84,46.409642857142856,5.29,19.27285714285714,28,28,28,27.849703201970442,1.5760110837438432
33,2009,3,30.051612903225806,40.27,17.08,53.69451612903226,85.69,19.677096774193547,31,31,31,30.381107526881717,-0.3294946236559113
33,2009,4,29.357000000000003,38.77,22.73,67.15533333333333,148.97,19.925,30,30,30,30.805333333333333,-1.4483333333333306
33,2009,5,28.026129032258066,36.46,20.75,76.79129032258065,147.32999999999998,19.871290322580645,31,31,31,28.913043010752688,-0.8869139784946221
33,2009,6,27.076999999999998,33.11,23.19,83.78233333333333,191.13000000000002,20.122666666666667,30,30,30,27.222577777777776,-0.14557777777777758
33,2009,7,26.556451612903224,32.99,22.95,86.04548387096774,306.33,17.593225806451613,31,31,31,26.49031182795699,0.06613978494623396
33,2009,8,27.068709677419356,32.2,22.75,85.06741935483872,250.79,18.13967741935484,31,31,31,26.2825376344086,0.7861720430107546
33,2009,9,26.215333333333334,31.85,22.03,88.43900000000001,331.52,15.870000000000001,30,30,30,26.144877777777776,0.07045555555555794
33,2009,10,25.85741935483871,31.13,18.62,86.13290322580644,58.14,16.957419354838713,31,31,31,25.471301075268816,0.38611827956989586
33,2009,11,24.063,32.59,13.12,76.61999999999999,9.309999999999999,18.648000000000003,30,30,30,24.453944444444446,-0.39094444444444676
33,2009,12,25.469032258064516,35.81,16.0,61.05516129032258,1.1,18.56096774193548,31,31,31,23.94061290322581,1.5284193548387073
33,2010,1,26.955806451612904,37.14,16.5,55.48903225806452,19.53,18.062258064516126,31,31,31,25.266602150537633,1.6892043010752715
33,2010,2,30.411785714285713,39.65,18.65,46.81285714285714,8.319999999999999,19.193571428571428,28,28,28,27.849703201970442,2.5620825123152713
33,2010,3,30.718709677419355,41.04,16.48,43.29451612903226,11.09,20.67322580645161,31,31,31,30.381107526881717,0.33760215053763787
33,2010,4,31.629,41.22,23.41,56.216,67.52000000000001,20.96833333333333,30,30,30,30.805333333333333,0.8236666666666679
33,2010,5,29.88258064516129,38.83,24.47,70.87838709677419,141.19999999999996,21.131612903225808,31,31,31,28.913043010752688,0.9695376344086029
33,2010,6,28.019333333333336,33.45,24.04,81.04299999999999,127.63000000000001,19.997333333333334,30,30,30,27.222577777777776,0.7967555555555599
33,2010,7,27.403548387096773,33.65,22.89,82.24548387096775,217.55999999999997,20.041612903225804,31,31,31,26.49031182795699,0.9132365591397829
33,2010,8,26.18290322580645,31.13,22.65,88.84161290322581,373.37000000000006,16.18064516129032,31,31,31,26.2825376344086,-0.099634408602153
33,2010,9,26.185333333333332,30.64,22.32,89.445,233.23,16.614,30,30,30,26.144877777777776,0.0404555555555568
33,2010,10,24.879032258064516,31.64,14.62,87.58354838709678,145.93999999999997,16.253870967741936,31,31,31,25.471301075268816,-0.5922688172042996
33,2010,11,23.188,30.78,15.36,84.44866666666667,4.049999999999999,17.259333333333334,30,30,30,24.453944444444446,-1.2659444444444468
33,2010,12,24.318387096774195,34.24,14.21,67.09354838709677,0.15000000000000002,17.952903225806452,31,31,31,23.94061290322581,0.3777741935483867
33,2011,1,23.113870967741935,34.07,13.42,58.90032258064517,0.0,19.120967741935484,31,31,31,25.266602150537633,-2.152731182795698
33,2011,2,27.717142857142857,37.09,15.42,50.19571428571429,16.24,18.792142857142856,28,28,28,27.849703201970442,-0.13256034482758494
33,2011,3,27.271290322580644,39.26,15.65,50.465161290322584,14.269999999999998,18.941290322580645,31,31,31,30.381107526881717,-3.1098172043010734
33,2011,4,29.851333333333333,39.97,21.58,58.443333333333335,78.42999999999999,18.931333333333335,30,30,30,30.805333333333333,-0.9540000000000006
33,2011,5,28.52709677419355,36.31,21.84,74.5958064516129,204.38,19.14709677419355,31,31,31,28.913043010752688,-0.38594623655913907
33,2011,6,26.546666666666667,30.85,22.21,87.21666666666667,201.48,18.15266666666667,30,30,30,27.222577777777776,-0.6759111111111089
33,2011,7,26.074193548387097,31.65,22.37,88.53129032258065,248.28,18.431612903225805,31,31,31,26.49031182795699,-0.41611827956989345
33,2011,8,26.009677419354837,30.45,22.6,89.50903225806452,310.49000000000007,16.79774193548387,31,31,31,26.2825376344086,-0.2728602150537647
33,2011,9,25.517999999999997,29.56,21.72,91.949,336.17999999999995,13.330333333333334,30,30,30,26.144877777777776,-0.6268777777777785
33,2011,10,24.968387096774194,30.59,18.6,89.31,246.91999999999996,16.338387096774195,31,31,31,25.471301075268816,-0.5029139784946217
33,2011,11,24.136666666666667,30.7,17.03,85.06733333333334,2.48,19.122333333333334,30,30,30,24.453944444444446,-0.3172777777777789
33,2011,12,21.960322580645162,32.35,11.96,70.8016129032258,0.01,17.822903225806453,31,31,31,23.94061290322581,-1.9802903225806467
33,2012,1,25.083548387096776,34.68,16.29,64.64967741935484,34.1,16.59032258064516,31,31,31,25.266602150537633,-0.18305376344085644
33,2012,2,27.83896551724138,39.94,15.91,53.335517241379314,2.64,19.625172413793102,29,29,29,27.849703201970442,-0.01073768472906167
33,2012,3,30.096451612903227,38.84,19.14,50.92967741935484,23.87,19.65032258064516,31,31,31,30.381107526881717,-0.2846559139784901
33,2012,4,30.140666666666668,40.68,20.44,60.85966666666666,79.9,20.620333333333335,30,30,30,30.805333333333333,-0.6646666666666654
33,2012,5,28.458387096774196,39.2,23.82,76.19193548387096,202.50000000000006,21.068709677419356,31,31,31,28.913043010752688,-0.4546559139784918
33,2012,6,26.672666666666665,32.29,23.38,85.90766666666667,119.53999999999998,18.292333333333332,30,30,30,27.222577777777776,-0.5499111111111112
33,2012,7,26.67322580645161,33.19,22.5,83.76548387096774,152.73,17.887096774193548,31,31,31,26.49031182795699,0.18291397849462143
33,2012,8,26.898064516129033,34.62,22.6,81.67290322580645,286.56,17.781290322580645,31,31,31,26.2825376344086,0.6155268817204309
33,2012,9,25.983666666666668,31.18,21.45,89.97566666666667,258.09,17.393666666666668,30,30,30,26.144877777777776,-0.16121111111110764
33,2012,10,26.258387096774193,31.73,20.0,82.86612903225806,30.9,18.901612903225807,31,31,31,25.471301075268816,0.7870860215053774
33,2012,11,26.682000000000002,33.94,19.5,76.49633333333333,64.85,17.565,30,30,30,24.453944444444446,2.2280555555555566
33,2012,12,26.281935483870967,35.99,15.14,63.714516129032255,0.07,18.239032258064515,31,31,31,23.94061290322581,2.3413225806451585
33,2013,1,25.904838709677417,36.77,15.96,54.28064516129032,2.7600000000000002,18.812580645161294,31,31,31,25.266602150537633,0.6382365591397843
33,2013,2,30.025000000000002,39.53,19.49,44.89214285714286,3.1999999999999997,20.474999999999998,28,28,28,27.849703201970442,2.17529679802956
33,2013,3,31.64,41.34,19.86,46.94451612903226,23.27,18.854193548387098,31,31,31,30.381107526881717,1.2588924731182836
33,2013,4,31.544333333333334,42.52,23.85,55.16866666666667,60.199999999999996,20.127,30,30,30,30.805333333333333,0.7390000000000008
33,2013,5,28.97741935483871,38.05,23.94,74.70516129032258,206.55,20.96709677419355,31,31,31,28.913043010752688,0.06437634408602122
33,2013,6,27.16033333333333,32.68,22.3,83.78233333333333,149.18,19.44633333333333,30,30,30,27.222577777777776,-0.062244444444445435
33,2013,7,26.273225806451613,31.74,22.52,86.55935483870968,304.56,17.871612903225806,31,31,31,26.49031182795699,-0.21708602150537715
33,2013,8,26.16483870967742,31.03,22.23,88.31322580645161,217.45,17.18903225806452,31,31,31,26.2825376344086,-0.11769892473118304
33,2013,9,25.957333333333334,31.65,22.04,89.54866666666666,468.3,15.377666666666666,30,30,30,26.144877777777776,-0.18754444444444118
33,2013,10,25.089354838709678,30.81,18.1,86.48903225806451,95.73,18.051935483870967,31,31,31,25.471301075268816,-0.38194623655913773
33,2013,11,24.71966666666667,32.54,16.43,82.75366666666667,7.859999999999999,17.306333333333335,30,30,30,24.453944444444446,0.2657222222222231
33,2013,12,20.626451612903224,32.79,10.76,71.75419354838711,54.43,17.412580645161288,31,31,31,23.94061290322581,-3.314161290322584
33,2014,1,22.078387096774193,34.42,10.75,60.946129032258064,0.0,19.93935483870968,31,31,31,25.266602150537633,-3.1882150537634395
33,2014,2,27.12285714285714,37.5,15.13,49.596428571428575,0.04,19.307142857142857,28,28,28,27.849703201970442,-0.7268460591133028
33,2014,3,31.570322580645165,40.81,21.96,45.755806451612905,11.959999999999999,20.469354838709677,31,31,31,30.381107526881717,1.1892150537634478
33,2014,4,31.196666666666665,40.5,24.03,57.897333333333336,69.83000000000001,19.445333333333334,30,30,30,30.805333333333333,0.391333333333332
33,2014,5,29.976129032258065,39.56,23.4,67.71387096774194,108.24,22.021290322580644,31,31,31,28.913043010752688,1.0630860215053772
33,2014,6,27.944333333333336,36.24,23.51,80.083,307.72,17.949,30,30,30,27.222577777777776,0.7217555555555606
33,2014,7,26.239354838709676,30.96,22.09,89.58129032258064,389.27000000000004,17.05548387096774,31,31,31,26.49031182795699,-0.2509569892473138
33,2014,8,26.221290322580646,30.9,21.84,88.96290322580644,241.38999999999996,17.919032258064515,31,31,31,26.2825376344086,-0.061247311827955286
33,2014,9,26.263666666666666,30.87,22.72,89.413,199.36999999999998,17.45266666666667,30,30,30,26.144877777777776,0.11878888888888994
33,2014,10,25.870322580645162,32.18,19.67,84.47741935483872,88.96000000000001,19.200967741935486,31,31,31,25.471301075268816,0.3990215053763464
33,2014,11,25.867,34.02,17.93,79.90599999999999,21.91,19.096,30,30,30,24.453944444444446,1.4130555555555553
33,2014,12,23.950967741935486,34.21,14.04,63.46225806451613,2.69,17.90096774193548,31,31,31,23.94061290322581,0.010354838709677239
33,2015,1,24.40838709677419,36.18,12.32,49.513225806451615,0.03,19.44935483870968,31,31,31,25.266602150537633,-0.8582150537634412
33,2015,2,27.407142857142855,37.96,15.76,52.278571428571425,24.97,19.070714285714285,28,28,28,27.849703201970442,-0.4425603448275872
33,2015,3,31.112903225806452,40.13,22.75,47.34516129032258,19.18,19.79258064516129,31,31,31,30.381107526881717,0.731795698924735
33,2015,4,31.78533333333333,43.5,19.92,47.63699999999999,42.690000000000005,21.798333333333336,30,30,30,30.805333333333333,0.9799999999999969
33,2015,5,30.282258064516128,39.15,24.31,65.43774193548387,99.82,21.602903225806454,31,31,31,28.913043010752688,1.3692150537634404
33,2015,6,28.978333333333335,38.66,23.0,71.58033333333333,147.64,20.075,30,30,30,27.222577777777776,1.7557555555555595
33,2015,7,26.668387096774193,37.69,20.92,83.72451612903225,258.38,16.837419354838712,31,31,31,26.49031182795699,0.17807526881720293
33,2015,8,26.311612903225804,31.42,22.52,88.98,207.33,19.01322580645161,31,31,31,26.2825376344086,0.029075268817202016
33,2015,9,26.398666666666667,31.75,22.4,88.04833333333333,211.36999999999998,18.33966666666667,30,30,30,26.144877777777776,0.2537888888888915
33,2015,10,25.950322580645164,31.7,19.6,83.25322580645161,128.17000000000002,18.03451612903226,31,31,31,25.471301075268816,0.47902150537634824
33,2015,11,26.737000000000002,33.97,20.3,77.84733333333334,21.83,18.854333333333333,30,30,30,24.453944444444446,2.2830555555555563
33,2015,12,26.75516129032258,36.72,14.87,59.609032258064516,0.0,18.4541935483871,31,31,31,23.94061290322581,2.814548387096771
33,2016,1,26.79290322580645,37.03,11.78,56.44451612903226,27.130000000000003,16.29935483870968,31,31,31,25.266602150537633,1.5263010752688189
33,2016,2,25.569310344827585,39.17,10.67,47.42310344827586,0.6399999999999999,20.955172413793104,29,29,29,27.849703201970442,-2.280392857142857
33,2016,3,31.398064516129033,42.01,17.28,41.7758064516129,0.6200000000000001,19.89709677419355,31,31,31,30.381107526881717,1.0169569892473156
33,2016,4,34.065000000000005,43.89,25.55,43.040333333333336,42.239999999999995,20.357666666666667,30,30,30,30.805333333333333,3.2596666666666714
33,2016,5,29.893548387096775,39.45,23.94,71.25064516129032,179.74999999999997,19.371612903225806,31,31,31,28.913043010752688,0.9805053763440874
33,2016,6,27.503333333333334,33.88,23.23,83.20566666666667,329.53000000000003,19.073333333333334,30,30,30,27.222577777777776,0.2807555555555581
33,2016,7,26.346774193548388,30.8,22.15,88.66548387096775,244.20000000000002,19.42838709677419,31,31,31,26.49031182795699,-0.14353763440860234
33,2016,8,26.65,32.0,23.28,88.12193548387097,239.83000000000004,18.410645161290322,31,31,31,26.2825376344086,0.3674623655913969
33,2016,9,26.307666666666666,30.85,22.15,89.929,472.08,16.424666666666667,30,30,30,26.144877777777776,0.16278888888889043
33,2016,10,26.42064516129032,31.69,22.26,87.20645161290322,133.52000000000004,17.42322580645161,31,31,31,25.471301075268816,0.9493440860215046
33,2016,11,24.738,31.19,16.57,87.45266666666666,36.15,17.608333333333334,30,30,30,24.453944444444446,0.28405555555555395
33,2016,12,23.133225806451613,32.35,14.95,80.20645161290322,7.64,16.164516129032258,31,31,31,23.94061290322581,-0.8073870967741961
33,2017,1,25.563225806451616,34.57,16.05,64.91645161290323,3.32,18.55870967741935,31,31,31,25.266602150537633,0.296623655913983
33,2017,2,26.159285714285716,38.35,14.78,54.467499999999994,1.3900000000000001,20.700357142857143,28,28,28,27.849703201970442,-1.6904174876847264
33,2017,3,29.3341935483871,40.4,18.05,56.58451612903225,62.150000000000006,19.504516129032258,31,31,31,30.381107526881717,-1.0469139784946186
33,2017,4,30.086333333333336,39.99,19.07,61.855333333333334,119.66000000000001,21.434666666666665,30,30,30,30.805333333333333,-0.7189999999999976
33,2017,5,28.1,36.16,22.19,81.42967741935485,331.44,19.169999999999998,31,31,31,28.913043010752688,-0.8130430107526863
33,2017,6,26.56566666666667,31.14,23.47,89.641,272.53000000000003,18.591666666666665,30,30,30,27.222577777777776,-0.656911111111107
33,2017,7,25.774516129032257,30.7,23.02,91.46419354838709,538.55,16.364516129032257,31,31,31,26.49031182795699,-0.7157956989247332
33,2017,8,26.468387096774194,30.83,22.74,90.20483870967742,290.96,18.745806451612903,31,31,31,26.2825376344086,0.1858494623655922
33,2017,9,26.77733333333333,31.89,22.6,88.93066666666667,196.08999999999995,18.060333333333332,30,30,30,26.144877777777776,0.6324555555555555
33,2017,10,25.392903225806453,30.57,18.76,88.42806451612903,106.92,18.051935483870967,31,31,31,25.471301075268816,-0.0783978494623625
33,2017,11,24.24566666666667,31.71,15.86,86.04366666666667,17.409999999999997,16.717666666666666,30,30,30,24.453944444444446,-0.20827777777777712
33,2017,12,23.232580645161292,33.75,9.72,72.26387096774194,1.25,17.42290322580645,31,31,31,23.94061290322581,-0.7080322580645166
33,2018,1,25.767096774193547,36.62,14.19,60.453548387096774,5.49,17.08258064516129,31,31,31,25.266602150537633,0.5004946236559142
33,2018,2,26.31357142857143,38.85,11.1,50.786071428571425,3.3600000000000003,19.969285714285714,28,28,28,27.849703201970442,-1.5361317733990134
33,2018,3,28.609354838709677,39.12,16.37,59.63580645161291,92.66000000000003,18.712903225806453,31,31,31,30.381107526881717,-1.7717526881720396
33,2018,4,29.412666666666667,39.15,17.02,61.86299999999999,68.46000000000001,19.348666666666666,30,30,30,30.805333333333333,-1.392666666666667
33,2018,5,28.769032258064517,37.9,23.57,74.09806451612903,182.42999999999998,19.911290322580644,31,31,31,28.913043010752688,-0.1440107526881711
33,2018,6,26.586333333333336,31.91,23.21,87.673,293.47,18.422,30,30,30,27.222577777777776,-0.63624444444444
33,2018,7,26.02258064516129,30.9,22.47,90.02548387096775,411.4,16.16,31,31,31,26.49031182795699,-0.46773118279569914
33,2018,8,25.660645161290322,29.98,22.18,91.04,392.33,16.88258064516129,31,31,31,26.2825376344086,-0.6218924731182796
33,2018,9,26.542666666666666,32.19,22.06,87.898,258.71999999999997,18.657666666666668,30,30,30,26.144877777777776,0.39778888888888986
33,2018,10,26.245483870967742,31.84,18.01,85.06741935483872,53.379999999999995,20.021935483870966,31,31,31,25.471301075268816,0.7741827956989269
33,2018,11,25.599,33.9,16.17,79.029,14.599999999999998,18.328666666666667,30,30,30,24.453944444444446,1.1450555555555546
33,2018,12,26.43903225806452,36.33,16.38,66.69419354838709,10.52,17.61774193548387,31,31,31,23.94061290322581,2.4984193548387097
33,2019,1,26.37548387096774,36.21,14.73,55.7641935483871,0.0,19.370322580645162,31,31,31,25.266602150537633,1.1088817204301087
33,2019,2,30.896428571428572,39.91,19.84,42.791071428571435,4.34,19.502142857142854,28,28,28,27.849703201970442,3.04672536945813
33,2019,3,31.925161290322578,40.63,24.06,45.40483870967742,20.180000000000003,18.47483870967742,31,31,31,30.381107526881717,1.5440537634408606
33,2019,4,31.173000000000002,40.93,24.18,61.32000000000001,83.63000000000002,21.123,30,30,30,30.805333333333333,0.36766666666666836
33,2019,5,29.188709677419357,39.81,23.77,75.35387096774193,208.16,20.047096774193548,31,31,31,28.913043010752688,0.2756666666666696
33,2019,6,28.012,34.51,24.06,82.97533333333334,131.52,20.700333333333333,30,30,30,27.222577777777776,0.7894222222222247
33,2019,7,26.63032258064516,33.04,22.21,84.87548387096774,317.7,18.718709677419355,31,31,31,26.49031182795699,0.14001075268816976
33,2019,8,26.36709677419355,31.52,22.13,89.28290322580645,420.8299999999999,16.335806451612903,31,31,31,26.2825376344086,0.08455913978494678
33,2019,9,25.95133333333333,31.52,21.02,89.72566666666667,500.45,16.99866666666667,30,30,30,26.144877777777776,-0.19354444444444496
33,2019,10,26.270967741935483,32.3,18.98,84.09096774193549,29.490000000000002,19.71709677419355,31,31,31,25.471301075268816,0.799666666666667
33,2019,11,25.296,34.5,17.05,76.70599999999999,12.28,17.567,30,30,30,24.453944444444446,0.8420555555555538
33,2019,12,24.796451612903226,36.25,11.88,61.64064516129033,0.12,18.674516129032256,31,31,31,23.94061290322581,0.8558387096774176
33,2020,1,27.478709677419356,37.99,15.9,51.94903225806452,0.6900000000000002,19.090645161290322,31,31,31,25.266602150537633,2.2121075268817236
33,2020,2,28.010689655172413,39.15,17.6,46.32586206896552,0.05,20.923793103448276,29,29,29,27.849703201970442,0.16098645320197136
33,2020,3,32.21612903225807,41.61,23.02,45.9641935483871,13.25,19.38064516129032,31,31,31,30.381107526881717,1.83502150537635
33,2020,4,30.013666666666666,40.53,20.22,59.534,61.12999999999999,20.044,30,30,30,30.805333333333333,-0.7916666666666679
33,2020,5,30.065483870967743,39.09,23.9,70.96677419354837,183.54999999999998,19.54258064516129,31,31,31,28.913043010752688,1.152440860215055
33,2020,6,27.23933333333333,32.81,23.09,85.973,199.83,20.774333333333335,30,30,30,27.222577777777776,0.01675555555555519
33,2020,7,27.055806451612902,32.16,23.12,86.40612903225806,271.57,20.230645161290322,31,31,31,26.49031182795699,0.565494623655912
33,2020,8,26.45225806451613,31.03,23.11,89.96774193548387,392.55000000000007,17.4,31,31,31,26.2825376344086,0.16972043010752813
33,2020,9,26.76033333333333,31.34,23.09,89.08666666666666,373.95,16.997666666666667,30,30,30,26.144877777777776,0.6154555555555561
33,2020,10,24.8141935483871,30.84,18.61,91.55870967741936,237.04000000000002,13.109032258064516,31,31,31,25.471301075268816,-0.6571075268817168
33,2020,11,23.966,31.33,17.48,86.99833333333332,12.0,17.468,30,30,30,24.453944444444446,-0.4879444444444445
33,2020,12,22.337419354838712,33.86,11.61,78.39,0.23,17.53806451612903,31,31,31,23.94061290322581,-1.6031935483870967
33,2021,1,22.551290322580645,35.59,10.02,62.56548387096774,0.0,19.651612903225807,31,31,31,25.266602150537633,-2.715311827956988
33,2021,2,26.34714285714286,39.23,15.28,54.200357142857136,24.040000000000003,21.16464285714286,28,28,28,27.849703201970442,-1.5025603448275824
33,2021,3,31.476774193548387,40.96,18.92,46.57225806451613,15.649999999999999,20.464193548387097,31,31,31,30.381107526881717,1.09566666666667
33,2021,4,30.115000000000002,40.48,22.58,63.711999999999996,146.79,18.714333333333332,30,30,30,30.805333333333333,-0.6903333333333315
33,2021,5,28.44967741935484,35.44,23.68,80.38806451612902,177.98,20.813548387096777,31,31,31,28.913043010752688,-0.4633655913978494
33,2021,6,26.89966666666667,33.62,22.52,87.53299999999999,263.43,20.545666666666666,30,30,30,27.222577777777776,-0.3229111111111074
33,2021,7,26.56032258064516,32.38,22.25,88.80741935483871,359.84,18.91774193548387,31,31,31,26.49031182795699,0.07001075268816948
33,2021,8,26.700322580645164,31.73,22.72,88.42806451612903,245.09000000000003,19.33258064516129,31,31,31,26.2825376344086,0.41778494623656215
33,2021,9,26.19,31.95,23.01,90.01066666666667,450.28999999999996,15.225999999999999,30,30,30,26.144877777777776,0.045122222222225616
33,2021,10,25.58677419354839,31.31,19.72,90.44290322580645,251.99999999999997,15.735806451612904,31,31,31,25.471301075268816,0.1154731182795743
33,2021,11,24.030666666666665,31.59,16.26,86.61266666666667,9.25,17.146333333333335,30,30,30,24.453944444444446,-0.42327777777778053
33,2021,12,21.873548387096776,31.29,12.2,79.1974193548387,3.1100000000000003,17.878064516129033,31,31,31,23.94061290322581,-2.067064516129033
33,2022,1,25.793225806451613,35.92,17.12,63.63290322580645,11.370000000000001,19.09903225806452,31,31,31,25.266602150537633,0.5266236559139799
33,2022,2,25.919285714285714,36.94,15.06,62.34357142857142,40.12,18.575,28,28,28,27.849703201970442,-1.9304174876847284
33,2022,3,29.345483870967744,40.35,20.7,62.77903225806452,111.92000000000002,19.78774193548387,31,31,31,30.381107526881717,-1.035623655913973
33,2022,4,27.40533333333333,36.47,15.74,71.238,119.88000000000001,19.535666666666664,30,30,30,30.805333333333333,-3.400000000000002
33,2022,5,26.423548387096773,33.0,19.16,85.71225806451612,352.92999999999995,17.320967741935487,31,31,31,28.913043010752688,-2.489494623655915
33,2022,6,26.748333333333335,31.73,23.35,88.08533333333334,114.84000000000003,20.166,30,30,30,27.222577777777776,-0.4742444444444409
33,2022,7,26.67225806451613,32.26,23.25,89.5858064516129,429.17999999999995,17.36774193548387,31,31,31,26.49031182795699,0.18194623655913844
33,2022,8,26.348387096774193,31.65,23.09,90.1258064516129,464.06,16.723548387096773,31,31,31,26.2825376344086,0.0658494623655912
33,2022,9,26.170666666666666,31.29,22.67,90.65066666666667,594.2700000000001,15.064333333333334,30,30,30,26.144877777777776,0.02578888888888997
33,2022,10,24.684838709677418,30.25,17.17,88.52645161290323,127.48000000000002,17.56483870967742,31,31,31,25.471301075268816,-0.7864623655913974
33,2022,11,25.03666666666667,31.28,15.36,85.679,31.07,16.994666666666667,30,30,30,24.453944444444446,0.5827222222222233
33,2022,12,22.07225806451613,31.0,11.54,75.83387096774193,25.76,18.16774193548387,31,31,31,23.94061290322581,-1.8683548387096778
33,2023,1,22.760645161290324,34.57,11.47,66.78612903225806,24.98,17.502903225806453,31,31,31,25.266602150537633,-2.5059569892473093
33,2023,2,27.764285714285712,37.96,15.14,54.90428571428571,3.12,20.301428571428573,28,28,28,27.849703201970442,-0.08541748768472956
33,2023,3,30.322580645161292,41.55,17.65,46.663225806451614,2.9200000000000004,21.315483870967743,31,31,31,30.381107526881717,-0.058526881720425195
33,2023,4,32.04233333333333,40.92,24.59,54.733,72.82,19.699,30,30,30,30.805333333333333,1.2369999999999983
33,2023,5,30.723225806451612,41.55,23.3,66.24258064516128,149.16000000000003,20.270967741935483,31,31,31,28.913043010752688,1.8101827956989247
33,2023,6,27.59333333333333,36.37,23.23,84.27433333333333,258.9,18.782666666666668,30,30,30,27.222577777777776,0.3707555555555544
33,2023,7,27.100645161290323,33.05,22.41,86.97225806451613,360.42,18.07193548387097,31,31,31,26.49031182795699,0.6103333333333332
33,2023,8,26.668387096774193,31.73,22.63,89.76193548387097,315.63,17.70387096774194,31,31,31,26.2825376344086,0.3858494623655915
33,2023,9,26.697666666666667,31.77,23.6,90.30266666666667,463.34,15.386666666666667,30,30,30,26.144877777777776,0.552788888888891
33,2023,10,26.483870967741936,31.57,21.39,88.92806451612903,146.46,17.42258064516129,31,31,31,25.471301075268816,1.0125698924731203
33,2023,11,24.78033333333333,31.39,14.57,85.048,29.79,18.400333333333332,30,30,30,24.453944444444446,0.32638888888888573
33,2023,12,25.151290322580646,34.63,15.11,72.09290322580645,1.26,18.181612903225805,31,31,31,23.94061290322581,1.2106774193548375
33,2024,1,26.686129032258062,36.74,17.47,57.63354838709678,0.0,19.591290322580647,31,31,31,25.266602150537633,1.4195268817204294
33,2024,2,30.356896551724137,39.73,16.63,46.19620689655173,1.8800000000000001,19.982068965517243,29,29,29,27.849703201970442,2.5071933497536953
33,2024,3,31.486129032258066,42.57,20.63,49.357419354838704,18.74,19.085806451612903,31,31,31,30.381107526881717,1.1050215053763495
33,2024,4,35.80566666666667,44.51,27.37,39.666666666666664,8.79,21.552,30,30,30,30.805333333333333,5.000333333333334
33,2024,5,30.14548387096774,44.17,24.6,73.72322580645161,333.79999999999995,17.96225806451613,31,31,31,28.913043010752688,1.2324408602150534
33,2024,6,27.718,33.58,23.71,84.684,183.65000000000003,19.067666666666664,30,30,30,27.222577777777776,0.4954222222222242
33,2024,7,26.831290322580646,31.58,24.09,88.63354838709677,357.53999999999996,15.856774193548388,31,31,31,26.49031182795699,0.3409784946236556
33,2024,8,27.260645161290324,32.23,23.67,88.0325806451613,176.96000000000004,19.129354838709677,31,31,31,26.2825376344086,0.9781075268817219
33,2024,9,26.930333333333333,32.32,22.67,89.521,433.45000000000005,16.205333333333332,30,30,30,26.144877777777776,0.7854555555555578
33,2024,10,25.845483870967744,31.7,18.51,86.75,118.86000000000001,17.883548387096774,31,31,31,25.471301075268816,0.3741827956989283
33,2024,11,25.065333333333335,32.32,16.1,82.08466666666666,3.79,18.113333333333333,30,30,30,24.453944444444446,0.6113888888888894
33,2024,12,24.01967741935484,33.87,15.1,66.82322580645162,0.09,17.74290322580645,31,31,31,23.94061290322581,0.07906451612902998
33,2025,1,23.10290322580645,37.19,10.86,56.850645161290316,0.0,19.77741935483871,31,31,31,25.266602150537633,-2.1636989247311824
33,2025,2,27.81714285714286,38.66,14.67,48.64,0.29000000000000004,20.463214285714287,28,28,28,27.849703201970442,-0.03256034482758352
33,2025,3,30.036774193548386,40.79,17.09,47.74354838709677,16.25,19.729032258064517,31,31,31,30.381107526881717,-0.3443333333333314
33,2025,4,31.73033333333333,41.21,20.45,50.84566666666667,26.329999999999995,20.834666666666667,30,30,30,30.805333333333333,0.9249999999999972
33,2025,5,30.281290322580645,40.6,23.31,67.90096774193547,276.26,18.112903225806452,31,31,31,28.913043010752688,1.3682473118279574
33,2025,6,27.204666666666665,32.0,23.81,86.65766666666667,186.39000000000001,17.317,30,30,30,27.222577777777776,-0.01791111111111121
33,2025,7,26.96451612903226,31.45,23.72,87.73419354838708,247.09,16.766129032258064,31,31,31,26.49031182795699,0.4742043010752681
33,2025,8,26.907096774193548,32.59,23.03,86.76677419354839,231.4,17.468387096774194,31,31,31,26.2825376344086,0.6245591397849459
33,2025,9,26.724,32.32,23.11,88.532,431.8100000000001,14.455,30,30,30,26.144877777777776,0.5791222222222245
33,2025,10,25.85967741935484,31.78,18.69,87.81774193548387,60.89999999999999,16.30516129032258,31,31,31,25.471301075268816,0.38837634408602284
33,2025,11,22.907333333333334,31.1,11.32,85.059,47.81,15.745666666666667,30,30,30,24.453944444444446,-1.5466111111111118
33,2025,12,24.258387096774193,33.42,16.25,72.6116129032258,0.76,18.313870967741938,31,31,31,23.94061290322581,0.31777419354838443
33,2026,1,23.717741935483872,34.8,11.49,57.66967741935484,0.12,19.619032258064518,31,31,31,25.266602150537633,-1.548860215053761
33,2026,2,29.148214285714285,38.96,16.89,48.57035714285714,20.740000000000002,20.138214285714287,28,28,28,27.849703201970442,1.2985110837438434
33,2026,3,29.96516129032258,41.05,19.01,49.88387096774194,28.18,21.41774193548387,31,31,31,30.381107526881717,-0.41594623655913665
33,2026,4,33.269666666666666,42.91,23.27,47.03333333333333,70.07000000000001,20.680999999999997,30,30,30,30.805333333333333,2.4643333333333324
33,2026,5,30.661612903225805,39.23,24.21,66.93548387096774,154.52999999999994,18.891935483870967,31,31,31,28.913043010752688,1.7485698924731174
33,2026,6,28.66433333333333,36.18,24.18,77.51066666666667,115.05,20.195666666666668,30,30,30,27.222577777777776,1.441755555555556
33,2026,7,26.899354838709677,32.91,22.3,86.34322580645161,413.03000000000003,15.45483870967742,31,31,31,26.49031182795699,0.40904301075268634
33,2026,8,26.771935483870966,31.43,22.72,89.04806451612905,262.64000000000004,14.665806451612903,31,31,31,26.2825376344086,0.48939784946236387
33,2026,9,26.12909090909091,32.0,21.94,91.12409090909091,244.02000000000004,15.334,22,22,30,26.144877777777776,-0.01578686868686674
53,1981,1,19.35483870967742,29.5,8.46,71.34903225806453,0.6200000000000001,,31,31,31,20.80968817204301,-1.4548494623655905
53,1981,2,23.645,35.14,15.25,63.292142857142856,7.84,,28,28,28,23.56231116584565,0.08268883415435013
53,1981,3,26.73225806451613,36.68,18.35,57.814516129032256,23.88,,31,31,31,26.569591397849464,0.16266666666666652
53,1981,4,27.334666666666667,38.8,20.11,66.49633333333334,83.99,,30,30,30,28.32418888888889,-0.9895222222222237
53,1981,5,25.633225806451613,32.71,18.63,80.56387096774193,267.77,,31,31,31,27.181376344086022,-1.5481505376344096
53,1981,6,25.366666666666667,31.51,21.08,84.113,112.14000000000001,,30,30,30,26.129755555555555,-0.7630888888888876
53,1981,7,24.450322580645164,30.74,20.68,88.01870967741935,294.2,,31,31,31,25.419956989247314,-0.9696344086021504
53,1981,8,24.401290322580646,29.88,20.52,88.45870967741936,153.40999999999994,,31,31,31,25.041247311827956,-0.6399569892473096
53,1981,9,25.151333333333334,31.27,20.64,84.11,102.63000000000001,,30,30,30,25.171344444444443,-0.02001111111110987
53,1981,10,23.19193548387097,30.78,15.04,86.38064516129033,138.29999999999998,,31,31,31,24.189795698924733,-0.9978602150537625
53,1981,11,21.689666666666668,30.12,12.01,83.22233333333334,48.06999999999999,,30,30,30,22.107655555555553,-0.4179888888888854
53,1981,12,17.441612903225806,28.19,8.11,75.74064516129032,1.15,,31,31,31,19.829537634408602,-2.387924731182796
53,1982,1,20.182258064516127,29.35,10.44,69.87967741935483,11.459999999999999,,31,31,31,20.80968817204301,-0.6274301075268838
53,1982,2,23.667142857142856,35.19,12.65,56.86357142857143,1.5699999999999998,,28,28,28,23.56231116584565,0.10483169129720693
53,1982,3,28.051612903225806,39.25,16.98,47.47451612903226,1.4400000000000004,,31,31,31,26.569591397849464,1.4820215053763413
53,1982,4,27.860333333333337,38.44,16.73,54.592333333333336,24.68,,30,30,30,28.32418888888889,-0.46385555555555413
53,1982,5,28.168709677419354,39.27,20.86,67.00129032258064,118.35000000000001,,31,31,31,27.181376344086022,0.9873333333333321
53,1982,6,26.687,35.49,21.65,75.38533333333334,88.37,,30,30,30,26.129755555555555,0.5572444444444464
53,1982,7,25.837419354838712,32.85,20.37,77.98935483870967,101.93999999999998,,31,31,31,25.419956989247314,0.4174623655913976
53,1982,8,25.26806451612903,33.32,20.19,80.50387096774193,148.48999999999998,,31,31,31,25.041247311827956,0.22681720430107433
53,1982,9,24.461666666666666,31.24,20.03,86.73333333333333,282.51000000000005,,30,30,30,25.171344444444443,-0.7096777777777774
53,1982,10,24.432258064516127,30.7,19.07,81.13774193548387,84.46,,31,31,31,24.189795698924733,0.24246236559139334
53,1982,11,23.454333333333334,31.16,15.66,75.43166666666666,20.99,,30,30,30,22.107655555555553,1.3466777777777814
53,1982,12,19.026451612903227,30.46,7.87,63.55483870967742,1.8,,31,31,31,19.829537634408602,-0.8030860215053757
53,1983,1,19.309677419354838,30.92,7.02,63.3341935483871,14.829999999999998,,31,31,31,20.80968817204301,-1.5000107526881727
53,1983,2,24.66464285714286,34.03,14.08,51.85107142857142,0.64,,28,28,28,23.56231116584565,1.1023316912972092
53,1983,3,27.353548387096776,38.72,14.22,41.6283870967742,2.24,,31,31,31,26.569591397849464,0.7839569892473115
53,1983,4,30.617,41.06,22.87,45.97066666666667,37.040000000000006,,30,30,30,28.32418888888889,2.29281111111111
53,1983,5,27.466451612903228,37.6,21.93,72.83870967741936,193.93000000000004,,31,31,31,27.181376344086022,0.2850752688172058
53,1983,6,26.581,33.93,21.49,78.792,143.32999999999998,,30,30,30,26.129755555555555,0.4512444444444448
53,1983,7,26.14258064516129,34.04,21.41,80.50806451612904,148.79,,31,31,31,25.419956989247314,0.7226236559139743
53,1983,8,25.409032258064514,32.2,21.25,85.06387096774193,181.80999999999995,,31,31,31,25.041247311827956,0.3677849462365579
53,1983,9,24.968666666666667,31.97,20.6,85.80466666666666,183.08999999999997,,30,30,30,25.171344444444443,-0.20267777777777596
53,1983,10,24.183870967741935,30.79,18.43,84.99354838709678,153.12000000000006,,31,31,31,24.189795698924733,-0.005924731182798126
53,1983,11,19.840333333333334,28.66,6.75,78.153,60.379999999999995,,30,30,30,22.107655555555553,-2.2673222222222194
53,1983,12,18.36709677419355,29.46,6.88,71.05225806451612,9.21,,31,31,31,19.829537634408602,-1.4624408602150538
53,1984,1,20.100322580645162,31.02,7.65,64.99064516129032,0.08,18.34,31,31,31,20.80968817204301,-0.709365591397848
53,1984,2,24.81206896551724,35.44,11.06,61.0151724137931,29.17,18.769310344827588,29,29,29,23.56231116584565,1.2497577996715918
53,1984,3,26.79064516129032,37.97,13.18,53.24741935483871,2.79,22.88225806451613,31,31,31,26.569591397849464,0.2210537634408567
53,1984,4,28.262,39.42,21.37,63.75933333333333,98.82,23.963,30,30,30,28.32418888888889,-0.0621888888888904
53,1984,5,26.72,37.45,19.46,74.18806451612903,156.06,23.47806451612903,31,31,31,27.181376344086022,-0.46137634408602324
53,1984,6,26.003,32.69,21.19,80.42566666666667,155.24,21.038666666666664,30,30,30,26.129755555555555,-0.12675555555555462
53,1984,7,25.278709677419354,33.11,19.79,80.99290322580646,150.79000000000002,17.6,31,31,31,25.419956989247314,-0.1412473118279607
53,1984,8,24.646451612903224,33.0,20.46,85.84645161290322,195.04999999999998,16.780967741935484,31,31,31,25.041247311827956,-0.39479569892473165
53,1984,9,24.737666666666666,32.05,18.96,83.181,246.81999999999996,18.188666666666666,30,30,30,25.171344444444443,-0.4336777777777776
53,1984,10,23.391290322580645,29.78,14.07,83.71935483870968,112.14999999999999,17.36935483870968,31,31,31,24.189795698924733,-0.7985053763440888
53,1984,11,21.945,29.77,13.39,77.81933333333333,8.059999999999999,18.93166666666667,30,30,30,22.107655555555553,-0.16265555555555267
53,1984,12,20.07967741935484,29.99,10.33,66.91,0.0,18.62516129032258,31,31,31,19.829537634408602,0.25013978494623856
53,1985,1,21.865161290322582,32.13,12.38,64.43322580645162,6.079999999999999,19.38258064516129,31,31,31,20.80968817204301,1.055473118279572
53,1985,2,25.281785714285714,35.54,15.3,51.43535714285714,6.6499999999999995,21.385714285714283,28,28,28,23.56231116584565,1.7194745484400649
53,1985,3,27.08483870967742,38.14,15.61,48.28387096774193,3.58,23.29806451612903,31,31,31,26.569591397849464,0.5152473118279559
53,1985,4,28.515666666666668,39.93,18.74,58.214666666666666,96.42000000000002,23.691333333333333,30,30,30,28.32418888888889,0.1914777777777772
53,1985,5,26.958064516129035,36.56,21.2,74.51354838709678,175.96,21.47451612903226,31,31,31,27.181376344086022,-0.22331182795698723
53,1985,6,25.516000000000002,32.71,21.05,81.96700000000001,131.64000000000001,19.263333333333332,30,30,30,26.129755555555555,-0.613755555555553
53,1985,7,24.518387096774195,31.2,20.15,83.96419354838709,167.97,19.655161290322578,31,31,31,25.419956989247314,-0.9015698924731197
53,1985,8,24.416774193548385,30.32,20.78,87.37483870967742,185.89000000000001,16.837419354838712,31,31,31,25.041247311827956,-0.6244731182795711
53,1985,9,24.782666666666668,30.74,19.72,84.493,208.78999999999996,19.108666666666668,30,30,30,25.171344444444443,-0.3886777777777759
53,1985,10,23.763548387096773,30.59,17.31,82.54645161290323,165.12,18.80483870967742,31,31,31,24.189795698924733,-0.42624731182796083
53,1985,11,22.121,29.27,13.38,83.71499999999999,91.42999999999999,17.70133333333333,30,30,30,22.107655555555553,0.013344444444445713
53,1985,12,19.01322580645161,28.07,7.01,71.98677419354838,0.01,18.938387096774196,31,31,31,19.829537634408602,-0.8163118279569908
53,1986,1,19.547096774193548,30.71,7.1,66.63322580645162,0.0,19.858064516129033,31,31,31,20.80968817204301,-1.2625913978494623
53,1986,2,23.910714285714285,33.68,14.42,55.87107142857143,3.8200000000000007,21.638571428571428,28,28,28,23.56231116584565,0.34840311986863526
53,1986,3,25.740000000000002,39.16,7.24,44.71806451612903,4.2299999999999995,22.771935483870966,31,31,31,26.569591397849464,-0.8295913978494625
53,1986,4,27.947666666666667,38.78,20.18,63.76766666666666,135.45999999999998,24.691666666666666,30,30,30,28.32418888888889,-0.3765222222222242
53,1986,5,25.93935483870968,33.66,18.97,79.65064516129033,162.27,21.48193548387097,31,31,31,27.181376344086022,-1.2420215053763428
53,1986,6,25.291666666666668,32.99,20.61,83.11266666666667,146.43999999999997,21.14466666666667,30,30,30,26.129755555555555,-0.8380888888888869
53,1986,7,24.687741935483867,33.5,19.62,83.55806451612904,144.2,18.042258064516126,31,31,31,25.419956989247314,-0.7322150537634471
53,1986,8,25.07935483870968,31.29,20.67,85.31322580645161,167.43,19.760967741935485,31,31,31,25.041247311827956,0.03810752688172414
53,1986,9,24.43,31.07,16.86,83.527,167.01000000000005,20.793,30,30,30,25.171344444444443,-0.7413444444444437
53,1986,10,24.26774193548387,31.65,15.77,81.60032258064517,82.78000000000002,19.098064516129032,31,31,31,24.189795698924733,0.07794623655913568
53,1986,11,22.332666666666668,31.61,12.67,76.743,6.45,18.525,30,30,30,22.107655555555553,0.22501111111111527
53,1986,12,20.61193548387097,30.54,11.38,72.45290322580645,18.770000000000003,17.31032258064516,31,31,31,19.829537634408602,0.7823978494623667
53,1987,1,21.658709677419353,33.45,10.55,62.77774193548387,0.19,19.283870967741933,31,31,31,20.80968817204301,0.8490215053763421
53,1987,2,24.62964285714286,35.93,12.14,51.574285714285715,11.24,20.8125,28,28,28,23.56231116584565,1.067331691297209
53,1987,3,26.38064516129032,38.44,16.3,54.05612903225806,40.96,21.4158064516129,31,31,31,26.569591397849464,-0.18894623655914344
53,1987,4,28.509666666666664,39.4,20.21,56.777,69.35,24.327,30,30,30,28.32418888888889,0.1854777777777734
53,1987,5,27.853548387096776,37.17,21.46,68.82193548387097,78.5,23.646451612903224,31,31,31,27.181376344086022,0.6721720430107538
53,1987,6,26.317999999999998,34.0,21.94,81.32066666666667,192.39999999999998,20.334999999999997,30,30,30,26.129755555555555,0.1882444444444431
53,1987,7,25.98709677419355,33.97,20.5,76.41096774193548,68.53,18.653870967741934,31,31,31,25.419956989247314,0.5671397849462352
53,1987,8,25.921612903225807,34.63,21.26,82.14838709677419,286.33000000000015,18.85741935483871,31,31,31,25.041247311827956,0.880365591397851
53,1987,9,25.19366666666667,31.91,20.29,85.44666666666667,242.29,17.576999999999998,30,30,30,25.171344444444443,0.022322222222225463
53,1987,10,24.66290322580645,31.54,15.58,82.61870967741935,69.58999999999999,19.31,31,31,31,24.189795698924733,0.47310752688171576
53,1987,11,23.575333333333333,30.88,12.97,80.82,38.4,17.255999999999997,30,30,30,22.107655555555553,1.46767777777778
53,1987,12,17.598709677419354,29.27,6.81,63.255483870967744,0.0,18.846451612903227,31,31,31,19.829537634408602,-2.2308279569892484
53,1988,1,22.786774193548386,34.99,12.61,61.13129032258065,0.0,18.860645161290325,31,31,31,20.80968817204301,1.9770860215053752
53,1988,2,25.269310344827584,35.6,12.12,57.90551724137931,28.34,20.524827586206897,29,29,29,23.56231116584565,1.7069991789819348
53,1988,3,27.79774193548387,39.22,14.47,48.3,5.47,22.470000000000002,31,31,31,26.569591397849464,1.2281505376344057
53,1988,4,27.794333333333334,39.71,19.93,64.167,151.04,23.117666666666665,30,30,30,28.32418888888889,-0.5298555555555566
53,1988,5,26.280645161290323,32.88,21.5,83.06806451612904,290.68000000000006,19.95709677419355,31,31,31,27.181376344086022,-0.900731182795699
53,1988,6,25.211000000000002,31.22,20.38,86.08966666666667,189.93,20.792666666666666,30,30,30,26.129755555555555,-0.9187555555555527
53,1988,7,25.553870967741933,31.45,21.37,85.76354838709678,197.37999999999997,18.71483870967742,31,31,31,25.419956989247314,0.1339139784946184
53,1988,8,25.259677419354837,30.87,21.55,87.49612903225807,276.49999999999994,17.19,31,31,31,25.041247311827956,0.2184301075268813
53,1988,9,25.349,30.72,20.16,84.10933333333332,99.65000000000002,18.897666666666666,30,30,30,25.171344444444443,0.1776555555555568
53,1988,10,24.160645161290322,30.37,14.67,84.20129032258065,133.72,16.710645161290323,31,31,31,24.189795698924733,-0.029150537634411222
53,1988,11,19.253333333333334,28.01,10.85,80.34366666666666,15.379999999999999,17.935333333333332,30,30,30,22.107655555555553,-2.854322222222219
53,1988,12,18.643225806451614,28.42,9.27,77.48677419354838,0.0,18.522903225806452,31,31,31,19.829537634408602,-1.1863118279569882
53,1989,1,20.887096774193548,31.15,11.09,69.11354838709677,3.999999999999999,17.740967741935485,31,31,31,20.80968817204301,0.07740860215053758
53,1989,2,23.90607142857143,35.27,13.12,55.987857142857145,0.41000000000000003,20.446785714285713,28,28,28,23.56231116584565,0.3437602627257803
53,1989,3,26.21677419354839,37.0,13.58,57.23548387096774,20.14,20.455161290322582,31,31,31,26.569591397849464,-0.35281720430107555
53,1989,4,29.995333333333335,41.71,18.63,49.760666666666665,46.56,24.912,30,30,30,28.32418888888889,1.6711444444444439
53,1989,5,27.039032258064516,36.38,21.25,75.87387096774194,239.92,21.695483870967742,31,31,31,27.181376344086022,-0.14234408602150594
53,1989,6,25.280666666666665,32.37,20.87,83.45633333333333,136.73000000000002,20.44633333333333,30,30,30,26.129755555555555,-0.8490888888888897
53,1989,7,25.333548387096776,32.13,20.1,84.4116129032258,149.45999999999998,19.205483870967743,31,31,31,25.419956989247314,-0.08640860215053792
53,1989,8,25.075806451612905,32.11,21.2,86.22774193548386,163.48999999999998,18.826451612903227,31,31,31,25.041247311827956,0.03455913978494962
53,1989,9,25.136666666666667,31.72,20.68,84.65799999999999,165.88000000000002,17.285,30,30,30,25.171344444444443,-0.0346777777777767
53,1989,10,23.95483870967742,31.56,16.58,82.60032258064517,117.14999999999999,18.26774193548387,31,31,31,24.189795698924733,-0.234956989247312
53,1989,11,21.706333333333337,30.36,11.18,75.46433333333333,4.81,19.555999999999997,30,30,30,22.107655555555553,-0.40132222222221614
53,1989,12,19.901612903225807,30.59,9.87,66.99548387096775,0.01,19.112903225806452,31,31,31,19.829537634408602,0.07207526881720483
53,1990,1,22.862903225806452,33.62,13.53,62.90870967741936,1.74,17.74483870967742,31,31,31,20.80968817204301,2.0532150537634415
53,1990,2,25.185,35.01,13.57,54.13857142857143,11.53,21.108214285714286,28,28,28,23.56231116584565,1.6226888341543493
53,1990,3,26.304193548387094,38.06,17.33,57.167741935483875,50.709999999999994,21.81064516129032,31,31,31,26.569591397849464,-0.26539784946237077
53,1990,4,28.468,41.11,19.21,54.830666666666666,52.54999999999999,23.732666666666667,30,30,30,28.32418888888889,0.1438111111111091
53,1990,5,26.44677419354839,36.2,19.95,77.79064516129033,310.40999999999997,22.146129032258063,31,31,31,27.181376344086022,-0.7346021505376328
53,1990,6,25.687666666666665,31.65,21.41,84.489,137.87,20.054,30,30,30,26.129755555555555,-0.44208888888888964
53,1990,7,25.160645161290322,31.83,20.52,84.52741935483871,164.79,17.67225806451613,31,31,31,25.419956989247314,-0.25931182795699215
53,1990,8,25.37,31.23,20.78,85.02129032258064,202.26000000000005,19.57161290322581,31,31,31,25.041247311827956,0.3287526881720453
53,1990,9,25.455,31.88,20.57,84.64533333333334,207.00000000000003,18.52766666666667,30,30,30,25.171344444444443,0.2836555555555549
53,1990,10,24.18935483870968,30.66,17.7,83.86967741935484,99.26,18.409354838709678,31,31,31,24.189795698924733,-0.000440860215054073
53,1990,11,22.051,30.45,13.5,80.98700000000001,29.989999999999995,19.105,30,30,30,22.107655555555553,-0.05665555555555457
53,1990,12,19.686129032258062,30.53,8.29,74.91709677419354,0.0,18.738064516129032,31,31,31,19.829537634408602,-0.14340860215054008
53,1991,1,22.894193548387097,32.08,12.0,68.0316129032258,6.47,18.908709677419353,31,31,31,20.80968817204301,2.0845053763440866
53,1991,2,24.032142857142855,35.58,12.97,50.66535714285714,0.0,21.579285714285714,28,28,28,23.56231116584565,0.46983169129720537
53,1991,3,28.469032258064516,39.24,18.11,49.960967741935484,12.030000000000001,22.391935483870967,31,31,31,26.569591397849464,1.8994408602150514
53,1991,4,29.047,40.05,14.88,56.51433333333333,81.25,24.185,30,30,30,28.32418888888889,0.7228111111111097
53,1991,5,27.64032258064516,37.28,22.19,72.95612903225806,164.48000000000002,24.815806451612904,31,31,31,27.181376344086022,0.45894623655913946
53,1991,6,25.914666666666665,33.46,20.76,80.82733333333334,123.96,18.045666666666666,30,30,30,26.129755555555555,-0.21508888888888933
53,1991,7,25.74967741935484,34.64,21.38,81.97193548387096,117.21,18.37258064516129,31,31,31,25.419956989247314,0.3297204301075247
53,1991,8,25.118387096774192,31.01,21.36,86.03774193548388,245.17,14.415483870967742,31,31,31,25.041247311827956,0.07713978494623674
53,1991,9,25.33533333333333,31.28,20.22,85.26700000000001,166.43,17.499000000000002,30,30,30,25.171344444444443,0.16398888888888763
53,1991,10,23.713870967741936,31.35,14.89,82.1174193548387,73.58999999999999,17.910645161290322,31,31,31,24.189795698924733,-0.475924731182797
53,1991,11,21.223666666666666,29.84,11.9,75.951,3.15,19.083333333333332,30,30,30,22.107655555555553,-0.8839888888888865
53,1991,12,20.287419354838708,30.49,9.16,71.71387096774194,8.179999999999998,16.436451612903223,31,31,31,19.829537634408602,0.45788172043010533
53,1992,1,19.421290322580642,30.58,8.72,71.04935483870969,20.580000000000002,17.688709677419357,31,31,31,20.80968817204301,-1.3883978494623683
53,1992,2,22.079310344827583,31.94,13.0,54.91896551724138,43.150000000000006,20.662068965517243,29,29,29,23.56231116584565,-1.4830008210180665
53,1992,3,26.394193548387097,38.48,15.61,50.32322580645161,0.03,22.600967741935484,31,31,31,26.569591397849464,-0.17539784946236736
53,1992,4,30.233666666666668,40.48,20.47,46.73766666666666,16.28,24.112000000000002,30,30,30,28.32418888888889,1.9094777777777772
53,1992,5,28.86064516129032,40.01,22.07,62.487741935483875,64.69,24.71709677419355,31,31,31,27.181376344086022,1.6792688172042993
53,1992,6,26.704,37.85,21.71,77.57966666666667,132.47,19.867,30,30,30,26.129755555555555,0.5742444444444459
53,1992,7,25.88,33.7,20.88,79.74548387096775,240.92999999999998,16.254193548387097,31,31,31,25.419956989247314,0.4600430107526847
53,1992,8,25.38225806451613,31.79,20.81,85.50290322580646,192.43999999999994,17.84903225806452,31,31,31,25.041247311827956,0.3410107526881738
53,1992,9,24.96066666666667,31.11,20.65,85.96499999999999,250.92000000000002,17.840333333333334,30,30,30,25.171344444444443,-0.21067777777777508
53,1992,10,22.431612903225805,30.31,15.74,82.89290322580645,92.81999999999998,16.1658064516129,31,31,31,24.189795698924733,-1.7581827956989287
53,1992,11,19.613333333333333,29.46,8.55,75.82,3.1599999999999993,19.020333333333333,30,30,30,22.107655555555553,-2.4943222222222197
53,1992,12,19.254516129032258,29.34,7.63,73.06354838709677,74.92,18.498387096774195,31,31,31,19.829537634408602,-0.5750215053763448
53,1993,1,19.570645161290326,29.88,7.14,69.94806451612902,0.27,18.026774193548388,31,31,31,20.80968817204301,-1.2390430107526846
53,1993,2,22.741785714285715,34.7,8.59,54.66285714285714,0.13,21.1025,28,28,28,23.56231116584565,-0.8205254515599343
53,1993,3,25.95387096774194,37.6,15.54,59.13225806451613,56.279999999999994,20.975806451612904,31,31,31,26.569591397849464,-0.6157204301075261
53,1993,4,28.459666666666667,39.4,19.25,59.77033333333333,56.36,23.98966666666667,30,30,30,28.32418888888889,0.13547777777777625
53,1993,5,27.56935483870968,36.92,21.5,69.56838709677419,108.14999999999999,22.596774193548388,31,31,31,27.181376344086022,0.3879784946236562
53,1993,6,26.757,35.13,21.35,76.89466666666667,98.26000000000002,21.41166666666667,30,30,30,26.129755555555555,0.6272444444444467
53,1993,7,26.015806451612903,34.18,21.5,81.29161290322581,137.41000000000003,18.878064516129033,31,31,31,25.419956989247314,0.5958494623655888
53,1993,8,25.114516129032257,32.3,20.21,82.56193548387097,150.6,15.37225806451613,31,31,31,25.041247311827956,0.07326881720430123
53,1993,9,25.293999999999997,31.89,20.68,84.695,211.74000000000004,16.601333333333333,30,30,30,25.171344444444443,0.12265555555555352
53,1993,10,24.13258064516129,31.93,14.89,76.61677419354838,33.879999999999995,18.93032258064516,31,31,31,24.189795698924733,-0.057215053763442825
53,1993,11,22.93166666666667,32.58,12.8,62.937333333333335,0.12,19.47233333333333,30,30,30,22.107655555555553,0.8240111111111155
53,1993,12,19.536129032258064,32.11,6.21,60.09032258064516,0.2,18.17838709677419,31,31,31,19.829537634408602,-0.29340860215053866
53,1994,1,23.10258064516129,34.26,10.85,52.30258064516129,0.0,19.061935483870965,31,31,31,20.80968817204301,2.292892473118279
53,1994,2,26.491785714285715,36.85,16.03,48.57785714285715,5.52,20.450357142857143,28,28,28,23.56231116584565,2.9294745484400657
53,1994,3,25.963548387096775,38.08,15.07,57.20161290322581,118.8,18.553870967741933,31,31,31,26.569591397849464,-0.6060430107526891
53,1994,4,28.615666666666666,37.96,19.66,61.995666666666665,66.76,24.726999999999997,30,30,30,28.32418888888889,0.29147777777777506
53,1994,5,26.687419354838706,36.85,22.03,80.13290322580644,310.10999999999996,20.595161290322583,31,31,31,27.181376344086022,-0.4939569892473159
53,1994,6,25.267,30.57,21.41,86.78033333333333,209.25,18.835333333333335,30,30,30,26.129755555555555,-0.8627555555555553
53,1994,7,24.976774193548387,31.53,21.63,87.30000000000001,194.83,17.470322580645163,31,31,31,25.419956989247314,-0.4431827956989274
53,1994,8,24.448064516129033,30.56,20.42,89.08032258064516,315.75,14.793548387096775,31,31,31,25.041247311827956,-0.5931827956989224
53,1994,9,24.93166666666667,31.49,19.95,86.92233333333334,145.42999999999998,16.658333333333335,30,30,30,25.171344444444443,-0.239677777777775
53,1994,10,22.510322580645163,30.42,11.77,81.95387096774193,48.13,19.82677419354839,31,31,31,24.189795698924733,-1.6794731182795708
53,1994,11,20.406,28.47,12.63,82.889,5.07,19.404666666666667,30,30,30,22.107655555555553,-1.7016555555555541
53,1994,12,19.733548387096775,28.06,10.23,79.24806451612903,19.22,18.748064516129034,31,31,31,19.829537634408602,-0.09598924731182734
53,1995,1,19.81483870967742,29.93,8.37,74.61645161290323,2.4899999999999998,18.273225806451613,31,31,31,20.80968817204301,-0.9948494623655897
53,1995,2,21.85107142857143,33.63,9.39,58.22107142857143,0.78,21.55785714285714,28,28,28,23.56231116584565,-1.7112397372742194
53,1995,3,26.651290322580646,37.13,15.49,55.100645161290316,17.72,22.418709677419354,31,31,31,26.569591397849464,0.08169892473118168
53,1995,4,29.73,38.91,20.63,55.57633333333333,32.0,24.461666666666666,30,30,30,28.32418888888889,1.4058111111111096
53,1995,5,26.822580645161292,37.35,20.62,75.93806451612903,229.87999999999997,22.078064516129032,31,31,31,27.181376344086022,-0.3587956989247303
53,1995,6,26.031,31.5,22.17,84.422,134.12000000000003,21.428,30,30,30,26.129755555555555,-0.09875555555555593
53,1995,7,25.000645161290322,30.61,21.1,86.54935483870969,244.69999999999996,17.919354838709676,31,31,31,25.419956989247314,-0.4193118279569923
53,1995,8,25.17064516129032,32.3,21.19,87.49709677419354,381.13,16.288387096774194,31,31,31,25.041247311827956,0.12939784946236443
53,1995,9,25.170333333333335,31.14,18.94,85.05266666666667,173.92000000000002,17.646666666666665,30,30,30,25.171344444444443,-0.0010111111111079651
53,1995,10,24.40806451612903,30.55,17.29,83.4158064516129,101.11000000000001,17.608387096774194,31,31,31,24.189795698924733,0.21826881720429725
53,1995,11,20.884333333333334,29.09,10.69,83.45633333333333,73.94,16.939,30,30,30,22.107655555555553,-1.2233222222222189
53,1995,12,17.43064516129032,28.35,6.96,78.7732258064516,0.07,18.289354838709677,31,31,31,19.829537634408602,-2.3988924731182806
53,1996,1,19.776774193548388,29.92,6.67,69.21548387096773,0.6400000000000001,18.28258064516129,31,31,31,20.80968817204301,-1.0329139784946229
53,1996,2,19.99758620689655,34.07,8.07,68.72103448275863,41.56,19.196206896551722,29,29,29,23.56231116584565,-3.5647249589490997
53,1996,3,26.23032258064516,37.29,14.96,58.8783870967742,29.34,22.058709677419355,31,31,31,26.569591397849464,-0.339268817204303
53,1996,4,26.753666666666668,38.57,17.83,67.896,115.81,21.976999999999997,30,30,30,28.32418888888889,-1.5705222222222233
53,1996,5,26.8341935483871,35.76,21.2,76.76387096774194,79.47000000000001,21.578064516129032,31,31,31,27.181376344086022,-0.34718279569892374
53,1996,6,25.949666666666666,33.77,21.95,81.963,177.09000000000003,19.74866666666667,30,30,30,26.129755555555555,-0.1800888888888892
53,1996,7,25.45935483870968,33.08,21.32,83.50193548387097,117.01999999999998,17.60516129032258,31,31,31,25.419956989247314,0.039397849462364576
53,1996,8,24.985806451612902,31.91,20.31,85.81516129032258,250.19000000000003,16.950322580645164,31,31,31,25.041247311827956,-0.05544086021505379
53,1996,9,25.194333333333336,32.01,20.8,85.372,269.1300000000001,16.895,30,30,30,25.171344444444443,0.022988888888892944
53,1996,10,23.944193548387098,30.17,15.34,83.23516129032258,117.84,17.490322580645163,31,31,31,24.189795698924733,-0.24560215053763557
53,1996,11,22.10033333333333,29.46,14.08,83.68066666666667,63.98,16.523999999999997,30,30,30,22.107655555555553,-0.007322222222221342
53,1996,12,18.760645161290324,29.13,9.85,76.34225806451613,0.24000000000000002,17.258387096774193,31,31,31,19.829537634408602,-1.0688924731182787
53,1997,1,20.10741935483871,29.49,9.87,69.72322580645161,0.16,17.02193548387097,31,31,31,20.80968817204301,-0.702268817204299
53,1997,2,23.054642857142856,33.4,10.89,57.93,0.7000000000000001,20.07357142857143,28,28,28,23.56231116584565,-0.5076683087027938
53,1997,3,26.480645161290322,35.93,16.35,55.589677419354835,50.45000000000001,21.114838709677418,31,31,31,26.569591397849464,-0.08894623655914202
53,1997,4,26.927666666666667,35.92,17.97,62.062,83.25,23.761666666666667,30,30,30,28.32418888888889,-1.3965222222222238
53,1997,5,27.95451612903226,37.28,21.01,68.84322580645161,98.55000000000001,22.245806451612903,31,31,31,27.181376344086022,0.7731397849462383
53,1997,6,27.354666666666667,35.25,21.17,72.69966666666666,60.08,21.329,30,30,30,26.129755555555555,1.224911111111112
53,1997,7,26.233225806451614,34.72,21.93,80.37709677419355,198.79,17.453225806451613,31,31,31,25.419956989247314,0.8132688172042997
53,1997,8,25.227096774193548,31.46,21.4,86.34322580645161,272.39,16.54806451612903,31,31,31,25.041247311827956,0.1858494623655922
53,1997,9,24.848333333333336,32.33,18.63,85.08566666666667,210.09,17.599666666666668,30,30,30,25.171344444444443,-0.32301111111110714
53,1997,10,24.65258064516129,30.93,15.08,82.44354838709677,92.44,17.648387096774194,31,31,31,24.189795698924733,0.46278494623655675
53,1997,11,22.633333333333333,31.33,13.93,76.84766666666665,3.61,17.720666666666666,30,30,30,22.107655555555553,0.5256777777777799
53,1997,12,22.11967741935484,31.76,11.67,68.44354838709677,0.0,18.10967741935484,31,31,31,19.829537634408602,2.2901397849462377
53,1998,1,23.044193548387096,32.96,13.11,57.93806451612903,2.98,18.01483870967742,31,31,31,20.80968817204301,2.234505376344085
53,1998,2,25.21357142857143,36.82,13.43,49.653571428571425,4.0200000000000005,20.446428571428573,28,28,28,23.56231116584565,1.6512602627257813
53,1998,3,28.181935483870966,38.9,17.61,47.90903225806452,24.45,22.35967741935484,31,31,31,26.569591397849464,1.6123440860215013
53,1998,4,28.939000000000004,39.28,20.1,58.12833333333333,90.5,24.658333333333335,30,30,30,28.32418888888889,0.6148111111111128
53,1998,5,28.340967741935486,38.05,22.03,71.48387096774194,141.31,22.279677419354837,31,31,31,27.181376344086022,1.1595913978494643
53,1998,6,27.668,34.9,22.81,76.79466666666667,168.83999999999997,20.595666666666666,30,30,30,26.129755555555555,1.5382444444444445
53,1998,7,25.78451612903226,32.86,21.65,85.25290322580646,159.87,18.066451612903226,31,31,31,25.419956989247314,0.36455913978494436
53,1998,8,25.925806451612903,31.83,21.7,84.6316129032258,197.5,18.239354838709676,31,31,31,25.041247311827956,0.8845591397849475
53,1998,9,25.683666666666667,32.11,19.47,82.813,242.59000000000003,18.541333333333334,30,30,30,25.171344444444443,0.5123222222222239
53,1998,10,24.603548387096776,31.76,17.17,79.96677419354837,62.15,17.768709677419356,31,31,31,24.189795698924733,0.4137526881720426
53,1998,11,22.471666666666668,30.94,14.11,76.67800000000001,35.82,16.898666666666667,30,30,30,22.107655555555553,0.3640111111111146
53,1998,12,20.78806451612903,31.66,10.09,68.3825806451613,0.9500000000000001,16.101935483870967,31,31,31,19.829537634408602,0.9585268817204273
53,1999,1,21.35967741935484,33.93,11.07,64.28387096774193,10.32,17.365483870967743,31,31,31,20.80968817204301,0.549989247311828
53,1999,2,24.21392857142857,36.43,12.63,54.1025,9.46,19.486428571428572,28,28,28,23.56231116584565,0.6516174055829218
53,1999,3,27.57741935483871,38.05,17.22,48.034516129032255,22.270000000000003,21.66741935483871,31,31,31,26.569591397849464,1.0078279569892459
53,1999,4,26.615333333333336,37.09,19.76,74.47666666666667,155.97000000000003,18.595000000000002,30,30,30,28.32418888888889,-1.7088555555555551
53,1999,5,25.184516129032257,35.05,18.2,83.44032258064516,244.42000000000002,18.062580645161294,31,31,31,27.181376344086022,-1.9968602150537649
53,1999,6,25.117666666666665,30.63,20.74,86.33,148.02999999999997,17.11433333333333,30,30,30,26.129755555555555,-1.01208888888889
53,1999,7,25.227096774193548,31.31,21.16,86.29903225806451,134.83999999999997,18.011290322580646,31,31,31,25.419956989247314,-0.19286021505376638
53,1999,8,24.480645161290322,31.44,20.24,88.37870967741935,259.09000000000003,15.861290322580645,31,31,31,25.041247311827956,-0.5606021505376333
53,1999,9,24.892999999999997,31.09,20.05,86.67933333333333,247.82999999999998,15.947000000000001,30,30,30,25.171344444444443,-0.2783444444444463
53,1999,10,23.857741935483872,30.59,15.68,85.92387096774193,126.10999999999999,15.736774193548387,31,31,31,24.189795698924733,-0.3320537634408609
53,1999,11,21.776999999999997,29.25,12.29,83.86366666666666,34.54,16.583333333333332,30,30,30,22.107655555555553,-0.3306555555555555
53,1999,12,15.799032258064516,27.35,2.38,78.95548387096774,5.81,16.909354838709675,31,31,31,19.829537634408602,-4.030505376344086
53,2000,1,20.63548387096774,30.93,8.8,69.62903225806451,0.04,18.57225806451613,31,31,31,20.80968817204301,-0.17420430107527096
53,2000,2,21.799310344827585,34.55,7.41,69.1448275862069,31.59,18.648275862068964,29,29,29,23.56231116584565,-1.763000821018064
53,2000,3,25.589354838709678,36.58,12.68,54.32387096774193,13.09,21.158709677419353,31,31,31,26.569591397849464,-0.9802365591397866
53,2000,4,27.253,38.21,18.46,70.20933333333333,104.14999999999999,20.117666666666665,30,30,30,28.32418888888889,-1.0711888888888907
53,2000,5,25.51322580645161,32.88,18.53,83.45258064516129,263.37000000000006,18.67032258064516,31,31,31,27.181376344086022,-1.6681505376344106
53,2000,6,25.378,31.05,21.75,86.58633333333334,182.46,16.650333333333332,30,30,30,26.129755555555555,-0.7517555555555546
53,2000,7,24.99516129032258,32.54,20.85,87.00290322580646,154.41,17.56096774193548,31,31,31,25.419956989247314,-0.4247956989247328
53,2000,8,25.115806451612904,31.44,20.68,86.69709677419355,187.39999999999998,16.865161290322582,31,31,31,25.041247311827956,0.07455913978494877
53,2000,9,24.426333333333332,30.6,17.74,85.43433333333334,210.96,15.467666666666666,30,30,30,25.171344444444443,-0.7450111111111113
53,2000,10,24.68290322580645,30.73,17.12,82.92032258064516,112.87000000000002,16.120322580645162,31,31,31,24.189795698924733,0.49310752688171533
53,2000,11,20.648333333333333,28.35,10.9,79.609,1.7000000000000002,18.283,30,30,30,22.107655555555553,-1.4593222222222195
53,2000,12,20.245483870967742,29.32,9.91,77.95290322580645,0.04,17.45709677419355,31,31,31,19.829537634408602,0.4159462365591402
53,2001,1,21.508064516129032,31.55,12.29,73.31709677419354,3.8699999999999997,16.212903225806453,31,31,31,20.80968817204301,0.6983763440860216
53,2001,2,23.281785714285714,34.45,12.23,61.91321428571428,0.37000000000000005,18.220000000000002,28,28,28,23.56231116584565,-0.28052545155993514
53,2001,3,25.09161290322581,35.2,16.05,72.13677419354838,139.38000000000005,16.856774193548386,31,31,31,26.569591397849464,-1.477978494623656
53,2001,4,29.169666666666668,39.09,19.6,61.908,28.139999999999997,23.048,30,30,30,28.32418888888889,0.8454777777777771
53,2001,5,25.73774193548387,32.54,19.79,83.34225806451613,244.34000000000006,18.491612903225807,31,31,31,27.181376344086022,-1.4436344086021506
53,2001,6,25.454,31.94,21.02,85.318,131.48999999999998,18.923333333333336,30,30,30,26.129755555555555,-0.6757555555555541
53,2001,7,25.134516129032257,31.48,21.36,86.43741935483871,171.48000000000002,17.07,31,31,31,25.419956989247314,-0.28544086021505777
53,2001,8,25.28451612903226,31.6,21.15,87.92193548387097,356.98,17.294838709677418,31,31,31,25.041247311827956,0.24326881720430293
53,2001,9,25.103666666666665,31.29,20.36,85.97800000000001,146.99999999999997,16.788333333333334,30,30,30,25.171344444444443,-0.06767777777777795
53,2001,10,24.537419354838708,30.68,18.48,84.68451612903226,148.76999999999998,17.10677419354839,31,31,31,24.189795698924733,0.34762365591397426
53,2001,11,19.692333333333334,29.98,9.53,80.02866666666667,2.9499999999999997,17.557333333333336,30,30,30,22.107655555555553,-2.415322222222219
53,2001,12,19.406451612903226,27.97,9.09,80.10129032258064,0.8099999999999999,16.246774193548386,31,31,31,19.829537634408602,-0.42308602150537666
53,2002,1,19.33677419354839,30.38,9.68,74.52032258064517,8.45,16.64258064516129,31,31,31,20.80968817204301,-1.4729139784946206
53,2002,2,23.478571428571428,34.21,14.71,65.87321428571428,1.6300000000000001,18.207857142857144,28,28,28,23.56231116584565,-0.08373973727422168
53,2002,3,26.46709677419355,37.29,14.2,58.85967741935484,22.709999999999997,18.951290322580647,31,31,31,26.569591397849464,-0.10249462365591455
53,2002,4,28.404,38.6,19.39,57.739000000000004,29.550000000000004,22.262666666666668,30,30,30,28.32418888888889,0.07981111111110906
53,2002,5,26.708064516129035,36.52,21.26,77.94612903225806,252.31000000000003,20.280967741935484,31,31,31,27.181376344086022,-0.47331182795698723
53,2002,6,25.919666666666668,31.93,21.96,83.62366666666667,89.66999999999997,19.337666666666667,30,30,30,26.129755555555555,-0.21008888888888677
53,2002,7,25.229032258064517,31.5,20.45,84.13903225806452,119.32999999999998,14.527096774193549,31,31,31,25.419956989247314,-0.19092473118279685
53,2002,8,24.86258064516129,30.98,20.73,87.03290322580645,292.75,16.67096774193548,31,31,31,25.041247311827956,-0.17866666666666475
53,2002,9,24.528666666666666,31.68,19.24,87.84166666666667,310.81000000000006,14.719,30,30,30,25.171344444444443,-0.6426777777777772
53,2002,10,23.857741935483872,30.69,13.7,82.48548387096774,89.27000000000001,17.45225806451613,31,31,31,24.189795698924733,-0.3320537634408609
53,2002,11,21.569333333333336,29.77,12.9,83.377,58.78000000000001,16.384666666666668,30,30,30,22.107655555555553,-0.5383222222222166
53,2002,12,20.713225806451614,30.09,8.94,79.99870967741936,34.67,15.445483870967742,31,31,31,19.829537634408602,0.8836881720430121
53,2003,1,19.359032258064516,29.25,10.18,73.13000000000001,7.62,16.72451612903226,31,31,31,20.80968817204301,-1.450655913978494
53,2003,2,23.75392857142857,34.27,11.08,61.45357142857143,7.749999999999999,19.38714285714286,28,28,28,23.56231116584565,0.19161740558292095
53,2003,3,24.96516129032258,35.38,15.51,65.13129032258064,55.800000000000004,19.588387096774195,31,31,31,26.569591397849464,-1.604430107526884
53,2003,4,29.324666666666666,37.85,21.13,57.336999999999996,40.099999999999994,23.208333333333332,30,30,30,28.32418888888889,1.0004777777777747
53,2003,5,28.599032258064515,40.42,19.95,67.67967741935485,118.51999999999998,21.918387096774193,31,31,31,27.181376344086022,1.4176559139784928
53,2003,6,25.994666666666667,32.75,21.74,81.75466666666667,191.81999999999996,16.912666666666667,30,30,30,26.129755555555555,-0.13508888888888748
53,2003,7,25.81483870967742,33.74,21.13,83.91258064516128,188.91,19.180967741935483,31,31,31,25.419956989247314,0.3948817204301065
53,2003,8,25.32903225806452,31.28,21.56,86.75354838709679,183.82000000000002,17.493548387096773,31,31,31,25.041247311827956,0.28778494623656314
53,2003,9,25.233666666666668,31.6,21.27,86.81099999999999,243.96999999999997,16.02466666666667,30,30,30,25.171344444444443,0.06232222222222461
53,2003,10,24.09225806451613,31.34,17.35,82.02967741935484,19.13,18.391935483870967,31,31,31,24.189795698924733,-0.09753763440860297
53,2003,11,23.220666666666666,31.34,12.66,70.538,0.47,18.547666666666665,30,30,30,22.107655555555553,1.1130111111111134
53,2003,12,19.450967741935486,30.27,9.65,66.33161290322582,0.0,17.32225806451613,31,31,31,19.829537634408602,-0.37856989247311645
53,2004,1,21.703548387096774,33.2,9.63,61.64709677419355,2.88,17.0258064516129,31,31,31,20.80968817204301,0.8938602150537633
53,2004,2,22.51206896551724,34.64,10.12,59.82655172413793,23.09,17.73862068965517,29,29,29,23.56231116584565,-1.0502422003284089
53,2004,3,27.29290322580645,38.8,14.32,48.197741935483876,3.31,19.706774193548387,31,31,31,26.569591397849464,0.7233118279569872
53,2004,4,29.119666666666667,39.6,19.8,55.94766666666667,66.0,22.096,30,30,30,28.32418888888889,0.7954777777777764
53,2004,5,26.690322580645162,37.1,20.77,78.11483870967741,206.15000000000003,19.313870967741938,31,31,31,27.181376344086022,-0.4910537634408598
53,2004,6,25.792666666666666,33.92,20.96,82.59866666666667,278.83,17.426333333333332,30,30,30,26.129755555555555,-0.3370888888888892
53,2004,7,24.695806451612906,32.26,20.96,85.30580645161291,221.36000000000004,18.09741935483871,31,31,31,25.419956989247314,-0.724150537634408
53,2004,8,24.856451612903225,30.61,20.67,87.89290322580645,123.00000000000001,16.337419354838712,31,31,31,25.041247311827956,-0.1847956989247308
53,2004,9,24.787666666666667,31.07,18.28,85.42933333333333,265.33,16.719666666666665,30,30,30,25.171344444444443,-0.3836777777777769
53,2004,10,23.30290322580645,30.23,15.13,79.82064516129033,10.37,17.695483870967742,31,31,31,24.189795698924733,-0.8868924731182837
53,2004,11,21.841666666666665,30.94,13.06,74.91000000000001,15.59,17.764,30,30,30,22.107655555555553,-0.26598888888888794
53,2004,12,19.18935483870968,29.25,9.12,63.9458064516129,0.0,17.664193548387097,31,31,31,19.829537634408602,-0.640182795698923
53,2005,1,21.123225806451615,34.53,7.39,61.16612903225807,11.55,16.575161290322583,31,31,31,20.80968817204301,0.31353763440860405
53,2005,2,25.79357142857143,36.67,14.74,49.52928571428571,1.9100000000000001,18.44142857142857,28,28,28,23.56231116584565,2.2312602627257796
53,2005,3,26.010967741935485,38.95,11.61,52.26258064516129,18.720000000000002,18.50483870967742,31,31,31,26.569591397849464,-0.5586236559139799
53,2005,4,27.944000000000003,39.69,18.21,63.217666666666666,86.61000000000003,21.488666666666667,30,30,30,28.32418888888889,-0.38018888888888824
53,2005,5,27.782258064516128,36.72,21.46,71.1683870967742,114.28,20.531612903225806,31,31,31,27.181376344086022,0.600881720430106
53,2005,6,25.964333333333332,32.03,20.91,84.095,205.16000000000003,17.037333333333333,30,30,30,26.129755555555555,-0.16542222222222236
53,2005,7,25.8141935483871,33.03,21.36,82.89258064516129,180.13,17.963870967741936,31,31,31,25.419956989247314,0.3942365591397845
53,2005,8,24.99451612903226,31.24,21.3,86.0741935483871,185.43999999999997,14.094193548387098,31,31,31,25.041247311827956,-0.04673118279569621
53,2005,9,25.363666666666667,32.17,20.94,85.57933333333334,364.92,15.246333333333332,30,30,30,25.171344444444443,0.19232222222222362
53,2005,10,23.93935483870968,31.32,17.32,82.63806451612902,42.38999999999999,17.94,31,31,31,24.189795698924733,-0.2504408602150541
53,2005,11,22.312666666666665,30.04,11.43,80.74766666666666,30.439999999999998,16.607666666666667,30,30,30,22.107655555555553,0.20501111111111214
53,2005,12,18.75516129032258,28.71,8.03,74.57516129032258,9.1,15.833870967741936,31,31,31,19.829537634408602,-1.0743763440860228
53,2006,1,20.799032258064514,32.03,10.38,59.68677419354839,0.0,19.20483870967742,31,31,31,20.80968817204301,-0.0106559139784963
53,2006,2,24.509642857142858,35.22,14.86,60.67928571428571,12.969999999999999,18.04285714285714,28,28,28,23.56231116584565,0.9473316912972081
53,2006,3,27.467741935483872,38.14,14.16,55.91935483870968,29.97,20.258709677419354,31,31,31,26.569591397849464,0.8981505376344074
53,2006,4,27.319333333333336,38.23,19.41,68.57566666666666,132.32,20.283333333333335,30,30,30,28.32418888888889,-1.0048555555555545
53,2006,5,26.311290322580643,34.99,18.64,76.77258064516128,290.81,17.36709677419355,31,31,31,27.181376344086022,-0.8700860215053794
53,2006,6,26.073666666666668,31.86,21.66,83.23666666666666,139.8,19.289333333333335,30,30,30,26.129755555555555,-0.056088888888886856
53,2006,7,25.023870967741935,31.02,20.6,87.0058064516129,178.86999999999998,15.899354838709677,31,31,31,25.419956989247314,-0.3960860215053792
53,2006,8,24.79741935483871,30.97,20.78,87.78870967741935,267.30999999999995,15.793870967741936,31,31,31,25.041247311827956,-0.24382795698924653
53,2006,9,25.015666666666668,31.08,20.05,84.675,196.50999999999996,16.441666666666666,30,30,30,25.171344444444443,-0.15567777777777536
53,2006,10,24.256451612903227,31.19,17.82,82.91774193548386,158.95,17.319032258064517,31,31,31,24.189795698924733,0.06665591397849369
53,2006,11,23.051,30.02,14.2,75.968,3.74,18.896666666666665,30,30,30,22.107655555555553,0.9433444444444454
53,2006,12,19.56645161290323,29.39,7.37,72.11387096774195,0.08,17.478387096774195,31,31,31,19.829537634408602,-0.26308602150537297
53,2007,1,20.11741935483871,30.43,9.25,64.39967741935484,0.0,17.87709677419355,31,31,31,20.80968817204301,-0.692268817204301
53,2007,2,23.97107142857143,34.72,9.28,54.113214285714285,5.179999999999999,18.844285714285714,28,28,28,23.56231116584565,0.4087602627257816
53,2007,3,26.949354838709677,37.15,16.19,50.72483870967742,10.389999999999999,19.460645161290323,31,31,31,26.569591397849464,0.37976344086021285
53,2007,4,27.511000000000003,38.06,20.23,62.85366666666666,77.78000000000002,20.591333333333335,30,30,30,28.32418888888889,-0.8131888888888881
53,2007,5,25.738387096774193,34.01,20.53,80.98935483870967,238.44,17.18935483870968,31,31,31,27.181376344086022,-1.4429892473118286
53,2007,6,26.712333333333333,35.4,22.03,80.10633333333334,150.94,19.779666666666667,30,30,30,26.129755555555555,0.5825777777777787
53,2007,7,25.766129032258064,32.35,20.94,81.82354838709678,101.98000000000002,17.655806451612904,31,31,31,25.419956989247314,0.3461720430107498
53,2007,8,25.366451612903226,31.61,21.38,84.73548387096774,172.87000000000003,15.889354838709677,31,31,31,25.041247311827956,0.32520430107527076
53,2007,9,25.167333333333332,31.87,18.29,83.56266666666667,188.06999999999996,16.447333333333333,30,30,30,25.171344444444443,-0.0040111111111116315
53,2007,10,23.52064516129032,32.1,16.03,82.86548387096774,112.57,16.106774193548386,31,31,31,24.189795698924733,-0.6691505376344118
53,2007,11,20.841666666666665,29.91,8.9,72.91933333333333,3.16,16.63266666666667,30,30,30,22.107655555555553,-1.265988888888888
53,2007,12,22.089032258064517,32.15,9.76,68.56354838709677,0.12,16.613548387096774,31,31,31,19.829537634408602,2.2594946236559146
53,2008,1,21.469032258064516,32.41,7.7,57.74032258064516,17.56,17.676774193548386,31,31,31,20.80968817204301,0.6593440860215054
53,2008,2,21.31206896551724,33.89,11.86,63.37931034482759,32.02,16.820344827586208,29,29,29,23.56231116584565,-2.250242200328408
53,2008,3,26.88258064516129,37.1,14.4,51.56612903225806,19.45,19.90967741935484,31,31,31,26.569591397849464,0.3129892473118261
53,2008,4,27.808666666666667,37.37,20.65,65.36933333333333,98.36,19.669666666666668,30,30,30,28.32418888888889,-0.5155222222222235
53,2008,5,25.977741935483873,34.27,19.63,77.01967741935485,113.62,17.82774193548387,31,31,31,27.181376344086022,-1.2036344086021487
53,2008,6,25.673000000000002,33.0,21.16,82.00399999999999,192.1,18.058,30,30,30,26.129755555555555,-0.4567555555555529
53,2008,7,25.206451612903226,32.86,20.55,83.70387096774193,177.07,16.64032258064516,31,31,31,25.419956989247314,-0.21350537634408795
53,2008,8,24.830000000000002,30.63,20.93,86.24258064516128,163.96,15.419032258064517,31,31,31,25.041247311827956,-0.21124731182795387
53,2008,9,25.427,31.18,21.27,84.14033333333333,174.78999999999996,16.151666666666667,30,30,30,25.171344444444443,0.2556555555555562
53,2008,10,24.779032258064515,30.97,19.87,83.99580645161289,127.53999999999999,16.243225806451612,31,31,31,24.189795698924733,0.5892365591397812
53,2008,11,21.144333333333336,29.68,8.85,80.644,47.75000000000001,17.755999999999997,30,30,30,22.107655555555553,-0.9633222222222173
53,2008,12,19.01258064516129,28.31,8.74,73.05290322580645,13.049999999999999,16.423548387096773,31,31,31,19.829537634408602,-0.8169569892473127
53,2009,1,19.11709677419355,31.2,7.34,63.92580645161291,0.0,18.25709677419355,31,31,31,20.80968817204301,-1.692591397849462
53,2009,2,25.883928571428573,36.87,15.44,54.64392857142857,2.2699999999999996,18.858571428571427,28,28,28,23.56231116584565,2.3216174055829235
53,2009,3,26.654838709677417,36.65,16.02,55.549354838709675,30.64,18.95225806451613,31,31,31,26.569591397849464,0.08524731182795264
53,2009,4,27.945333333333334,39.77,19.84,65.40299999999999,91.22,20.11466666666667,30,30,30,28.32418888888889,-0.37885555555555683
53,2009,5,27.08451612903226,36.98,19.94,73.7841935483871,174.01999999999998,19.350322580645162,31,31,31,27.181376344086022,-0.09686021505376274
53,2009,6,25.36,31.43,21.36,84.41233333333334,191.98,17.293333333333333,30,30,30,26.129755555555555,-0.7697555555555553
53,2009,7,25.13225806451613,32.3,20.85,85.07741935483871,142.12000000000003,16.1158064516129,31,31,31,25.419956989247314,-0.28769892473118475
53,2009,8,25.48,31.98,21.2,84.09709677419356,175.04,16.85709677419355,31,31,31,25.041247311827956,0.4387526881720447
53,2009,9,25.815333333333335,32.96,20.39,83.15966666666667,184.21999999999997,17.31566666666667,30,30,30,25.171344444444443,0.6439888888888916
53,2009,10,25.379354838709677,31.5,19.36,82.1516129032258,92.49999999999999,16.616451612903226,31,31,31,24.189795698924733,1.1895591397849437
53,2009,11,22.592,33.1,11.38,69.32233333333333,5.430000000000001,18.511666666666667,30,30,30,22.107655555555553,0.4843444444444458
53,2009,12,22.186774193548384,31.57,12.75,63.019999999999996,0.03,16.14774193548387,31,31,31,19.829537634408602,2.357236559139782
53,2010,1,23.106774193548386,33.05,12.86,66.27774193548387,24.410000000000004,15.284516129032259,31,31,31,20.80968817204301,2.2970860215053754
53,2010,2,25.986428571428572,35.42,17.11,48.82642857142857,1.2,19.130357142857143,28,28,28,23.56231116584565,2.4241174055829227
53,2010,3,27.34967741935484,38.15,15.96,45.807096774193546,9.049999999999999,19.887096774193548,31,31,31,26.569591397849464,0.780086021505376
53,2010,4,30.674,40.56,20.6,47.394,30.56,22.449666666666666,30,30,30,28.32418888888889,2.3498111111111086
53,2010,5,29.440967741935484,38.47,22.68,65.62032258064517,86.52,21.465806451612902,31,31,31,27.181376344086022,2.259591397849462
53,2010,6,27.709333333333333,36.22,22.81,73.86566666666666,119.8,20.055333333333333,30,30,30,26.129755555555555,1.5795777777777786
53,2010,7,26.399032258064516,33.69,21.59,80.26032258064517,163.59000000000003,17.526774193548388,31,31,31,25.419956989247314,0.9790752688172013
53,2010,8,24.99290322580645,31.37,20.92,87.16290322580646,394.19000000000005,15.381612903225806,31,31,31,25.041247311827956,-0.04834408602150475
53,2010,9,25.214333333333332,31.18,20.99,86.86433333333333,213.26,16.676333333333336,30,30,30,25.171344444444443,0.042988888888888965
53,2010,10,23.799354838709675,30.53,13.08,85.06258064516129,103.83,14.326129032258065,31,31,31,24.189795698924733,-0.3904408602150582
53,2010,11,21.548333333333336,29.29,12.45,79.74199999999999,0.0,18.072666666666667,30,30,30,22.107655555555553,-0.5593222222222174
53,2010,12,20.743548387096773,29.43,9.99,77.95290322580645,27.72,15.38516129032258,31,31,31,19.829537634408602,0.9140107526881707
53,2011,1,19.094193548387096,28.9,9.72,71.25387096774193,1.8900000000000001,17.14774193548387,31,31,31,20.80968817204301,-1.715494623655914
53,2011,2,24.147142857142857,34.24,12.54,61.14678571428571,5.34,18.583214285714288,28,28,28,23.56231116584565,0.5848316912972074
53,2011,3,22.92838709677419,35.41,11.7,68.85967741935484,100.63,17.021290322580644,31,31,31,26.569591397849464,-3.6412043010752733
53,2011,4,26.465333333333334,36.3,17.63,70.37133333333333,158.97999999999996,19.995333333333335,30,30,30,28.32418888888889,-1.8588555555555573
53,2011,5,25.56,32.98,21.31,84.05322580645162,223.17999999999998,18.116129032258065,31,31,31,27.181376344086022,-1.6213763440860234
53,2011,6,25.050666666666665,31.48,20.33,86.59266666666667,194.29,15.975666666666665,30,30,30,26.129755555555555,-1.07908888888889
53,2011,7,24.950322580645164,32.1,20.95,87.19516129032259,280.47,16.62516129032258,31,31,31,25.419956989247314,-0.46963440860215044
53,2011,8,24.82225806451613,31.23,20.81,87.17354838709677,325.21,15.16741935483871,31,31,31,25.041247311827956,-0.2189892473118249
53,2011,9,24.663999999999998,30.57,21.07,89.32199999999999,346.31000000000006,14.866666666666667,30,30,30,25.171344444444443,-0.5073444444444455
53,2011,10,23.70451612903226,30.33,18.06,85.85967741935484,106.63000000000001,16.50709677419355,31,31,31,24.189795698924733,-0.485279569892473
53,2011,11,22.06833333333333,28.79,15.25,81.157,8.37,18.537666666666667,30,30,30,22.107655555555553,-0.03932222222222137
53,2011,12,17.960645161290323,27.07,7.94,81.24516129032257,0.5900000000000001,17.048387096774192,31,31,31,19.829537634408602,-1.8688924731182794
53,2012,1,20.25225806451613,28.86,10.63,77.68290322580646,6.430000000000001,15.743870967741936,31,31,31,20.80968817204301,-0.5574301075268799
53,2012,2,23.210689655172413,32.77,12.96,67.92724137931035,2.9299999999999997,18.59793103448276,29,29,29,23.56231116584565,-0.35162151067323677
53,2012,3,24.875806451612902,33.76,16.49,65.74419354838709,38.84,18.87483870967742,31,31,31,26.569591397849464,-1.693784946236562
53,2012,4,27.221333333333334,37.22,17.46,69.95333333333333,89.73,22.441666666666666,30,30,30,28.32418888888889,-1.102855555555557
53,2012,5,26.330000000000002,35.59,22.42,82.31806451612904,322.46000000000004,19.562903225806455,31,31,31,27.181376344086022,-0.8513763440860203
53,2012,6,25.366666666666667,31.3,21.23,85.54633333333332,94.96,16.960333333333335,30,30,30,26.129755555555555,-0.7630888888888876
53,2012,7,24.67258064516129,30.7,20.6,86.0974193548387,151.22000000000003,15.619354838709677,31,31,31,25.419956989247314,-0.7473763440860246
53,2012,8,24.458387096774196,30.59,20.62,87.45193548387095,162.16,15.557741935483872,31,31,31,25.041247311827956,-0.5828602150537598
53,2012,9,25.28033333333333,31.44,19.75,85.74466666666667,237.05,16.975,30,30,30,25.171344444444443,0.10898888888888791
53,2012,10,24.9741935483871,31.05,19.09,80.50967741935484,49.1,18.134516129032257,31,31,31,24.189795698924733,0.7843978494623656
53,2012,11,24.25,30.87,17.71,80.227,32.099999999999994,16.669,30,30,30,22.107655555555553,2.142344444444447
53,2012,12,21.94709677419355,29.74,11.04,73.56516129032258,4.35,16.100645161290323,31,31,31,19.829537634408602,2.117559139784948
53,2013,1,21.586129032258064,31.49,11.99,67.82677419354839,30.6,16.038064516129033,31,31,31,20.80968817204301,0.7764408602150539
53,2013,2,25.445,36.52,15.32,60.52392857142858,12.809999999999999,19.48428571428571,28,28,28,23.56231116584565,1.8826888341543508
53,2013,3,27.121612903225806,37.41,15.99,50.152580645161294,10.51,20.046774193548387,31,31,31,26.569591397849464,0.5520215053763415
53,2013,4,29.013666666666666,39.54,21.85,57.53866666666667,75.38000000000001,21.392,30,30,30,28.32418888888889,0.6894777777777747
53,2013,5,27.613870967741935,37.36,21.9,71.9283870967742,100.87999999999998,22.00741935483871,31,31,31,27.181376344086022,0.43249462365591285
53,2013,6,26.330333333333332,34.53,20.98,78.387,142.57000000000002,17.869333333333334,30,30,30,26.129755555555555,0.2005777777777773
53,2013,7,25.108709677419355,33.75,20.76,84.81838709677419,182.83999999999997,16.50193548387097,31,31,31,25.419956989247314,-0.31124731182795884
53,2013,8,25.052258064516128,31.8,20.39,85.90225806451613,277.7999999999999,16.58225806451613,31,31,31,25.041247311827956,0.011010752688171976
53,2013,9,24.885666666666665,31.98,19.78,86.90266666666666,204.01999999999998,16.323,30,30,30,25.171344444444443,-0.2856777777777779
53,2013,10,23.83258064516129,31.28,16.06,81.45870967741935,110.34999999999998,16.557419354838707,31,31,31,24.189795698924733,-0.35721505376344354
53,2013,11,22.841333333333335,31.1,13.88,81.15033333333334,16.52,16.107666666666667,30,30,30,22.107655555555553,0.7336777777777819
53,2013,12,17.403225806451612,27.85,7.19,75.19935483870967,24.11,16.549032258064514,31,31,31,19.829537634408602,-2.42631182795699
53,2014,1,18.843225806451613,30.62,5.04,66.38225806451612,0.02,18.68935483870968,31,31,31,20.80968817204301,-1.966462365591397
53,2014,2,23.62964285714286,34.29,11.52,56.175357142857145,2.1100000000000003,18.78357142857143,28,28,28,23.56231116584565,0.06733169129720906
53,2014,3,27.09258064516129,37.91,17.6,52.97774193548387,18.5,20.190322580645162,31,31,31,26.569591397849464,0.5229892473118269
53,2014,4,28.31433333333333,38.04,20.98,63.81666666666667,79.85,20.603666666666665,30,30,30,28.32418888888889,-0.009855555555560613
53,2014,5,27.55548387096774,35.22,21.67,75.35774193548387,176.94,21.431290322580644,31,31,31,27.181376344086022,0.3741075268817191
53,2014,6,26.248,32.86,21.54,82.75133333333333,157.68,18.186333333333334,30,30,30,26.129755555555555,0.11824444444444637
53,2014,7,25.25483870967742,32.07,21.09,85.67,196.13,16.943870967741937,31,31,31,25.419956989247314,-0.16511827956989578
53,2014,8,24.928709677419352,30.49,21.2,86.89451612903225,209.38000000000002,16.50774193548387,31,31,31,25.041247311827956,-0.11253763440860354
53,2014,9,24.953,31.73,20.61,87.381,142.53,17.61733333333333,30,30,30,25.171344444444443,-0.218344444444444
53,2014,10,24.67225806451613,31.69,17.56,80.35612903225807,73.44,18.114838709677418,31,31,31,24.189795698924733,0.4824623655913953
53,2014,11,23.354333333333333,31.27,15.16,76.96233333333333,31.17,18.087666666666667,30,30,30,22.107655555555553,1.24667777777778
53,2014,12,20.675806451612903,30.82,9.97,68.17129032258065,0.11,16.315161290322582,31,31,31,19.829537634408602,0.8462688172043009
53,2015,1,19.82161290322581,32.53,9.04,64.46387096774193,40.989999999999995,17.074193548387097,31,31,31,20.80968817204301,-0.9880752688172016
53,2015,2,23.713214285714287,35.81,13.7,58.71214285714286,12.24,18.462500000000002,28,28,28,23.56231116584565,0.15090311986863725
53,2015,3,27.668709677419354,38.4,18.81,54.81935483870968,27.83,18.905483870967743,31,31,31,26.569591397849464,1.0991182795698897
53,2015,4,28.127000000000002,40.23,18.03,57.85366666666666,78.82999999999998,21.534333333333333,30,30,30,28.32418888888889,-0.19718888888888841
53,2015,5,28.799999999999997,37.38,22.65,66.63903225806452,63.68999999999999,21.43548387096774,31,31,31,27.181376344086022,1.618623655913975
53,2015,6,27.709999999999997,37.5,21.76,70.86500000000001,67.89999999999999,20.534333333333333,30,30,30,26.129755555555555,1.5802444444444426
53,2015,7,26.259677419354837,36.71,20.54,78.5958064516129,157.78,17.164193548387097,31,31,31,25.419956989247314,0.8397204301075227
53,2015,8,25.168709677419354,32.6,20.97,85.36483870967741,176.27,18.345806451612905,31,31,31,25.041247311827956,0.12746236559139845
53,2015,9,25.714,32.32,21.39,84.144,130.77999999999997,17.419,30,30,30,25.171344444444443,0.5426555555555552
53,2015,10,25.260967741935485,33.13,17.22,78.39322580645161,77.16,17.02548387096774,31,31,31,24.189795698924733,1.0711720430107512
53,2015,11,25.812333333333335,33.73,16.07,69.01833333333335,16.37,18.151666666666664,30,30,30,22.107655555555553,3.704677777777782
53,2015,12,22.536129032258064,33.42,11.67,66.94322580645161,46.410000000000004,15.29483870967742,31,31,31,19.829537634408602,2.7065913978494613
53,2016,1,21.351612903225806,32.99,5.74,58.52967741935484,43.71,15.240322580645161,31,31,31,20.80968817204301,0.5419247311827959
53,2016,2,22.182413793103446,34.33,6.9,50.281724137931036,1.04,19.566896551724138,29,29,29,23.56231116584565,-1.379897372742203
53,2016,3,27.879677419354838,38.29,15.52,44.19967741935484,0.9299999999999999,19.60258064516129,31,31,31,26.569591397849464,1.3100860215053736
53,2016,4,31.582333333333334,41.72,22.36,44.95466666666666,28.940000000000005,21.645666666666667,30,30,30,28.32418888888889,3.2581444444444436
53,2016,5,28.725806451612904,41.1,22.76,67.88000000000001,169.61,21.03451612903226,31,31,31,27.181376344086022,1.5444301075268818
53,2016,6,26.270333333333333,33.35,21.48,81.11333333333333,174.85,18.424,30,30,30,26.129755555555555,0.14057777777777858
53,2016,7,25.399354838709677,31.31,21.42,85.32612903225807,245.87,17.62483870967742,31,31,31,25.419956989247314,-0.020602150537637698
53,2016,8,25.154838709677417,31.53,21.09,86.34161290322581,247.72999999999996,16.24806451612903,31,31,31,25.041247311827956,0.11359139784946137
53,2016,9,25.278333333333332,31.28,21.34,86.91866666666667,232.04000000000002,16.259333333333334,30,30,30,25.171344444444443,0.10698888888888902
53,2016,10,25.21451612903226,31.02,20.07,84.95935483870967,144.92,17.29258064516129,31,31,31,24.189795698924733,1.024720430107525
53,2016,11,22.369333333333334,30.19,14.49,83.88233333333332,65.00999999999999,17.474666666666668,30,30,30,22.107655555555553,0.26167777777778056
53,2016,12,20.021612903225805,28.74,10.04,80.19516129032259,3.1999999999999997,16.65806451612903,31,31,31,19.829537634408602,0.19207526881720227
53,2017,1,21.173870967741934,29.44,12.23,80.32032258064515,32.98,15.76258064516129,31,31,31,20.80968817204301,0.3641827956989232
53,2017,2,22.182142857142857,34.11,11.63,64.33821428571429,1.0299999999999998,21.037142857142857,28,28,28,23.56231116584565,-1.3801683087027925
53,2017,3,26.639032258064514,36.55,16.5,60.041612903225804,43.49999999999999,21.2958064516129,31,31,31,26.569591397849464,0.06944086021504958
53,2017,4,26.694000000000003,36.18,16.46,70.23266666666667,114.7,21.464333333333332,30,30,30,28.32418888888889,-1.6301888888888882
53,2017,5,26.293225806451613,34.33,20.56,81.29935483870969,251.78999999999994,19.21451612903226,31,31,31,27.181376344086022,-0.8881505376344094
53,2017,6,25.67233333333333,32.05,21.16,85.365,133.72,18.587,30,30,30,26.129755555555555,-0.45742222222222395
53,2017,7,24.789354838709677,29.83,20.93,88.48774193548387,421.84,16.06741935483871,31,31,31,25.419956989247314,-0.6306021505376371
53,2017,8,24.96193548387097,31.42,21.3,88.48677419354838,234.69,16.99258064516129,31,31,31,25.041247311827956,-0.07931182795698533
53,2017,9,25.616,31.16,21.59,86.749,277.90000000000003,17.52466666666667,30,30,30,25.171344444444443,0.44465555555555625
53,2017,10,24.086451612903225,31.02,14.46,87.55645161290323,122.30000000000003,16.94741935483871,31,31,31,24.189795698924733,-0.10334408602150802
53,2017,11,21.841,29.99,13.36,85.50399999999999,9.190000000000001,16.435666666666666,30,30,30,22.107655555555553,-0.26665555555555187
53,2017,12,18.940967741935484,29.04,4.18,83.1316129032258,27.9,15.815483870967743,31,31,31,19.829537634408602,-0.888569892473118
53,2018,1,20.52225806451613,29.47,9.87,77.87870967741935,19.5,16.44258064516129,31,31,31,20.80968817204301,-0.28743010752688036
53,2018,2,21.483214285714286,31.66,9.0,73.55499999999999,35.06,18.024285714285714,28,28,28,23.56231116584565,-2.079096880131363
53,2018,3,24.69129032258065,34.09,14.63,66.68967741935484,25.629999999999995,19.200967741935486,31,31,31,26.569591397849464,-1.8783010752688156
53,2018,4,26.012999999999998,36.0,13.22,73.355,138.77,20.676333333333332,30,30,30,28.32418888888889,-2.3111888888888927
53,2018,5,26.032258064516128,32.79,21.63,82.57935483870968,195.20999999999998,20.307741935483868,31,31,31,27.181376344086022,-1.149118279569894
53,2018,6,25.380666666666666,31.49,20.98,85.28,154.2,17.196666666666665,30,30,30,26.129755555555555,-0.7490888888888882
53,2018,7,24.926451612903225,30.93,21.07,87.58,230.77,15.380967741935484,31,31,31,25.419956989247314,-0.4935053763440891
53,2018,8,24.57935483870968,30.39,21.05,88.68838709677419,192.28,15.191935483870967,31,31,31,25.041247311827956,-0.46189247311827586
53,2018,9,25.368333333333332,31.93,20.38,86.10266666666666,135.82,18.304666666666666,30,30,30,25.171344444444443,0.19698888888888888
53,2018,10,24.538387096774194,30.86,17.25,84.24193548387096,66.03,18.862903225806452,31,31,31,24.189795698924733,0.3485913978494608
53,2018,11,22.863999999999997,30.3,13.99,82.22766666666666,22.85,17.698666666666668,30,30,30,22.107655555555553,0.7563444444444443
53,2018,12,20.88935483870968,30.2,11.82,79.99677419354839,6.38,15.532903225806452,31,31,31,19.829537634408602,1.0598172043010763
53,2019,1,20.855806451612903,30.15,11.57,78.22032258064516,26.349999999999998,16.349354838709676,31,31,31,20.80968817204301,0.04611827956989245
53,2019,2,24.802500000000002,34.6,15.82,61.284285714285716,15.739999999999998,19.14071428571429,28,28,28,23.56231116584565,1.2401888341543525
53,2019,3,27.55548387096774,37.86,17.98,53.145483870967745,6.17,20.59258064516129,31,31,31,26.569591397849464,0.9858924731182768
53,2019,4,30.564666666666664,40.51,21.8,53.37,36.61999999999999,23.179,30,30,30,28.32418888888889,2.240477777777773
53,2019,5,28.621935483870967,40.5,21.71,70.55322580645162,136.48000000000002,19.75774193548387,31,31,31,27.181376344086022,1.4405591397849449
53,2019,6,26.79866666666667,35.74,22.31,80.77199999999999,114.27,19.777333333333335,30,30,30,26.129755555555555,0.6689111111111146
53,2019,7,25.941290322580645,33.32,20.77,78.97548387096774,122.76,17.253225806451614,31,31,31,25.419956989247314,0.521333333333331
53,2019,8,25.08709677419355,30.78,21.21,88.11096774193548,395.8400000000001,14.321935483870968,31,31,31,25.041247311827956,0.04584946236559517
53,2019,9,25.266333333333332,32.57,18.91,83.04733333333334,149.71,19.394333333333336,30,30,30,25.171344444444443,0.09498888888888857
53,2019,10,25.05806451612903,32.44,15.74,80.93677419354839,50.09,19.764193548387098,31,31,31,24.189795698924733,0.8682688172042958
53,2019,11,22.812666666666665,30.77,15.24,77.91366666666666,12.809999999999999,17.976,30,30,30,22.107655555555553,0.7050111111111121
53,2019,12,20.141290322580645,31.73,5.65,70.0716129032258,0.74,18.351612903225806,31,31,31,19.829537634408602,0.31175268817204227
53,2020,1,23.42258064516129,33.7,12.15,63.80032258064516,0.0,17.178709677419352,31,31,31,20.80968817204301,2.612892473118279
53,2020,2,24.115172413793104,34.81,13.64,55.092413793103454,0.12,18.898965517241376,29,29,29,23.56231116584565,0.5528612479474546
53,2020,3,28.011612903225807,38.52,18.31,53.80935483870967,20.88,19.411612903225805,31,31,31,26.569591397849464,1.442021505376342
53,2020,4,27.935,39.83,17.94,59.67933333333334,107.29,20.229666666666667,30,30,30,28.32418888888889,-0.38918888888889214
53,2020,5,28.43064516129032,37.34,22.78,71.71225806451612,155.69,22.225806451612904,31,31,31,27.181376344086022,1.2492688172042996
53,2020,6,26.26966666666667,33.67,22.33,83.73433333333334,167.84,19.98,30,30,30,26.129755555555555,0.13991111111111465
53,2020,7,25.75774193548387,32.07,21.76,85.74129032258064,183.60000000000002,19.45258064516129,31,31,31,25.419956989247314,0.33778494623655675
53,2020,8,25.260967741935485,31.67,20.88,87.30677419354839,425.45000000000016,15.846774193548388,31,31,31,25.041247311827956,0.21972043010752884
53,2020,9,25.71966666666667,31.56,22.3,87.23033333333333,193.26,16.586,30,30,30,25.171344444444443,0.5483222222222253
53,2020,10,23.950000000000003,30.83,17.15,85.28354838709677,100.15,14.389999999999999,31,31,31,24.189795698924733,-0.23979569892473052
53,2020,11,22.512666666666668,29.71,14.97,82.515,6.91,17.842,30,30,30,22.107655555555553,0.405011111111115
53,2020,12,19.301290322580645,29.93,9.27,78.5525806451613,0.0,17.67225806451613,31,31,31,19.829537634408602,-0.5282473118279576
53,2021,1,18.756774193548388,30.49,7.81,72.45967741935483,0.44,18.114193548387096,31,31,31,20.80968817204301,-2.0529139784946224
53,2021,2,23.089285714285715,34.06,12.71,65.30035714285715,23.619999999999997,20.103571428571428,28,28,28,23.56231116584565,-0.47302545155993414
53,2021,3,27.11193548387097,37.18,16.85,60.70870967741936,17.85,19.48548387096774,31,31,31,26.569591397849464,0.5423440860215045
53,2021,4,26.325,37.08,20.57,76.60633333333334,222.40999999999997,18.776333333333334,30,30,30,28.32418888888889,-1.9991888888888916
53,2021,5,27.046129032258065,35.14,20.87,79.0741935483871,107.64000000000001,21.55032258064516,31,31,31,27.181376344086022,-0.1352473118279569
53,2021,6,25.608999999999998,33.78,21.23,84.86866666666667,144.85000000000002,18.841666666666665,30,30,30,26.129755555555555,-0.5207555555555565
53,2021,7,25.466451612903228,31.53,21.38,86.37064516129031,248.85,17.25548387096774,31,31,31,25.419956989247314,0.046494623655913614
53,2021,8,25.601290322580645,31.21,21.29,85.6041935483871,180.95,18.441290322580645,31,31,31,25.041247311827956,0.5600430107526897
53,2021,9,25.378666666666668,31.84,20.84,86.54966666666665,300.86999999999995,16.945,30,30,30,25.171344444444443,0.20732222222222418
53,2021,10,24.23193548387097,31.75,17.02,86.30096774193548,171.32,16.141612903225806,31,31,31,24.189795698924733,0.0421397849462366
53,2021,11,22.300333333333334,30.97,14.42,82.516,15.92,18.171333333333333,30,30,30,22.107655555555553,0.1926777777777815
53,2021,12,18.364516129032257,26.6,9.43,79.55064516129033,0.55,18.307419354838707,31,31,31,19.829537634408602,-1.4650215053763453
53,2022,1,21.041935483870965,29.78,13.03,75.13935483870968,17.28,18.195483870967742,31,31,31,20.80968817204301,0.23224731182795466
53,2022,2,21.053571428571427,31.21,10.51,76.08785714285715,70.33000000000001,17.113214285714285,28,28,28,23.56231116584565,-2.5087397372742224
53,2022,3,26.523870967741935,34.76,17.33,72.2174193548387,103.37,20.044193548387096,31,31,31,26.569591397849464,-0.04572043010752935
53,2022,4,26.202333333333335,36.8,15.45,70.32266666666666,86.53,20.7,30,30,30,28.32418888888889,-2.1218555555555554
53,2022,5,24.97225806451613,31.94,17.21,83.25612903225807,204.86000000000004,18.010645161290324,31,31,31,27.181376344086022,-2.2091182795698927
53,2022,6,25.540666666666667,31.13,21.88,84.60866666666668,84.7,19.596999999999998,30,30,30,26.129755555555555,-0.5890888888888881
53,2022,7,25.78806451612903,32.6,21.56,86.30709677419355,290.74,17.243225806451612,31,31,31,25.419956989247314,0.36810752688171533
53,2022,8,25.23677419354839,31.96,21.66,87.85032258064517,257.69000000000005,16.746451612903225,31,31,31,25.041247311827956,0.19552688172043275
53,2022,9,25.089,31.29,21.48,88.11966666666667,274.5,15.846333333333332,30,30,30,25.171344444444443,-0.08234444444444478
53,2022,10,23.51290322580645,29.89,15.53,84.63483870967741,131.52000000000004,18.21548387096774,31,31,31,24.189795698924733,-0.6768924731182828
53,2022,11,23.667333333333332,29.55,16.27,83.70633333333333,20.450000000000003,17.463666666666665,30,30,30,22.107655555555553,1.5596777777777788
53,2022,12,19.174838709677417,28.31,8.71,81.1841935483871,5.09,16.661935483870966,31,31,31,19.829537634408602,-0.6546989247311856
53,2023,1,18.485806451612902,27.82,7.76,74.40903225806451,0.9,18.36935483870968,31,31,31,20.80968817204301,-2.3238817204301085
53,2023,2,22.611785714285713,32.64,10.44,66.7025,2.3200000000000003,19.26892857142857,28,28,28,23.56231116584565,-0.9505254515599368
53,2023,3,25.460967741935484,36.02,13.38,64.40838709677419,15.299999999999999,20.39516129032258,31,31,31,26.569591397849464,-1.1086236559139806
53,2023,4,29.69633333333333,39.81,19.64,56.191,18.29,20.774333333333335,30,30,30,28.32418888888889,1.3721444444444408
53,2023,5,28.886129032258065,40.77,21.47,69.20516129032258,116.16,21.143225806451614,31,31,31,27.181376344086022,1.704752688172043
53,2023,6,26.841,35.01,22.03,78.44166666666666,132.61,19.573333333333334,30,30,30,26.129755555555555,0.7112444444444463
53,2023,7,26.42258064516129,33.18,21.8,82.98322580645161,157.74000000000004,18.44,31,31,31,25.419956989247314,1.0026236559139754
53,2023,8,25.89483870967742,33.73,20.53,82.54967741935484,116.03,15.68032258064516,31,31,31,25.041247311827956,0.8535913978494634
53,2023,9,25.798333333333336,34.33,21.73,87.30466666666666,392.57,14.962,30,30,30,25.171344444444443,0.6269888888888921
53,2023,10,25.17032258064516,33.0,19.64,85.18096774193549,244.0,16.015483870967742,31,31,31,24.189795698924733,0.9805268817204258
53,2023,11,23.014333333333333,30.99,13.61,80.991,4.23,18.136000000000003,30,30,30,22.107655555555553,0.9066777777777801
53,2023,12,21.431290322580644,30.28,8.3,75.76548387096774,1.67,17.274516129032257,31,31,31,19.829537634408602,1.6017526881720414
53,2024,1,21.80322580645161,31.06,11.66,72.3883870967742,15.530000000000001,15.97225806451613,31,31,31,20.80968817204301,0.9935376344086002
53,2024,2,24.909655172413792,35.01,14.34,56.74793103448276,0.09000000000000001,19.88068965517241,29,29,29,23.56231116584565,1.347344006568143
53,2024,3,27.352903225806454,37.27,16.75,58.483870967741936,41.309999999999995,20.267096774193547,31,31,31,26.569591397849464,0.7833118279569895
53,2024,4,31.091666666666665,41.36,21.59,54.12033333333333,21.5,22.36733333333333,30,30,30,28.32418888888889,2.767477777777774
53,2024,5,28.823870967741936,41.55,23.54,72.94,264.33,19.433548387096774,31,31,31,27.181376344086022,1.6424946236559137
53,2024,6,26.374666666666666,33.7,22.12,83.99600000000001,167.19,17.297666666666665,30,30,30,26.129755555555555,0.24491111111111152
53,2024,7,25.59032258064516,31.27,22.09,87.38096774193548,240.38,14.999354838709678,31,31,31,25.419956989247314,0.17036559139784657
53,2024,8,25.843548387096774,32.83,21.92,86.72516129032257,345.0199999999999,16.81645161290323,31,31,31,25.041247311827956,0.8023010752688187
53,2024,9,26.023666666666667,31.98,20.94,85.19233333333334,268.12,15.496,30,30,30,25.171344444444443,0.8523222222222238
53,2024,10,25.268709677419356,31.4,19.16,83.06838709677419,108.64,18.41516129032258,31,31,31,24.189795698924733,1.0789139784946222
53,2024,11,22.487333333333332,30.94,14.2,82.22766666666666,16.61,16.919999999999998,30,30,30,22.107655555555553,0.3796777777777791
53,2024,12,19.820322580645165,28.9,11.53,80.24096774193548,3.38,16.97290322580645,31,31,31,19.829537634408602,-0.009215053763437453
53,2025,1,18.38193548387097,30.43,6.76,70.72645161290322,0.41,18.67516129032258,31,31,31,20.80968817204301,-2.427752688172042
53,2025,2,22.8,33.25,12.01,66.80464285714285,23.410000000000004,18.304285714285715,28,28,28,23.56231116584565,-0.7623111658456487
53,2025,3,26.552258064516128,37.81,14.98,56.29096774193548,9.319999999999999,20.13806451612903,31,31,31,26.569591397849464,-0.017333333333336753
53,2025,4,27.748,37.42,19.62,67.373,104.14,20.381666666666668,30,30,30,28.32418888888889,-0.5761888888888897
53,2025,5,27.23516129032258,35.82,19.95,76.5341935483871,289.2699999999999,18.368387096774192,31,31,31,27.181376344086022,0.05378494623655783
53,2025,6,26.146,32.53,21.73,83.32733333333334,120.98,16.993000000000002,30,30,30,26.129755555555555,0.01624444444444606
53,2025,7,25.38967741935484,31.74,21.57,86.75870967741936,287.42999999999995,14.626774193548387,31,31,31,25.419956989247314,-0.03027956989247471
53,2025,8,25.669032258064515,32.67,21.04,85.45064516129031,315.07000000000005,17.088387096774195,31,31,31,25.041247311827956,0.6277849462365594
53,2025,9,25.851333333333333,31.78,21.76,84.89899999999999,288.38,16.263666666666666,30,30,30,25.171344444444443,0.6799888888888894
53,2025,10,24.680967741935483,30.79,18.55,85.29870967741937,110.01000000000002,17.259032258064515,31,31,31,24.189795698924733,0.49117204301074935
53,2025,11,20.747,30.3,8.32,83.02133333333333,101.87,15.600333333333333,30,30,30,22.107655555555553,-1.360655555555553
53,2025,12,20.168709677419354,27.59,11.09,80.58741935483872,13.279999999999998,16.94516129032258,31,31,31,19.829537634408602,0.3391720430107519
53,2026,1,19.115483870967743,28.74,7.42,74.63032258064516,0.68,18.65741935483871,31,31,31,20.80968817204301,-1.694204301075267
53,2026,2,23.453928571428573,31.89,12.85,70.04607142857142,21.51,18.95285714285714,28,28,28,23.56231116584565,-0.1083825944170762
53,2026,3,25.629032258064516,36.09,16.2,63.16645161290323,8.53,21.610967741935482,31,31,31,26.569591397849464,-0.9405591397849484
53,2026,4,28.874000000000002,38.31,20.51,56.57366666666667,47.900000000000006,20.683333333333334,30,30,30,28.32418888888889,0.5498111111111115
53,2026,5,27.429032258064513,35.87,21.91,76.56806451612904,220.48999999999995,19.68,31,31,31,27.181376344086022,0.24765591397849107
53,2026,6,26.639,33.53,21.98,81.35833333333333,174.66,19.362666666666666,30,30,30,26.129755555555555,0.5092444444444446
53,2026,7,25.820645161290326,32.54,21.1,82.43483870967742,175.95,13.672258064516129,31,31,31,25.419956989247314,0.40068817204301155
53,2026,8,25.645806451612902,32.0,21.41,85.79032258064517,216.06999999999996,13.754193548387097,31,31,31,25.041247311827956,0.6045591397849464
53,2026,9,26.422272727272727,33.05,22.19,82.00363636363636,262.31,16.5965,22,22,30,25.171344444444443,1.2509282828282835
84,1981,1,24.3141935483871,29.72,19.93,82.62516129032258,11.87,,31,31,31,25.165182795698925,-0.8509892473118263
84,1981,2,25.435714285714287,31.36,18.25,81.48892857142857,24.04,,28,28,28,25.7284421182266,-0.2927278325123126
84,1981,3,26.94451612903226,34.26,21.62,77.48838709677419,3.4499999999999997,,31,31,31,27.02520430107527,-0.08068817204301126
84,1981,4,27.548,32.97,23.52,81.008,177.61,,30,30,30,28.233055555555556,-0.6850555555555573
84,1981,5,27.384193548387096,32.67,24.13,83.76096774193549,237.11999999999995,,31,31,31,27.733118279569894,-0.3489247311827981
84,1981,6,26.441,31.61,22.86,86.761,190.70999999999998,,30,30,30,26.770733333333332,-0.32973333333333343
84,1981,7,25.956451612903226,31.0,22.82,88.34,157.14999999999998,,31,31,31,26.32636559139785,-0.3699139784946226
84,1981,8,26.22967741935484,31.4,22.73,86.57677419354839,116.14,,31,31,31,26.22940860215054,0.0002688172043008308
84,1981,9,26.291999999999998,31.92,22.41,85.04766666666666,263.30999999999995,,30,30,30,26.173744444444445,0.11825555555555312
84,1981,10,26.05258064516129,32.15,21.99,86.33935483870968,255.1,,31,31,31,26.249376344086023,-0.1967956989247348
84,1981,11,25.319333333333336,30.68,22.44,89.12100000000001,348.17,,30,30,30,25.959711111111112,-0.6403777777777755
84,1981,12,24.289032258064516,29.29,20.56,86.69612903225806,166.95,,31,31,31,25.287989247311828,-0.9989569892473114
84,1982,1,24.54548387096774,29.9,21.11,81.80903225806452,3.4299999999999997,,31,31,31,25.165182795698925,-0.6196989247311855
84,1982,2,25.71,32.48,20.78,81.63250000000001,17.529999999999998,,28,28,28,25.7284421182266,-0.01844211822659858
84,1982,3,27.358387096774194,34.7,21.74,75.29612903225807,12.39,,31,31,31,27.02520430107527,0.3331827956989244
84,1982,4,28.112666666666666,35.75,22.82,74.27166666666668,95.68,,30,30,30,28.233055555555556,-0.12038888888888977
84,1982,5,28.196129032258067,35.06,23.7,78.50612903225807,223.99,,31,31,31,27.733118279569894,0.4630107526881737
84,1982,6,26.759333333333334,31.71,22.67,84.77,109.30999999999999,,30,30,30,26.770733333333332,-0.0113999999999983
84,1982,7,25.77548387096774,31.69,21.77,87.46935483870968,306.8900000000001,,31,31,31,26.32636559139785,-0.5508817204301089
84,1982,8,25.856451612903225,30.58,22.33,87.48645161290322,208.85,,31,31,31,26.22940860215054,-0.3729569892473137
84,1982,9,26.157666666666668,32.24,22.05,84.59733333333334,172.38,,30,30,30,26.173744444444445,-0.016077777777777413
84,1982,10,26.588709677419356,33.76,22.89,80.95483870967742,209.63,,31,31,31,26.249376344086023,0.3393333333333324
84,1982,11,26.15666666666667,30.77,23.12,85.61200000000001,183.85999999999999,,30,30,30,25.959711111111112,0.196955555555558
84,1982,12,25.023548387096774,30.06,20.79,83.00161290322582,92.23,,31,31,31,25.287989247311828,-0.2644408602150534
84,1983,1,25.181935483870966,30.89,21.47,83.46645161290323,42.0,,31,31,31,25.165182795698925,0.016752688172040564
84,1983,2,26.037499999999998,32.99,20.3,79.8457142857143,0.15,,28,28,28,25.7284421182266,0.30905788177339844
84,1983,3,28.330000000000002,36.37,21.58,71.15064516129033,33.059999999999995,,31,31,31,27.02520430107527,1.3047956989247318
84,1983,4,29.920333333333335,38.62,21.69,64.15966666666667,22.889999999999997,,30,30,30,28.233055555555556,1.6872777777777799
84,1983,5,28.254516129032258,35.17,23.49,77.96935483870968,213.51000000000002,,31,31,31,27.733118279569894,0.5213978494623639
84,1983,6,26.793333333333333,34.96,23.1,85.643,272.88999999999993,,30,30,30,26.770733333333332,0.02260000000000062
84,1983,7,26.136451612903226,31.41,22.77,87.35774193548387,250.31000000000003,,31,31,31,26.32636559139785,-0.18991397849462288
84,1983,8,26.156129032258065,31.22,23.1,87.9858064516129,274.79999999999995,,31,31,31,26.22940860215054,-0.07327956989247397
84,1983,9,26.371666666666666,32.32,22.8,85.34666666666666,307.96,,30,30,30,26.173744444444445,0.19792222222222122
84,1983,10,25.846774193548388,31.72,22.17,87.31903225806451,271.07,,31,31,31,26.249376344086023,-0.4026021505376356
84,1983,11,24.920333333333335,31.11,20.69,85.31133333333334,284.3,,30,30,30,25.959711111111112,-1.0393777777777764
84,1983,12,24.424193548387095,30.12,20.78,87.57064516129033,143.45,,31,31,31,25.287989247311828,-0.8637956989247328
84,1984,1,24.568709677419356,29.97,20.26,85.85161290322581,74.25,15.249032258064517,31,31,31,25.165182795698925,-0.5964731182795688
84,1984,2,25.36758620689655,31.31,21.64,84.38448275862069,34.76,17.564137931034484,29,29,29,25.7284421182266,-0.3608559113300487
84,1984,3,26.60483870967742,32.72,20.73,78.88000000000001,26.53,20.955483870967743,31,31,31,27.02520430107527,-0.4203655913978501
84,1984,4,27.411333333333335,33.94,22.67,80.26733333333333,182.8,19.671333333333333,30,30,30,28.233055555555556,-0.8217222222222205
84,1984,5,26.77225806451613,32.03,23.6,85.31354838709677,175.84000000000003,19.04258064516129,31,31,31,27.733118279569894,-0.9608602150537635
84,1984,6,25.897,31.06,22.74,88.825,273.75,16.36,30,30,30,26.770733333333332,-0.8737333333333339
84,1984,7,26.01225806451613,31.97,22.81,85.47290322580645,186.05,13.90741935483871,31,31,31,26.32636559139785,-0.3141075268817204
84,1984,8,25.55838709677419,30.91,22.29,87.89483870967743,168.77999999999994,17.29258064516129,31,31,31,26.22940860215054,-0.6710215053763484
84,1984,9,25.629666666666665,30.76,22.1,86.37966666666667,236.0,18.034666666666666,30,30,30,26.173744444444445,-0.5440777777777797
84,1984,10,25.72741935483871,31.1,21.58,84.1441935483871,209.45,16.273548387096774,31,31,31,26.249376344086023,-0.5219569892473146
84,1984,11,25.679666666666666,31.98,22.39,86.05033333333333,284.34000000000003,16.380333333333333,30,30,30,25.959711111111112,-0.2800444444444459
84,1984,12,25.085483870967742,31.81,21.74,86.09774193548388,227.75,13.749677419354839,31,31,31,25.287989247311828,-0.20250537634408516
84,1985,1,24.826129032258066,30.41,20.97,84.05516129032259,22.84,17.628709677419355,31,31,31,25.165182795698925,-0.3390537634408588
84,1985,2,26.49857142857143,31.49,21.38,81.70642857142857,43.53,21.187857142857144,28,28,28,25.7284421182266,0.7701293103448315
84,1985,3,26.556129032258063,32.78,21.42,81.16935483870968,63.03,21.22774193548387,31,31,31,27.02520430107527,-0.46907526881720685
84,1985,4,27.387333333333334,33.31,23.14,80.53133333333334,155.87,19.978,30,30,30,28.233055555555556,-0.8457222222222214
84,1985,5,27.18064516129032,32.96,23.13,83.21612903225805,250.92000000000002,17.37483870967742,31,31,31,27.733118279569894,-0.5524731182795719
84,1985,6,26.007333333333335,30.84,22.57,87.73033333333333,213.54000000000002,17.47533333333333,30,30,30,26.770733333333332,-0.7633999999999972
84,1985,7,25.612903225806452,30.38,21.93,86.13903225806452,150.67000000000002,18.537096774193547,31,31,31,26.32636559139785,-0.713462365591397
84,1985,8,25.691290322580645,30.9,22.57,88.42096774193548,175.69,17.936129032258062,31,31,31,26.22940860215054,-0.5381182795698933
84,1985,9,25.678,31.07,22.0,86.988,294.90000000000003,16.784,30,30,30,26.173744444444445,-0.4957444444444441
84,1985,10,25.654516129032256,30.57,22.13,87.3309677419355,374.2900000000001,17.057096774193546,31,31,31,26.249376344086023,-0.5948602150537674
84,1985,11,25.507,29.86,22.21,87.33833333333334,225.39000000000001,14.347000000000001,30,30,30,25.959711111111112,-0.4527111111111104
84,1985,12,24.79774193548387,29.3,20.06,85.23354838709676,173.26000000000002,14.57516129032258,31,31,31,25.287989247311828,-0.49024731182795733
84,1986,1,24.346774193548388,29.98,20.05,82.91193548387096,29.6,16.680967741935483,31,31,31,25.165182795698925,-0.8184086021505372
84,1986,2,25.33857142857143,31.43,20.35,78.69035714285714,3.2200000000000006,20.863571428571426,28,28,28,25.7284421182266,-0.3898706896551687
84,1986,3,26.84161290322581,34.89,19.28,76.61999999999999,19.13,21.546451612903226,31,31,31,27.02520430107527,-0.18359139784946166
84,1986,4,28.137666666666668,35.08,23.63,75.29133333333334,73.24000000000001,21.543,30,30,30,28.233055555555556,-0.09538888888888764
84,1986,5,26.74774193548387,35.4,22.88,84.91354838709678,371.34999999999997,17.350322580645162,31,31,31,27.733118279569894,-0.9853763440860241
84,1986,6,26.31433333333333,31.42,22.93,87.44166666666666,240.63000000000002,17.110666666666667,30,30,30,26.770733333333332,-0.45640000000000214
84,1986,7,25.7758064516129,30.66,22.06,87.55290322580645,263.56,17.259677419354837,31,31,31,26.32636559139785,-0.5505591397849479
84,1986,8,25.57935483870968,30.51,22.65,89.4941935483871,275.01000000000005,17.002258064516127,31,31,31,26.22940860215054,-0.6500537634408587
84,1986,9,25.577333333333335,30.13,21.92,89.28766666666667,462.26,17.081666666666667,30,30,30,26.173744444444445,-0.5964111111111094
84,1986,10,26.103870967741937,31.38,22.28,86.25096774193547,303.97999999999996,15.174193548387096,31,31,31,26.249376344086023,-0.14550537634408656
84,1986,11,25.532666666666668,30.36,22.62,87.50500000000001,335.7,14.992666666666667,30,30,30,25.959711111111112,-0.42704444444444434
84,1986,12,24.803870967741933,29.06,20.83,87.24612903225807,134.57,15.453225806451613,31,31,31,25.287989247311828,-0.48411827956989484
84,1987,1,24.711612903225806,29.37,20.51,84.92129032258065,53.870000000000005,16.990645161290324,31,31,31,25.165182795698925,-0.4535698924731193
84,1987,2,25.099285714285713,31.59,20.45,82.01285714285714,1.55,21.179285714285715,28,28,28,25.7284421182266,-0.6291564039408861
84,1987,3,26.914516129032258,33.35,21.41,77.29161290322581,8.24,21.429032258064513,31,31,31,27.02520430107527,-0.1106881720430124
84,1987,4,28.477333333333334,35.48,23.35,74.33266666666667,21.01,21.96966666666667,30,30,30,28.233055555555556,0.24427777777777848
84,1987,5,27.581935483870968,34.29,23.23,80.5125806451613,234.2,18.406774193548387,31,31,31,27.733118279569894,-0.1511827956989258
84,1987,6,27.134,33.69,23.36,85.275,152.84999999999997,16.98966666666667,30,30,30,26.770733333333332,0.36326666666666796
84,1987,7,27.085806451612903,33.31,22.83,80.91870967741936,60.60000000000001,19.47258064516129,31,31,31,26.32636559139785,0.7594408602150544
84,1987,8,26.29290322580645,31.58,22.76,86.10258064516128,377.44000000000005,16.911935483870966,31,31,31,26.22940860215054,0.06349462365591307
84,1987,9,26.645666666666667,32.49,22.51,84.958,210.46,17.356333333333335,30,30,30,26.173744444444445,0.47192222222222213
84,1987,10,26.975161290322582,31.87,23.8,84.39387096774193,259.6700000000001,17.156129032258065,31,31,31,26.249376344086023,0.7257849462365584
84,1987,11,26.427333333333333,33.11,23.13,87.50666666666666,326.05,14.532666666666668,30,30,30,25.959711111111112,0.4676222222222215
84,1987,12,25.080645161290324,29.62,21.34,84.88903225806452,188.12,13.13774193548387,31,31,31,25.287989247311828,-0.20734408602150367
84,1988,1,25.52,30.48,21.75,84.67096774193548,82.32000000000001,16.960645161290323,31,31,31,25.165182795698925,0.35481720430107444
84,1988,2,26.232758620689655,31.99,22.0,83.58206896551725,33.089999999999996,19.679310344827588,29,29,29,25.7284421182266,0.5043165024630554
84,1988,3,27.388709677419353,34.12,22.02,79.30903225806452,29.25,20.98483870967742,31,31,31,27.02520430107527,0.363505376344083
84,1988,4,28.255,34.38,24.48,79.71133333333334,90.99,18.919666666666668,30,30,30,28.233055555555556,0.021944444444443434
84,1988,5,27.44709677419355,32.36,23.74,85.46419354838709,279.0199999999999,17.028709677419354,31,31,31,27.733118279569894,-0.2860215053763433
84,1988,6,26.649333333333335,32.21,22.94,85.602,154.07,17.875666666666667,30,30,30,26.770733333333332,-0.12139999999999773
84,1988,7,26.39548387096774,31.82,23.24,87.80322580645162,345.64000000000004,16.11774193548387,31,31,31,26.32636559139785,0.06911827956989214
84,1988,8,26.653225806451612,31.15,23.41,86.3016129032258,222.20999999999998,18.096129032258066,31,31,31,26.22940860215054,0.4238172043010735
84,1988,9,26.417666666666666,31.38,23.49,88.10033333333334,448.0999999999999,16.341666666666665,30,30,30,26.173744444444445,0.2439222222222206
84,1988,10,25.52064516129032,30.07,22.49,90.1241935483871,260.03000000000003,15.28032258064516,31,31,31,26.249376344086023,-0.7287311827957019
84,1988,11,24.937666666666665,29.1,21.89,90.98633333333333,576.8499999999999,10.857,30,30,30,25.959711111111112,-1.0220444444444468
84,1988,12,24.148387096774194,28.84,20.43,85.99483870967742,51.59,15.00290322580645,31,31,31,25.287989247311828,-1.139602150537634
84,1989,1,25.206451612903226,30.56,20.99,85.68903225806451,44.78999999999999,16.646129032258063,31,31,31,25.165182795698925,0.0412688172043012
84,1989,2,25.0575,31.28,19.67,79.94285714285715,9.22,19.900357142857143,28,28,28,25.7284421182266,-0.6709421182265984
84,1989,3,26.85258064516129,33.79,21.07,77.33064516129032,62.42000000000001,20.58451612903226,31,31,31,27.02520430107527,-0.17262365591398066
84,1989,4,27.96466666666667,34.31,23.21,78.42566666666667,105.94999999999999,20.942666666666664,30,30,30,28.233055555555556,-0.2683888888888859
84,1989,5,26.740967741935485,32.95,23.38,86.47806451612904,297.52,17.33967741935484,31,31,31,27.733118279569894,-0.9921505376344086
84,1989,6,26.13266666666667,31.53,22.08,86.86033333333333,141.39000000000001,18.374333333333333,30,30,30,26.770733333333332,-0.6380666666666635
84,1989,7,26.410967741935483,31.51,22.51,85.20354838709677,162.79000000000002,18.15967741935484,31,31,31,26.32636559139785,0.0846021505376342
84,1989,8,25.67258064516129,30.83,22.62,89.10032258064517,208.38000000000002,17.880967741935486,31,31,31,26.22940860215054,-0.5568279569892489
84,1989,9,26.26833333333333,30.96,22.61,85.99933333333334,190.39000000000001,17.041,30,30,30,26.173744444444445,0.09458888888888595
84,1989,10,26.11741935483871,32.1,22.94,87.6690322580645,405.5999999999999,15.637419354838709,31,31,31,26.249376344086023,-0.13195698924731403
84,1989,11,25.576999999999998,29.71,22.56,87.25933333333334,223.37,14.123999999999999,30,30,30,25.959711111111112,-0.38271111111111367
84,1989,12,24.780645161290323,30.08,20.61,82.7741935483871,9.59,17.345483870967744,31,31,31,25.287989247311828,-0.5073440860215044
84,1990,1,25.320322580645165,30.81,21.02,82.60354838709678,14.89,18.40967741935484,31,31,31,25.165182795698925,0.1551397849462397
84,1990,2,25.97357142857143,32.5,21.05,79.62035714285715,3.5300000000000002,21.299642857142857,28,28,28,25.7284421182266,0.24512931034482932
84,1990,3,27.778709677419354,36.3,20.9,72.62032258064517,11.299999999999997,22.283548387096772,31,31,31,27.02520430107527,0.7535053763440835
84,1990,4,29.148666666666667,36.78,23.66,72.25233333333334,86.52000000000001,21.090333333333334,30,30,30,28.233055555555556,0.9156111111111116
84,1990,5,27.54548387096774,33.78,23.79,83.08967741935484,261.99,17.99225806451613,31,31,31,27.733118279569894,-0.18763440860215397
84,1990,6,26.62933333333333,31.41,22.67,87.39133333333332,154.86,18.887333333333334,30,30,30,26.770733333333332,-0.14140000000000086
84,1990,7,26.085806451612903,31.34,22.41,86.42806451612903,114.94999999999999,18.767419354838708,31,31,31,26.32636559139785,-0.24055913978494559
84,1990,8,26.26774193548387,31.88,23.02,86.64935483870968,93.38,17.068064516129034,31,31,31,26.22940860215054,0.038333333333330444
84,1990,9,26.128,31.45,22.69,87.704,315.20000000000005,16.884,30,30,30,26.173744444444445,-0.04574444444444481
84,1990,10,26.30838709677419,32.09,22.64,86.5841935483871,420.48999999999995,15.651290322580644,31,31,31,26.249376344086023,0.05901075268816669
84,1990,11,25.759999999999998,30.82,22.68,87.10866666666668,337.63000000000005,15.471666666666666,30,30,30,25.959711111111112,-0.19971111111111384
84,1990,12,24.946129032258067,29.57,21.29,86.01322580645162,96.38000000000001,15.584838709677419,31,31,31,25.287989247311828,-0.3418602150537602
84,1991,1,25.35258064516129,30.27,20.97,84.00129032258064,29.860000000000003,18.543870967741935,31,31,31,25.165182795698925,0.18739784946236426
84,1991,2,26.0225,32.07,20.86,79.99249999999999,18.650000000000002,19.97142857142857,28,28,28,25.7284421182266,0.2940578817734014
84,1991,3,26.904193548387095,33.66,20.89,77.42612903225806,38.27,21.62709677419355,31,31,31,27.02520430107527,-0.12101075268817496
84,1991,4,28.392333333333333,35.79,23.01,74.29166666666667,74.03999999999999,20.935,30,30,30,28.233055555555556,0.15927777777777763
84,1991,5,27.963870967741936,34.22,24.57,81.9767741935484,274.70000000000005,18.40032258064516,31,31,31,27.733118279569894,0.23075268817204275
84,1991,6,27.311333333333334,32.6,23.53,84.503,131.08999999999997,18.315333333333335,30,30,30,26.770733333333332,0.5406000000000013
84,1991,7,26.141935483870967,31.82,23.15,88.5383870967742,302.75,16.008064516129032,31,31,31,26.32636559139785,-0.18443010752688238
84,1991,8,26.041935483870965,31.45,23.04,89.54322580645162,305.78,15.92,31,31,31,26.22940860215054,-0.18747311827957347
84,1991,9,25.744666666666667,29.87,23.05,89.82766666666666,265.35,15.747333333333334,30,30,30,26.173744444444445,-0.42907777777777767
84,1991,10,26.053870967741933,31.15,22.45,85.96935483870968,151.65000000000003,16.463870967741936,31,31,31,26.249376344086023,-0.19550537634409082
84,1991,11,25.511000000000003,29.67,22.15,84.35433333333334,113.36,15.272666666666668,30,30,30,25.959711111111112,-0.44871111111110906
84,1991,12,25.418064516129032,30.89,21.8,84.36903225806452,154.58,15.029032258064515,31,31,31,25.287989247311828,0.13007526881720466
84,1992,1,24.788387096774194,29.99,20.44,82.99032258064516,28.31,17.384838709677418,31,31,31,25.165182795698925,-0.37679569892473097
84,1992,2,25.94793103448276,32.08,20.46,80.34275862068965,11.44,20.26206896551724,29,29,29,25.7284421182266,0.21948891625616085
84,1992,3,27.629032258064516,36.51,19.76,70.31225806451613,1.9900000000000002,22.853870967741937,31,31,31,27.02520430107527,0.603827956989246
84,1992,4,30.15666666666667,38.35,23.52,63.93866666666667,17.740000000000002,22.227333333333334,30,30,30,28.233055555555556,1.9236111111111143
84,1992,5,28.746774193548386,37.1,24.55,76.54935483870968,163.01,19.05548387096774,31,31,31,27.733118279569894,1.0136559139784929
84,1992,6,27.200333333333333,32.41,23.26,85.13799999999999,165.8,15.906666666666666,30,30,30,26.770733333333332,0.42960000000000065
84,1992,7,26.708064516129035,32.86,23.05,84.54838709677419,182.1,17.076129032258066,31,31,31,26.32636559139785,0.38169892473118594
84,1992,8,26.04741935483871,31.09,22.91,86.77903225806452,211.25,16.250967741935487,31,31,31,26.22940860215054,-0.18198924731182942
84,1992,9,26.040333333333333,31.59,22.16,86.31666666666666,155.68999999999997,18.112000000000002,30,30,30,26.173744444444445,-0.13341111111111204
84,1992,10,25.833548387096776,31.59,22.41,87.80645161290323,482.78000000000003,13.478709677419356,31,31,31,26.249376344086023,-0.4158279569892471
84,1992,11,25.049,29.12,22.2,87.23833333333333,281.33,13.192333333333332,30,30,30,25.959711111111112,-0.9107111111111124
84,1992,12,24.753225806451614,29.51,20.77,86.62258064516129,114.06000000000002,14.570645161290322,31,31,31,25.287989247311828,-0.534763440860214
84,1993,1,24.911290322580644,30.48,19.01,84.53516129032259,128.92,16.739032258064515,31,31,31,25.165182795698925,-0.253892473118281
84,1993,2,24.956071428571427,31.27,19.72,81.865,1.55,20.616071428571427,28,28,28,25.7284421182266,-0.7723706896551725
84,1993,3,26.166451612903224,33.34,20.59,82.07806451612903,99.94,20.011290322580646,31,31,31,27.02520430107527,-0.8587526881720464
84,1993,4,27.58533333333333,35.5,22.52,78.565,84.17,21.430666666666664,30,30,30,28.233055555555556,-0.6477222222222245
84,1993,5,28.113225806451613,35.36,23.65,79.50064516129032,170.69,19.386451612903226,31,31,31,27.733118279569894,0.38010752688171934
84,1993,6,26.939,31.43,23.18,86.57333333333332,192.70000000000002,18.364333333333335,30,30,30,26.770733333333332,0.16826666666666767
84,1993,7,26.119032258064518,31.0,23.25,88.90290322580645,267.69,17.11,31,31,31,26.32636559139785,-0.20733333333333093
84,1993,8,26.095806451612905,30.76,22.79,87.53290322580645,167.77,18.030967741935484,31,31,31,26.22940860215054,-0.1336021505376337
84,1993,9,25.887999999999998,30.87,22.76,88.74933333333334,273.98,17.320666666666668,30,30,30,26.173744444444445,-0.2857444444444468
84,1993,10,26.043225806451613,30.64,23.36,87.98903225806451,279.96000000000004,15.805483870967743,31,31,31,26.249376344086023,-0.20615053763441082
84,1993,11,25.837666666666667,30.74,22.22,86.19266666666667,387.33,14.770666666666667,30,30,30,25.959711111111112,-0.12204444444444462
84,1993,12,24.822580645161292,29.31,19.79,87.15129032258065,287.52,14.442580645161291,31,31,31,25.287989247311828,-0.4654086021505357
84,1994,1,24.74451612903226,29.49,20.56,84.6032258064516,14.179999999999998,17.671290322580642,31,31,31,25.165182795698925,-0.42066666666666563
84,1994,2,26.139285714285712,33.21,21.03,80.33892857142857,30.480000000000004,20.464642857142856,28,28,28,25.7284421182266,0.410843596059113
84,1994,3,26.398387096774194,32.04,22.03,84.11999999999999,120.80999999999999,18.440967741935484,31,31,31,27.02520430107527,-0.6268172043010765
84,1994,4,27.848666666666666,33.54,22.78,79.63266666666667,113.47,21.632333333333335,30,30,30,28.233055555555556,-0.3843888888888891
84,1994,5,26.91774193548387,31.93,23.53,87.36483870967741,250.51,19.416129032258063,31,31,31,27.733118279569894,-0.8153763440860224
84,1994,6,26.26033333333333,30.93,23.21,88.80866666666667,260.34,16.293,30,30,30,26.770733333333332,-0.5104000000000006
84,1994,7,25.946129032258067,30.37,22.92,88.9932258064516,185.45999999999998,16.450967741935486,31,31,31,26.32636559139785,-0.3802365591397816
84,1994,8,25.865161290322582,33.9,23.01,88.97064516129032,301.44000000000005,16.47774193548387,31,31,31,26.22940860215054,-0.3642473118279561
84,1994,9,25.517333333333333,30.87,21.47,89.98266666666667,393.1,16.937,30,30,30,26.173744444444445,-0.6564111111111117
84,1994,10,25.931612903225805,31.01,21.01,85.40612903225806,165.71999999999997,18.07774193548387,31,31,31,26.249376344086023,-0.3177634408602188
84,1994,11,25.502666666666666,29.45,22.2,87.57600000000001,328.89,15.702333333333334,30,30,30,25.959711111111112,-0.4570444444444455
84,1994,12,25.441290322580645,30.9,21.57,83.24870967741936,103.08999999999999,16.753870967741936,31,31,31,25.287989247311828,0.15330107526881775
84,1995,1,25.164516129032258,30.29,20.46,83.26967741935485,28.550000000000004,17.493225806451612,31,31,31,25.165182795698925,-0.0006666666666674814
84,1995,2,25.416785714285712,31.49,20.49,79.96392857142857,5.34,20.264642857142857,28,28,28,25.7284421182266,-0.3116564039408871
84,1995,3,26.981612903225805,33.14,21.59,78.26290322580645,71.29,21.215483870967745,31,31,31,27.02520430107527,-0.04359139784946464
84,1995,4,28.196666666666665,35.09,23.19,76.84899999999999,98.22000000000001,22.604333333333333,30,30,30,28.233055555555556,-0.036388888888890136
84,1995,5,27.684838709677418,34.15,22.9,80.72967741935483,161.62,20.747096774193547,31,31,31,27.733118279569894,-0.048279569892475394
84,1995,6,26.845333333333333,31.7,23.62,87.26466666666667,198.8,18.12,30,30,30,26.770733333333332,0.07460000000000022
84,1995,7,26.239032258064515,31.39,23.03,87.65548387096774,306.09000000000003,15.763225806451612,31,31,31,26.32636559139785,-0.08733333333333348
84,1995,8,26.236129032258063,30.7,23.5,89.37870967741937,384.75,15.689677419354839,31,31,31,26.22940860215054,0.006720430107524322
84,1995,9,26.019333333333336,31.08,23.12,88.94933333333333,289.89,15.005666666666666,30,30,30,26.173744444444445,-0.15441111111110928
84,1995,10,26.21709677419355,31.1,23.13,87.9416129032258,287.52,14.553548387096773,31,31,31,26.249376344086023,-0.0322795698924736
84,1995,11,25.797,30.01,22.86,89.884,478.34999999999997,11.439,30,30,30,25.959711111111112,-0.16271111111111125
84,1995,12,24.536129032258064,29.42,19.87,84.69516129032259,63.63,14.318064516129033,31,31,31,25.287989247311828,-0.7518602150537639
84,1996,1,24.517096774193547,29.75,19.99,83.3083870967742,38.83,17.807741935483868,31,31,31,25.165182795698925,-0.6480860215053781
84,1996,2,25.142413793103447,31.77,20.65,83.78999999999999,60.480000000000004,17.61793103448276,29,29,29,25.7284421182266,-0.5860283251231522
84,1996,3,26.501935483870966,33.95,20.51,78.01290322580645,7.260000000000001,22.02064516129032,31,31,31,27.02520430107527,-0.5232688172043041
84,1996,4,28.115666666666666,34.7,23.8,79.28866666666666,186.63,19.612000000000002,30,30,30,28.233055555555556,-0.11738888888888965
84,1996,5,27.005806451612905,32.0,23.68,86.68064516129031,168.39,18.843870967741935,31,31,31,27.733118279569894,-0.7273118279569886
84,1996,6,27.307000000000002,32.58,23.6,84.57033333333334,232.10999999999999,17.461000000000002,30,30,30,26.770733333333332,0.5362666666666698
84,1996,7,26.53516129032258,32.16,23.12,86.64387096774193,164.23999999999998,15.311290322580644,31,31,31,26.32636559139785,0.2087956989247317
84,1996,8,26.323870967741936,31.47,23.32,87.39129032258064,252.89999999999998,17.706774193548387,31,31,31,26.22940860215054,0.0944623655913972
84,1996,9,25.841333333333335,31.16,22.98,89.28733333333334,278.07,14.651333333333334,30,30,30,26.173744444444445,-0.3324111111111101
84,1996,10,26.249354838709678,31.15,22.92,87.44935483870967,311.06,14.454516129032257,31,31,31,26.249376344086023,-2.1505376345487548e-05
84,1996,11,25.667333333333332,30.29,22.51,89.71366666666667,431.67,14.074666666666667,30,30,30,25.959711111111112,-0.29237777777778007
84,1996,12,24.458387096774196,28.37,19.11,87.35806451612903,375.16999999999996,13.725161290322582,31,31,31,25.287989247311828,-0.8296021505376316
84,1997,1,24.317741935483873,29.98,19.77,82.21774193548387,5.76,18.249354838709678,31,31,31,25.165182795698925,-0.8474408602150518
84,1997,2,26.068571428571428,31.3,21.53,82.48392857142858,59.98,18.686785714285715,28,28,28,25.7284421182266,0.3401293103448282
84,1997,3,27.006774193548388,34.31,21.08,76.44677419354838,21.61,22.148064516129033,31,31,31,27.02520430107527,-0.01843010752688201
84,1997,4,27.59466666666667,33.72,22.18,77.69466666666668,104.61000000000001,21.458666666666666,30,30,30,28.233055555555556,-0.6383888888888869
84,1997,5,27.730645161290322,34.36,22.98,81.16387096774193,121.64999999999999,19.259677419354837,31,31,31,27.733118279569894,-0.002473118279571196
84,1997,6,27.061,32.99,23.38,84.95466666666667,229.17000000000002,18.816333333333333,30,30,30,26.770733333333332,0.29026666666666756
84,1997,7,26.21,31.78,23.32,88.86967741935484,290.24999999999994,15.781935483870969,31,31,31,26.32636559139785,-0.11636559139784808
84,1997,8,26.18,31.73,22.63,88.37032258064517,454.96999999999997,16.17774193548387,31,31,31,26.22940860215054,-0.04940860215053888
84,1997,9,26.758333333333333,31.97,23.53,86.22066666666666,317.15,17.167666666666666,30,30,30,26.173744444444445,0.5845888888888879
84,1997,10,26.546451612903226,32.93,23.36,87.13774193548387,273.17,17.236129032258066,31,31,31,26.249376344086023,0.2970752688172027
84,1997,11,25.970666666666666,29.81,22.49,88.98766666666667,185.48,14.924,30,30,30,25.959711111111112,0.010955555555554497
84,1997,12,25.919677419354837,30.02,22.09,85.56064516129032,122.05000000000003,15.696129032258064,31,31,31,25.287989247311828,0.6316881720430096
84,1998,1,25.926451612903225,31.08,21.29,83.90774193548387,22.13,18.083225806451615,31,31,31,25.165182795698925,0.7612688172043001
84,1998,2,26.783571428571427,33.4,22.19,79.64785714285713,1.9800000000000002,21.357857142857142,28,28,28,25.7284421182266,1.055129310344828
84,1998,3,27.830645161290324,34.23,22.45,73.88806451612903,7.76,22.14322580645161,31,31,31,27.02520430107527,0.8054408602150538
84,1998,4,30.24566666666667,38.68,23.94,66.572,14.71,22.115333333333336,30,30,30,28.233055555555556,2.012611111111113
84,1998,5,29.725806451612904,37.97,25.26,74.60290322580646,149.33,18.81935483870968,31,31,31,27.733118279569894,1.9926881720430103
84,1998,6,27.071,32.2,24.22,88.377,270.15,16.855666666666668,30,30,30,26.770733333333332,0.3002666666666691
84,1998,7,26.81096774193548,32.38,23.8,87.68193548387096,207.86999999999998,19.166129032258063,31,31,31,26.32636559139785,0.4846021505376328
84,1998,8,27.00709677419355,31.75,23.64,86.33290322580646,256.16,18.96,31,31,31,26.22940860215054,0.7776881720430104
84,1998,9,26.411,30.83,23.56,88.588,301.57,17.589,30,30,30,26.173744444444445,0.23725555555555644
84,1998,10,26.18548387096774,30.54,23.38,90.72419354838709,484.18999999999994,13.877096774193548,31,31,31,26.249376344086023,-0.06389247311828328
84,1998,11,25.83133333333333,30.74,23.37,90.42966666666666,349.63000000000005,11.793333333333333,30,30,30,25.959711111111112,-0.12837777777778214
84,1998,12,25.15741935483871,30.29,22.17,88.65677419354839,139.70000000000002,12.165161290322581,31,31,31,25.287989247311828,-0.1305698924731189
84,1999,1,25.109354838709677,30.02,19.88,86.25903225806452,156.50000000000003,15.46967741935484,31,31,31,25.165182795698925,-0.055827956989247696
84,1999,2,25.28642857142857,30.51,20.78,85.63964285714285,216.54000000000002,18.288214285714286,28,28,28,25.7284421182266,-0.4420135467980302
84,1999,3,26.918709677419354,33.97,22.03,83.17935483870967,118.35,21.31,31,31,31,27.02520430107527,-0.10649462365591589
84,1999,4,26.422,31.84,22.76,88.22933333333334,287.15,17.566,30,30,30,28.233055555555556,-1.811055555555555
84,1999,5,26.6658064516129,31.73,22.77,87.11548387096774,226.97,18.7958064516129,31,31,31,27.733118279569894,-1.067311827956992
84,1999,6,25.778000000000002,30.84,21.65,89.24333333333334,158.7,17.601333333333333,30,30,30,26.770733333333332,-0.9927333333333301
84,1999,7,25.793225806451613,30.57,22.68,89.67935483870967,165.71999999999997,17.21451612903226,31,31,31,26.32636559139785,-0.5331397849462363
84,1999,8,25.72967741935484,31.08,22.6,88.34225806451613,155.17999999999998,19.745483870967742,31,31,31,26.22940860215054,-0.49973118279569917
84,1999,9,26.053333333333335,30.51,22.69,87.80766666666666,204.69,18.392666666666667,30,30,30,26.173744444444445,-0.12041111111111036
84,1999,10,25.977096774193548,31.51,23.34,87.97064516129032,331.28999999999996,15.459032258064516,31,31,31,26.249376344086023,-0.2722795698924756
84,1999,11,25.398666666666667,31.2,22.24,89.03099999999999,187.48999999999998,13.194333333333333,30,30,30,25.959711111111112,-0.5610444444444447
84,1999,12,24.006774193548388,28.58,18.44,87.22225806451613,181.97999999999996,13.120000000000001,31,31,31,25.287989247311828,-1.2812150537634395
84,2000,1,24.989677419354837,29.66,20.98,86.39322580645161,64.74,16.61967741935484,31,31,31,25.165182795698925,-0.1755053763440877
84,2000,2,25.503793103448277,31.0,19.2,82.36655172413793,66.83,19.796206896551727,29,29,29,25.7284421182266,-0.224649014778322
84,2000,3,26.79032258064516,32.06,22.13,81.90193548387097,137.39,20.02032258064516,31,31,31,27.02520430107527,-0.2348817204301099
84,2000,4,27.53966666666667,35.04,23.12,81.813,176.03999999999996,19.295,30,30,30,28.233055555555556,-0.6933888888888866
84,2000,5,26.881290322580647,31.67,23.89,86.76387096774194,192.94000000000003,18.529999999999998,31,31,31,27.733118279569894,-0.8518279569892471
84,2000,6,26.233333333333334,32.31,23.4,88.09200000000001,182.35,15.866000000000001,30,30,30,26.770733333333332,-0.5373999999999981
84,2000,7,26.106451612903225,30.89,22.68,87.6516129032258,105.02000000000001,19.13258064516129,31,31,31,26.32636559139785,-0.21991397849462402
84,2000,8,25.74483870967742,31.07,22.75,88.80774193548388,263.58,16.58225806451613,31,31,31,26.22940860215054,-0.4845698924731181
84,2000,9,26.34466666666667,31.22,22.79,86.28099999999999,175.66,19.023000000000003,30,30,30,26.173744444444445,0.17092222222222375
84,2000,10,25.692258064516132,29.74,22.17,89.49193548387096,323.15999999999997,16.138387096774196,31,31,31,26.249376344086023,-0.5571182795698917
84,2000,11,25.223333333333336,29.51,21.44,88.98233333333333,457.54999999999995,11.489,30,30,30,25.959711111111112,-0.7363777777777756
84,2000,12,25.2958064516129,29.63,20.84,87.6558064516129,191.37999999999997,13.913870967741936,31,31,31,25.287989247311828,0.007817204301073133
84,2001,1,25.187741935483874,30.58,20.15,87.12516129032258,157.14,16.379032258064516,31,31,31,25.165182795698925,0.022559139784949167
84,2001,2,26.007857142857144,32.15,21.45,80.56071428571428,26.96,20.293928571428573,28,28,28,25.7284421182266,0.2794150246305449
84,2001,3,26.31,31.49,22.06,85.62838709677419,306.4099999999999,18.95967741935484,31,31,31,27.02520430107527,-0.7152043010752713
84,2001,4,27.985666666666667,33.22,23.31,81.312,110.83999999999999,21.184666666666665,30,30,30,28.233055555555556,-0.24738888888888866
84,2001,5,26.75,32.01,24.06,89.36290322580645,219.32999999999996,18.072580645161292,31,31,31,27.733118279569894,-0.9831182795698936
84,2001,6,26.183666666666667,31.2,23.34,88.81400000000001,247.17999999999998,17.216,30,30,30,26.770733333333332,-0.5870666666666651
84,2001,7,26.12516129032258,30.88,23.15,89.52935483870968,216.18,19.09709677419355,31,31,31,26.32636559139785,-0.20120430107526843
84,2001,8,25.800645161290323,30.34,23.34,89.96903225806452,184.77,16.40741935483871,31,31,31,26.22940860215054,-0.4287634408602159
84,2001,9,26.182333333333336,32.08,23.29,88.489,363.77000000000004,19.765,30,30,30,26.173744444444445,0.008588888888890978
84,2001,10,25.926451612903225,29.98,23.18,90.26161290322581,277.12000000000006,14.37258064516129,31,31,31,26.249376344086023,-0.3229247311827983
84,2001,11,25.185333333333332,29.83,22.17,87.59933333333333,197.20999999999995,14.094,30,30,30,25.959711111111112,-0.7743777777777794
84,2001,12,25.23677419354839,29.63,21.18,86.33838709677418,141.07,14.656129032258063,31,31,31,25.287989247311828,-0.051215053763439045
84,2002,1,24.766451612903225,29.52,20.86,84.94935483870967,13.94,16.983548387096775,31,31,31,25.165182795698925,-0.3987311827957001
84,2002,2,24.997142857142855,30.92,20.06,83.28392857142856,1.19,20.55857142857143,28,28,28,25.7284421182266,-0.7312992610837448
84,2002,3,26.48709677419355,33.64,21.26,80.90677419354839,62.49,22.326129032258066,31,31,31,27.02520430107527,-0.5381075268817206
84,2002,4,27.783,34.48,23.19,79.57133333333333,105.59,21.043333333333333,30,30,30,28.233055555555556,-0.4500555555555543
84,2002,5,27.36967741935484,33.38,23.58,84.72032258064516,183.26,18.77064516129032,31,31,31,27.733118279569894,-0.3634408602150536
84,2002,6,26.916999999999998,32.92,23.54,86.313,138.46,18.69,30,30,30,26.770733333333332,0.14626666666666566
84,2002,7,26.794193548387096,32.12,22.55,86.57483870967742,135.76000000000002,19.83645161290323,31,31,31,26.32636559139785,0.46782795698924673
84,2002,8,26.075161290322583,30.63,22.77,87.35064516129032,205.34,16.543548387096774,31,31,31,26.22940860215054,-0.15424731182795526
84,2002,9,26.022666666666666,31.28,22.88,87.05199999999999,184.67000000000002,19.09,30,30,30,26.173744444444445,-0.15107777777777898
84,2002,10,26.825161290322583,32.7,23.23,84.17677419354838,184.86,17.969032258064516,31,31,31,26.249376344086023,0.5757849462365598
84,2002,11,26.00766666666667,30.81,23.3,88.71933333333332,389.45000000000005,12.663666666666668,30,30,30,25.959711111111112,0.04795555555555708
84,2002,12,26.156451612903226,31.41,23.45,87.93548387096774,205.51999999999998,13.623225806451613,31,31,31,25.287989247311828,0.8684623655913981
84,2003,1,25.37741935483871,29.85,21.07,83.85387096774193,47.6,17.71483870967742,31,31,31,25.165182795698925,0.2122365591397859
84,2003,2,25.94607142857143,31.49,21.74,83.25785714285713,18.950000000000003,19.763928571428572,28,28,28,25.7284421182266,0.21762931034482946
84,2003,3,27.134516129032257,32.98,22.91,81.34290322580645,77.73,20.456774193548387,31,31,31,27.02520430107527,0.10931182795698646
84,2003,4,28.190333333333335,34.84,22.8,75.13866666666667,42.1,22.946,30,30,30,28.233055555555556,-0.04272222222222055
84,2003,5,27.369032258064518,33.1,24.04,85.62161290322581,210.75000000000003,17.321290322580648,31,31,31,27.733118279569894,-0.3640860215053756
84,2003,6,27.069333333333336,33.77,23.17,83.657,157.74,19.391000000000002,30,30,30,26.770733333333332,0.298600000000004
84,2003,7,26.195806451612906,31.5,23.14,88.13806451612902,244.34,17.703225806451613,31,31,31,26.32636559139785,-0.1305591397849426
84,2003,8,26.308709677419355,31.62,23.1,88.75419354838711,248.73999999999998,18.75709677419355,31,31,31,26.22940860215054,0.07930107526881613
84,2003,9,25.925666666666665,30.2,22.82,89.20333333333333,290.74,17.42866666666667,30,30,30,26.173744444444445,-0.24807777777778028
84,2003,10,25.824838709677422,29.92,23.0,90.09258064516129,397.59999999999997,13.901612903225805,31,31,31,26.249376344086023,-0.42453763440860115
84,2003,11,26.045333333333335,30.93,22.44,86.69466666666668,271.06,15.713666666666667,30,30,30,25.959711111111112,0.0856222222222236
84,2003,12,24.896129032258063,28.72,21.53,86.25,279.87000000000006,13.773225806451611,31,31,31,25.287989247311828,-0.39186021505376445
84,2004,1,25.23677419354839,29.66,21.46,87.00225806451614,21.18,17.82774193548387,31,31,31,25.165182795698925,0.07159139784946333
84,2004,2,25.523793103448277,30.8,21.39,84.27862068965517,43.550000000000004,19.27655172413793,29,29,29,25.7284421182266,-0.20464901477832242
84,2004,3,27.002903225806453,32.76,21.47,80.58225806451614,88.58000000000001,21.218387096774194,31,31,31,27.02520430107527,-0.022301075268817527
84,2004,4,28.573666666666668,35.4,23.69,76.742,41.97,21.837,30,30,30,28.233055555555556,0.3406111111111123
84,2004,5,27.463870967741936,33.5,23.59,84.0841935483871,207.95000000000005,18.57903225806452,31,31,31,27.733118279569894,-0.26924731182795725
84,2004,6,26.24366666666667,30.71,23.21,88.78166666666667,258.75,17.287,30,30,30,26.770733333333332,-0.5270666666666628
84,2004,7,26.22967741935484,31.33,23.03,87.19999999999999,206.89,17.711935483870967,31,31,31,26.32636559139785,-0.0966881720430095
84,2004,8,26.04806451612903,30.71,23.2,89.5083870967742,181.57999999999998,16.62290322580645,31,31,31,26.22940860215054,-0.18134408602150742
84,2004,9,26.470000000000002,32.24,23.01,86.195,173.47000000000003,18.684,30,30,30,26.173744444444445,0.2962555555555575
84,2004,10,26.122258064516128,30.52,23.06,86.81903225806451,252.04,16.390967741935484,31,31,31,26.249376344086023,-0.12711827956989552
84,2004,11,26.067666666666664,30.45,22.3,87.22233333333334,191.06999999999996,14.676,30,30,30,25.959711111111112,0.10795555555555225
84,2004,12,25.00709677419355,29.41,20.1,84.34258064516129,73.44000000000001,15.404838709677419,31,31,31,25.287989247311828,-0.2808924731182785
84,2005,1,24.976774193548387,31.34,20.4,83.57322580645162,31.0,18.14322580645161,31,31,31,25.165182795698925,-0.18840860215053823
84,2005,2,26.180714285714284,34.08,20.79,78.91428571428571,0.9800000000000001,21.75714285714286,28,28,28,25.7284421182266,0.45227216748768484
84,2005,3,26.956451612903226,34.03,20.77,77.17516129032258,68.78999999999999,21.767096774193547,31,31,31,27.02520430107527,-0.06875268817204372
84,2005,4,29.251666666666665,37.09,23.66,70.39833333333333,21.080000000000002,22.299,30,30,30,28.233055555555556,1.0186111111111096
84,2005,5,28.03838709677419,36.86,23.92,81.38096774193548,190.98,19.140967741935484,31,31,31,27.733118279569894,0.305268817204297
84,2005,6,26.679,31.37,23.64,88.88633333333334,189.36999999999998,17.02466666666667,30,30,30,26.770733333333332,-0.09173333333333389
84,2005,7,26.434516129032257,32.38,23.18,87.78387096774195,221.80999999999995,16.54612903225806,31,31,31,26.32636559139785,0.1081505376344083
84,2005,8,26.449354838709677,31.24,23.23,87.63806451612903,109.41,18.27258064516129,31,31,31,26.22940860215054,0.2199462365591387
84,2005,9,26.353,31.89,22.84,87.09733333333334,181.65999999999994,17.830666666666666,30,30,30,26.173744444444445,0.1792555555555566
84,2005,10,26.38258064516129,30.98,23.59,87.82322580645162,281.09999999999997,14.849032258064517,31,31,31,26.249376344086023,0.13320430107526704
84,2005,11,26.203333333333333,32.04,22.9,86.94633333333333,312.98,13.934333333333333,30,30,30,25.959711111111112,0.2436222222222213
84,2005,12,24.894516129032258,29.0,21.34,90.26193548387097,263.94000000000005,10.17,31,31,31,25.287989247311828,-0.39347311827956943
84,2006,1,25.190322580645162,30.67,19.74,84.96193548387097,76.36,16.59967741935484,31,31,31,25.165182795698925,0.025139784946237143
84,2006,2,25.910357142857144,31.58,22.39,85.84357142857142,119.99999999999999,18.298928571428572,28,28,28,25.7284421182266,0.18191502463054476
84,2006,3,26.776451612903227,33.33,21.25,82.24,68.46000000000001,20.89741935483871,31,31,31,27.02520430107527,-0.24875268817204343
84,2006,4,27.828,32.82,23.9,80.70266666666666,105.85999999999999,20.341,30,30,30,28.233055555555556,-0.40505555555555617
84,2006,5,27.27806451612903,33.39,23.7,84.66967741935484,255.37999999999997,17.16322580645161,31,31,31,27.733118279569894,-0.455053763440862
84,2006,6,26.387,30.33,23.28,88.51,236.34,18.288666666666664,30,30,30,26.770733333333332,-0.3837333333333319
84,2006,7,26.01967741935484,30.58,22.9,90.07096774193548,181.26,16.04290322580645,31,31,31,26.32636559139785,-0.30668817204301035
84,2006,8,25.819032258064517,31.31,22.93,89.23870967741935,259.23,16.27967741935484,31,31,31,26.22940860215054,-0.4103763440860213
84,2006,9,25.946666666666665,32.79,22.66,88.58066666666667,273.99,17.841333333333335,30,30,30,26.173744444444445,-0.2270777777777795
84,2006,10,26.17096774193548,31.1,22.81,88.32322580645162,269.2,16.370645161290323,31,31,31,26.249376344086023,-0.07840860215054235
84,2006,11,26.324,31.45,23.38,86.90333333333334,136.5,15.728666666666667,30,30,30,25.959711111111112,0.3642888888888898
84,2006,12,25.643548387096775,30.43,20.87,84.51870967741935,100.86,13.932903225806452,31,31,31,25.287989247311828,0.3555591397849476
84,2007,1,25.21193548387097,30.13,20.07,84.76387096774194,63.68,16.24838709677419,31,31,31,25.165182795698925,0.046752688172045254
84,2007,2,25.376785714285713,32.06,20.82,81.24214285714287,8.44,21.191785714285714,28,28,28,25.7284421182266,-0.35165640394088626
84,2007,3,27.258709677419354,34.41,21.01,77.07387096774194,69.64000000000001,21.391290322580645,31,31,31,27.02520430107527,0.23350537634408397
84,2007,4,27.936333333333334,34.61,22.67,79.32033333333334,124.63000000000001,20.28166666666667,30,30,30,28.233055555555556,-0.2967222222222219
84,2007,5,27.187419354838713,31.86,23.73,86.25774193548386,244.35000000000002,17.738064516129032,31,31,31,27.733118279569894,-0.5456989247311803
84,2007,6,27.022333333333332,31.42,23.91,87.30833333333334,193.90000000000003,18.266666666666666,30,30,30,26.770733333333332,0.2515999999999998
84,2007,7,26.311290322580643,31.57,23.37,88.21225806451612,234.98000000000002,15.64806451612903,31,31,31,26.32636559139785,-0.015075268817206222
84,2007,8,26.020967741935483,31.18,23.06,88.83903225806452,199.94000000000003,17.12709677419355,31,31,31,26.22940860215054,-0.20844086021505603
84,2007,9,26.111,32.12,23.45,89.02233333333334,322.05,17.821666666666665,30,30,30,26.173744444444445,-0.06274444444444427
84,2007,10,25.811935483870965,31.11,23.27,90.05225806451612,393.15,12.371612903225806,31,31,31,26.249376344086023,-0.4374408602150588
84,2007,11,25.201999999999998,29.59,19.95,87.67399999999999,284.97999999999996,13.782,30,30,30,25.959711111111112,-0.7577111111111137
84,2007,12,25.268709677419356,29.97,21.18,85.43096774193549,90.63999999999999,15.327741935483871,31,31,31,25.287989247311828,-0.019279569892471926
84,2008,1,25.39741935483871,30.46,21.96,85.27677419354839,110.56,16.671612903225803,31,31,31,25.165182795698925,0.23223655913978547
84,2008,2,25.356896551724137,30.37,21.07,83.6703448275862,46.68,17.88,29,29,29,25.7284421182266,-0.37154556650246207
84,2008,3,26.312903225806455,32.4,22.04,82.75225806451614,76.13,20.622258064516128,31,31,31,27.02520430107527,-0.7123010752688153
84,2008,4,27.670666666666666,33.97,23.23,79.5,142.91000000000003,19.375333333333334,30,30,30,28.233055555555556,-0.5623888888888899
84,2008,5,26.450322580645164,31.47,23.19,87.68096774193549,284.9099999999999,17.846451612903227,31,31,31,27.733118279569894,-1.2827956989247298
84,2008,6,26.520666666666667,32.56,23.45,87.09666666666666,234.19,16.649333333333335,30,30,30,26.770733333333332,-0.2500666666666653
84,2008,7,25.97451612903226,30.87,22.46,88.04548387096774,169.39000000000001,17.04516129032258,31,31,31,26.32636559139785,-0.351849462365589
84,2008,8,26.306774193548385,31.47,22.86,86.15612903225806,132.01,19.17806451612903,31,31,31,26.22940860215054,0.0773655913978466
84,2008,9,26.037666666666667,31.93,22.48,87.99966666666666,228.35000000000002,16.789,30,30,30,26.173744444444445,-0.1360777777777784
84,2008,10,26.78,33.63,22.52,84.42645161290322,219.26000000000002,16.476451612903226,31,31,31,26.249376344086023,0.5306236559139776
84,2008,11,25.83566666666667,31.07,23.0,89.11466666666666,553.33,10.92,30,30,30,25.959711111111112,-0.12404444444444351
84,2008,12,24.556774193548385,28.99,20.98,86.78935483870967,81.46,13.375483870967741,31,31,31,25.287989247311828,-0.7312150537634423
84,2009,1,23.990000000000002,29.52,19.67,84.65709677419355,79.38000000000001,16.25,31,31,31,25.165182795698925,-1.1751827956989231
84,2009,2,25.81392857142857,32.11,20.31,82.0275,4.03,20.35107142857143,28,28,28,25.7284421182266,0.08548645320196968
84,2009,3,26.990000000000002,33.64,21.96,80.99096774193548,141.6,20.88741935483871,31,31,31,27.02520430107527,-0.03520430107526806
84,2009,4,27.21333333333333,32.85,23.51,86.134,214.59,19.488666666666667,30,30,30,28.233055555555556,-1.0197222222222244
84,2009,5,27.13,32.5,22.67,85.41612903225807,259.0,17.671612903225807,31,31,31,27.733118279569894,-0.6031182795698946
84,2009,6,26.67233333333333,31.68,23.44,88.39233333333333,138.33999999999997,19.336666666666666,30,30,30,26.770733333333332,-0.0984000000000016
84,2009,7,26.340967741935486,31.69,23.16,88.53870967741935,227.29,17.042258064516126,31,31,31,26.32636559139785,0.01460215053763747
84,2009,8,26.576129032258066,32.04,23.23,87.75419354838711,255.84999999999997,18.093225806451613,31,31,31,26.22940860215054,0.34672043010752773
84,2009,9,26.212666666666667,31.03,23.08,89.16333333333334,228.94,16.209333333333333,30,30,30,26.173744444444445,0.0389222222222223
84,2009,10,25.88935483870968,30.43,22.53,88.49516129032257,217.35999999999999,17.00741935483871,31,31,31,26.249376344086023,-0.3600215053763449
84,2009,11,26.292333333333332,32.79,22.61,84.81566666666666,217.18,15.111666666666668,30,30,30,25.959711111111112,0.33262222222221993
84,2009,12,25.493870967741934,30.32,21.22,85.7358064516129,90.05999999999999,15.211612903225806,31,31,31,25.287989247311828,0.20588172043010644
84,2010,1,25.57903225806452,30.23,21.71,84.98387096774194,85.12,17.396129032258063,31,31,31,25.165182795698925,0.4138494623655937
84,2010,2,26.39428571428571,32.77,21.58,81.06214285714286,13.989999999999998,21.136785714285715,28,28,28,25.7284421182266,0.665843596059112
84,2010,3,27.70225806451613,36.1,22.48,75.5158064516129,40.38,21.259354838709676,31,31,31,27.02520430107527,0.6770537634408598
84,2010,4,29.455666666666666,36.79,23.81,71.34466666666667,36.97,22.119666666666667,30,30,30,28.233055555555556,1.2226111111111102
84,2010,5,29.263870967741934,37.81,24.49,76.77354838709678,157.47000000000003,19.52806451612903,31,31,31,27.733118279569894,1.53075268817204
84,2010,6,26.93566666666667,33.16,23.61,87.34899999999999,242.89999999999998,17.836333333333336,30,30,30,26.770733333333332,0.16493333333333737
84,2010,7,26.481935483870966,32.56,23.07,86.96064516129033,249.2,17.80838709677419,31,31,31,26.32636559139785,0.15556989247311748
84,2010,8,26.431290322580644,31.57,23.16,86.48290322580644,203.01,17.699032258064516,31,31,31,26.22940860215054,0.2018817204301051
84,2010,9,26.82633333333333,31.92,22.93,83.66533333333334,180.32999999999998,18.03966666666667,30,30,30,26.173744444444445,0.6525888888888858
84,2010,10,26.056774193548385,30.73,22.87,87.30677419354839,303.1500000000001,14.454193548387096,31,31,31,26.249376344086023,-0.1926021505376383
84,2010,11,25.438,29.72,23.02,91.17399999999999,631.2000000000002,11.328666666666667,30,30,30,25.959711111111112,-0.521711111111113
84,2010,12,25.471612903225807,30.39,22.42,87.62709677419355,378.73,13.350645161290323,31,31,31,25.287989247311828,0.1836236559139799
84,2011,1,25.05806451612903,29.29,21.02,85.97258064516129,180.83,13.520967741935483,31,31,31,25.165182795698925,-0.10711827956989595
84,2011,2,25.653928571428573,31.33,21.97,84.52071428571428,36.629999999999995,19.63214285714286,28,28,28,25.7284421182266,-0.07451354679802691
84,2011,3,26.135161290322582,31.49,22.67,86.19516129032259,846.16,14.756774193548388,31,31,31,27.02520430107527,-0.890043010752688
84,2011,4,26.865333333333336,33.45,22.9,83.55733333333333,72.37,21.361333333333334,30,30,30,28.233055555555556,-1.3677222222222198
84,2011,5,26.982903225806453,32.14,23.03,86.92612903225806,179.26000000000002,19.74967741935484,31,31,31,27.733118279569894,-0.7502150537634407
84,2011,6,26.479666666666667,30.98,23.11,89.216,156.02999999999997,17.772333333333332,30,30,30,26.770733333333332,-0.2910666666666657
84,2011,7,26.063548387096777,30.94,22.34,88.34064516129033,235.76999999999998,17.228387096774195,31,31,31,26.32636559139785,-0.26281720430107214
84,2011,8,26.298709677419353,31.2,22.61,86.16838709677418,283.72,18.442903225806454,31,31,31,26.22940860215054,0.06930107526881457
84,2011,9,25.68166666666667,30.87,22.38,89.396,238.48999999999998,16.951,30,30,30,26.173744444444445,-0.4920777777777765
84,2011,10,25.889032258064514,32.49,22.95,88.78580645161291,256.83000000000004,16.721612903225807,31,31,31,26.249376344086023,-0.36034408602150947
84,2011,11,26.189,30.53,23.08,87.15599999999999,177.4,14.931333333333333,30,30,30,25.959711111111112,0.2292888888888882
84,2011,12,25.183225806451613,30.32,21.44,86.42935483870967,183.26000000000002,11.879677419354838,31,31,31,25.287989247311828,-0.10476344086021427
84,2012,1,25.350322580645162,30.36,21.7,88.03870967741935,403.79999999999995,14.836451612903225,31,31,31,25.165182795698925,0.18513978494623728
84,2012,2,26.13068965517241,31.5,21.77,83.8258620689655,67.49,19.86793103448276,29,29,29,25.7284421182266,0.4022475369458114
84,2012,3,27.276451612903227,34.01,22.15,80.10451612903225,132.38000000000002,20.71516129032258,31,31,31,27.02520430107527,0.25124731182795657
84,2012,4,27.57766666666667,32.55,24.2,83.13766666666668,168.99,19.810333333333332,30,30,30,28.233055555555556,-0.6553888888888864
84,2012,5,26.66354838709677,31.82,23.56,88.63774193548387,234.48999999999995,18.78451612903226,31,31,31,27.733118279569894,-1.0695698924731225
84,2012,6,26.316333333333333,30.88,22.82,88.894,267.98999999999995,18.171666666666667,30,30,30,26.770733333333332,-0.4543999999999997
84,2012,7,26.065161290322582,30.95,22.99,88.89903225806451,182.56999999999996,18.54290322580645,31,31,31,26.32636559139785,-0.26120430107526715
84,2012,8,26.195806451612906,31.63,22.91,87.69516129032259,237.35,19.483548387096775,31,31,31,26.22940860215054,-0.03360215053763227
84,2012,9,25.553,31.17,22.17,89.45700000000001,308.5199999999999,17.092666666666666,30,30,30,26.173744444444445,-0.6207444444444441
84,2012,10,26.366451612903226,31.39,22.2,85.34096774193549,150.06,17.202903225806452,31,31,31,26.249376344086023,0.11707526881720298
84,2012,11,26.634333333333334,31.84,23.33,86.02833333333334,271.10999999999996,13.950999999999999,30,30,30,25.959711111111112,0.6746222222222222
84,2012,12,26.069032258064517,30.21,22.56,86.91258064516128,175.06000000000003,14.77290322580645,31,31,31,25.287989247311828,0.7810430107526898
84,2013,1,25.76290322580645,30.92,21.44,84.29709677419355,74.11,17.013548387096773,31,31,31,25.165182795698925,0.5977204301075254
84,2013,2,25.90892857142857,30.94,22.0,84.45607142857143,56.43000000000001,17.998571428571427,28,28,28,25.7284421182266,0.1804864532019721
84,2013,3,27.73,34.36,22.42,77.80741935483871,16.189999999999998,22.46516129032258,31,31,31,27.02520430107527,0.7047956989247304
84,2013,4,27.985,34.12,22.82,80.68433333333334,195.72000000000003,19.24233333333333,30,30,30,28.233055555555556,-0.24805555555555614
84,2013,5,27.466451612903228,33.12,23.86,85.36483870967741,231.48999999999998,18.700000000000003,31,31,31,27.733118279569894,-0.2666666666666657
84,2013,6,26.491666666666667,31.19,23.2,88.857,249.62,17.096666666666668,30,30,30,26.770733333333332,-0.27906666666666524
84,2013,7,25.77774193548387,30.98,21.7,88.26096774193549,369.48,16.477096774193548,31,31,31,26.32636559139785,-0.5486236559139783
84,2013,8,26.067419354838712,31.03,21.98,88.29967741935484,175.79,18.824838709677422,31,31,31,26.22940860215054,-0.1619892473118263
84,2013,9,26.185333333333332,32.15,22.82,87.589,247.89000000000001,17.829333333333334,30,30,30,26.173744444444445,0.011588888888887539
84,2013,10,26.13032258064516,32.23,22.49,86.3816129032258,282.48,16.15741935483871,31,31,31,26.249376344086023,-0.11905376344086349
84,2013,11,26.400333333333332,32.27,23.24,86.784,481.82000000000005,14.223666666666666,30,30,30,25.959711111111112,0.44062222222222047
84,2013,12,24.885806451612904,29.88,20.59,85.25870967741936,95.16999999999999,13.71516129032258,31,31,31,25.287989247311828,-0.40218279569892346
84,2014,1,24.322903225806453,29.8,19.24,82.83612903225807,36.230000000000004,17.319032258064517,31,31,31,25.165182795698925,-0.8422795698924723
84,2014,2,25.152142857142856,31.03,19.87,79.45392857142858,0.9,22.085714285714285,28,28,28,25.7284421182266,-0.5762992610837436
84,2014,3,26.750967741935483,34.77,20.47,76.80096774193548,13.459999999999999,23.251612903225805,31,31,31,27.02520430107527,-0.27423655913978706
84,2014,4,29.329,36.22,23.88,71.50366666666667,87.55,21.608333333333334,30,30,30,28.233055555555556,1.095944444444445
84,2014,5,28.61193548387097,35.68,24.41,79.5583870967742,210.06000000000003,19.982903225806453,31,31,31,27.733118279569894,0.8788172043010753
84,2014,6,27.268666666666665,33.76,23.17,86.40933333333332,240.54000000000002,17.49233333333333,30,30,30,26.770733333333332,0.49793333333333223
84,2014,7,26.409032258064514,31.04,21.84,87.41677419354839,241.28000000000003,16.43806451612903,31,31,31,26.32636559139785,0.08266666666666467
84,2014,8,26.620645161290323,32.82,22.81,84.93806451612903,228.5,18.754193548387097,31,31,31,26.22940860215054,0.3912365591397844
84,2014,9,26.537666666666667,32.25,22.62,85.61633333333333,240.70000000000002,18.215,30,30,30,26.173744444444445,0.3639222222222216
84,2014,10,26.80354838709677,32.17,23.25,84.06903225806451,304.22,16.026774193548388,31,31,31,26.249376344086023,0.5541720430107482
84,2014,11,26.606666666666666,32.94,23.68,86.43333333333334,330.9,14.235333333333333,30,30,30,25.959711111111112,0.6469555555555537
84,2014,12,25.838387096774195,31.49,22.67,86.50064516129032,308.26,12.84032258064516,31,31,31,25.287989247311828,0.5503978494623674
84,2015,1,24.820645161290326,29.72,20.86,84.01064516129033,46.769999999999996,16.809032258064516,31,31,31,25.165182795698925,-0.3445376344085993
84,2015,2,25.0325,31.53,20.57,81.40714285714286,7.970000000000001,21.215714285714284,28,28,28,25.7284421182266,-0.6959421182266006
84,2015,3,27.072903225806453,34.06,21.3,78.01290322580645,2.86,22.363870967741935,31,31,31,27.02520430107527,0.04769892473118276
84,2015,4,28.101333333333333,34.59,22.48,77.07766666666666,72.09999999999998,20.143666666666665,30,30,30,28.233055555555556,-0.13172222222222274
84,2015,5,28.390645161290323,35.87,24.16,80.46354838709676,176.74,21.09032258064516,31,31,31,27.733118279569894,0.657526881720429
84,2015,6,27.608333333333334,33.77,23.48,82.30433333333333,131.76,17.315333333333335,30,30,30,26.770733333333332,0.8376000000000019
84,2015,7,26.860967741935486,32.63,23.19,85.59870967741935,222.10000000000002,18.23193548387097,31,31,31,26.32636559139785,0.534602150537637
84,2015,8,26.563548387096777,31.93,22.85,85.83129032258064,270.47,17.68967741935484,31,31,31,26.22940860215054,0.3341397849462382
84,2015,9,26.459999999999997,33.11,22.92,86.659,323.95,17.857333333333333,30,30,30,26.173744444444445,0.2862555555555524
84,2015,10,27.029999999999998,32.01,23.32,85.00612903225807,260.59,15.392258064516128,31,31,31,26.249376344086023,0.7806236559139741
84,2015,11,26.317666666666664,30.82,23.42,88.779,275.59999999999997,12.882666666666667,30,30,30,25.959711111111112,0.35795555555555225
84,2015,12,26.206774193548387,30.68,22.09,87.1183870967742,165.74000000000004,15.118064516129033,31,31,31,25.287989247311828,0.9187849462365598
84,2016,1,26.30548387096774,31.8,22.56,85.0283870967742,75.67000000000002,17.97193548387097,31,31,31,25.165182795698925,1.140301075268816
84,2016,2,25.95310344827586,31.07,21.11,82.88137931034483,48.24,18.418275862068967,29,29,29,25.7284421182266,0.22466133004926192
84,2016,3,27.364516129032257,34.37,22.04,77.89903225806451,5.4399999999999995,23.053870967741933,31,31,31,27.02520430107527,0.3393118279569869
84,2016,4,29.701,37.62,21.84,69.94633333333333,10.05,23.129666666666665,30,30,30,28.233055555555556,1.467944444444445
84,2016,5,29.341290322580647,37.62,24.4,75.53580645161291,242.16999999999996,18.982580645161292,31,31,31,27.733118279569894,1.6081720430107538
84,2016,6,26.775,32.08,23.49,87.52399999999999,231.27999999999997,18.356,30,30,30,26.770733333333332,0.004266666666666197
84,2016,7,26.679032258064513,31.86,22.74,86.47290322580645,211.17000000000002,17.358709677419355,31,31,31,26.32636559139785,0.35266666666666424
84,2016,8,26.425483870967742,31.45,23.21,88.50193548387097,214.53000000000003,18.176451612903225,31,31,31,26.22940860215054,0.1960752688172036
84,2016,9,25.845666666666666,31.03,22.52,88.88133333333333,233.74,17.470333333333333,30,30,30,26.173744444444445,-0.3280777777777786
84,2016,10,25.96483870967742,31.49,22.56,88.45290322580645,339.7900000000001,15.43,31,31,31,26.249376344086023,-0.28453763440860413
84,2016,11,26.607666666666667,31.75,23.53,87.532,215.44,15.487666666666666,30,30,30,25.959711111111112,0.647955555555555
84,2016,12,25.687096774193545,30.01,22.26,89.08548387096775,548.83,10.901935483870966,31,31,31,25.287989247311828,0.3991075268817177
84,2017,1,25.511290322580646,31.38,21.7,88.63387096774194,601.9599999999999,12.035806451612904,31,31,31,25.165182795698925,0.3461075268817204
84,2017,2,25.6125,30.69,19.46,82.85357142857143,64.31,18.83857142857143,28,28,28,25.7284421182266,-0.11594211822659872
84,2017,3,27.093870967741935,33.87,21.4,80.27129032258064,81.81,21.496451612903225,31,31,31,27.02520430107527,0.06866666666666532
84,2017,4,27.637,33.03,22.97,83.52433333333333,130.71,19.271666666666665,30,30,30,28.233055555555556,-0.5960555555555551
84,2017,5,27.848387096774193,33.42,24.46,85.14645161290322,250.11,18.200322580645164,31,31,31,27.733118279569894,0.11526881720429927
84,2017,6,26.700333333333333,32.03,22.93,88.368,214.97000000000006,18.564,30,30,30,26.770733333333332,-0.07039999999999935
84,2017,7,26.15967741935484,31.43,23.09,88.59516129032258,189.63,17.541935483870965,31,31,31,26.32636559139785,-0.16668817204300979
84,2017,8,26.32935483870968,31.8,22.34,88.19387096774193,246.03999999999996,18.330000000000002,31,31,31,26.22940860215054,0.09994623655914125
84,2017,9,26.842333333333332,33.14,23.56,87.06233333333333,308.06999999999994,17.956000000000003,30,30,30,26.173744444444445,0.6685888888888876
84,2017,10,26.748387096774195,32.09,22.94,85.44096774193548,136.04999999999998,17.046774193548387,31,31,31,26.249376344086023,0.4990107526881715
84,2017,11,26.16,31.52,23.81,89.53133333333334,457.12,12.015666666666666,30,30,30,25.959711111111112,0.2002888888888883
84,2017,12,25.45741935483871,31.72,20.56,87.13193548387098,260.3,13.120322580645162,31,31,31,25.287989247311828,0.1694301075268818
84,2018,1,25.58451612903226,30.98,20.71,86.08612903225807,199.08,15.449677419354838,31,31,31,25.165182795698925,0.4193333333333342
84,2018,2,25.570714285714285,31.56,20.48,82.77785714285714,21.63,20.56642857142857,28,28,28,25.7284421182266,-0.1577278325123146
84,2018,3,27.258709677419354,36.23,22.68,79.76,81.74,22.315806451612904,31,31,31,27.02520430107527,0.23350537634408397
84,2018,4,27.76033333333333,33.58,23.85,80.32666666666667,194.03000000000003,19.933,30,30,30,28.233055555555556,-0.4727222222222238
84,2018,5,28.503548387096775,36.31,24.44,78.96225806451612,203.34,19.384838709677418,31,31,31,27.733118279569894,0.7704301075268809
84,2018,6,26.509999999999998,32.18,23.4,87.054,250.76999999999998,17.015333333333334,30,30,30,26.770733333333332,-0.26073333333333437
84,2018,7,26.21225806451613,30.54,23.41,89.23096774193547,249.00999999999993,16.68967741935484,31,31,31,26.32636559139785,-0.11410752688171755
84,2018,8,26.076129032258066,31.14,22.95,88.98225806451612,215.95000000000002,16.333870967741937,31,31,31,26.22940860215054,-0.15327956989247227
84,2018,9,26.408,31.83,23.13,86.489,185.63000000000002,18.563333333333333,30,30,30,26.173744444444445,0.23425555555555633
84,2018,10,26.961612903225806,32.39,23.46,84.67354838709677,252.01999999999998,16.370967741935484,31,31,31,26.249376344086023,0.7122365591397823
84,2018,11,26.482666666666667,30.73,23.31,87.59166666666667,327.75000000000006,14.926333333333334,30,30,30,25.959711111111112,0.522955555555555
84,2018,12,26.143870967741936,30.92,22.19,88.72032258064516,374.90999999999997,13.422580645161291,31,31,31,25.287989247311828,0.8558817204301086
84,2019,1,25.568387096774195,29.59,21.73,86.52774193548387,139.47,16.453870967741935,31,31,31,25.165182795698925,0.40320430107527017
84,2019,2,26.00357142857143,31.36,21.38,82.73785714285714,10.75,21.955000000000002,28,28,28,25.7284421182266,0.27512931034483046
84,2019,3,27.90032258064516,34.21,22.76,75.54903225806451,13.700000000000001,22.386129032258065,31,31,31,27.02520430107527,0.8751182795698895
84,2019,4,29.250666666666667,35.8,23.76,74.11200000000001,46.980000000000004,22.012666666666668,30,30,30,28.233055555555556,1.017611111111112
84,2019,5,27.88,34.66,24.09,83.64258064516129,221.22,20.54064516129032,31,31,31,27.733118279569894,0.1468817204301054
84,2019,6,27.346,33.58,24.03,86.58200000000001,216.67,17.937666666666665,30,30,30,26.770733333333332,0.5752666666666677
84,2019,7,26.917096774193546,32.14,23.53,85.7416129032258,189.12000000000006,19.383548387096774,31,31,31,26.32636559139785,0.5907311827956967
84,2019,8,26.285806451612903,31.84,23.58,88.8216129032258,261.20000000000005,16.032258064516128,31,31,31,26.22940860215054,0.056397849462364036
84,2019,9,26.365666666666666,31.86,22.61,86.51,253.98999999999998,15.563666666666666,30,30,30,26.173744444444445,0.191922222222221
84,2019,10,27.063225806451616,32.11,23.91,84.27,246.08,17.181290322580644,31,31,31,26.249376344086023,0.8138494623655923
84,2019,11,26.544333333333334,31.9,23.23,84.77733333333335,292.53,16.187,30,30,30,25.959711111111112,0.5846222222222224
84,2019,12,25.32483870967742,30.14,21.44,86.0716129032258,101.41,15.58290322580645,31,31,31,25.287989247311828,0.03684946236559128
84,2020,1,25.93548387096774,31.18,21.15,83.38870967741936,9.110000000000001,18.988387096774193,31,31,31,25.165182795698925,0.7703010752688151
84,2020,2,26.06,32.13,20.5,82.12620689655172,28.020000000000003,19.30793103448276,29,29,29,25.7284421182266,0.3315578817733993
84,2020,3,28.113870967741935,35.97,22.41,72.62677419354839,3.11,23.759032258064515,31,31,31,27.02520430107527,1.088666666666665
84,2020,4,28.79866666666667,36.79,24.39,75.32466666666666,154.10999999999999,20.090666666666667,30,30,30,28.233055555555556,0.5656111111111137
84,2020,5,28.568387096774195,34.7,24.52,80.85677419354839,175.31,19.870645161290323,31,31,31,27.733118279569894,0.8352688172043017
84,2020,6,26.988666666666667,33.02,23.06,86.64433333333334,429.19000000000005,18.413999999999998,30,30,30,26.770733333333332,0.21793333333333464
84,2020,7,27.128709677419355,31.95,23.48,84.68870967741935,289.24,18.618387096774192,31,31,31,26.32636559139785,0.8023440860215061
84,2020,8,26.911290322580644,32.06,22.91,86.06645161290322,205.82000000000002,18.476774193548387,31,31,31,26.22940860215054,0.6818817204301055
84,2020,9,26.626666666666665,32.57,23.28,87.525,505.72,17.475,30,30,30,26.173744444444445,0.4529222222222202
84,2020,10,26.003548387096775,31.76,23.15,89.14741935483872,491.99999999999994,15.497741935483871,31,31,31,26.249376344086023,-0.24582795698924897
84,2020,11,26.458666666666666,31.07,23.48,87.557,387.29999999999995,14.785,30,30,30,25.959711111111112,0.49895555555555404
84,2020,12,25.40838709677419,31.17,21.79,88.43870967741935,567.12,13.081935483870968,31,31,31,25.287989247311828,0.12039784946236409
84,2021,1,24.919677419354837,29.57,20.88,85.07096774193548,46.839999999999996,15.30225806451613,31,31,31,25.165182795698925,-0.24550537634408798
84,2021,2,25.627857142857145,32.04,20.18,81.26571428571428,3.4500000000000006,21.743571428571432,28,28,28,25.7284421182266,-0.1005849753694541
84,2021,3,26.916774193548385,34.12,22.31,80.0974193548387,87.36,22.16516129032258,31,31,31,27.02520430107527,-0.10843010752688542
84,2021,4,27.598333333333336,33.36,23.57,82.09400000000001,175.17999999999998,20.400333333333332,30,30,30,28.233055555555556,-0.6347222222222193
84,2021,5,27.55258064516129,34.19,23.38,85.10354838709678,230.35000000000005,18.83225806451613,31,31,31,27.733118279569894,-0.18053763440860493
84,2021,6,26.951666666666664,32.89,23.64,86.74433333333333,136.79999999999998,19.822666666666667,30,30,30,26.770733333333332,0.18093333333333206
84,2021,7,26.682258064516127,32.17,23.42,87.87774193548387,259.32000000000005,17.092903225806452,31,31,31,26.32636559139785,0.35589247311827776
84,2021,8,26.461612903225806,32.71,23.21,87.97483870967741,323.52,18.332580645161293,31,31,31,26.22940860215054,0.23220430107526724
84,2021,9,26.514333333333337,32.5,22.9,86.69833333333332,243.92000000000002,17.377333333333333,30,30,30,26.173744444444445,0.3405888888888917
84,2021,10,26.608387096774194,32.08,23.27,87.22451612903225,286.34,15.456451612903225,31,31,31,26.249376344086023,0.35901075268817095
84,2021,11,26.209999999999997,31.55,24.1,90.76233333333333,663.31,10.340666666666667,30,30,30,25.959711111111112,0.25028888888888545
84,2021,12,25.259354838709676,29.66,20.64,87.0058064516129,197.52999999999997,14.966129032258063,31,31,31,25.287989247311828,-0.028634408602151495
84,2022,1,25.686129032258062,31.57,21.83,83.73387096774194,20.44,19.181935483870966,31,31,31,25.165182795698925,0.5209462365591371
84,2022,2,26.290357142857143,31.99,22.71,85.94607142857144,308.96999999999997,16.36285714285714,28,28,28,25.7284421182266,0.5619150246305438
84,2022,3,27.34193548387097,33.5,23.22,82.45677419354838,193.39000000000004,21.674193548387095,31,31,31,27.02520430107527,0.31673118279569934
84,2022,4,27.855666666666664,33.48,24.03,82.42766666666667,263.31,18.98,30,30,30,28.233055555555556,-0.3773888888888912
84,2022,5,26.917096774193546,32.56,22.95,89.11354838709677,459.84000000000003,16.424193548387095,31,31,31,27.733118279569894,-0.816021505376348
84,2022,6,26.992666666666665,32.88,23.39,85.74666666666667,161.22,20.57133333333333,30,30,30,26.770733333333332,0.22193333333333243
84,2022,7,26.65838709677419,31.81,23.58,88.16354838709678,294.26,17.419032258064515,31,31,31,26.32636559139785,0.3320215053763427
84,2022,8,26.654516129032256,32.22,23.27,87.46870967741934,172.90999999999997,18.23,31,31,31,26.22940860215054,0.4251075268817175
84,2022,9,26.176,32.27,22.01,88.25633333333333,319.46999999999997,18.108666666666668,30,30,30,26.173744444444445,0.0022555555555534568
84,2022,10,26.245483870967742,30.75,23.54,88.34354838709677,400.9200000000001,14.678709677419356,31,31,31,26.249376344086023,-0.0038924731182810035
84,2022,11,26.073,30.77,22.76,88.18933333333332,387.02,12.933,30,30,30,25.959711111111112,0.11328888888888855
84,2022,12,25.290967741935482,29.22,21.11,87.36967741935484,271.73,12.853225806451613,31,31,31,25.287989247311828,0.002978494623654626
84,2023,1,25.226451612903226,30.98,20.48,85.42,145.33999999999997,15.32,31,31,31,25.165182795698925,0.061268817204300774
84,2023,2,25.811785714285715,31.51,21.78,84.35035714285713,48.53000000000001,18.92642857142857,28,28,28,25.7284421182266,0.08334359605911601
84,2023,3,26.429354838709678,33.26,21.78,81.68225806451613,32.5,22.153870967741934,31,31,31,27.02520430107527,-0.5958494623655923
84,2023,4,29.012333333333334,35.45,23.61,74.699,20.189999999999998,21.372666666666664,30,30,30,28.233055555555556,0.7792777777777786
84,2023,5,28.445483870967742,34.46,24.13,82.59,219.46999999999997,20.771935483870966,31,31,31,27.733118279569894,0.7123655913978482
84,2023,6,27.17233333333333,32.03,23.63,87.19866666666667,177.59,18.337,30,30,30,26.770733333333332,0.4015999999999984
84,2023,7,26.899032258064516,32.18,23.61,87.59903225806453,297.99,16.203225806451613,31,31,31,26.32636559139785,0.5726666666666667
84,2023,8,26.855483870967742,31.8,23.66,88.20709677419354,170.1,19.823870967741936,31,31,31,26.22940860215054,0.6260752688172033
84,2023,9,26.658333333333335,31.86,23.62,87.46166666666666,332.59,16.496333333333332,30,30,30,26.173744444444445,0.48458888888889007
84,2023,10,27.54258064516129,33.64,23.92,84.55483870967741,345.25999999999993,17.562258064516126,31,31,31,26.249376344086023,1.2932043010752672
84,2023,11,26.759666666666664,31.67,24.06,88.52733333333335,434.77,11.606,30,30,30,25.959711111111112,0.7999555555555524
84,2023,12,26.461612903225806,30.28,23.69,88.13000000000001,149.35,14.009032258064515,31,31,31,25.287989247311828,1.1736236559139783
84,2024,1,26.41,30.81,22.8,85.71612903225805,53.21,17.16774193548387,31,31,31,25.165182795698925,1.244817204301075
84,2024,2,26.88586206896552,32.36,22.16,82.75344827586207,15.799999999999999,21.114827586206896,29,29,29,25.7284421182266,1.1574199507389196
84,2024,3,28.006451612903223,34.55,23.08,78.00193548387097,10.91,22.419677419354837,31,31,31,27.02520430107527,0.9812473118279534
84,2024,4,30.438,38.73,24.76,68.83133333333333,7.209999999999999,23.352333333333334,30,30,30,28.233055555555556,2.2049444444444433
84,2024,5,30.129354838709677,38.65,25.68,74.98193548387097,149.22999999999996,18.753870967741936,31,31,31,27.733118279569894,2.3962365591397834
84,2024,6,27.984666666666666,34.23,24.59,82.55266666666667,203.76999999999998,17.770333333333333,30,30,30,26.770733333333332,1.2139333333333333
84,2024,7,27.144193548387097,32.27,23.22,86.99193548387096,268.03000000000003,15.46516129032258,31,31,31,26.32636559139785,0.8178279569892482
84,2024,8,27.35258064516129,32.46,24.25,86.90096774193547,250.95,19.27225806451613,31,31,31,26.22940860215054,1.1231720430107508
84,2024,9,26.757,32.13,23.43,87.62266666666666,271.14,17.076666666666664,30,30,30,26.173744444444445,0.5832555555555565
84,2024,10,27.325161290322583,32.71,23.42,85.83258064516129,259.81,16.84935483870968,31,31,31,26.249376344086023,1.0757849462365598
84,2024,11,26.904999999999998,32.51,23.89,87.616,330.1,12.709666666666665,30,30,30,25.959711111111112,0.9452888888888857
84,2024,12,25.896129032258063,30.06,21.68,88.30451612903227,505.83000000000004,11.746774193548386,31,31,31,25.287989247311828,0.6081397849462356
84,2025,1,25.159032258064514,29.66,21.31,85.44129032258064,65.97,15.85483870967742,31,31,31,25.165182795698925,-0.006150537634411535
84,2025,2,26.142857142857142,32.43,21.13,83.20607142857143,130.34,18.982857142857142,28,28,28,25.7284421182266,0.4144150246305429
84,2025,3,27.278709677419354,34.68,22.93,80.7432258064516,40.75999999999999,21.116129032258065,31,31,31,27.02520430107527,0.25350537634408354
84,2025,4,28.034,36.57,23.52,81.91433333333333,152.77999999999997,20.692333333333334,30,30,30,28.233055555555556,-0.19905555555555665
84,2025,5,27.90838709677419,34.07,24.49,84.73548387096774,273.34999999999997,17.40741935483871,31,31,31,27.733118279569894,0.175268817204298
84,2025,6,26.820666666666668,31.76,23.39,88.19233333333334,233.93000000000004,18.296666666666667,30,30,30,26.770733333333332,0.049933333333335383
84,2025,7,26.813225806451616,31.79,23.66,88.89870967741936,123.25,18.520967741935483,31,31,31,26.32636559139785,0.48686021505376686
84,2025,8,26.59741935483871,33.9,23.28,87.03967741935485,232.3,17.524838709677418,31,31,31,26.22940860215054,0.3680107526881713
84,2025,9,26.330666666666666,31.59,22.56,88.29166666666667,244.01999999999995,17.812666666666665,30,30,30,26.173744444444445,0.15692222222222085
84,2025,10,26.640967741935484,31.69,23.55,87.24774193548386,303.29999999999995,14.773870967741935,31,31,31,26.249376344086023,0.39159139784946007
84,2025,11,25.929666666666666,31.43,20.5,87.79533333333333,334.74999999999994,14.018,30,30,30,25.959711111111112,-0.030044444444445872
84,2025,12,25.399677419354838,29.64,21.32,86.17516129032258,146.75,15.805483870967743,31,31,31,25.287989247311828,0.11168817204301007
84,2026,1,24.824193548387097,29.8,21.18,82.66516129032257,33.50000000000001,17.585483870967742,31,31,31,25.165182795698925,-0.34098924731182834
84,2026,2,26.26571428571429,32.11,21.13,82.49964285714285,56.059999999999995,20.322499999999998,28,28,28,25.7284421182266,0.5372721674876892
84,2026,3,26.832903225806454,33.32,22.03,79.94645161290323,40.25,22.765483870967742,31,31,31,27.02520430107527,-0.19230107526881568
84,2026,4,29.41466666666667,36.34,22.9,69.959,9.42,23.314,30,30,30,28.233055555555556,1.1816111111111134
84,2026,5,27.945483870967742,36.1,24.71,84.37548387096774,319.0,17.881612903225808,31,31,31,27.733118279569894,0.21236559139784816
84,2026,6,27.488666666666667,33.76,24.05,85.51733333333333,258.96999999999997,18.938,30,30,30,26.770733333333332,0.7179333333333346
84,2026,7,27.089032258064517,32.48,23.23,87.13193548387098,206.33999999999997,17.259032258064515,31,31,31,26.32636559139785,0.7626666666666679
84,2026,8,27.088064516129034,32.67,23.97,87.51548387096774,153.09,18.17806451612903,31,31,31,26.22940860215054,0.8586559139784953
84,2026,9,26.77409090909091,31.56,23.57,86.16272727272727,185.69,18.9495,22,22,30,26.173744444444445,0.6003464646464636
86,1981,1,24.250645161290322,30.57,17.28,77.75935483870968,6.86,,31,31,31,25.257225806451615,-1.0065806451612929
86,1981,2,25.735000000000003,33.4,18.86,75.06285714285714,49.999999999999986,,28,28,28,26.694477011494254,-0.9594770114942506
86,1981,3,28.654838709677417,36.87,22.73,64.85064516129032,3.81,,31,31,31,28.271279569892474,0.3835591397849427
86,1981,4,27.83566666666667,35.62,24.08,75.05633333333334,154.87000000000003,,30,30,30,28.812855555555554,-0.977188888888886
86,1981,5,26.75741935483871,33.14,23.86,84.93096774193549,323.53999999999996,,31,31,31,27.45741935483871,-0.6999999999999993
86,1981,6,26.067,29.56,23.27,87.515,337.37,,30,30,30,26.289844444444444,-0.22284444444444418
86,1981,7,25.60709677419355,30.53,23.43,89.60032258064517,241.14000000000001,,31,31,31,25.806107526881718,-0.19901075268816726
86,1981,8,25.601612903225806,28.98,23.21,89.05709677419355,279.61,,31,31,31,25.68332258064516,-0.08170967741935442
86,1981,9,25.537,30.49,22.8,87.79633333333332,320.7299999999999,,30,30,30,25.518833333333337,0.018166666666662223
86,1981,10,25.47483870967742,30.28,22.8,87.9132258064516,273.60999999999996,,31,31,31,25.686752688172042,-0.21191397849462135
86,1981,11,24.576,28.5,20.63,90.07566666666666,390.8500000000001,,30,30,30,25.553244444444445,-0.9772444444444446
86,1981,12,23.46709677419355,29.45,18.9,83.07483870967742,24.010000000000005,,31,31,31,24.85890322580645,-1.3918064516129007
86,1982,1,24.463548387096775,30.8,18.71,75.9274193548387,3.84,,31,31,31,25.257225806451615,-0.7936774193548395
86,1982,2,27.589642857142856,35.0,21.68,67.955,13.510000000000002,,28,28,28,26.694477011494254,0.8951658456486022
86,1982,3,29.684838709677418,37.27,23.87,58.476451612903226,2.9400000000000004,,31,31,31,28.271279569892474,1.4135591397849439
86,1982,4,28.58133333333333,36.84,23.58,67.81233333333333,79.96000000000001,,30,30,30,28.812855555555554,-0.23152222222222463
86,1982,5,27.465806451612906,34.08,23.71,80.48322580645161,276.79,,31,31,31,27.45741935483871,0.008387096774196579
86,1982,6,26.26033333333333,29.85,23.1,86.32233333333333,235.97,,30,30,30,26.289844444444444,-0.029511111111112598
86,1982,7,25.317419354838712,28.89,22.39,88.77516129032259,429.56000000000006,,31,31,31,25.806107526881718,-0.4886881720430054
86,1982,8,25.21161290322581,28.63,22.68,90.22,490.84999999999997,,31,31,31,25.68332258064516,-0.47170967741935144
86,1982,9,25.208000000000002,30.13,22.31,88.55,301.73,,30,30,30,25.518833333333337,-0.31083333333333485
86,1982,10,25.917096774193546,30.33,22.35,83.55096774193548,196.35,,31,31,31,25.686752688172042,0.23034408602150336
86,1982,11,25.633333333333333,30.0,21.37,87.05633333333334,238.04,,30,30,30,25.553244444444445,0.08008888888888777
86,1982,12,23.938064516129035,29.43,18.16,81.70516129032258,102.64,,31,31,31,24.85890322580645,-0.9208387096774153
86,1983,1,24.727096774193548,30.74,19.15,79.0725806451613,26.29,,31,31,31,25.257225806451615,-0.530129032258067
86,1983,2,26.778214285714284,33.59,20.94,71.76714285714286,3.32,,28,28,28,26.694477011494254,0.08373727422003086
86,1983,3,29.26451612903226,37.08,22.6,59.68709677419355,13.739999999999998,,31,31,31,28.271279569892474,0.9932365591397847
86,1983,4,30.555,37.64,24.02,57.443333333333335,9.350000000000003,,30,30,30,28.812855555555554,1.7421444444444454
86,1983,5,28.37548387096774,35.44,24.45,74.3958064516129,232.64,,31,31,31,27.45741935483871,0.9180645161290322
86,1983,6,26.32633333333333,30.73,23.19,86.95333333333333,354.72,,30,30,30,26.289844444444444,0.03648888888888635
86,1983,7,25.648709677419355,29.57,23.34,88.84322580645161,271.14,,31,31,31,25.806107526881718,-0.15739784946236313
86,1983,8,25.563870967741938,29.58,23.22,89.90516129032258,348.59000000000003,,31,31,31,25.68332258064516,-0.11945161290322304
86,1983,9,25.538333333333334,29.68,23.22,87.85666666666665,354.0,,30,30,30,25.518833333333337,0.019499999999997186
86,1983,10,25.186774193548384,29.42,22.28,88.50645161290322,226.79000000000005,,31,31,31,25.686752688172042,-0.49997849462365807
86,1983,11,23.994333333333334,29.62,17.55,86.287,356.08,,30,30,30,25.553244444444445,-1.5589111111111116
86,1983,12,24.181612903225805,29.25,18.17,82.8674193548387,30.769999999999996,,31,31,31,24.85890322580645,-0.6772903225806459
86,1984,1,24.766774193548386,30.66,18.11,78.18032258064517,28.460000000000004,15.856129032258066,31,31,31,25.257225806451615,-0.4904516129032288
86,1984,2,26.482413793103447,33.49,21.76,75.09896551724138,45.41,16.903793103448276,29,29,29,26.694477011494254,-0.21206321839080644
86,1984,3,28.124193548387098,36.07,21.94,65.26161290322581,23.82,20.853870967741937,31,31,31,28.271279569892474,-0.14708602150537686
86,1984,4,28.546333333333333,36.53,24.05,70.81766666666667,196.40999999999994,19.999333333333333,30,30,30,28.812855555555554,-0.2665222222222212
86,1984,5,26.431612903225805,31.25,23.74,84.95774193548387,187.62999999999997,20.588709677419356,31,31,31,27.45741935483871,-1.0258064516129046
86,1984,6,25.720333333333333,29.08,23.05,89.14366666666666,519.1600000000001,16.785333333333334,30,30,30,26.289844444444444,-0.5695111111111117
86,1984,7,25.431935483870966,29.81,23.12,88.04354838709678,204.22000000000003,14.740645161290322,31,31,31,25.806107526881718,-0.374172043010752
86,1984,8,25.206451612903226,28.33,22.72,88.28612903225806,483.56,16.482903225806453,31,31,31,25.68332258064516,-0.4768709677419345
86,1984,9,25.014,29.08,22.34,88.555,268.60999999999996,18.07133333333333,30,30,30,25.518833333333337,-0.5048333333333375
86,1984,10,25.075161290322583,29.02,21.85,85.60387096774194,216.35999999999999,17.100322580645162,31,31,31,25.686752688172042,-0.6115913978494589
86,1984,11,25.236333333333334,29.56,20.24,84.64566666666666,105.39,18.012,30,30,30,25.553244444444445,-0.3169111111111107
86,1984,12,24.73741935483871,29.59,20.14,81.93161290322581,87.6,15.557741935483872,31,31,31,24.85890322580645,-0.12148387096774016
86,1985,1,25.07903225806452,30.54,20.29,78.60709677419355,58.22,17.730967741935483,31,31,31,25.257225806451615,-0.178193548387096
86,1985,2,27.0425,32.92,21.54,73.39571428571428,32.69,20.741785714285715,28,28,28,26.694477011494254,0.34802298850574687
86,1985,3,27.611612903225808,33.9,22.09,70.94967741935484,83.26,21.174516129032256,31,31,31,28.271279569892474,-0.6596666666666664
86,1985,4,28.256666666666668,34.46,24.45,71.29266666666668,114.41000000000001,21.658666666666665,30,30,30,28.812855555555554,-0.5561888888888866
86,1985,5,26.48,31.04,23.33,85.27548387096775,260.05999999999995,18.182258064516127,31,31,31,27.45741935483871,-0.9774193548387089
86,1985,6,25.814,29.18,23.93,88.05199999999999,505.85,17.104666666666667,30,30,30,26.289844444444444,-0.4758444444444443
86,1985,7,25.10516129032258,28.51,22.12,87.29354838709678,156.07999999999998,19.02516129032258,31,31,31,25.806107526881718,-0.7009462365591368
86,1985,8,25.291935483870965,28.79,23.14,88.94612903225806,342.13000000000005,17.866451612903226,31,31,31,25.68332258064516,-0.3913870967741957
86,1985,9,24.955,29.11,21.97,89.26866666666666,317.25000000000006,16.371333333333332,30,30,30,25.518833333333337,-0.5638333333333385
86,1985,10,25.069032258064517,29.26,22.46,88.49225806451614,319.02000000000004,17.12741935483871,31,31,31,25.686752688172042,-0.617720430107525
86,1985,11,25.13266666666667,28.75,21.99,88.04466666666667,222.39000000000004,14.642333333333333,30,30,30,25.553244444444445,-0.42057777777777616
86,1985,12,24.210322580645162,29.18,17.16,83.19096774193548,84.79,16.52258064516129,31,31,31,24.85890322580645,-0.6485806451612888
86,1986,1,24.200322580645164,30.46,18.14,76.58225806451614,6.04,17.700967741935486,31,31,31,25.257225806451615,-1.056903225806451
86,1986,2,26.456071428571427,33.47,20.42,67.81071428571428,3.74,20.711785714285714,28,28,28,26.694477011494254,-0.23840558292282665
86,1986,3,28.49806451612903,36.8,19.01,60.619354838709675,10.79,21.76258064516129,31,31,31,28.271279569892474,0.2267849462365561
86,1986,4,29.844333333333335,36.44,24.38,61.162333333333336,32.96,22.558666666666667,30,30,30,28.812855555555554,1.0314777777777806
86,1986,5,27.09709677419355,36.74,23.84,80.66258064516128,475.64,18.588387096774195,31,31,31,27.45741935483871,-0.36032258064516043
86,1986,6,25.886666666666667,30.07,22.78,88.43166666666666,322.74000000000007,17.088666666666665,30,30,30,26.289844444444444,-0.40317777777777764
86,1986,7,25.279032258064515,28.58,22.48,88.96741935483871,442.59,17.033870967741933,31,31,31,25.806107526881718,-0.5270752688172031
86,1986,8,25.409032258064514,28.8,23.25,89.05870967741934,495.03999999999996,17.501935483870966,31,31,31,25.68332258064516,-0.27429032258064723
86,1986,9,25.116,28.93,22.33,89.352,464.6,17.488999999999997,30,30,30,25.518833333333337,-0.40283333333333715
86,1986,10,25.484193548387097,29.92,22.45,87.3758064516129,300.90999999999997,15.411612903225807,31,31,31,25.686752688172042,-0.20255913978494533
86,1986,11,25.150666666666666,28.99,21.57,86.232,192.17,15.898,30,30,30,25.553244444444445,-0.40257777777777903
86,1986,12,24.565806451612904,29.19,19.94,83.25129032258064,75.24999999999999,16.544516129032257,31,31,31,24.85890322580645,-0.29309677419354685
86,1987,1,25.048387096774192,30.84,19.33,78.09,10.81,18.09709677419355,31,31,31,25.257225806451615,-0.20883870967742268
86,1987,2,27.032142857142855,35.52,20.13,67.52571428571429,2.5900000000000003,20.641428571428573,28,28,28,26.694477011494254,0.33766584564860125
86,1987,3,28.26451612903226,36.96,22.25,65.84645161290322,22.939999999999998,21.251612903225805,31,31,31,28.271279569892474,-0.006763440860215297
86,1987,4,29.82133333333333,36.62,24.23,61.547333333333334,13.049999999999999,22.816,30,30,30,28.812855555555554,1.0084777777777774
86,1987,5,27.278387096774193,33.14,23.01,79.92064516129032,248.39000000000004,19.52032258064516,31,31,31,27.45741935483871,-0.17903225806451672
86,1987,6,26.542333333333332,31.85,23.84,87.58766666666666,293.21999999999997,16.547333333333334,30,30,30,26.289844444444444,0.25248888888888743
86,1987,7,26.411612903225805,30.32,23.1,84.3309677419355,83.49,20.13774193548387,31,31,31,25.806107526881718,0.6055053763440874
86,1987,8,25.54032258064516,29.49,22.79,88.83451612903225,391.44,17.852903225806454,31,31,31,25.68332258064516,-0.14300000000000068
86,1987,9,26.032,30.56,23.02,86.644,181.55999999999997,17.559666666666665,30,30,30,25.518833333333337,0.5131666666666632
86,1987,10,26.205483870967743,31.1,23.34,87.09290322580645,267.87,17.61967741935484,31,31,31,25.686752688172042,0.5187311827957011
86,1987,11,25.871333333333332,30.24,22.53,89.21466666666667,371.88999999999993,13.261333333333335,30,30,30,25.553244444444445,0.3180888888888873
86,1987,12,23.980645161290322,29.71,19.12,81.49677419354839,7.86,16.846451612903227,31,31,31,24.85890322580645,-0.8782580645161282
86,1988,1,25.659032258064514,32.04,19.09,78.3616129032258,22.86,17.83516129032258,31,31,31,25.257225806451615,0.40180645161289874
86,1988,2,27.42241379310345,33.76,23.13,73.70793103448277,21.94,19.465172413793105,29,29,29,26.694477011494254,0.7279367816091948
86,1988,3,29.429677419354835,37.62,23.79,62.89451612903226,11.02,20.878064516129033,31,31,31,28.271279569892474,1.1583978494623608
86,1988,4,28.545333333333335,35.75,24.8,74.87966666666667,124.47000000000001,18.932333333333336,30,30,30,28.812855555555554,-0.2675222222222189
86,1988,5,26.83451612903226,31.45,24.32,87.04967741935484,281.36,17.64483870967742,31,31,31,27.45741935483871,-0.62290322580645
86,1988,6,26.00433333333333,29.89,22.71,87.655,366.84999999999997,18.308,30,30,30,26.289844444444444,-0.2855111111111128
86,1988,7,25.741290322580646,29.09,23.52,89.9558064516129,466.9099999999999,17.108064516129033,31,31,31,25.806107526881718,-0.06481720430107174
86,1988,8,25.87709677419355,29.37,23.61,89.3309677419355,243.00999999999996,18.15096774193548,31,31,31,25.68332258064516,0.1937741935483892
86,1988,9,25.713,28.87,23.69,90.375,495.16,17.333333333333332,30,30,30,25.518833333333337,0.19416666666666416
86,1988,10,25.18967741935484,28.48,21.08,89.7432258064516,381.9599999999999,16.039677419354838,31,31,31,25.686752688172042,-0.497075268817202
86,1988,11,24.378333333333334,28.5,20.38,87.70100000000001,353.56000000000006,12.712,30,30,30,25.553244444444445,-1.1749111111111112
86,1988,12,23.73709677419355,29.74,17.92,82.39903225806451,7.469999999999999,16.940645161290323,31,31,31,24.85890322580645,-1.1218064516129012
86,1989,1,25.883548387096774,31.45,20.86,79.25709677419354,44.73,17.02258064516129,31,31,31,25.257225806451615,0.6263225806451587
86,1989,2,26.459285714285716,34.11,20.74,71.08,18.68,19.544999999999998,28,28,28,26.694477011494254,-0.23519129720853726
86,1989,3,27.27258064516129,34.54,21.77,71.64064516129032,150.28000000000003,20.850967741935484,31,31,31,28.271279569892474,-0.9986989247311833
86,1989,4,27.695666666666668,34.02,23.36,76.03299999999999,103.50999999999998,21.765666666666668,30,30,30,28.812855555555554,-1.1171888888888866
86,1989,5,26.285806451612903,32.64,23.75,86.82903225806452,415.9100000000001,17.552258064516128,31,31,31,27.45741935483871,-1.1716129032258067
86,1989,6,25.50433333333333,29.52,22.8,89.054,335.26,17.870333333333335,30,30,30,26.289844444444444,-0.7855111111111128
86,1989,7,25.573870967741936,30.25,22.44,88.60548387096775,326.15999999999997,18.164516129032258,31,31,31,25.806107526881718,-0.23223655913978192
86,1989,8,25.28483870967742,28.23,23.23,89.96483870967741,386.69999999999993,17.706451612903226,31,31,31,25.68332258064516,-0.3984838709677412
86,1989,9,25.550333333333334,29.58,23.2,88.79833333333333,257.09999999999997,18.094,30,30,30,25.518833333333337,0.03149999999999764
86,1989,10,25.477096774193548,30.13,22.37,89.13193548387098,405.48,15.865806451612903,31,31,31,25.686752688172042,-0.20965591397849437
86,1989,11,25.171,29.52,21.16,86.49166666666666,269.02000000000004,14.672333333333334,30,30,30,25.553244444444445,-0.3822444444444457
86,1989,12,24.31,30.05,19.07,80.12225806451613,10.5,17.859354838709677,31,31,31,24.85890322580645,-0.5489032258064519
86,1990,1,26.04612903225806,32.45,21.17,76.24967741935482,14.409999999999998,18.20483870967742,31,31,31,25.257225806451615,0.7889032258064468
86,1990,2,27.599999999999998,35.15,21.35,67.44392857142857,7.54,20.535,28,28,28,26.694477011494254,0.9055229885057443
86,1990,3,29.56064516129032,37.67,22.31,58.875483870967734,5.4799999999999995,21.396129032258063,31,31,31,28.271279569892474,1.2893655913978463
86,1990,4,29.433333333333334,37.69,25.32,67.721,73.49000000000001,21.219,30,30,30,28.812855555555554,0.6204777777777792
86,1990,5,27.63193548387097,34.6,24.07,80.52935483870968,267.09999999999997,19.05483870967742,31,31,31,27.45741935483871,0.17451612903225922
86,1990,6,26.293666666666663,29.7,23.98,88.46833333333333,317.89,18.83533333333333,30,30,30,26.289844444444444,0.0038222222222188407
86,1990,7,25.719354838709677,29.47,22.82,87.30741935483871,125.32000000000001,18.961612903225806,31,31,31,25.806107526881718,-0.08675268817204085
86,1990,8,25.700645161290325,29.14,23.64,88.93387096774192,310.5299999999999,17.065161290322582,31,31,31,25.68332258064516,0.01732258064516401
86,1990,9,25.490333333333336,28.96,22.6,89.41933333333333,259.67,17.512,30,30,30,25.518833333333337,-0.02850000000000108
86,1990,10,25.74451612903226,30.14,21.61,87.72709677419354,312.49,16.27225806451613,31,31,31,25.686752688172042,0.05776344086021723
86,1990,11,25.141666666666666,29.71,21.31,86.91366666666666,326.9699999999999,16.903333333333332,30,30,30,25.553244444444445,-0.4115777777777794
86,1990,12,24.67096774193548,30.18,19.31,82.12483870967742,23.430000000000003,16.57225806451613,31,31,31,24.85890322580645,-0.18793548387096948
86,1991,1,26.088064516129034,31.77,21.29,76.59516129032258,19.61,18.65,31,31,31,25.257225806451615,0.830838709677419
86,1991,2,27.558214285714286,34.7,21.41,65.47285714285714,25.759999999999998,19.37142857142857,28,28,28,26.694477011494254,0.863737274220032
86,1991,3,28.953548387096774,36.48,22.75,64.66064516129032,51.67999999999999,21.410645161290322,31,31,31,28.271279569892474,0.6822688172042994
86,1991,4,28.833000000000002,35.94,23.53,70.587,116.88,21.09733333333333,30,30,30,28.812855555555554,0.02014444444444763
86,1991,5,28.11516129032258,35.04,24.7,78.44322580645161,254.50000000000003,18.779999999999998,31,31,31,27.45741935483871,0.6577419354838696
86,1991,6,26.817333333333334,30.75,24.43,85.84533333333334,198.70000000000005,17.85,30,30,30,26.289844444444444,0.5274888888888896
86,1991,7,25.69516129032258,28.76,23.52,89.50709677419354,376.51,15.847096774193549,31,31,31,25.806107526881718,-0.11094623655913693
86,1991,8,25.653225806451612,29.88,23.54,90.30225806451612,530.9000000000001,15.22,31,31,31,25.68332258064516,-0.030096774193548725
86,1991,9,25.153000000000002,28.14,23.24,91.28333333333333,396.74999999999994,15.037666666666667,30,30,30,25.518833333333337,-0.36583333333333456
86,1991,10,25.171290322580642,29.6,20.39,88.89064516129032,214.85,16.870967741935484,31,31,31,25.686752688172042,-0.5154623655914001
86,1991,11,24.937666666666665,29.77,20.45,83.24733333333333,58.52,17.371333333333332,30,30,30,25.553244444444445,-0.61557777777778
86,1991,12,25.228709677419356,29.99,20.75,80.3241935483871,55.989999999999995,16.473870967741934,31,31,31,24.85890322580645,0.3698064516129058
86,1992,1,25.044193548387096,31.36,18.66,77.3358064516129,49.56,17.146129032258063,31,31,31,25.257225806451615,-0.2130322580645192
86,1992,2,26.731379310344828,33.16,20.08,70.24,31.699999999999996,19.590344827586208,29,29,29,26.694477011494254,0.036902298850574056
86,1992,3,29.26258064516129,37.91,20.45,57.44516129032258,0.8600000000000001,22.536451612903225,31,31,31,28.271279569892474,0.9913010752688152
86,1992,4,30.129666666666665,37.4,23.52,58.739000000000004,12.61,22.53033333333333,30,30,30,28.812855555555554,1.316811111111111
86,1992,5,28.279999999999998,34.92,24.94,75.87806451612903,119.53000000000002,19.800645161290323,31,31,31,27.45741935483871,0.8225806451612883
86,1992,6,26.663,32.06,23.92,85.72833333333332,293.56999999999994,16.246333333333332,30,30,30,26.289844444444444,0.3731555555555559
86,1992,7,25.90806451612903,29.83,23.51,87.45806451612903,295.65000000000003,17.053870967741933,31,31,31,25.806107526881718,0.10195698924731289
86,1992,8,25.58516129032258,28.78,23.11,88.02193548387096,322.41,15.156451612903227,31,31,31,25.68332258064516,-0.09816129032257948
86,1992,9,25.434,29.15,23.12,88.42266666666666,203.98000000000002,17.954333333333334,30,30,30,25.518833333333337,-0.08483333333333576
86,1992,10,25.219032258064516,29.48,22.69,89.00419354838711,315.3900000000001,13.660645161290324,31,31,31,25.686752688172042,-0.4677204301075264
86,1992,11,24.544,29.13,20.37,85.179,111.17,15.631666666666666,30,30,30,25.553244444444445,-1.0092444444444446
86,1992,12,24.641290322580645,29.97,18.86,82.0341935483871,30.240000000000002,16.29774193548387,31,31,31,24.85890322580645,-0.21761290322580606
86,1993,1,25.162580645161288,31.12,18.23,78.2874193548387,83.70999999999997,17.010967741935485,31,31,31,25.257225806451615,-0.09464516129032674
86,1993,2,26.124642857142856,34.02,18.82,70.42357142857144,2.1599999999999997,20.385357142857142,28,28,28,26.694477011494254,-0.5698341543513976
86,1993,3,27.108387096774194,34.03,21.83,73.39516129032258,90.92000000000002,19.760967741935485,31,31,31,28.271279569892474,-1.16289247311828
86,1993,4,28.086000000000002,34.98,23.83,73.66366666666666,88.96999999999998,21.47266666666667,30,30,30,28.812855555555554,-0.7268555555555523
86,1993,5,28.143870967741936,35.84,24.18,77.42225806451613,153.66000000000003,20.073225806451614,31,31,31,27.45741935483871,0.6864516129032268
86,1993,6,26.881333333333334,31.08,24.45,84.20166666666667,175.51,18.278000000000002,30,30,30,26.289844444444444,0.5914888888888896
86,1993,7,25.864193548387096,29.44,23.17,88.69709677419355,333.94000000000005,16.633548387096774,31,31,31,25.806107526881718,0.05808602150537823
86,1993,8,25.643225806451614,28.72,23.13,88.14129032258064,201.67000000000002,16.927096774193547,31,31,31,25.68332258064516,-0.040096774193546736
86,1993,9,25.268666666666668,28.73,23.38,89.968,230.86,17.084,30,30,30,25.518833333333337,-0.25016666666666865
86,1993,10,25.48677419354839,29.16,23.17,88.86516129032259,265.4100000000001,16.224193548387095,31,31,31,25.686752688172042,-0.1999784946236538
86,1993,11,25.533333333333335,30.4,20.62,83.75366666666667,71.62,16.458000000000002,30,30,30,25.553244444444445,-0.019911111111110102
86,1993,12,24.573225806451614,30.34,17.72,79.00548387096775,46.269999999999996,16.861290322580647,31,31,31,24.85890322580645,-0.2856774193548368
86,1994,1,25.43032258064516,31.72,19.56,76.04096774193549,20.14,18.169999999999998,31,31,31,25.257225806451615,0.17309677419354585
86,1994,2,27.518571428571427,34.65,22.3,69.54321428571428,36.95,19.973214285714285,28,28,28,26.694477011494254,0.8240944170771733
86,1994,3,27.481290322580644,35.98,22.83,74.53354838709677,240.01,17.88,31,31,31,28.271279569892474,-0.78998924731183
86,1994,4,27.57633333333333,33.81,22.58,78.21666666666667,47.34,22.192333333333334,30,30,30,28.812855555555554,-1.2365222222222236
86,1994,5,26.52032258064516,31.36,24.07,86.92903225806452,263.57,19.098064516129032,31,31,31,27.45741935483871,-0.9370967741935488
86,1994,6,25.773000000000003,28.59,23.43,89.63633333333334,426.09999999999997,15.627,30,30,30,26.289844444444444,-0.5168444444444411
86,1994,7,25.573548387096775,28.04,23.45,89.7316129032258,383.81,15.779354838709677,31,31,31,25.806107526881718,-0.23255913978494291
86,1994,8,25.366129032258065,28.88,22.96,89.54225806451613,457.97,16.153548387096773,31,31,31,25.68332258064516,-0.31719354838709535
86,1994,9,24.895333333333333,28.86,22.5,91.16000000000001,497.72,16.365333333333332,30,30,30,25.518833333333337,-0.6235000000000035
86,1994,10,25.300967741935484,30.08,18.94,85.33387096774193,78.19,19.664193548387097,31,31,31,25.686752688172042,-0.38578494623655857
86,1994,11,25.352666666666668,30.1,21.59,83.592,124.97999999999999,17.762,30,30,30,25.553244444444445,-0.2005777777777773
86,1994,12,25.497096774193547,30.72,20.45,78.93645161290323,32.16,17.361612903225808,31,31,31,24.85890322580645,0.6381935483870969
86,1995,1,25.81935483870968,32.03,18.99,73.96451612903226,38.099999999999994,17.530322580645162,31,31,31,25.257225806451615,0.5621290322580634
86,1995,2,27.099999999999998,35.13,19.64,65.99249999999999,9.44,20.238214285714285,28,28,28,26.694477011494254,0.4055229885057443
86,1995,3,28.99258064516129,36.82,23.03,63.196129032258064,36.410000000000004,20.653225806451612,31,31,31,28.271279569892474,0.7213010752688156
86,1995,4,30.076999999999998,37.57,24.69,63.067,58.20000000000002,22.523,30,30,30,28.812855555555554,1.2641444444444438
86,1995,5,28.164193548387097,36.65,24.27,74.99225806451612,115.42,20.58677419354839,31,31,31,27.45741935483871,0.7067741935483873
86,1995,6,26.426666666666666,29.76,23.65,87.19733333333333,267.35,18.766333333333332,30,30,30,26.289844444444444,0.1368222222222215
86,1995,7,25.751935483870966,29.39,23.33,88.56387096774193,250.13,16.135806451612904,31,31,31,25.806107526881718,-0.054172043010751736
86,1995,8,25.696129032258067,28.9,23.46,90.30612903225806,530.93,16.476451612903226,31,31,31,25.68332258064516,0.0128064516129065
86,1995,9,25.563,30.79,23.24,89.546,310.58,14.687666666666667,30,30,30,25.518833333333337,0.044166666666662024
86,1995,10,25.779032258064515,30.62,22.18,88.2058064516129,244.28000000000006,15.122258064516128,31,31,31,25.686752688172042,0.09227956989247232
86,1995,11,25.474333333333334,29.99,21.56,87.904,270.5799999999999,12.766666666666667,30,30,30,25.553244444444445,-0.07891111111111115
86,1995,12,23.933870967741935,29.39,18.26,80.89,12.78,16.24225806451613,31,31,31,24.85890322580645,-0.9250322580645154
86,1996,1,24.95387096774194,30.73,18.21,76.32774193548387,9.750000000000002,17.713548387096775,31,31,31,25.257225806451615,-0.3033548387096765
86,1996,2,26.430689655172415,34.2,20.57,71.14689655172414,33.64,17.84448275862069,29,29,29,26.694477011494254,-0.2637873563218385
86,1996,3,29.062580645161294,37.49,21.88,60.844193548387096,11.95,21.719032258064516,31,31,31,28.271279569892474,0.7913010752688194
86,1996,4,28.176666666666666,35.38,23.95,74.24366666666667,121.99000000000001,19.08533333333333,30,30,30,28.812855555555554,-0.6361888888888885
86,1996,5,26.81,31.73,24.09,84.80096774193548,168.76,19.030967741935484,31,31,31,27.45741935483871,-0.6474193548387106
86,1996,6,26.749000000000002,32.08,23.91,84.84333333333333,190.68,17.944333333333336,30,30,30,26.289844444444444,0.459155555555558
86,1996,7,25.809032258064516,29.31,23.85,88.99709677419354,379.29,14.42,31,31,31,25.806107526881718,0.0029247311827980127
86,1996,8,25.697741935483872,29.27,23.16,88.92999999999999,221.99,17.496774193548386,31,31,31,25.68332258064516,0.014419354838711484
86,1996,9,25.374666666666666,28.46,23.33,90.62133333333333,457.7600000000001,13.452,30,30,30,25.518833333333337,-0.14416666666667055
86,1996,10,25.616451612903226,29.59,22.81,88.69967741935484,271.81,14.537741935483872,31,31,31,25.686752688172042,-0.0703010752688158
86,1996,11,24.994333333333334,29.08,21.75,89.60933333333334,343.40999999999997,14.694333333333333,30,30,30,25.553244444444445,-0.5589111111111116
86,1996,12,23.824516129032258,28.32,17.31,83.79032258064517,148.07,15.150967741935483,31,31,31,24.85890322580645,-1.0343870967741928
86,1997,1,24.30290322580645,30.38,18.11,77.54903225806451,14.699999999999998,18.133548387096774,31,31,31,25.257225806451615,-0.9543225806451652
86,1997,2,26.85107142857143,32.78,20.76,72.44392857142857,24.5,18.62857142857143,28,28,28,26.694477011494254,0.15659441707717647
86,1997,3,28.786451612903225,37.03,21.4,62.519999999999996,16.77,21.511935483870968,31,31,31,28.271279569892474,0.5151720430107503
86,1997,4,28.459666666666667,36.56,22.65,68.667,119.75,22.025333333333332,30,30,30,28.812855555555554,-0.3531888888888872
86,1997,5,27.968064516129033,34.93,24.37,76.56451612903226,180.57999999999996,18.627741935483872,31,31,31,27.45741935483871,0.5106451612903236
86,1997,6,26.721333333333334,32.33,23.68,83.94800000000001,207.67,18.37066666666667,30,30,30,26.289844444444444,0.4314888888888895
86,1997,7,25.61709677419355,28.45,23.73,90.07935483870968,454.35,15.494516129032258,31,31,31,25.806107526881718,-0.18901075268816925
86,1997,8,25.698387096774194,28.85,23.37,89.34967741935485,584.0,15.01,31,31,31,25.68332258064516,0.015064516129033478
86,1997,9,25.883333333333333,30.85,23.11,88.73866666666666,300.01,17.71966666666667,30,30,30,25.518833333333337,0.36449999999999605
86,1997,10,26.015806451612903,30.63,22.87,87.98677419354838,184.79000000000002,17.674193548387095,31,31,31,25.686752688172042,0.3290537634408608
86,1997,11,25.799666666666667,30.19,22.27,86.79299999999999,143.19,16.139333333333333,30,30,30,25.553244444444445,0.24642222222222188
86,1997,12,25.87258064516129,30.49,21.42,81.73516129032258,57.910000000000004,16.483870967741936,31,31,31,24.85890322580645,1.0136774193548383
86,1998,1,26.41483870967742,32.0,19.84,76.8683870967742,6.830000000000001,17.879677419354838,31,31,31,25.257225806451615,1.1576129032258038
86,1998,2,28.81392857142857,36.52,22.65,64.5475,1.4500000000000002,20.718214285714286,28,28,28,26.694477011494254,2.1194515599343156
86,1998,3,29.768709677419356,37.62,23.0,58.87387096774193,4.659999999999999,22.06709677419355,31,31,31,28.271279569892474,1.4974301075268812
86,1998,4,31.582666666666668,38.89,25.68,56.04966666666667,5.579999999999999,22.098666666666666,30,30,30,28.812855555555554,2.769811111111114
86,1998,5,29.563548387096777,38.26,25.52,73.39935483870968,188.44999999999996,18.969032258064516,31,31,31,27.45741935483871,2.1061290322580675
86,1998,6,26.64466666666667,29.89,24.7,88.563,269.34,17.419,30,30,30,26.289844444444444,0.35482222222222504
86,1998,7,26.267419354838708,30.88,23.88,88.80806451612904,146.22,19.948387096774194,31,31,31,25.806107526881718,0.46131182795699033
86,1998,8,26.176451612903225,29.93,23.85,89.01096774193549,253.85999999999999,18.97290322580645,31,31,31,25.68332258064516,0.49312903225806437
86,1998,9,25.761333333333333,29.41,23.79,90.44366666666666,362.32,17.028333333333332,30,30,30,25.518833333333337,0.24249999999999616
86,1998,10,25.781612903225806,29.1,23.61,91.05612903225807,486.49,14.838387096774193,31,31,31,25.686752688172042,0.09486021505376385
86,1998,11,25.538999999999998,29.67,21.53,88.41000000000001,257.44,12.295,30,30,30,25.553244444444445,-0.014244444444447169
86,1998,12,24.62741935483871,29.46,20.48,85.57935483870968,50.660000000000004,14.39774193548387,31,31,31,24.85890322580645,-0.2314838709677396
86,1999,1,25.02258064516129,30.25,18.73,82.68258064516128,81.63000000000001,16.12290322580645,31,31,31,25.257225806451615,-0.23464516129032376
86,1999,2,25.380357142857143,31.38,20.15,82.1282142857143,99.32,17.778928571428573,28,28,28,26.694477011494254,-1.3141198686371105
86,1999,3,27.200322580645164,33.47,22.31,76.9025806451613,109.03999999999999,21.051612903225806,31,31,31,28.271279569892474,-1.0709569892473105
86,1999,4,26.199,30.17,23.77,87.43233333333333,251.05000000000007,17.896333333333335,30,30,30,28.812855555555554,-2.6138555555555527
86,1999,5,26.057741935483868,30.44,23.36,88.01806451612903,202.90000000000003,18.77548387096774,31,31,31,27.45741935483871,-1.3996774193548411
86,1999,6,25.358,29.08,22.63,88.75466666666667,275.46,17.015,30,30,30,26.289844444444444,-0.9318444444444438
86,1999,7,25.50258064516129,28.28,23.19,89.56258064516129,301.92,17.213870967741936,31,31,31,25.806107526881718,-0.3035268817204262
86,1999,8,25.272903225806452,29.1,22.93,89.01967741935485,154.48,19.61258064516129,31,31,31,25.68332258064516,-0.4104193548387087
86,1999,9,25.413999999999998,29.45,22.81,89.113,203.44,19.157,30,30,30,25.518833333333337,-0.10483333333333889
86,1999,10,25.36935483870968,30.39,22.99,89.73193548387097,299.98999999999995,15.72258064516129,31,31,31,25.686752688172042,-0.31739784946236327
86,1999,11,25.054333333333332,29.65,20.96,88.29266666666668,161.08,14.531666666666666,30,30,30,25.553244444444445,-0.49891111111111286
86,1999,12,22.918387096774193,28.74,15.08,83.89096774193548,199.21,15.830967741935483,31,31,31,24.85890322580645,-1.9405161290322575
86,2000,1,25.123225806451615,30.51,19.97,82.2158064516129,25.49,17.343870967741935,31,31,31,25.257225806451615,-0.13400000000000034
86,2000,2,25.906896551724138,31.74,17.41,75.01793103448276,75.07,19.68,29,29,29,26.694477011494254,-0.7875804597701155
86,2000,3,27.04290322580645,33.73,21.75,76.71354838709676,162.5,19.688709677419357,31,31,31,28.271279569892474,-1.2283763440860227
86,2000,4,26.805999999999997,32.93,23.33,83.66733333333333,160.98999999999995,18.887333333333334,30,30,30,28.812855555555554,-2.006855555555557
86,2000,5,26.312580645161294,30.26,24.06,87.79096774193549,257.34,18.46548387096774,31,31,31,27.45741935483871,-1.1448387096774155
86,2000,6,25.604333333333333,30.39,23.1,89.509,295.63,16.09433333333333,30,30,30,26.289844444444444,-0.6855111111111114
86,2000,7,25.658709677419353,28.57,22.99,88.44483870967741,214.77,18.850967741935484,31,31,31,25.806107526881718,-0.14739784946236512
86,2000,8,25.243870967741934,29.25,23.14,90.22516129032257,326.03000000000003,16.659032258064517,31,31,31,25.68332258064516,-0.4394516129032269
86,2000,9,25.571,29.56,22.77,88.251,159.89,18.478,30,30,30,25.518833333333337,0.052166666666664696
86,2000,10,25.253548387096775,28.56,22.98,90.2741935483871,269.17,15.536129032258065,31,31,31,25.686752688172042,-0.43320430107526775
86,2000,11,24.71466666666667,29.67,19.55,85.40033333333334,160.79999999999998,15.266666666666667,30,30,30,25.553244444444445,-0.8385777777777754
86,2000,12,25.046451612903226,30.04,19.31,84.37161290322581,71.68,15.556774193548387,31,31,31,24.85890322580645,0.18754838709677557
86,2001,1,25.212903225806453,31.01,19.91,83.41129032258064,82.60000000000002,16.28322580645161,31,31,31,25.257225806451615,-0.04432258064516148
86,2001,2,26.572499999999998,32.36,20.97,74.15642857142858,13.600000000000001,19.853928571428572,28,28,28,26.694477011494254,-0.12197701149425555
86,2001,3,26.356774193548386,33.13,22.77,83.28354838709677,333.46999999999997,17.51322580645161,31,31,31,28.271279569892474,-1.9145053763440885
86,2001,4,27.653666666666666,33.14,23.46,82.07433333333333,75.25,20.505333333333333,30,30,30,28.812855555555554,-1.1591888888888882
86,2001,5,26.286451612903225,30.06,24.41,89.5883870967742,319.28000000000003,17.949677419354842,31,31,31,27.45741935483871,-1.1709677419354847
86,2001,6,25.733,29.68,23.42,89.48133333333334,370.92,16.603,30,30,30,26.289844444444444,-0.5568444444444438
86,2001,7,25.68516129032258,29.3,23.56,89.89032258064516,245.25,18.621290322580645,31,31,31,25.806107526881718,-0.1209462365591385
86,2001,8,25.47741935483871,28.25,22.98,89.81032258064516,384.14,14.854193548387098,31,31,31,25.68332258064516,-0.20590322580645193
86,2001,9,25.357333333333333,29.96,23.14,90.24666666666667,188.53,19.932666666666666,30,30,30,25.518833333333337,-0.16150000000000375
86,2001,10,25.364193548387096,28.54,23.37,91.71032258064515,333.39,13.84032258064516,31,31,31,25.686752688172042,-0.3225591397849463
86,2001,11,24.514666666666667,29.33,19.97,84.742,64.59,15.757,30,30,30,25.553244444444445,-1.0385777777777783
86,2001,12,24.942903225806454,29.94,19.91,82.51967741935485,71.01,15.753225806451614,31,31,31,24.85890322580645,0.08400000000000318
86,2002,1,25.043870967741935,30.74,19.99,78.81838709677419,25.8,16.93935483870968,31,31,31,25.257225806451615,-0.2133548387096802
86,2002,2,26.579642857142858,34.24,21.61,72.53892857142857,1.45,19.580000000000002,28,28,28,26.694477011494254,-0.11483415435139577
86,2002,3,28.37741935483871,36.47,23.02,68.65064516129033,47.6,21.12,31,31,31,28.271279569892474,0.10613978494623666
86,2002,4,29.057000000000002,36.51,24.61,69.39333333333335,108.36999999999999,20.42366666666667,30,30,30,28.812855555555554,0.24414444444444783
86,2002,5,27.24741935483871,34.52,23.99,83.38354838709677,252.82000000000005,18.593548387096774,31,31,31,27.45741935483871,-0.21000000000000085
86,2002,6,26.149333333333335,30.86,23.6,87.85666666666665,204.94,18.476,30,30,30,26.289844444444444,-0.1405111111111097
86,2002,7,26.399032258064516,29.81,23.46,87.53967741935485,238.14000000000001,19.19,31,31,31,25.806107526881718,0.5929247311827979
86,2002,8,25.67322580645161,28.68,23.27,88.56451612903226,303.72999999999996,15.284193548387098,31,31,31,25.68332258064516,-0.010096774193549152
86,2002,9,25.415666666666667,29.33,23.12,88.657,254.29999999999998,18.48033333333333,30,30,30,25.518833333333337,-0.10316666666667018
86,2002,10,26.27032258064516,30.83,21.98,85.36387096774195,141.36000000000004,18.094193548387096,31,31,31,25.686752688172042,0.5835698924731183
86,2002,11,25.565,30.19,21.86,88.75800000000001,282.98,13.073666666666666,30,30,30,25.553244444444445,0.011755555555556185
86,2002,12,25.791935483870965,30.35,22.81,87.77193548387096,289.11,13.953870967741935,31,31,31,24.85890322580645,0.9330322580645145
86,2003,1,24.940645161290323,29.63,19.11,81.21419354838709,17.919999999999998,18.540967741935482,31,31,31,25.257225806451615,-0.3165806451612916
86,2003,2,26.455357142857142,31.94,21.2,78.36678571428571,36.45,19.28392857142857,28,28,28,26.694477011494254,-0.2391198686371112
86,2003,3,27.261935483870968,33.69,23.08,78.04451612903226,118.07000000000001,19.28806451612903,31,31,31,28.271279569892474,-1.0093440860215068
86,2003,4,28.906,35.16,23.11,70.23766666666667,59.11,23.438,30,30,30,28.812855555555554,0.09314444444444447
86,2003,5,27.13032258064516,33.95,24.07,85.28806451612903,274.6,16.643225806451614,31,31,31,27.45741935483871,-0.3270967741935493
86,2003,6,26.3,31.6,23.47,86.20433333333334,98.15999999999997,19.258666666666667,30,30,30,26.289844444444444,0.010155555555556361
86,2003,7,25.656451612903226,30.12,23.07,88.60516129032257,206.24000000000004,17.46451612903226,31,31,31,25.806107526881718,-0.1496559139784921
86,2003,8,25.977096774193548,29.5,23.48,89.20548387096774,266.40999999999997,18.260967741935485,31,31,31,25.68332258064516,0.2937741935483871
86,2003,9,25.419333333333334,28.41,22.69,89.76366666666667,258.8,16.724,30,30,30,25.518833333333337,-0.09950000000000259
86,2003,10,25.465806451612902,29.46,22.24,90.55967741935484,335.93000000000006,13.422580645161291,31,31,31,25.686752688172042,-0.22094623655913992
86,2003,11,25.916666666666668,30.57,21.24,84.443,105.21,16.366666666666667,30,30,30,25.553244444444445,0.36342222222222276
86,2003,12,24.248709677419356,29.89,18.93,81.57677419354839,95.64000000000001,15.685483870967742,31,31,31,24.85890322580645,-0.6101935483870946
86,2004,1,25.47967741935484,30.62,20.1,81.6658064516129,30.05,16.983870967741936,31,31,31,25.257225806451615,0.22245161290322457
86,2004,2,26.517241379310345,33.02,20.63,74.58793103448276,37.06,18.957241379310343,29,29,29,26.694477011494254,-0.17723563218390836
86,2004,3,28.516129032258064,36.55,22.82,67.11999999999999,43.06,21.312258064516133,31,31,31,28.271279569892474,0.2448494623655897
86,2004,4,30.836000000000002,38.3,25.41,58.763333333333335,25.44,22.238666666666667,30,30,30,28.812855555555554,2.0231444444444477
86,2004,5,27.292580645161287,34.73,24.14,82.94322580645161,296.72,17.423870967741934,31,31,31,27.45741935483871,-0.1648387096774222
86,2004,6,25.998333333333335,29.46,23.42,88.54833333333333,305.54,17.377333333333336,30,30,30,26.289844444444444,-0.2915111111111095
86,2004,7,25.49516129032258,28.76,23.1,89.53064516129032,200.9,18.048709677419353,31,31,31,25.806107526881718,-0.3109462365591362
86,2004,8,25.493225806451612,28.33,22.87,90.19032258064516,313.09000000000003,16.36548387096774,31,31,31,25.68332258064516,-0.19009677419354887
86,2004,9,25.786,30.4,23.25,88.79666666666667,215.89,18.291999999999998,30,30,30,25.518833333333337,0.26716666666666455
86,2004,10,25.789677419354838,30.67,22.3,86.19096774193548,177.59,16.56451612903226,31,31,31,25.686752688172042,0.10292473118279588
86,2004,11,25.913,31.21,21.38,84.53999999999999,187.67000000000002,15.388,30,30,30,25.553244444444445,0.35975555555555516
86,2004,12,24.491935483870968,29.91,19.01,79.90870967741935,3.6399999999999997,17.620967741935484,31,31,31,24.85890322580645,-0.36696774193548265
86,2005,1,25.605806451612903,33.13,19.67,75.55064516129033,27.65,17.836129032258064,31,31,31,25.257225806451615,0.34858064516128806
86,2005,2,28.131785714285716,36.32,20.88,65.04,0.12000000000000001,21.35928571428571,28,28,28,26.694477011494254,1.4373087027914622
86,2005,3,28.94483870967742,36.54,21.71,62.87677419354839,20.93,21.156451612903226,31,31,31,28.271279569892474,0.6735591397849454
86,2005,4,30.755333333333333,37.46,25.91,60.44766666666667,28.220000000000002,21.669333333333334,30,30,30,28.812855555555554,1.9424777777777784
86,2005,5,28.039032258064516,36.45,24.4,78.67516129032258,128.58,19.75258064516129,31,31,31,27.45741935483871,0.5816129032258068
86,2005,6,26.351666666666667,29.74,23.73,88.735,288.82,17.172,30,30,30,26.289844444444444,0.06182222222222222
86,2005,7,25.982580645161292,29.2,23.6,88.95032258064516,295.23,15.300645161290323,31,31,31,25.806107526881718,0.17647311827957424
86,2005,8,25.891935483870967,29.11,23.62,89.17967741935485,169.84000000000006,18.417419354838707,31,31,31,25.68332258064516,0.20861290322580572
86,2005,9,25.692333333333334,29.59,22.94,89.51266666666668,274.2300000000001,17.562333333333335,30,30,30,25.518833333333337,0.1734999999999971
86,2005,10,25.933870967741935,30.35,23.44,88.7658064516129,272.52000000000004,15.147096774193548,31,31,31,25.686752688172042,0.24711827956989296
86,2005,11,25.682000000000002,30.63,21.14,87.26833333333335,188.55,14.917333333333334,30,30,30,25.553244444444445,0.12875555555555707
86,2005,12,24.175806451612903,29.27,19.28,87.04677419354839,147.73000000000002,12.934516129032257,31,31,31,24.85890322580645,-0.6830967741935474
86,2006,1,24.921935483870968,30.47,19.66,81.18935483870968,18.15,18.16548387096774,31,31,31,25.257225806451615,-0.33529032258064717
86,2006,2,26.492142857142856,32.37,22.42,79.4875,64.64,18.326785714285712,28,28,28,26.694477011494254,-0.2023341543513979
86,2006,3,27.754516129032258,33.8,21.92,74.25225806451614,49.23,20.614838709677418,31,31,31,28.271279569892474,-0.5167634408602169
86,2006,4,28.287,35.38,24.61,74.12266666666666,69.29000000000002,20.508333333333333,30,30,30,28.812855555555554,-0.5258555555555553
86,2006,5,26.896774193548385,33.59,24.4,84.35,313.3899999999999,17.66032258064516,31,31,31,27.45741935483871,-0.5606451612903243
86,2006,6,25.988666666666667,28.83,23.52,88.91499999999999,213.24,18.438,30,30,30,26.289844444444444,-0.3011777777777773
86,2006,7,25.784193548387094,28.92,23.44,89.48193548387097,411.86,15.091612903225805,31,31,31,25.806107526881718,-0.02191397849462362
86,2006,8,25.320967741935487,28.32,23.15,90.35516129032258,477.2799999999999,15.18483870967742,31,31,31,25.68332258064516,-0.362354838709674
86,2006,9,25.245,29.16,22.66,89.99233333333333,305.96,17.583000000000002,30,30,30,25.518833333333337,-0.2738333333333358
86,2006,10,25.86032258064516,30.31,22.98,88.27064516129032,275.16,17.111290322580647,31,31,31,25.686752688172042,0.17356989247311816
86,2006,11,26.23166666666667,31.37,21.8,83.25833333333334,45.28,17.529333333333334,30,30,30,25.553244444444445,0.678422222222224
86,2006,12,24.903548387096773,30.82,17.54,80.78903225806452,85.44000000000001,16.225483870967743,31,31,31,24.85890322580645,0.04464516129032248
86,2007,1,25.22741935483871,31.85,19.59,77.24580645161289,17.96,17.019032258064517,31,31,31,25.257225806451615,-0.02980645161290596
86,2007,2,27.085,36.02,18.82,66.67535714285715,3.6100000000000003,21.029642857142857,28,28,28,26.694477011494254,0.3905229885057473
86,2007,3,29.223548387096773,36.37,24.5,62.163225806451614,34.58000000000001,21.620967741935484,31,31,31,28.271279569892474,0.952268817204299
86,2007,4,29.126666666666665,37.1,24.61,69.47566666666667,146.68,20.165333333333333,30,30,30,28.812855555555554,0.3138111111111108
86,2007,5,26.361290322580647,30.04,23.78,88.84483870967742,388.89,16.851290322580645,31,31,31,27.45741935483871,-1.0961290322580624
86,2007,6,26.363333333333333,30.1,23.39,89.05733333333333,234.96999999999997,19.125999999999998,30,30,30,26.289844444444444,0.07348888888888894
86,2007,7,25.87,29.66,23.45,89.3674193548387,406.30999999999995,15.056129032258065,31,31,31,25.806107526881718,0.06389247311828328
86,2007,8,25.583870967741937,28.65,23.38,90.02193548387096,250.49,17.13032258064516,31,31,31,25.68332258064516,-0.09945161290322346
86,2007,9,25.590333333333334,30.02,23.41,90.00533333333333,272.02,17.437333333333335,30,30,30,25.518833333333337,0.07149999999999679
86,2007,10,25.2958064516129,28.74,22.71,90.74967741935482,498.94000000000005,13.433225806451613,31,31,31,25.686752688172042,-0.3909462365591416
86,2007,11,24.642,29.17,18.03,86.134,137.16,15.020999999999999,30,30,30,25.553244444444445,-0.9112444444444456
86,2007,12,25.13806451612903,30.22,19.54,81.87129032258065,17.94,16.89,31,31,31,24.85890322580645,0.2791612903225804
86,2008,1,25.803870967741933,31.56,20.65,77.04774193548387,27.17,17.309354838709677,31,31,31,25.257225806451615,0.5466451612903178
86,2008,2,26.494137931034484,32.28,20.49,74.50827586206896,71.35,17.236896551724136,29,29,29,26.694477011494254,-0.20033908045977
86,2008,3,27.773548387096774,35.08,21.7,71.04645161290323,48.86000000000001,20.24516129032258,31,31,31,28.271279569892474,-0.4977311827957003
86,2008,4,28.608,36.24,24.07,71.185,126.83,19.781333333333333,30,30,30,28.812855555555554,-0.2048555555555538
86,2008,5,26.07709677419355,31.19,23.59,87.8367741935484,486.32,16.96677419354839,31,31,31,27.45741935483871,-1.38032258064516
86,2008,6,25.822333333333333,28.75,23.26,89.78866666666666,338.50000000000006,17.005,30,30,30,26.289844444444444,-0.46751111111111143
86,2008,7,25.350322580645162,28.51,22.76,89.49806451612903,222.34000000000003,16.370645161290323,31,31,31,25.806107526881718,-0.4557849462365553
86,2008,8,25.608387096774194,29.19,23.16,88.64,146.0,19.27064516129032,31,31,31,25.68332258064516,-0.07493548387096638
86,2008,9,25.50133333333333,29.65,22.99,89.313,365.36,16.615,30,30,30,25.518833333333337,-0.0175000000000054
86,2008,10,26.030967741935484,30.37,23.07,87.57000000000001,205.14000000000001,16.13774193548387,31,31,31,25.686752688172042,0.34421505376344186
86,2008,11,25.130333333333333,29.84,20.76,87.58166666666666,243.27,12.351,30,30,30,25.553244444444445,-0.42291111111111235
86,2008,12,24.12258064516129,29.63,18.62,81.84451612903226,4.43,16.450645161290325,31,31,31,24.85890322580645,-0.7363225806451617
86,2009,1,23.92225806451613,30.55,17.0,76.19354838709677,12.120000000000003,18.063548387096777,31,31,31,25.257225806451615,-1.3349677419354862
86,2009,2,27.54714285714286,35.25,21.0,67.19357142857143,0.4,20.143214285714286,28,28,28,26.694477011494254,0.8526658456486054
86,2009,3,27.952903225806452,35.36,22.92,71.90354838709678,99.88000000000002,21.188387096774196,31,31,31,28.271279569892474,-0.31837634408602256
86,2009,4,27.29366666666667,32.2,24.32,82.90166666666667,220.06000000000003,19.562666666666665,30,30,30,28.812855555555554,-1.519188888888884
86,2009,5,26.44741935483871,30.02,23.66,87.49,309.25,17.90774193548387,31,31,31,27.45741935483871,-1.009999999999998
86,2009,6,26.255,29.76,23.5,89.50666666666666,363.48,18.79866666666667,30,30,30,26.289844444444444,-0.034844444444445344
86,2009,7,25.811290322580643,29.1,23.42,90.06516129032258,448.29999999999995,16.43258064516129,31,31,31,25.806107526881718,0.005182795698924991
86,2009,8,26.009032258064515,30.36,23.61,89.12451612903226,315.21000000000004,18.348064516129032,31,31,31,25.68332258064516,0.3257096774193542
86,2009,9,25.581666666666667,29.04,23.05,90.352,369.23999999999995,15.79,30,30,30,25.518833333333337,0.06283333333333019
86,2009,10,25.370645161290323,29.8,22.41,89.55483870967741,218.23999999999998,17.106774193548386,31,31,31,25.686752688172042,-0.3161075268817193
86,2009,11,25.774,31.06,20.1,83.229,119.96,17.328666666666667,30,30,30,25.553244444444445,0.22075555555555582
86,2009,12,25.59967741935484,30.86,21.08,81.69193548387096,54.36999999999999,16.05258064516129,31,31,31,24.85890322580645,0.7407741935483898
86,2010,1,26.06064516129032,31.3,20.3,78.72419354838709,57.06999999999999,17.61774193548387,31,31,31,25.257225806451615,0.8034193548387059
86,2010,2,27.80785714285714,34.42,22.3,70.03142857142856,8.61,21.168928571428573,28,28,28,26.694477011494254,1.113380131362888
86,2010,3,29.160645161290322,36.81,23.77,65.54677419354839,94.55,21.15096774193548,31,31,31,28.271279569892474,0.8893655913978478
86,2010,4,30.689,38.02,24.64,61.48833333333334,15.65,22.812333333333335,30,30,30,28.812855555555554,1.8761444444444457
86,2010,5,29.391612903225806,37.46,25.1,73.84225806451613,202.81,20.22774193548387,31,31,31,27.45741935483871,1.9341935483870962
86,2010,6,26.629,31.99,24.29,87.13066666666667,205.47,17.89,30,30,30,26.289844444444444,0.339155555555557
86,2010,7,25.963548387096775,30.75,23.37,88.6383870967742,285.51,18.23774193548387,31,31,31,25.806107526881718,0.15744086021505765
86,2010,8,25.72193548387097,29.71,23.57,89.24645161290321,327.55,16.88741935483871,31,31,31,25.68332258064516,0.03861290322580757
86,2010,9,25.952333333333335,30.38,23.26,86.98966666666666,221.49999999999997,18.332333333333334,30,30,30,25.518833333333337,0.43349999999999866
86,2010,10,25.466129032258067,29.72,21.86,88.70225806451613,354.68999999999994,14.333225806451612,31,31,31,25.686752688172042,-0.22062365591397537
86,2010,11,24.955666666666666,29.51,21.69,89.56766666666667,254.92000000000002,12.100666666666665,30,30,30,25.553244444444445,-0.5975777777777793
86,2010,12,24.942903225806454,29.35,20.9,85.71935483870968,170.89,15.179032258064517,31,31,31,24.85890322580645,0.08400000000000318
86,2011,1,24.794516129032257,29.62,19.97,81.48645161290322,46.059999999999995,14.710967741935484,31,31,31,25.257225806451615,-0.4627096774193582
86,2011,2,26.351428571428574,32.15,20.5,76.46142857142857,24.92,19.449285714285715,28,28,28,26.694477011494254,-0.34304844006567947
86,2011,3,26.075483870967744,32.43,21.6,81.72645161290322,457.62999999999994,15.349032258064517,31,31,31,28.271279569892474,-2.19579569892473
86,2011,4,26.740666666666666,32.18,22.23,83.08099999999999,62.81,21.529999999999998,30,30,30,28.812855555555554,-2.0721888888888884
86,2011,5,26.531290322580645,30.61,24.13,87.83258064516129,311.60000000000014,20.124193548387098,31,31,31,27.45741935483871,-0.9261290322580642
86,2011,6,26.229333333333333,29.28,23.68,89.09633333333333,297.83000000000004,16.772000000000002,30,30,30,26.289844444444444,-0.060511111111111404
86,2011,7,25.55806451612903,29.07,22.83,89.74225806451614,456.6000000000001,17.1,31,31,31,25.806107526881718,-0.24804301075268853
86,2011,8,25.519354838709678,29.21,23.02,88.69709677419355,306.13999999999993,17.825806451612905,31,31,31,25.68332258064516,-0.16396774193548325
86,2011,9,25.25133333333333,28.31,22.92,89.633,388.03000000000003,16.277666666666665,30,30,30,25.518833333333337,-0.2675000000000054
86,2011,10,25.511290322580646,30.74,22.71,89.06032258064516,227.24999999999997,16.989032258064515,31,31,31,25.686752688172042,-0.17546236559139672
86,2011,11,25.945333333333334,30.21,22.66,85.33566666666667,114.66000000000003,16.247333333333334,30,30,30,25.553244444444445,0.39208888888888893
86,2011,12,24.59161290322581,30.13,19.22,82.8083870967742,68.26,14.095161290322581,31,31,31,24.85890322580645,-0.2672903225806422
86,2012,1,25.351935483870967,30.32,20.53,84.43677419354839,275.61,16.131290322580647,31,31,31,25.257225806451615,0.09470967741935254
86,2012,2,26.38344827586207,32.0,22.04,81.56413793103448,69.16,19.274137931034485,29,29,29,26.694477011494254,-0.3110287356321848
86,2012,3,27.21516129032258,31.86,22.03,77.55645161290323,82.81,21.0458064516129,31,31,31,28.271279569892474,-1.056118279569894
86,2012,4,27.482000000000003,31.55,24.05,81.252,145.11999999999998,20.082,30,30,30,28.812855555555554,-1.3308555555555515
86,2012,5,26.489032258064515,29.92,24.2,87.61225806451613,352.72,18.65032258064516,31,31,31,27.45741935483871,-0.9683870967741939
86,2012,6,26.038,28.81,23.62,88.85233333333333,442.07,17.697999999999997,30,30,30,26.289844444444444,-0.2518444444444441
86,2012,7,25.52806451612903,28.89,22.87,89.8541935483871,279.21,18.38193548387097,31,31,31,25.806107526881718,-0.2780430107526861
86,2012,8,25.640645161290323,29.68,22.79,88.2683870967742,328.16999999999996,19.184193548387096,31,31,31,25.68332258064516,-0.042677419354838264
86,2012,9,24.893666666666665,29.24,22.62,90.90866666666668,457.93,16.57633333333333,30,30,30,25.518833333333337,-0.6251666666666722
86,2012,10,25.812580645161294,30.9,22.25,86.89645161290322,212.97,17.710967741935484,31,31,31,25.686752688172042,0.12582795698925153
86,2012,11,26.166999999999998,31.15,22.66,87.185,336.19000000000005,13.929666666666666,30,30,30,25.553244444444445,0.613755555555553
86,2012,12,25.86064516129032,30.43,21.81,85.2683870967742,138.35999999999999,15.651935483870966,31,31,31,24.85890322580645,1.0017419354838708
86,2013,1,25.594193548387096,30.23,21.19,81.85677419354839,67.21000000000001,17.026129032258062,31,31,31,25.257225806451615,0.3369677419354815
86,2013,2,26.34892857142857,31.46,22.26,80.78571428571429,38.910000000000004,16.9175,28,28,28,26.694477011494254,-0.3455484400656843
86,2013,3,28.53322580645161,37.22,22.71,70.8025806451613,31.310000000000002,22.56064516129032,31,31,31,28.271279569892474,0.26194623655913674
86,2013,4,28.213,35.57,24.45,75.65100000000001,195.72,20.01833333333333,30,30,30,28.812855555555554,-0.5998555555555534
86,2013,5,26.873225806451615,31.25,23.7,86.54193548387097,228.74,19.384516129032257,31,31,31,27.45741935483871,-0.5841935483870948
86,2013,6,26.08,30.02,23.79,89.88933333333333,401.84,17.538333333333334,30,30,30,26.289844444444444,-0.20984444444444605
86,2013,7,25.32741935483871,28.66,23.16,89.81709677419354,525.03,16.123548387096772,31,31,31,25.806107526881718,-0.4786881720430074
86,2013,8,25.588387096774195,29.17,23.03,89.04709677419355,229.81999999999996,18.568387096774195,31,31,31,25.68332258064516,-0.09493548387096595
86,2013,9,25.485333333333333,29.89,22.95,89.325,342.28999999999996,16.950333333333333,30,30,30,25.518833333333337,-0.03350000000000364
86,2013,10,25.52741935483871,30.0,21.47,87.67258064516129,313.54,16.059677419354838,31,31,31,25.686752688172042,-0.15933333333333266
86,2013,11,25.868333333333332,30.35,21.39,87.17166666666667,409.35,14.837666666666667,30,30,30,25.553244444444445,0.3150888888888872
86,2013,12,23.881290322580643,30.23,17.03,81.98129032258065,26.64,15.881612903225806,31,31,31,24.85890322580645,-0.9776129032258076
86,2014,1,24.021935483870966,30.33,16.22,76.5525806451613,3.0199999999999996,18.45774193548387,31,31,31,25.257225806451615,-1.2352903225806493
86,2014,2,26.72357142857143,33.34,19.59,68.92142857142856,3.02,21.177142857142858,28,28,28,26.694477011494254,0.029094417077175194
86,2014,3,29.177096774193547,37.11,20.38,61.377096774193554,22.74,22.41,31,31,31,28.271279569892474,0.9058172043010728
86,2014,4,29.822666666666667,36.58,24.33,65.79033333333334,74.47999999999999,22.229666666666667,30,30,30,28.812855555555554,1.0098111111111123
86,2014,5,28.475161290322582,35.36,24.54,77.0283870967742,161.48999999999998,20.95483870967742,31,31,31,27.45741935483871,1.0177419354838726
86,2014,6,26.702333333333335,30.6,24.03,88.702,534.29,16.975,30,30,30,26.289844444444444,0.4124888888888911
86,2014,7,25.890967741935484,28.54,23.44,89.74548387096775,583.4999999999999,15.830645161290322,31,31,31,25.806107526881718,0.08486021505376584
86,2014,8,25.769354838709678,29.36,22.47,88.54935483870969,271.74,18.91,31,31,31,25.68332258064516,0.08603225806451675
86,2014,9,25.76066666666667,29.97,22.92,87.44766666666666,326.86,18.85533333333333,30,30,30,25.518833333333337,0.24183333333333223
86,2014,10,26.014193548387098,30.69,22.85,87.35645161290323,346.5300000000001,15.824516129032258,31,31,31,25.686752688172042,0.3274408602150558
86,2014,11,26.214,30.66,22.5,87.00033333333334,262.56,15.517333333333333,30,30,30,25.553244444444445,0.6607555555555535
86,2014,12,25.231290322580644,30.34,20.97,82.98967741935483,99.85,15.358387096774194,31,31,31,24.85890322580645,0.3723870967741938
86,2015,1,24.503225806451614,30.68,19.1,79.6083870967742,41.19,17.637096774193548,31,31,31,25.257225806451615,-0.7540000000000013
86,2015,2,26.31392857142857,33.95,20.83,72.20142857142858,2.33,20.49285714285714,28,28,28,26.694477011494254,-0.38054844006568445
86,2015,3,29.149354838709677,36.45,23.4,64.48838709677419,33.559999999999995,21.434193548387096,31,31,31,28.271279569892474,0.8780752688172022
86,2015,4,29.000333333333334,37.3,23.24,69.19433333333333,137.31,19.955,30,30,30,28.812855555555554,0.1874777777777794
86,2015,5,27.71548387096774,32.43,24.61,82.12193548387097,159.28,21.098064516129032,31,31,31,27.45741935483871,0.25806451612903203
86,2015,6,26.655666666666665,31.74,23.89,85.68266666666666,277.63000000000005,17.31,30,30,30,26.289844444444444,0.3658222222222207
86,2015,7,26.24806451612903,30.31,23.19,87.95225806451613,327.19,17.88806451612903,31,31,31,25.806107526881718,0.44195698924731275
86,2015,8,25.80838709677419,30.22,23.5,88.73032258064515,370.39,17.300967741935484,31,31,31,25.68332258064516,0.12506451612902936
86,2015,9,25.58533333333333,30.96,22.97,89.58666666666666,448.07,17.96033333333333,30,30,30,25.518833333333337,0.06649999999999423
86,2015,10,26.29290322580645,30.46,23.37,87.76354838709678,210.68999999999997,16.48741935483871,31,31,31,25.686752688172042,0.6061505376344094
86,2015,11,26.124666666666666,30.05,22.98,88.84566666666666,255.00000000000003,13.942666666666666,30,30,30,25.553244444444445,0.5714222222222212
86,2015,12,25.997096774193547,30.87,20.87,84.54096774193549,138.6,15.255806451612903,31,31,31,24.85890322580645,1.1381935483870969
86,2016,1,26.006774193548388,30.54,21.11,82.8532258064516,107.62,17.90516129032258,31,31,31,25.257225806451615,0.7495483870967732
86,2016,2,25.99551724137931,32.52,18.21,77.10172413793103,12.610000000000001,18.99655172413793,29,29,29,26.694477011494254,-0.6989597701149428
86,2016,3,29.059677419354838,37.17,22.45,66.19032258064516,60.92999999999999,22.19483870967742,31,31,31,28.271279569892474,0.7883978494623634
86,2016,4,30.723,38.2,23.3,62.82566666666666,12.85,23.290000000000003,30,30,30,28.812855555555554,1.9101444444444446
86,2016,5,29.796774193548387,38.16,25.25,70.18774193548387,252.82000000000005,19.331290322580646,31,31,31,27.45741935483871,2.339354838709678
86,2016,6,26.384999999999998,30.97,23.72,87.79966666666665,276.25,17.763333333333332,30,30,30,26.289844444444444,0.09515555555555366
86,2016,7,25.970322580645163,29.99,23.6,89.02645161290323,337.5,16.905161290322578,31,31,31,25.806107526881718,0.1642150537634457
86,2016,8,25.984193548387097,29.11,23.39,90.20290322580645,401.9900000000001,17.575806451612905,31,31,31,25.68332258064516,0.3008709677419361
86,2016,9,25.279,28.71,22.88,90.55,346.51,16.809666666666665,30,30,30,25.518833333333337,-0.2398333333333369
86,2016,10,25.30548387096774,29.82,22.75,90.12516129032258,434.3199999999999,14.614516129032259,31,31,31,25.686752688172042,-0.38126881720430106
86,2016,11,26.06066666666667,30.03,23.36,88.32600000000001,149.21,15.998666666666667,30,30,30,25.553244444444445,0.5074222222222247
86,2016,12,25.008064516129032,29.62,20.83,88.06806451612904,280.90999999999997,12.247096774193547,31,31,31,24.85890322580645,0.1491612903225814
86,2017,1,24.890967741935484,29.14,20.4,87.64741935483872,598.9,12.963870967741935,31,31,31,25.257225806451615,-0.3662580645161313
86,2017,2,25.482499999999998,31.05,19.66,80.82571428571428,55.97,19.705357142857142,28,28,28,26.694477011494254,-1.2119770114942554
86,2017,3,27.407096774193548,33.05,22.3,77.34903225806453,80.6,21.08709677419355,31,31,31,28.271279569892474,-0.8641827956989268
86,2017,4,27.321666666666665,32.79,22.55,82.38266666666667,124.54,19.23033333333333,30,30,30,28.812855555555554,-1.491188888888889
86,2017,5,27.364516129032257,31.92,24.49,86.30967741935484,366.46,17.510322580645163,31,31,31,27.45741935483871,-0.09290322580645238
86,2017,6,26.325,30.44,23.72,88.71133333333334,303.84999999999997,18.169666666666668,30,30,30,26.289844444444444,0.03515555555555494
86,2017,7,25.688709677419357,28.86,23.04,89.1783870967742,428.40999999999997,15.942580645161291,31,31,31,25.806107526881718,-0.11739784946236043
86,2017,8,25.754516129032258,29.06,22.7,90.20806451612903,352.88000000000005,18.583870967741937,31,31,31,25.68332258064516,0.07119354838709668
86,2017,9,26.073,29.71,23.76,89.30666666666666,289.97,18.126666666666665,30,30,30,25.518833333333337,0.5541666666666636
86,2017,10,26.001612903225805,29.75,23.57,88.26580645161292,188.92999999999998,17.12451612903226,31,31,31,25.686752688172042,0.3148602150537627
86,2017,11,25.61,30.3,22.4,89.11066666666667,218.08000000000004,12.940666666666667,30,30,30,25.553244444444445,0.05675555555555434
86,2017,12,24.859032258064516,30.09,18.18,85.23193548387097,204.32000000000005,14.896451612903226,31,31,31,24.85890322580645,0.00012903225806581986
86,2018,1,25.485806451612902,30.46,18.84,83.19032258064516,64.63,16.558709677419355,31,31,31,25.257225806451615,0.22858064516128707
86,2018,2,26.018571428571427,32.44,20.26,78.94785714285715,56.99,19.185,28,28,28,26.694477011494254,-0.6759055829228267
86,2018,3,28.18290322580645,34.04,23.24,72.92290322580645,69.97,21.468709677419355,31,31,31,28.271279569892474,-0.08837634408602568
86,2018,4,28.004666666666665,34.93,23.45,76.95466666666667,248.19000000000005,19.238666666666667,30,30,30,28.812855555555554,-0.8081888888888891
86,2018,5,27.323870967741936,32.22,23.94,84.28548387096774,239.50000000000003,20.075483870967744,31,31,31,27.45741935483871,-0.13354838709677352
86,2018,6,26.027333333333335,30.08,23.47,88.14833333333333,398.64,16.733999999999998,30,30,30,26.289844444444444,-0.2625111111111096
86,2018,7,25.88193548387097,28.62,22.95,89.48096774193547,474.65,14.870000000000001,31,31,31,25.806107526881718,0.07582795698925082
86,2018,8,25.613548387096774,28.53,23.33,89.88225806451612,490.13,14.866451612903226,31,31,31,25.68332258064516,-0.06977419354838688
86,2018,9,25.723666666666666,29.59,22.86,88.57833333333333,252.51999999999998,17.69,30,30,30,25.518833333333337,0.20483333333332965
86,2018,10,26.27806451612903,30.58,22.81,86.92677419354838,294.81999999999994,16.08516129032258,31,31,31,25.686752688172042,0.5913118279569893
86,2018,11,26.17733333333333,30.71,21.35,85.93033333333332,260.02000000000004,15.626,30,30,30,25.553244444444445,0.6240888888888847
86,2018,12,25.925161290322578,30.56,22.46,87.27161290322582,166.86999999999998,13.803548387096775,31,31,31,24.85890322580645,1.066258064516127
86,2019,1,25.296451612903226,29.86,20.36,84.60774193548387,166.70000000000002,15.651612903225805,31,31,31,25.257225806451615,0.039225806451611334
86,2019,2,26.407857142857143,31.88,21.76,80.38142857142857,30.31,20.80535714285714,28,28,28,26.694477011494254,-0.28661986863711064
86,2019,3,28.54290322580645,35.0,22.47,69.39290322580645,17.0,22.51290322580645,31,31,31,28.271279569892474,0.2716236559139773
86,2019,4,30.309,37.74,24.69,65.27733333333333,65.72,22.293,30,30,30,28.812855555555554,1.4961444444444467
86,2019,5,27.318387096774195,33.17,24.15,84.32645161290323,282.74,20.029354838709676,31,31,31,27.45741935483871,-0.13903225806451402
86,2019,6,26.762333333333334,30.4,24.44,88.69866666666667,326.01000000000005,16.790333333333333,30,30,30,26.289844444444444,0.47248888888888985
86,2019,7,26.343225806451613,29.91,23.48,87.41258064516128,263.68,18.723870967741938,31,31,31,25.806107526881718,0.5371182795698957
86,2019,8,25.783870967741933,29.12,23.38,90.3167741935484,583.43,14.892903225806451,31,31,31,25.68332258064516,0.10054838709677227
86,2019,9,25.591666666666665,30.49,23.1,89.73366666666668,369.2300000000001,15.854333333333333,30,30,30,25.518833333333337,0.0728333333333282
86,2019,10,26.54548387096774,30.76,23.26,86.1174193548387,207.98999999999998,17.543225806451613,31,31,31,25.686752688172042,0.8587311827956974
86,2019,11,26.081000000000003,30.53,22.06,83.94933333333333,185.43,16.818333333333335,30,30,30,25.553244444444445,0.527755555555558
86,2019,12,24.888387096774192,30.04,19.43,83.17935483870967,57.72999999999999,16.9541935483871,31,31,31,24.85890322580645,0.02948387096774141
86,2020,1,26.19,31.38,20.44,78.80064516129033,22.46,18.128387096774194,31,31,31,25.257225806451615,0.9327741935483864
86,2020,2,26.71,33.81,20.99,75.2896551724138,76.73,18.361379310344827,29,29,29,26.694477011494254,0.015522988505747293
86,2020,3,29.813870967741938,38.3,22.94,61.33516129032258,0.09,23.309354838709677,31,31,31,28.271279569892474,1.5425913978494634
86,2020,4,29.630333333333333,38.33,24.29,67.57300000000001,139.32,19.733999999999998,30,30,30,28.812855555555554,0.8174777777777784
86,2020,5,28.72935483870968,35.39,24.85,78.06161290322581,183.3,20.319032258064517,31,31,31,27.45741935483871,1.271935483870969
86,2020,6,26.261000000000003,29.8,23.83,89.412,385.71,17.706333333333337,30,30,30,26.289844444444444,-0.028844444444441564
86,2020,7,26.100967741935484,29.9,23.53,88.02483870967743,318.05,18.91483870967742,31,31,31,25.806107526881718,0.2948602150537667
86,2020,8,26.247096774193547,30.45,22.62,87.79709677419355,281.74,18.480967741935483,31,31,31,25.68332258064516,0.5637741935483866
86,2020,9,26.061666666666667,30.5,23.57,89.12100000000001,406.48,17.169666666666668,30,30,30,25.518833333333337,0.5428333333333306
86,2020,10,25.47193548387097,29.06,23.02,89.57645161290323,436.2,14.249677419354839,31,31,31,25.686752688172042,-0.21481720430107387
86,2020,11,26.08,30.06,22.5,86.57199999999999,139.88,16.415333333333333,30,30,30,25.553244444444445,0.5267555555555532
86,2020,12,25.002903225806453,29.98,20.03,85.37612903225806,229.92000000000002,15.10483870967742,31,31,31,24.85890322580645,0.1440000000000019
86,2021,1,24.635483870967743,30.64,18.25,80.11290322580645,17.970000000000002,16.999354838709678,31,31,31,25.257225806451615,-0.6217419354838718
86,2021,2,26.54,32.55,21.17,74.33785714285715,16.31,20.778214285714284,28,28,28,26.694477011494254,-0.1544770114942544
86,2021,3,28.78258064516129,36.74,22.86,66.6325806451613,18.799999999999997,20.991290322580646,31,31,31,28.271279569892474,0.5113010752688147
86,2021,4,27.58566666666667,32.6,23.85,78.55533333333332,150.35999999999999,20.22233333333333,30,30,30,28.812855555555554,-1.227188888888886
86,2021,5,27.42290322580645,34.11,24.22,84.30290322580645,293.88,18.655483870967743,31,31,31,27.45741935483871,-0.03451612903225865
86,2021,6,26.365666666666666,30.79,23.2,87.82199999999999,247.52999999999997,19.611333333333334,30,30,30,26.289844444444444,0.07582222222222157
86,2021,7,26.131612903225808,30.21,23.04,89.56290322580645,553.31,15.521290322580644,31,31,31,25.806107526881718,0.3255053763440898
86,2021,8,25.845161290322583,29.73,22.86,90.20645161290322,439.05999999999995,17.771290322580644,31,31,31,25.68332258064516,0.1618387096774221
86,2021,9,25.721,30.62,22.99,89.09333333333333,340.47,16.798333333333332,30,30,30,25.518833333333337,0.20216666666666328
86,2021,10,25.869354838709675,30.11,22.88,89.43064516129031,528.65,14.552903225806451,31,31,31,25.686752688172042,0.18260215053763318
86,2021,11,25.740333333333336,29.59,22.49,90.591,561.39,11.419,30,30,30,25.553244444444445,0.18708888888889064
86,2021,12,24.741612903225807,30.1,18.75,84.14387096774193,74.68000000000002,16.364838709677418,31,31,31,24.85890322580645,-0.11729032258064365
86,2022,1,25.86193548387097,31.55,20.76,79.26,21.060000000000002,19.535806451612903,31,31,31,25.257225806451615,0.6047096774193541
86,2022,2,26.267857142857142,31.6,22.34,83.125,296.65,16.0025,28,28,28,26.694477011494254,-0.4266198686371112
86,2022,3,26.938064516129035,32.1,22.91,83.66645161290322,168.99,21.054516129032258,31,31,31,28.271279569892474,-1.333215053763439
86,2022,4,27.155666666666665,32.34,21.85,83.37666666666668,96.75999999999998,19.253666666666668,30,30,30,28.812855555555554,-1.6571888888888893
86,2022,5,26.495806451612903,30.11,23.4,88.67064516129032,610.92,14.80225806451613,31,31,31,27.45741935483871,-0.9616129032258058
86,2022,6,26.084,29.52,23.68,89.16866666666667,214.81999999999996,21.032666666666668,30,30,30,26.289844444444444,-0.20584444444444472
86,2022,7,26.121612903225806,30.5,23.43,89.64870967741936,471.84999999999997,16.35258064516129,31,31,31,25.806107526881718,0.31550537634408826
86,2022,8,26.011935483870968,30.26,23.88,89.11193548387097,224.47000000000003,17.850322580645162,31,31,31,25.68332258064516,0.3286129032258067
86,2022,9,25.619000000000003,29.58,22.2,88.53066666666668,391.95000000000005,16.977333333333334,30,30,30,25.518833333333337,0.10016666666666652
86,2022,10,25.510645161290324,29.84,22.77,89.95032258064516,566.4300000000001,14.434516129032257,31,31,31,25.686752688172042,-0.1761075268817187
86,2022,11,25.586666666666666,29.76,20.74,88.15433333333334,390.10999999999996,12.925,30,30,30,25.553244444444445,0.03342222222222091
86,2022,12,24.856129032258064,29.45,20.23,84.96387096774194,164.61999999999998,14.851290322580645,31,31,31,24.85890322580645,-0.0027741935483867053
86,2023,1,24.99516129032258,30.67,19.68,79.13483870967741,11.83,17.97225806451613,31,31,31,25.257225806451615,-0.26206451612903336
86,2023,2,26.674285714285713,32.79,21.39,75.93714285714285,58.56,19.332142857142856,28,28,28,26.694477011494254,-0.02019129720854096
86,2023,3,28.457741935483874,36.97,21.69,67.58290322580646,10.7,21.806774193548385,31,31,31,28.271279569892474,0.1864623655913995
86,2023,4,30.388666666666666,36.97,26.03,62.67033333333334,18.81,21.845333333333333,30,30,30,28.812855555555554,1.5758111111111113
86,2023,5,28.950322580645164,35.39,25.57,76.04967741935484,165.35,20.44,31,31,31,27.45741935483871,1.4929032258064545
86,2023,6,26.971,31.45,24.21,86.836,308.1199999999999,17.564333333333334,30,30,30,26.289844444444444,0.6811555555555557
86,2023,7,26.481612903225805,30.38,23.68,88.08290322580646,441.02,16.19967741935484,31,31,31,25.806107526881718,0.6755053763440877
86,2023,8,26.458709677419357,29.46,23.59,88.68354838709678,238.68000000000004,19.36741935483871,31,31,31,25.68332258064516,0.775387096774196
86,2023,9,25.901666666666664,30.47,23.73,89.77266666666667,421.70000000000005,16.761666666666667,30,30,30,25.518833333333337,0.3828333333333269
86,2023,10,26.33967741935484,30.15,23.8,88.40612903225806,244.16,16.633548387096774,31,31,31,25.686752688172042,0.6529247311827966
86,2023,11,26.171,30.56,21.27,88.107,331.15000000000003,13.030000000000001,30,30,30,25.553244444444445,0.6177555555555543
86,2023,12,26.02709677419355,30.84,21.35,85.68193548387096,100.91,15.725483870967743,31,31,31,24.85890322580645,1.168193548387098
86,2024,1,26.58258064516129,31.61,22.43,80.63000000000001,65.6,16.488709677419354,31,31,31,25.257225806451615,1.325354838709675
86,2024,2,27.560344827586206,33.41,21.95,75.82413793103449,31.590000000000003,19.82344827586207,29,29,29,26.694477011494254,0.8658678160919528
86,2024,3,29.878387096774194,36.47,24.36,64.88032258064516,14.93,21.481612903225805,31,31,31,28.271279569892474,1.6071075268817197
86,2024,4,32.737,39.8,26.87,53.81466666666667,5.099999999999999,23.588,30,30,30,28.812855555555554,3.9241444444444475
86,2024,5,29.99774193548387,39.59,25.2,72.95483870967742,183.89999999999998,18.854193548387098,31,31,31,27.45741935483871,2.54032258064516
86,2024,6,27.331,31.79,24.16,85.15866666666666,283.61999999999995,16.878,30,30,30,26.289844444444444,1.0411555555555552
86,2024,7,26.411612903225805,30.19,22.97,88.86645161290323,455.7999999999999,15.334516129032258,31,31,31,25.806107526881718,0.6055053763440874
86,2024,8,26.559354838709677,30.11,24.08,89.23290322580644,216.01999999999995,19.496774193548386,31,31,31,25.68332258064516,0.8760322580645159
86,2024,9,26.416333333333334,30.32,24.33,88.72933333333334,341.53999999999996,16.352666666666668,30,30,30,25.518833333333337,0.8974999999999973
86,2024,10,26.60451612903226,30.2,24.05,88.56741935483872,298.77000000000004,16.391612903225806,31,31,31,25.686752688172042,0.9177634408602167
86,2024,11,26.514,31.18,22.85,87.72933333333334,398.04999999999995,13.468,30,30,30,25.553244444444445,0.9607555555555543
86,2024,12,25.166774193548385,29.78,19.64,85.86322580645162,317.97999999999996,14.81225806451613,31,31,31,24.85890322580645,0.307870967741934
86,2025,1,24.46709677419355,30.76,17.7,80.0741935483871,19.990000000000002,18.17967741935484,31,31,31,25.257225806451615,-0.790129032258065
86,2025,2,26.415714285714284,32.56,20.03,78.1842857142857,135.71,17.45642857142857,28,28,28,26.694477011494254,-0.27876272577996986
86,2025,3,27.78516129032258,34.24,22.7,75.85903225806452,28.740000000000002,20.412580645161288,31,31,31,28.271279569892474,-0.48611827956989373
86,2025,4,28.157,33.63,24.09,78.28266666666667,171.30999999999997,20.517,30,30,30,28.812855555555554,-0.6558555555555543
86,2025,5,27.544838709677418,33.31,24.65,85.38870967741936,283.2,16.168064516129032,31,31,31,27.45741935483871,0.08741935483870833
86,2025,6,26.481333333333335,30.02,23.98,88.435,407.8,16.822333333333333,30,30,30,26.289844444444444,0.19148888888889104
86,2025,7,26.48677419354839,29.49,24.01,89.54903225806451,260.77,16.980967741935483,31,31,31,25.806107526881718,0.6806666666666707
86,2025,8,26.05483870967742,30.05,23.13,88.79774193548387,413.14,17.752903225806453,31,31,31,25.68332258064516,0.3715161290322584
86,2025,9,25.850666666666665,30.06,23.71,89.714,341.62000000000006,16.808333333333334,30,30,30,25.518833333333337,0.33183333333332854
86,2025,10,26.109354838709677,30.51,23.67,88.9025806451613,322.28,14.699677419354838,31,31,31,25.686752688172042,0.42260215053763517
86,2025,11,25.144333333333336,29.62,17.62,86.13766666666668,190.98999999999998,15.714666666666666,30,30,30,25.553244444444445,-0.40891111111110945
86,2025,12,25.151290322580643,30.25,18.26,83.26290322580645,94.39999999999998,16.94677419354839,31,31,31,24.85890322580645,0.29238709677419195
86,2026,1,24.746451612903225,30.62,18.14,77.17483870967742,9.750000000000002,18.100322580645162,31,31,31,25.257225806451615,-0.5107741935483894
86,2026,2,27.193214285714284,33.84,21.43,73.6217857142857,33.809999999999995,19.238928571428573,28,28,28,26.694477011494254,0.49873727422003
86,2026,3,28.824193548387097,36.96,22.81,64.42645161290322,27.689999999999998,22.23032258064516,31,31,31,28.271279569892474,0.5529139784946224
86,2026,4,31.621,38.32,25.32,53.921,11.329999999999998,23.611333333333334,30,30,30,28.812855555555554,2.8081444444444443
86,2026,5,28.05838709677419,37.38,24.91,81.11193548387097,326.41999999999996,17.44161290322581,31,31,31,27.45741935483871,0.6009677419354809
86,2026,6,26.596666666666668,29.56,24.31,88.81033333333333,303.95000000000005,19.011333333333333,30,30,30,26.289844444444444,0.3068222222222232
86,2026,7,26.53838709677419,30.35,23.66,89.09129032258065,372.40000000000003,15.931612903225806,31,31,31,25.806107526881718,0.7322795698924729
86,2026,8,26.536451612903225,31.23,24.09,89.93645161290323,340.99999999999994,14.47,31,31,31,25.68332258064516,0.8531290322580638
86,2026,9,26.41318181818182,31.05,23.98,87.81181818181818,288.34000000000003,16.4185,22,22,30,25.518833333333337,0.8943484848484822
