province_code,province_name,year_ce,month,target_month,feature_month,target_production_tonnes,lag1_temperature_c,lag1_rain_mm,lag1_humidity_pct,lag1_solar_mj_m2_day,lag1_humidity_days,lag1_solar_days,lag1_temperature_days,lag1_rain_days,lag1_expected_days,eligible_for_baseline,exclusion_reason,suggested_split
22,จันทบุรี,1981,1,1981-01,1980-12,,,,,,0,0,,,31,0,no_target_record;incomplete_lag_temperature_or_rain;missing_lag_feature;incomplete_lag_daily_coverage,train
22,จันทบุรี,1981,2,1981-02,1981-01,,23.29290322580645,1.4400000000000002,68.14838709677419,,31,0,31,31,31,0,no_target_record;missing_lag_feature;incomplete_lag_daily_coverage,train
22,จันทบุรี,1981,3,1981-03,1981-02,,26.288214285714286,51.6,72.06964285714285,,28,0,28,28,28,0,no_target_record;missing_lag_feature;incomplete_lag_daily_coverage,train
22,จันทบุรี,1981,4,1981-04,1981-03,,27.521612903225805,47.88,73.88806451612903,,31,0,31,31,31,0,no_target_record;missing_lag_feature;incomplete_lag_daily_coverage,train
22,จันทบุรี,1981,5,1981-05,1981-04,,27.284666666666666,111.59999999999998,78.65533333333333,,30,0,30,30,30,0,no_target_record;missing_lag_feature;incomplete_lag_daily_coverage,train
22,จันทบุรี,1981,6,1981-06,1981-05,,27.168709677419354,286.4800000000001,83.25419354838711,,31,0,31,31,31,0,no_target_record;missing_lag_feature;incomplete_lag_daily_coverage,train
22,จันทบุรี,1981,7,1981-07,1981-06,,26.19,302.21999999999997,87.056,,30,0,30,30,30,0,no_target_record;missing_lag_feature;incomplete_lag_daily_coverage,train
22,จันทบุรี,1981,8,1981-08,1981-07,,25.653870967741934,335.21999999999997,89.98870967741935,,31,0,31,31,31,0,no_target_record;missing_lag_feature;incomplete_lag_daily_coverage,train
22,จันทบุรี,1981,9,1981-09,1981-08,,25.35967741935484,338.83000000000004,89.86225806451613,,31,0,31,31,31,0,no_target_record;missing_lag_feature;incomplete_lag_daily_coverage,train
22,จันทบุรี,1981,10,1981-10,1981-09,,25.691666666666666,440.2699999999999,90.179,,30,0,30,30,30,0,no_target_record;missing_lag_feature;incomplete_lag_daily_coverage,train
22,จันทบุรี,1981,11,1981-11,1981-10,,25.0,189.12,90.37612903225806,,31,0,31,31,31,0,no_target_record;missing_lag_feature;incomplete_lag_daily_coverage,train
22,จันทบุรี,1981,12,1981-12,1981-11,,23.821666666666665,90.75999999999999,88.55333333333333,,30,0,30,30,30,0,no_target_record;missing_lag_feature;incomplete_lag_daily_coverage,train
22,จันทบุรี,1982,1,1982-01,1981-12,,20.973870967741934,0.22,79.9332258064516,,31,0,31,31,31,0,no_target_record;missing_lag_feature;incomplete_lag_daily_coverage,train
22,จันทบุรี,1982,2,1982-02,1982-01,,23.21451612903226,1.7599999999999998,68.68903225806451,,31,0,31,31,31,0,no_target_record;missing_lag_feature;incomplete_lag_daily_coverage,train
22,จันทบุรี,1982,3,1982-03,1982-02,,26.357499999999998,21.15,75.325,,28,0,28,28,28,0,no_target_record;missing_lag_feature;incomplete_lag_daily_coverage,train
22,จันทบุรี,1982,4,1982-04,1982-03,,27.844838709677422,14.48,72.70161290322581,,31,0,31,31,31,0,no_target_record;missing_lag_feature;incomplete_lag_daily_coverage,train
22,จันทบุรี,1982,5,1982-05,1982-04,,28.671,30.479999999999997,67.759,,30,0,30,30,30,0,no_target_record;missing_lag_feature;incomplete_lag_daily_coverage,train
22,จันทบุรี,1982,6,1982-06,1982-05,,28.182580645161288,204.08,76.64774193548386,,31,0,31,31,31,0,no_target_record;missing_lag_feature;incomplete_lag_daily_coverage,train
22,จันทบุรี,1982,7,1982-07,1982-06,,26.204,430.48999999999995,87.182,,30,0,30,30,30,0,no_target_record;missing_lag_feature;incomplete_lag_daily_coverage,train
22,จันทบุรี,1982,8,1982-08,1982-07,,25.543548387096774,352.2200000000001,89.10290322580646,,31,0,31,31,31,0,no_target_record;missing_lag_feature;incomplete_lag_daily_coverage,train
22,จันทบุรี,1982,9,1982-09,1982-08,,25.203225806451613,348.91,91.1374193548387,,31,0,31,31,31,0,no_target_record;missing_lag_feature;incomplete_lag_daily_coverage,train
22,จันทบุรี,1982,10,1982-10,1982-09,,25.142333333333333,228.11999999999998,90.33099999999999,,30,0,30,30,30,0,no_target_record;missing_lag_feature;incomplete_lag_daily_coverage,train
22,จันทบุรี,1982,11,1982-11,1982-10,,25.379677419354838,154.4,87.49451612903225,,31,0,31,31,31,0,no_target_record;missing_lag_feature;incomplete_lag_daily_coverage,train
22,จันทบุรี,1982,12,1982-12,1982-11,,25.063,56.92,86.494,,30,0,30,30,30,0,no_target_record;missing_lag_feature;incomplete_lag_daily_coverage,train
22,จันทบุรี,1983,1,1983-01,1982-12,,21.411290322580644,19.31,75.22032258064516,,31,0,31,31,31,0,no_target_record;missing_lag_feature;incomplete_lag_daily_coverage,train
22,จันทบุรี,1983,2,1983-02,1983-01,,23.36774193548387,19.229999999999997,70.51193548387097,,31,0,31,31,31,0,no_target_record;missing_lag_feature;incomplete_lag_daily_coverage,train
22,จันทบุรี,1983,3,1983-03,1983-02,,26.567857142857143,1.42,75.28714285714285,,28,0,28,28,28,0,no_target_record;missing_lag_feature;incomplete_lag_daily_coverage,train
22,จันทบุรี,1983,4,1983-04,1983-03,,27.90741935483871,24.450000000000003,72.0741935483871,,31,0,31,31,31,0,no_target_record;missing_lag_feature;incomplete_lag_daily_coverage,train
22,จันทบุรี,1983,5,1983-05,1983-04,,29.341666666666665,16.14,69.88533333333334,,30,0,30,30,30,0,no_target_record;missing_lag_feature;incomplete_lag_daily_coverage,train
22,จันทบุรี,1983,6,1983-06,1983-05,,27.66,314.26,80.4674193548387,,31,0,31,31,31,0,no_target_record;missing_lag_feature;incomplete_lag_daily_coverage,train
22,จันทบุรี,1983,7,1983-07,1983-06,,26.338,310.82,88.31099999999999,,30,0,30,30,30,0,no_target_record;missing_lag_feature;incomplete_lag_daily_coverage,train
22,จันทบุรี,1983,8,1983-08,1983-07,,25.904193548387095,367.6099999999999,89.6832258064516,,31,0,31,31,31,0,no_target_record;missing_lag_feature;incomplete_lag_daily_coverage,train
22,จันทบุรี,1983,9,1983-09,1983-08,,25.654516129032256,611.0199999999999,91.02967741935484,,31,0,31,31,31,0,no_target_record;missing_lag_feature;incomplete_lag_daily_coverage,train
22,จันทบุรี,1983,10,1983-10,1983-09,,25.625333333333334,402.67999999999995,90.44699999999999,,30,0,30,30,30,0,no_target_record;missing_lag_feature;incomplete_lag_daily_coverage,train
22,จันทบุรี,1983,11,1983-11,1983-10,,24.85225806451613,417.76,91.46516129032258,,31,0,31,31,31,0,no_target_record;missing_lag_feature;incomplete_lag_daily_coverage,train
22,จันทบุรี,1983,12,1983-12,1983-11,,22.442,155.9,88.09666666666666,,30,0,30,30,30,0,no_target_record;missing_lag_feature;incomplete_lag_daily_coverage,train
22,จันทบุรี,1984,1,1984-01,1983-12,,21.870322580645162,9.43,83.64612903225807,,31,0,31,31,31,0,no_target_record;missing_lag_feature;incomplete_lag_daily_coverage,train
22,จันทบุรี,1984,2,1984-02,1984-01,,22.500645161290322,17.029999999999998,76.58129032258064,17.921290322580642,31,31,31,31,31,0,no_target_record,train
22,จันทบุรี,1984,3,1984-03,1984-02,,26.152413793103445,21.5,73.3503448275862,18.903793103448276,29,29,29,29,29,0,no_target_record,train
22,จันทบุรี,1984,4,1984-04,1984-03,,27.108709677419355,43.66,71.91483870967743,20.137096774193548,31,31,31,31,31,0,no_target_record,train
22,จันทบุรี,1984,5,1984-05,1984-04,,27.95133333333333,86.64,76.40766666666667,19.099,30,30,30,30,30,0,no_target_record,train
22,จันทบุรี,1984,6,1984-06,1984-05,,26.523870967741935,276.13999999999993,86.0125806451613,18.53774193548387,31,31,31,31,31,0,no_target_record,train
22,จันทบุรี,1984,7,1984-07,1984-06,,25.771,387.48,89.81133333333334,15.657333333333334,30,30,30,30,30,0,no_target_record,train
22,จันทบุรี,1984,8,1984-08,1984-07,,25.588709677419356,214.69,88.80806451612904,13.91741935483871,31,31,31,31,31,0,no_target_record,train
22,จันทบุรี,1984,9,1984-09,1984-08,,25.356129032258064,354.07000000000005,88.64516129032258,14.376451612903226,31,31,31,31,31,0,no_target_record,train
22,จันทบุรี,1984,10,1984-10,1984-09,,25.332666666666668,287.02,88.695,16.598333333333333,30,30,30,30,30,0,no_target_record,train
22,จันทบุรี,1984,11,1984-11,1984-10,,24.361612903225808,192.80999999999997,87.83516129032257,17.68967741935484,31,31,31,31,31,0,no_target_record,train
22,จันทบุรี,1984,12,1984-12,1984-11,,23.897,47.68,84.858,18.850666666666665,30,30,30,30,30,0,no_target_record,train
22,จันทบุรี,1985,1,1985-01,1984-12,,23.057741935483868,0.99,77.46129032258065,18.11774193548387,31,31,31,31,31,0,no_target_record,train
22,จันทบุรี,1985,2,1985-02,1985-01,,24.653870967741934,26.15,71.14838709677419,18.595161290322583,31,31,31,31,31,0,no_target_record,train
22,จันทบุรี,1985,3,1985-03,1985-02,,26.893571428571427,23.07,73.69285714285715,19.099285714285713,28,28,28,28,28,0,no_target_record,train
22,จันทบุรี,1985,4,1985-04,1985-03,,27.81709677419355,63.49000000000001,70.06516129032258,21.384516129032257,31,31,31,31,31,0,no_target_record,train
22,จันทบุรี,1985,5,1985-05,1985-04,,27.661,129.45,77.26766666666667,19.679,30,30,30,30,30,0,no_target_record,train
22,จันทบุรี,1985,6,1985-06,1985-05,,26.542258064516126,283.83,85.86612903225806,18.15838709677419,31,31,31,31,31,0,no_target_record,train
22,จันทบุรี,1985,7,1985-07,1985-06,,25.66166666666667,229.07000000000002,89.85333333333332,15.814333333333334,30,30,30,30,30,0,no_target_record,train
22,จันทบุรี,1985,8,1985-08,1985-07,,25.16741935483871,242.80999999999997,88.5425806451613,16.603870967741937,31,31,31,31,31,0,no_target_record,train
22,จันทบุรี,1985,9,1985-09,1985-08,,25.506129032258066,210.54,89.52870967741936,16.420645161290324,31,31,31,31,31,0,no_target_record,train
22,จันทบุรี,1985,10,1985-10,1985-09,,25.347666666666665,346.8500000000001,90.10633333333334,16.874000000000002,30,30,30,30,30,0,no_target_record,train
22,จันทบุรี,1985,11,1985-11,1985-10,,24.830322580645163,262.26000000000005,90.11774193548388,17.037096774193547,31,31,31,31,31,0,no_target_record,train
22,จันทบุรี,1985,12,1985-12,1985-11,,24.497333333333334,59.910000000000004,88.58766666666666,17.737666666666666,30,30,30,30,30,0,no_target_record,train
22,จันทบุรี,1986,1,1986-01,1985-12,,22.183870967741935,0.31000000000000005,79.00935483870968,19.264193548387098,31,31,31,31,31,0,no_target_record,train
22,จันทบุรี,1986,2,1986-02,1986-01,,22.625806451612902,1.78,69.54935483870968,20.286129032258064,31,31,31,31,31,0,no_target_record,train
22,จันทบุรี,1986,3,1986-03,1986-02,,25.810000000000002,4.85,72.55607142857143,20.735000000000003,28,28,28,28,28,0,no_target_record,train
22,จันทบุรี,1986,4,1986-04,1986-03,,27.46451612903226,3.7099999999999995,64.38096774193548,24.039032258064516,31,31,31,31,31,0,no_target_record,train
22,จันทบุรี,1986,5,1986-05,1986-04,,28.023666666666667,81.76,74.73966666666666,20.560333333333332,30,30,30,30,30,0,no_target_record,train
22,จันทบุรี,1986,6,1986-06,1986-05,,26.664516129032258,370.22,85.2216129032258,17.13225806451613,31,31,31,31,31,0,no_target_record,train
22,จันทบุรี,1986,7,1986-07,1986-06,,26.123333333333335,284.03,88.16166666666666,17.279999999999998,30,30,30,30,30,0,no_target_record,train
22,จันทบุรี,1986,8,1986-08,1986-07,,25.453548387096777,244.6,88.90774193548387,16.979032258064517,31,31,31,31,31,0,no_target_record,train
22,จันทบุรี,1986,9,1986-09,1986-08,,25.401935483870968,319.90999999999997,90.82967741935484,15.007741935483871,31,31,31,31,31,0,no_target_record,train
22,จันทบุรี,1986,10,1986-10,1986-09,,25.528666666666666,321.59,89.82866666666668,16.421333333333333,30,30,30,30,30,0,no_target_record,train
22,จันทบุรี,1986,11,1986-11,1986-10,,25.437096774193545,307.93,89.94032258064516,17.00741935483871,31,31,31,31,31,0,no_target_record,train
22,จันทบุรี,1986,12,1986-12,1986-11,,23.666666666666668,55.65,86.06099999999999,18.213,30,30,30,30,30,0,no_target_record,train
22,จันทบุรี,1987,1,1987-01,1986-12,,22.69451612903226,7.35,81.56096774193549,18.307419354838707,31,31,31,31,31,0,no_target_record,train
22,จันทบุรี,1987,2,1987-02,1987-01,,24.030645161290323,0.49,71.65193548387097,19.893225806451614,31,31,31,31,31,0,no_target_record,train
22,จันทบุรี,1987,3,1987-03,1987-02,,25.799642857142857,12.84,70.61749999999999,20.60928571428571,28,28,28,28,28,0,no_target_record,train
22,จันทบุรี,1987,4,1987-04,1987-03,,27.58451612903226,26.780000000000005,71.8916129032258,20.08677419354839,31,31,31,31,31,0,no_target_record,train
22,จันทบุรี,1987,5,1987-05,1987-04,,28.337333333333333,39.92,73.81033333333333,19.771333333333335,30,30,30,30,30,0,no_target_record,train
22,จันทบุรี,1987,6,1987-06,1987-05,,27.80032258064516,168.50999999999996,79.1658064516129,19.341290322580647,31,31,31,31,31,0,no_target_record,train
22,จันทบุรี,1987,7,1987-07,1987-06,,26.523000000000003,407.5,88.51533333333333,17.041,30,30,30,30,30,0,no_target_record,train
22,จันทบุรี,1987,8,1987-08,1987-07,,26.17064516129032,182.33999999999997,87.1541935483871,17.019354838709678,31,31,31,31,31,0,no_target_record,train
22,จันทบุรี,1987,9,1987-09,1987-08,,25.93903225806452,313.28000000000003,89.95645161290322,16.231612903225805,31,31,31,31,31,0,no_target_record,train
22,จันทบุรี,1987,10,1987-10,1987-09,,25.905666666666665,352.55999999999995,90.295,15.317,30,30,30,30,30,0,no_target_record,train
22,จันทบุรี,1987,11,1987-11,1987-10,,25.837741935483873,197.90000000000003,88.67451612903226,18.14,31,31,31,31,31,0,no_target_record,train
22,จันทบุรี,1987,12,1987-12,1987-11,,25.243333333333332,191.33,89.37966666666667,16.058666666666667,30,30,30,30,30,0,no_target_record,train
22,จันทบุรี,1988,1,1988-01,1987-12,,20.936774193548384,0.02,79.62096774193549,19.234516129032258,31,31,31,31,31,0,no_target_record,train
22,จันทบุรี,1988,2,1988-02,1988-01,,24.591290322580647,2.0,74.71967741935484,19.443225806451615,31,31,31,31,31,0,no_target_record,train
22,จันทบุรี,1988,3,1988-03,1988-02,,26.41758620689655,78.53,77.55275862068964,18.862758620689654,29,29,29,29,29,0,no_target_record,train
22,จันทบุรี,1988,4,1988-04,1988-03,,27.813225806451616,44.25000000000001,74.62903225806451,20.074193548387097,31,31,31,31,31,0,no_target_record,train
22,จันทบุรี,1988,5,1988-05,1988-04,,28.086333333333336,102.25,77.71333333333334,17.932666666666666,30,30,30,30,30,0,no_target_record,train
22,จันทบุรี,1988,6,1988-06,1988-05,,26.78483870967742,307.26,88.77870967741936,17.695806451612906,31,31,31,31,31,0,no_target_record,train
22,จันทบุรี,1988,7,1988-07,1988-06,,26.065,428.26000000000005,89.834,17.262,30,30,30,30,30,0,no_target_record,train
22,จันทบุรี,1988,8,1988-08,1988-07,,26.091290322580647,369.92,91.01806451612903,16.720967741935485,31,31,31,31,31,0,no_target_record,train
22,จันทบุรี,1988,9,1988-09,1988-08,,25.887096774193548,316.01000000000005,91.31064516129032,15.718709677419357,31,31,31,31,31,0,no_target_record,train
22,จันทบุรี,1988,10,1988-10,1988-09,,26.057000000000002,330.53,90.105,16.654666666666667,30,30,30,30,30,0,no_target_record,train
22,จันทบุรี,1988,11,1988-11,1988-10,,24.739354838709676,384.2800000000001,90.85387096774193,15.350967741935484,31,31,31,31,31,0,no_target_record,train
22,จันทบุรี,1988,12,1988-12,1988-11,,22.727333333333334,12.34,85.82433333333333,17.16033333333333,30,30,30,30,30,0,no_target_record,train
22,จันทบุรี,1989,1,1989-01,1988-12,,21.88,0.0,78.1183870967742,19.128064516129033,31,31,31,31,31,0,no_target_record,train
22,จันทบุรี,1989,2,1989-02,1989-01,,25.65516129032258,45.01,74.87548387096774,17.86225806451613,31,31,31,31,31,0,no_target_record,train
22,จันทบุรี,1989,3,1989-03,1989-02,,26.280714285714286,18.830000000000002,71.83357142857143,20.524285714285714,28,28,28,28,28,0,no_target_record,train
22,จันทบุรี,1989,4,1989-04,1989-03,,27.06064516129032,68.92999999999999,72.03354838709677,19.717741935483872,31,31,31,31,31,0,no_target_record,train
22,จันทบุรี,1989,5,1989-05,1989-04,,28.169333333333334,46.019999999999996,75.97666666666667,21.424,30,30,30,30,30,0,no_target_record,train
22,จันทบุรี,1989,6,1989-06,1989-05,,27.461612903225806,225.41999999999996,80.78967741935485,17.458387096774196,31,31,31,31,31,0,no_target_record,train
22,จันทบุรี,1989,7,1989-07,1989-06,,25.979666666666667,187.49999999999997,87.41766666666668,18.288333333333334,30,30,30,30,30,0,no_target_record,train
22,จันทบุรี,1989,8,1989-08,1989-07,,25.91032258064516,210.10000000000005,88.30322580645162,17.106451612903225,31,31,31,31,31,0,no_target_record,train
22,จันทบุรี,1989,9,1989-09,1989-08,,25.641290322580645,310.84,89.97064516129032,16.91032258064516,31,31,31,31,31,0,no_target_record,train
22,จันทบุรี,1989,10,1989-10,1989-09,,25.751666666666665,272.09000000000003,89.82533333333335,16.16166666666667,30,30,30,30,30,0,no_target_record,train
22,จันทบุรี,1989,11,1989-11,1989-10,,25.356774193548386,268.92,89.04870967741935,17.293548387096774,31,31,31,31,31,0,no_target_record,train
22,จันทบุรี,1989,12,1989-12,1989-11,,23.735333333333337,56.19,85.896,18.703333333333333,30,30,30,30,30,0,no_target_record,train
22,จันทบุรี,1990,1,1990-01,1989-12,,22.480645161290322,3.5700000000000003,76.53870967741935,19.416774193548385,31,31,31,31,31,0,no_target_record,train
22,จันทบุรี,1990,2,1990-02,1990-01,,25.44451612903226,15.379999999999999,72.99129032258064,19.418387096774193,31,31,31,31,31,0,no_target_record,train
22,จันทบุรี,1990,3,1990-03,1990-02,,26.758214285714285,5.0,71.7975,19.84714285714286,28,28,28,28,28,0,no_target_record,train
22,จันทบุรี,1990,4,1990-04,1990-03,,27.398387096774194,105.52999999999999,74.1741935483871,19.340645161290322,31,31,31,31,31,0,no_target_record,train
22,จันทบุรี,1990,5,1990-05,1990-04,,28.878666666666668,77.91,72.87566666666666,19.666333333333334,30,30,30,30,30,0,no_target_record,train
22,จันทบุรี,1990,6,1990-06,1990-05,,27.521612903225805,256.11999999999995,82.02,18.06967741935484,31,31,31,31,31,0,no_target_record,train
22,จันทบุรี,1990,7,1990-07,1990-06,,26.457666666666668,197.32,87.66033333333333,16.809333333333335,30,30,30,30,30,0,no_target_record,train
22,จันทบุรี,1990,8,1990-08,1990-07,,26.061290322580643,159.39,87.0009677419355,18.220000000000002,31,31,31,31,31,0,no_target_record,train
22,จันทบุรี,1990,9,1990-09,1990-08,,25.753225806451614,303.18999999999994,89.47032258064516,16.401290322580646,31,31,31,31,31,0,no_target_record,train
22,จันทบุรี,1990,10,1990-10,1990-09,,25.80666666666667,404.6,90.67466666666665,17.105999999999998,30,30,30,30,30,0,no_target_record,train
22,จันทบุรี,1990,11,1990-11,1990-10,,25.557419354838707,356.53999999999996,89.64225806451613,17.47258064516129,31,31,31,31,31,0,no_target_record,train
22,จันทบุรี,1990,12,1990-12,1990-11,,24.125666666666667,57.910000000000004,86.488,18.108666666666668,30,30,30,30,30,0,no_target_record,train
22,จันทบุรี,1991,1,1991-01,1990-12,,23.131612903225808,0.26,79.67129032258065,19.289032258064516,31,31,31,31,31,0,no_target_record,train
22,จันทบุรี,1991,2,1991-02,1991-01,,25.671935483870968,2.76,71.70032258064516,19.79,31,31,31,31,31,0,no_target_record,train
22,จันทบุรี,1991,3,1991-03,1991-02,,26.636428571428574,28.54,65.4,20.738214285714285,28,28,28,28,28,0,no_target_record,train
22,จันทบุรี,1991,4,1991-04,1991-03,,28.473225806451612,27.53,68.84064516129033,19.80258064516129,31,31,31,31,31,0,no_target_record,train
22,จันทบุรี,1991,5,1991-05,1991-04,,29.021666666666665,86.46,69.10466666666666,20.392333333333333,30,30,30,30,30,0,no_target_record,train
22,จันทบุรี,1991,6,1991-06,1991-05,,27.77548387096774,198.82000000000002,80.77612903225807,18.304193548387097,31,31,31,31,31,0,no_target_record,train
22,จันทบุรี,1991,7,1991-07,1991-06,,26.653666666666666,206.71,86.62133333333333,16.805333333333333,30,30,30,30,30,0,no_target_record,train
22,จันทบุรี,1991,8,1991-08,1991-07,,25.975161290322582,351.71000000000004,89.6041935483871,15.066129032258065,31,31,31,31,31,0,no_target_record,train
22,จันทบุรี,1991,9,1991-09,1991-08,,25.721612903225807,335.46999999999986,91.06,13.708709677419355,31,31,31,31,31,0,no_target_record,train
22,จันทบุรี,1991,10,1991-10,1991-09,,25.557333333333336,496.59,92.115,14.232333333333335,30,30,30,30,30,0,no_target_record,train
22,จันทบุรี,1991,11,1991-11,1991-10,,24.75032258064516,238.79999999999995,90.23387096774194,15.769354838709678,31,31,31,31,31,0,no_target_record,train
22,จันทบุรี,1991,12,1991-12,1991-11,,23.215333333333334,9.33,85.316,19.202333333333335,30,30,30,30,30,0,no_target_record,train
22,จันทบุรี,1992,1,1992-01,1991-12,,23.41483870967742,1.2300000000000002,80.20677419354838,18.452903225806452,31,31,31,31,31,0,no_target_record,train
22,จันทบุรี,1992,2,1992-02,1992-01,,23.469032258064516,16.06,73.55548387096773,18.629032258064516,31,31,31,31,31,0,no_target_record,train
22,จันทบุรี,1992,3,1992-03,1992-02,,26.12034482758621,13.28,72.79275862068965,19.05655172413793,29,29,29,29,29,0,no_target_record,train
22,จันทบุรี,1992,4,1992-04,1992-03,,28.101935483870967,7.41,68.17096774193548,20.90258064516129,31,31,31,31,31,0,no_target_record,train
22,จันทบุรี,1992,5,1992-05,1992-04,,29.478,28.940000000000005,68.01166666666667,20.25133333333333,30,30,30,30,30,0,no_target_record,train
22,จันทบุรี,1992,6,1992-06,1992-05,,28.233870967741936,128.1,77.58774193548386,18.778709677419354,31,31,31,31,31,0,no_target_record,train
22,จันทบุรี,1992,7,1992-07,1992-06,,26.834,252.70000000000002,85.35966666666667,15.758666666666667,30,30,30,30,30,0,no_target_record,train
22,จันทบุรี,1992,8,1992-08,1992-07,,25.943870967741937,298.46,88.90225806451612,16.575161290322583,31,31,31,31,31,0,no_target_record,train
22,จันทบุรี,1992,9,1992-09,1992-08,,25.523548387096774,368.0799999999999,91.19354838709677,14.248387096774193,31,31,31,31,31,0,no_target_record,train
22,จันทบุรี,1992,10,1992-10,1992-09,,25.610333333333333,193.92999999999995,90.58866666666667,16.380333333333333,30,30,30,30,30,0,no_target_record,train
22,จันทบุรี,1992,11,1992-11,1992-10,,24.782258064516128,261.12,88.54870967741937,15.459354838709677,31,31,31,31,31,0,no_target_record,train
22,จันทบุรี,1992,12,1992-12,1992-11,,22.980666666666664,4.29,82.99466666666667,18.755999999999997,30,30,30,30,30,0,no_target_record,train
22,จันทบุรี,1993,1,1993-01,1992-12,,23.83516129032258,19.330000000000002,78.68290322580646,17.427419354838708,31,31,31,31,31,0,no_target_record,train
22,จันทบุรี,1993,2,1993-02,1993-01,,23.993870967741934,35.77,71.78225806451613,17.93903225806452,31,31,31,31,31,0,no_target_record,train
22,จันทบุรี,1993,3,1993-03,1993-02,,25.351785714285715,5.799999999999999,69.33107142857143,20.671071428571427,28,28,28,28,28,0,no_target_record,train
22,จันทบุรี,1993,4,1993-04,1993-03,,26.884193548387096,126.08000000000001,76.43709677419355,18.32774193548387,31,31,31,31,31,0,no_target_record,train
22,จันทบุรี,1993,5,1993-05,1993-04,,27.971666666666668,41.519999999999996,74.46733333333333,19.713,30,30,30,30,30,0,no_target_record,train
22,จันทบุรี,1993,6,1993-06,1993-05,,27.768709677419356,166.45000000000005,79.58064516129032,19.404193548387095,31,31,31,31,31,0,no_target_record,train
22,จันทบุรี,1993,7,1993-07,1993-06,,26.668,240.89,87.51333333333334,16.598,30,30,30,30,30,0,no_target_record,train
22,จันทบุรี,1993,8,1993-08,1993-07,,26.200000000000003,193.20000000000002,89.08354838709678,17.470000000000002,31,31,31,31,31,0,no_target_record,train
22,จันทบุรี,1993,9,1993-09,1993-08,,25.50258064516129,400.74,89.69709677419355,14.40516129032258,31,31,31,31,31,0,no_target_record,train
22,จันทบุรี,1993,10,1993-10,1993-09,,25.50633333333333,468.19999999999993,91.672,14.354666666666667,30,30,30,30,30,0,no_target_record,train
22,จันทบุรี,1993,11,1993-11,1993-10,,25.136451612903226,223.68,90.09354838709677,16.711612903225806,31,31,31,31,31,0,no_target_record,train
22,จันทบุรี,1993,12,1993-12,1993-11,,24.149333333333335,12.219999999999999,82.56166666666667,18.521,30,30,30,30,30,0,no_target_record,train
22,จันทบุรี,1994,1,1994-01,1993-12,,22.51225806451613,1.49,74.63516129032259,17.790967741935482,31,31,31,31,31,0,no_target_record,train
22,จันทบุรี,1994,2,1994-02,1994-01,,25.02516129032258,0.02,69.59548387096774,19.490645161290324,31,31,31,31,31,0,no_target_record,train
22,จันทบุรี,1994,3,1994-03,1994-02,,26.957142857142856,21.07,73.70571428571428,19.79642857142857,28,28,28,28,28,0,no_target_record,train
22,จันทบุรี,1994,4,1994-04,1994-03,,27.232903225806453,100.46999999999998,73.32612903225807,17.42032258064516,31,31,31,31,31,0,no_target_record,train
22,จันทบุรี,1994,5,1994-05,1994-04,,28.237000000000002,50.440000000000005,75.40566666666668,21.192999999999998,30,30,30,30,30,0,no_target_record,train
22,จันทบุรี,1994,6,1994-06,1994-05,,27.360967741935486,283.74,84.82451612903226,17.43290322580645,31,31,31,31,31,0,no_target_record,train
22,จันทบุรี,1994,7,1994-07,1994-06,,25.837666666666667,491.05999999999995,91.44866666666667,15.194333333333333,30,30,30,30,30,0,no_target_record,train
22,จันทบุรี,1994,8,1994-08,1994-07,,25.52741935483871,200.58000000000004,91.9474193548387,14.408387096774195,31,31,31,31,31,0,no_target_record,train
22,จันทบุรี,1994,9,1994-09,1994-08,,25.366129032258065,334.24999999999994,91.39354838709677,14.40548387096774,31,31,31,31,31,0,no_target_record,train
22,จันทบุรี,1994,10,1994-10,1994-09,,25.261333333333333,416.31999999999994,92.62366666666667,15.737333333333334,30,30,30,30,30,0,no_target_record,train
22,จันทบุรี,1994,11,1994-11,1994-10,,24.41774193548387,133.25000000000003,88.07612903225807,18.496451612903225,31,31,31,31,31,0,no_target_record,train
22,จันทบุรี,1994,12,1994-12,1994-11,,23.937666666666665,8.38,84.20933333333332,19.346,30,30,30,30,30,0,no_target_record,train
22,จันทบุรี,1995,1,1995-01,1994-12,,24.56451612903226,16.169999999999998,73.33193548387096,18.001935483870966,31,31,31,31,31,0,no_target_record,train
22,จันทบุรี,1995,2,1995-02,1995-01,,24.69161290322581,23.9,65.26741935483871,19.05354838709677,31,31,31,31,31,0,no_target_record,train
22,จันทบุรี,1995,3,1995-03,1995-02,,25.64107142857143,23.03,67.16607142857143,20.113928571428573,28,28,28,28,28,0,no_target_record,train
22,จันทบุรี,1995,4,1995-04,1995-03,,27.73,43.56000000000001,71.52870967741936,19.99774193548387,31,31,31,31,31,0,no_target_record,train
22,จันทบุรี,1995,5,1995-05,1995-04,,28.42366666666667,54.02,74.06966666666668,20.46966666666667,30,30,30,30,30,0,no_target_record,train
22,จันทบุรี,1995,6,1995-06,1995-05,,27.34967741935484,264.54,82.5958064516129,18.894193548387097,31,31,31,31,31,0,no_target_record,train
22,จันทบุรี,1995,7,1995-07,1995-06,,26.307666666666666,337.79,90.84400000000001,17.935333333333332,30,30,30,30,30,0,no_target_record,train
22,จันทบุรี,1995,8,1995-08,1995-07,,25.567419354838712,354.73,91.95064516129031,17.114516129032257,31,31,31,31,31,0,no_target_record,train
22,จันทบุรี,1995,9,1995-09,1995-08,,25.780967741935484,476.85,92.26129032258065,14.762903225806452,31,31,31,31,31,0,no_target_record,train
22,จันทบุรี,1995,10,1995-10,1995-09,,25.517666666666667,565.7600000000001,92.97333333333333,14.658999999999999,30,30,30,30,30,0,no_target_record,train
22,จันทบุรี,1995,11,1995-11,1995-10,,25.438387096774196,253.48,90.8083870967742,15.932903225806452,31,31,31,31,31,0,no_target_record,train
22,จันทบุรี,1995,12,1995-12,1995-11,,23.907,26.169999999999998,86.27833333333334,17.704666666666665,30,30,30,30,30,0,no_target_record,train
22,จันทบุรี,1996,1,1996-01,1995-12,,21.983548387096775,2.26,78.65548387096774,17.635161290322582,31,31,31,31,31,0,no_target_record,train
22,จันทบุรี,1996,2,1996-02,1996-01,,24.436129032258062,4.75,70.56064516129032,17.977096774193548,31,31,31,31,31,0,no_target_record,train
22,จันทบุรี,1996,3,1996-03,1996-02,,25.587241379310345,48.51999999999999,64.37172413793104,19.561379310344826,29,29,29,29,29,0,no_target_record,train
22,จันทบุรี,1996,4,1996-04,1996-03,,27.910645161290322,28.419999999999998,69.39806451612904,20.473870967741938,31,31,31,31,31,0,no_target_record,train
22,จันทบุรี,1996,5,1996-05,1996-04,,27.888333333333332,109.38,76.95566666666667,18.898666666666667,30,30,30,30,30,0,no_target_record,train
22,จันทบุรี,1996,6,1996-06,1996-05,,26.77225806451613,262.46,86.67290322580645,17.993870967741934,31,31,31,31,31,0,no_target_record,train
22,จันทบุรี,1996,7,1996-07,1996-06,,26.204666666666665,346.6299999999999,89.89966666666666,17.730666666666664,30,30,30,30,30,0,no_target_record,train
22,จันทบุรี,1996,8,1996-08,1996-07,,25.758064516129032,337.73,90.81774193548387,15.584838709677419,31,31,31,31,31,0,no_target_record,train
22,จันทบุรี,1996,9,1996-09,1996-08,,25.72967741935484,222.57,90.99967741935482,16.360967741935482,31,31,31,31,31,0,no_target_record,train
22,จันทบุรี,1996,10,1996-10,1996-09,,25.590666666666667,400.7500000000001,92.40033333333334,14.389333333333333,30,30,30,30,30,0,no_target_record,train
22,จันทบุรี,1996,11,1996-11,1996-10,,25.36741935483871,244.87,90.32129032258065,17.06064516129032,31,31,31,31,31,0,no_target_record,train
22,จันทบุรี,1996,12,1996-12,1996-11,,24.403333333333332,98.56,89.14766666666667,16.068666666666665,30,30,30,30,30,0,no_target_record,train
22,จันทบุรี,1997,1,1997-01,1996-12,,21.917096774193546,1.38,81.27774193548387,16.609032258064516,31,31,31,31,31,0,no_target_record,train
22,จันทบุรี,1997,2,1997-02,1997-01,,23.200967741935486,6.01,75.37612903225806,18.03483870967742,31,31,31,31,31,0,no_target_record,train
22,จันทบุรี,1997,3,1997-03,1997-02,,25.849642857142857,45.18999999999999,74.73607142857144,17.884642857142858,28,28,28,28,28,0,no_target_record,train
22,จันทบุรี,1997,4,1997-04,1997-03,,27.133548387096774,89.47,73.57129032258065,20.796774193548387,31,31,31,31,31,0,no_target_record,train
22,จันทบุรี,1997,5,1997-05,1997-04,,27.707333333333334,80.38000000000001,74.52266666666667,20.071666666666665,30,30,30,30,30,0,no_target_record,train
22,จันทบุรี,1997,6,1997-06,1997-05,,27.72774193548387,148.42000000000002,79.99483870967742,19.026774193548388,31,31,31,31,31,0,no_target_record,train
22,จันทบุรี,1997,7,1997-07,1997-06,,27.207666666666668,117.53,82.28333333333333,17.662666666666667,30,30,30,30,30,0,no_target_record,train
22,จันทบุรี,1997,8,1997-08,1997-07,,26.146129032258063,220.26,87.5458064516129,15.600967741935484,31,31,31,31,31,0,no_target_record,train
22,จันทบุรี,1997,9,1997-09,1997-08,,25.87709677419355,228.89000000000001,89.32354838709678,16.773225806451613,31,31,31,31,31,0,no_target_record,train
22,จันทบุรี,1997,10,1997-10,1997-09,,26.021666666666665,374.39,89.31833333333334,17.036333333333335,30,30,30,30,30,0,no_target_record,train
22,จันทบุรี,1997,11,1997-11,1997-10,,25.698387096774194,180.83000000000004,88.85354838709678,17.41548387096774,31,31,31,31,31,0,no_target_record,train
22,จันทบุรี,1997,12,1997-12,1997-11,,25.10666666666667,42.989999999999995,85.88766666666668,18.176333333333332,30,30,30,30,30,0,no_target_record,train
22,จันทบุรี,1998,1,1998-01,1997-12,,24.656451612903226,0.8200000000000001,77.3558064516129,19.337419354838712,31,31,31,31,31,0,no_target_record,train
22,จันทบุรี,1998,2,1998-02,1998-01,,26.335806451612903,11.969999999999999,73.34225806451613,18.88193548387097,31,31,31,31,31,0,no_target_record,train
22,จันทบุรี,1998,3,1998-03,1998-02,,27.711785714285714,29.389999999999997,74.2667857142857,18.573571428571427,28,28,28,28,28,0,no_target_record,train
22,จันทบุรี,1998,4,1998-04,1998-03,,29.155806451612904,12.839999999999998,65.8141935483871,21.287096774193547,31,31,31,31,31,0,no_target_record,train
22,จันทบุรี,1998,5,1998-05,1998-04,,29.784666666666666,54.94,68.34533333333334,19.522,30,30,30,30,30,0,no_target_record,train
22,จันทบุรี,1998,6,1998-06,1998-05,,28.82774193548387,291.13,79.80483870967741,18.549032258064514,31,31,31,31,31,0,no_target_record,train
22,จันทบุรี,1998,7,1998-07,1998-06,,26.873,420.47,90.95,17.401666666666664,30,30,30,30,30,0,no_target_record,train
22,จันทบุรี,1998,8,1998-08,1998-07,,26.200322580645164,365.45000000000005,92.3474193548387,17.903225806451612,31,31,31,31,31,0,no_target_record,train
22,จันทบุรี,1998,9,1998-09,1998-08,,26.143548387096775,377.24999999999994,91.93354838709678,17.68,31,31,31,31,31,0,no_target_record,train
22,จันทบุรี,1998,10,1998-10,1998-09,,26.034,392.12000000000006,92.14366666666666,15.639666666666667,30,30,30,30,30,0,no_target_record,train
22,จันทบุรี,1998,11,1998-11,1998-10,,25.59967741935484,160.82999999999998,89.02774193548387,16.655806451612904,31,31,31,31,31,0,no_target_record,train
22,จันทบุรี,1998,12,1998-12,1998-11,,24.355999999999998,38.96,87.421,15.294666666666666,30,30,30,30,30,0,no_target_record,train
22,จันทบุรี,1999,1,1999-01,1998-12,,23.300645161290323,9.54,80.8941935483871,15.87741935483871,31,31,31,31,31,0,no_target_record,train
22,จันทบุรี,1999,2,1999-02,1999-01,,24.479032258064517,6.739999999999999,73.22129032258064,16.782258064516128,31,31,31,31,31,0,no_target_record,train
22,จันทบุรี,1999,3,1999-03,1999-02,,26.502857142857145,14.669999999999998,67.64607142857143,19.336785714285714,28,28,28,28,28,0,no_target_record,train
22,จันทบุรี,1999,4,1999-04,1999-03,,27.60290322580645,113.05999999999997,75.26161290322581,18.636451612903226,31,31,31,31,31,0,no_target_record,train
22,จันทบุรี,1999,5,1999-05,1999-04,,26.660666666666668,273.37,84.988,17.817333333333334,30,30,30,30,30,0,no_target_record,train
22,จันทบุรี,1999,6,1999-06,1999-05,,25.776774193548388,347.6600000000001,91.25967741935484,16.034193548387098,31,31,31,31,31,0,no_target_record,train
22,จันทบุรี,1999,7,1999-07,1999-06,,25.487000000000002,258.24,91.62166666666667,16.266333333333332,30,30,30,30,30,0,no_target_record,train
22,จันทบุรี,1999,8,1999-08,1999-07,,25.502903225806453,340.02000000000004,92.5341935483871,16.073870967741936,31,31,31,31,31,0,no_target_record,train
22,จันทบุรี,1999,9,1999-09,1999-08,,25.480645161290322,202.53000000000003,91.46064516129033,16.98516129032258,31,31,31,31,31,0,no_target_record,train
22,จันทบุรี,1999,10,1999-10,1999-09,,25.410666666666668,364.2099999999999,91.775,16.913,30,30,30,30,30,0,no_target_record,train
22,จันทบุรี,1999,11,1999-11,1999-10,,25.36032258064516,296.25,90.37161290322581,16.72225806451613,31,31,31,31,31,0,no_target_record,train
22,จันทบุรี,1999,12,1999-12,1999-11,,24.147,91.26,88.59533333333334,15.785666666666666,30,30,30,30,30,0,no_target_record,train
22,จันทบุรี,2000,1,2000-01,1999-12,,20.265483870967742,0.75,81.99967741935485,16.405806451612904,31,31,31,31,31,0,no_target_record,train
22,จันทบุรี,2000,2,2000-02,2000-01,,24.371290322580645,20.049999999999997,78.53451612903227,17.67967741935484,31,31,31,31,31,0,no_target_record,train
22,จันทบุรี,2000,3,2000-03,2000-02,,25.150344827586206,32.47,72.72862068965517,18.473793103448276,29,29,29,29,29,0,no_target_record,train
22,จันทบุรี,2000,4,2000-04,2000-03,,27.557096774193546,32.69,72.01064516129033,18.83967741935484,31,31,31,31,31,0,no_target_record,train
22,จันทบุรี,2000,5,2000-05,2000-04,,26.947333333333333,192.46,83.41900000000001,18.433666666666667,30,30,30,30,30,0,no_target_record,train
22,จันทบุรี,2000,6,2000-06,2000-05,,26.496451612903225,248.47000000000003,88.62290322580645,16.727096774193548,31,31,31,31,31,0,no_target_record,train
22,จันทบุรี,2000,7,2000-07,2000-06,,25.444333333333336,404.41999999999996,91.974,16.801333333333332,30,30,30,30,30,0,no_target_record,train
22,จันทบุรี,2000,8,2000-08,2000-07,,25.288709677419355,312.2699999999999,92.10709677419355,16.674516129032256,31,31,31,31,31,0,no_target_record,train
22,จันทบุรี,2000,9,2000-09,2000-08,,25.48548387096774,307.11000000000007,92.63935483870968,16.45806451612903,31,31,31,31,31,0,no_target_record,train
22,จันทบุรี,2000,10,2000-10,2000-09,,25.322333333333333,300.35999999999996,90.72566666666667,16.086,30,30,30,30,30,0,no_target_record,train
22,จันทบุรี,2000,11,2000-11,2000-10,,25.27548387096774,232.62,91.2783870967742,14.894516129032258,31,31,31,31,31,0,no_target_record,train
22,จันทบุรี,2000,12,2000-12,2000-11,,22.970666666666666,26.920000000000005,84.766,18.01966666666667,30,30,30,30,30,0,no_target_record,train
22,จันทบุรี,2001,1,2001-01,2000-12,,23.74806451612903,7.909999999999999,81.40903225806451,17.317741935483873,31,31,31,31,31,0,no_target_record,train
22,จันทบุรี,2001,2,2001-02,2001-01,,24.89258064516129,43.8,79.6916129032258,16.561290322580643,31,31,31,31,31,0,no_target_record,train
22,จันทบุรี,2001,3,2001-03,2001-02,,26.363214285714285,9.28,71.83357142857143,18.915,28,28,28,28,28,0,no_target_record,train
22,จันทบุรี,2001,4,2001-04,2001-03,,26.50741935483871,195.27,81.52645161290323,16.950000000000003,31,31,31,31,31,0,no_target_record,train
22,จันทบุรี,2001,5,2001-05,2001-04,,27.554,87.10000000000001,82.22566666666667,19.726333333333333,30,30,30,30,30,0,no_target_record,train
22,จันทบุรี,2001,6,2001-06,2001-05,,26.573225806451614,309.61999999999995,88.6116129032258,17.062258064516126,31,31,31,31,31,0,no_target_record,train
22,จันทบุรี,2001,7,2001-07,2001-06,,25.883,198.20000000000002,89.923,16.05966666666667,30,30,30,30,30,0,no_target_record,train
22,จันทบุรี,2001,8,2001-08,2001-07,,25.87548387096774,199.7,90.29967741935484,17.004193548387097,31,31,31,31,31,0,no_target_record,train
22,จันทบุรี,2001,9,2001-09,2001-08,,25.606451612903225,255.01,91.78096774193548,13.980967741935483,31,31,31,31,31,0,no_target_record,train
22,จันทบุรี,2001,10,2001-10,2001-09,,25.742666666666665,245.40999999999997,91.81366666666666,15.618333333333334,30,30,30,30,30,0,no_target_record,train
22,จันทบุรี,2001,11,2001-11,2001-10,,25.821290322580648,288.6,90.53903225806452,16.399677419354838,31,31,31,31,31,0,no_target_record,train
22,จันทบุรี,2001,12,2001-12,2001-11,,22.583333333333332,29.5,85.21433333333333,17.639666666666667,30,30,30,30,30,0,no_target_record,train
22,จันทบุรี,2002,1,2002-01,2001-12,,23.17290322580645,3.9799999999999995,79.75451612903225,17.57193548387097,31,31,31,31,31,0,no_target_record,train
22,จันทบุรี,2002,2,2002-02,2002-01,,23.895806451612902,3.5399999999999996,74.58354838709678,18.309354838709677,31,31,31,31,31,0,no_target_record,train
22,จันทบุรี,2002,3,2002-03,2002-02,,26.3075,33.2,74.16071428571429,17.998214285714287,28,28,28,28,28,0,no_target_record,train
22,จันทบุรี,2002,4,2002-04,2002-03,,27.539677419354838,46.489999999999995,74.47612903225807,18.70258064516129,31,31,31,31,31,0,no_target_record,train
22,จันทบุรี,2002,5,2002-05,2002-04,,28.066,78.28,75.72600000000001,18.602333333333334,30,30,30,30,30,0,no_target_record,train
22,จันทบุรี,2002,6,2002-06,2002-05,,26.98516129032258,327.42,85.88483870967741,15.959032258064516,31,31,31,31,31,0,no_target_record,train
22,จันทบุรี,2002,7,2002-07,2002-06,,26.187666666666665,277.65000000000003,90.17,16.673,30,30,30,30,30,0,no_target_record,train
22,จันทบุรี,2002,8,2002-08,2002-07,,26.273548387096774,217.29999999999998,89.73,17.520967741935483,31,31,31,31,31,0,no_target_record,train
22,จันทบุรี,2002,9,2002-09,2002-08,,25.477096774193548,291.0200000000001,91.11290322580645,13.008387096774193,31,31,31,31,31,0,no_target_record,train
22,จันทบุรี,2002,10,2002-10,2002-09,,25.37366666666667,321.28999999999996,92.28366666666668,14.751333333333333,30,30,30,30,30,0,no_target_record,train
22,จันทบุรี,2002,11,2002-11,2002-10,,25.42032258064516,138.19000000000003,87.35354838709678,17.961290322580645,31,31,31,31,31,0,no_target_record,train
22,จันทบุรี,2002,12,2002-12,2002-11,,24.931333333333335,50.8,87.64466666666667,17.211666666666666,30,30,30,30,30,0,no_target_record,train
22,จันทบุรี,2003,1,2003-01,2002-12,,24.890645161290323,38.76,83.48612903225806,16.561290322580643,31,31,31,31,31,0,no_target_record,train
22,จันทบุรี,2003,2,2003-02,2003-01,,23.65032258064516,0.03,72.68645161290321,19.29774193548387,31,31,31,31,31,0,no_target_record,train
22,จันทบุรี,2003,3,2003-03,2003-02,,26.248214285714287,34.26,73.96107142857143,17.555357142857144,28,28,28,28,28,0,no_target_record,train
22,จันทบุรี,2003,4,2003-04,2003-03,,27.23741935483871,93.09,76.79451612903226,16.621290322580645,31,31,31,31,31,0,no_target_record,train
22,จันทบุรี,2003,5,2003-05,2003-04,,28.772,67.8,72.99933333333334,19.997,30,30,30,30,30,0,no_target_record,train
22,จันทบุรี,2003,6,2003-06,2003-05,,27.282258064516128,157.89999999999998,85.11,17.360967741935482,31,31,31,31,31,0,no_target_record,train
22,จันทบุรี,2003,7,2003-07,2003-06,,26.36466666666667,335.4200000000001,88.41066666666667,17.552333333333333,30,30,30,30,30,0,no_target_record,train
22,จันทบุรี,2003,8,2003-08,2003-07,,25.874193548387098,398.21,91.05064516129033,16.15225806451613,31,31,31,31,31,0,no_target_record,train
22,จันทบุรี,2003,9,2003-09,2003-08,,25.946129032258067,316.89,92.11451612903227,16.199354838709677,31,31,31,31,31,0,no_target_record,train
22,จันทบุรี,2003,10,2003-10,2003-09,,25.49366666666667,290.03999999999996,92.261,14.835333333333333,30,30,30,30,30,0,no_target_record,train
22,จันทบุรี,2003,11,2003-11,2003-10,,25.263870967741937,182.75000000000003,91.13741935483871,15.884193548387097,31,31,31,31,31,0,no_target_record,train
22,จันทบุรี,2003,12,2003-12,2003-11,,24.752666666666666,1.9,81.96566666666666,18.371,30,30,30,30,30,0,no_target_record,train
22,จันทบุรี,2004,1,2004-01,2003-12,,22.483548387096775,0.01,74.53258064516129,18.008064516129032,31,31,31,31,31,0,no_target_record,train
22,จันทบุรี,2004,2,2004-02,2004-01,,24.475806451612904,68.5,74.85161290322581,16.786774193548386,31,31,31,31,31,0,no_target_record,train
22,จันทบุรี,2004,3,2004-03,2004-02,10914.0,24.989655172413794,46.349999999999994,74.56275862068966,17.525172413793104,29,29,29,29,29,1,,train
22,จันทบุรี,2004,4,2004-04,2004-03,54997.0,27.960645161290323,22.45,71.68387096774192,19.57161290322581,31,31,31,31,31,1,,train
22,จันทบุรี,2004,5,2004-05,2004-04,210724.0,28.937,60.0,72.46733333333333,20.398666666666667,30,30,30,30,30,1,,train
22,จันทบุรี,2004,6,2004-06,2004-05,65160.0,27.32225806451613,230.14,83.58064516129032,18.038709677419355,31,31,31,31,31,1,,train
22,จันทบุรี,2004,7,2004-07,2004-06,10360.0,26.246333333333332,330.96000000000004,89.02199999999999,15.561,30,30,30,30,30,1,,train
22,จันทบุรี,2004,8,2004-08,2004-07,268.0,25.84258064516129,424.76,90.18161290322581,16.57935483870968,31,31,31,31,31,1,,train
22,จันทบุรี,2004,9,2004-09,2004-08,176.0,25.644193548387097,285.54,92.03322580645163,15.683548387096774,31,31,31,31,31,1,,train
22,จันทบุรี,2004,10,2004-10,2004-09,,25.838666666666665,274.9,89.43833333333333,16.147000000000002,30,30,30,30,30,0,no_target_record,train
22,จันทบุรี,2004,11,2004-11,2004-10,,24.953548387096777,122.86,86.33709677419354,18.69451612903226,31,31,31,31,31,0,no_target_record,train
22,จันทบุรี,2004,12,2004-12,2004-11,,24.98033333333333,16.92,80.102,18.269333333333336,30,30,30,30,30,0,no_target_record,train
22,จันทบุรี,2005,1,2005-01,2004-12,,23.616129032258065,0.0,66.54161290322581,18.839032258064517,31,31,31,31,31,0,no_target_record,train
22,จันทบุรี,2005,2,2005-02,2005-01,,24.416774193548385,29.820000000000004,70.98903225806451,17.143548387096775,31,31,31,31,31,0,no_target_record,train
22,จันทบุรี,2005,3,2005-03,2005-02,11481.0,27.204285714285714,4.64,73.61142857142856,18.945,28,28,28,28,28,1,,train
22,จันทบุรี,2005,4,2005-04,2005-03,133528.0,27.637096774193548,47.85,69.07096774193548,18.820645161290326,31,31,31,31,31,1,,train
22,จันทบุรี,2005,5,2005-05,2005-04,81605.0,28.441666666666666,123.27000000000001,74.93666666666667,18.704333333333334,30,30,30,30,30,1,,train
22,จันทบุรี,2005,6,2005-06,2005-05,26360.0,27.681935483870966,175.28,83.2683870967742,17.963548387096775,31,31,31,31,31,1,,train
22,จันทบุรี,2005,7,2005-07,2005-06,4454.0,26.524,315.43,89.79033333333334,16.604666666666667,30,30,30,30,30,1,,train
22,จันทบุรี,2005,8,2005-08,2005-07,,26.081612903225807,219.57,90.02451612903226,13.377096774193548,31,31,31,31,31,0,no_target_record,train
22,จันทบุรี,2005,9,2005-09,2005-08,,25.962580645161292,222.58999999999995,90.77290322580646,14.935161290322581,31,31,31,31,31,0,no_target_record,train
22,จันทบุรี,2005,10,2005-10,2005-09,,25.599333333333334,394.33,92.19233333333334,14.152666666666667,30,30,30,30,30,0,no_target_record,train
22,จันทบุรี,2005,11,2005-11,2005-10,,25.796774193548387,201.54,89.57322580645162,16.822580645161292,31,31,31,31,31,0,no_target_record,train
22,จันทบุรี,2005,12,2005-12,2005-11,,24.786,114.61,87.43900000000001,16.304333333333332,30,30,30,30,30,0,no_target_record,train
22,จันทบุรี,2006,1,2006-01,2005-12,,22.181612903225805,19.27,83.23483870967742,15.070967741935483,31,31,31,31,31,0,no_target_record,train
22,จันทบุรี,2006,2,2006-02,2006-01,,23.942580645161293,3.67,76.72967741935483,17.91032258064516,31,31,31,31,31,0,no_target_record,train
22,จันทบุรี,2006,3,2006-03,2006-02,1990.0,26.337142857142858,65.55000000000001,77.01964285714287,18.349642857142857,28,28,28,28,28,1,,train
22,จันทบุรี,2006,4,2006-04,2006-03,38087.0,27.076129032258066,70.16,78.30870967741936,18.70483870967742,31,31,31,31,31,1,,train
22,จันทบุรี,2006,5,2006-05,2006-04,84005.0,27.458333333333332,111.09999999999998,80.11200000000001,18.192666666666664,30,30,30,30,30,1,,train
22,จันทบุรี,2006,6,2006-06,2006-05,105281.0,26.86967741935484,289.09000000000003,85.74935483870968,16.83225806451613,31,31,31,31,31,1,,train
22,จันทบุรี,2006,7,2006-07,2006-06,25740.0,26.326666666666664,261.07,89.39900000000002,16.837666666666667,30,30,30,30,30,1,,train
22,จันทบุรี,2006,8,2006-08,2006-07,,25.636129032258065,364.38000000000005,91.96129032258064,14.339354838709676,31,31,31,31,31,0,no_target_record,train
22,จันทบุรี,2006,9,2006-09,2006-08,,25.509032258064515,348.01,91.2558064516129,13.718064516129031,31,31,31,31,31,0,no_target_record,train
22,จันทบุรี,2006,10,2006-10,2006-09,,25.628333333333334,398.03000000000003,91.22166666666666,14.93,30,30,30,30,30,0,no_target_record,train
22,จันทบุรี,2006,11,2006-11,2006-10,,25.481935483870966,377.7200000000001,89.88129032258065,16.458709677419357,31,31,31,31,31,0,no_target_record,train
22,จันทบุรี,2006,12,2006-12,2006-11,,25.297666666666665,38.970000000000006,84.12766666666667,18.221333333333334,30,30,30,30,30,0,no_target_record,train
22,จันทบุรี,2007,1,2007-01,2006-12,,23.375806451612902,4.359999999999999,75.48354838709677,18.183870967741935,31,31,31,31,31,0,no_target_record,train
22,จันทบุรี,2007,2,2007-02,2007-01,,24.56096774193548,11.879999999999999,66.79354838709678,18.396451612903224,31,31,31,31,31,0,no_target_record,train
22,จันทบุรี,2007,3,2007-03,2007-02,4936.0,25.749285714285715,14.88,70.88321428571429,18.640714285714285,28,28,28,28,28,1,,train
22,จันทบุรี,2007,4,2007-04,2007-03,108910.0,27.60741935483871,65.26,76.05935483870968,18.692580645161293,31,31,31,31,31,1,,train
22,จันทบุรี,2007,5,2007-05,2007-04,114503.0,27.744666666666667,176.83999999999997,78.19200000000001,18.525333333333332,30,30,30,30,30,1,,train
22,จันทบุรี,2007,6,2007-06,2007-05,12450.0,26.349032258064515,434.1,90.23806451612903,15.820322580645161,31,31,31,31,31,1,,train
22,จันทบุรี,2007,7,2007-07,2007-06,2358.0,26.560333333333332,341.89,91.334,16.899,30,30,30,30,30,1,,train
22,จันทบุรี,2007,8,2007-08,2007-07,,25.980645161290322,416.75,90.19870967741934,15.518709677419354,31,31,31,31,31,0,no_target_record,train
22,จันทบุรี,2007,9,2007-09,2007-08,,25.798387096774192,186.01000000000005,91.29903225806451,14.129354838709677,31,31,31,31,31,0,no_target_record,train
22,จันทบุรี,2007,10,2007-10,2007-09,,25.717,328.57,91.36633333333334,15.148,30,30,30,30,30,0,no_target_record,train
22,จันทบุรี,2007,11,2007-11,2007-10,,25.006451612903227,127.57000000000001,90.66935483870968,15.133225806451613,31,31,31,31,31,0,no_target_record,train
22,จันทบุรี,2007,12,2007-12,2007-11,,22.636333333333333,25.93,84.664,16.948666666666664,30,30,30,30,30,0,no_target_record,train
22,จันทบุรี,2008,1,2008-01,2007-12,,24.121612903225806,0.03,78.56451612903226,17.990322580645163,31,31,31,31,31,0,no_target_record,train
22,จันทบุรี,2008,2,2008-02,2008-01,,24.838064516129034,13.27,68.1,18.032258064516128,31,31,31,31,31,0,no_target_record,train
22,จันทบุรี,2008,3,2008-03,2008-02,1878.0,25.878275862068968,63.38999999999999,68.73310344827586,17.048620689655174,29,29,29,29,29,1,,train
22,จันทบุรี,2008,4,2008-04,2008-03,46592.0,27.20935483870968,34.99,70.43258064516128,18.698387096774194,31,31,31,31,31,1,,train
22,จันทบุรี,2008,5,2008-05,2008-04,170470.0,27.834333333333333,134.14000000000001,77.20700000000001,18.835333333333335,30,30,30,30,30,1,,train
22,จันทบุรี,2008,6,2008-06,2008-05,22284.0,26.36064516129032,343.9399999999999,86.65645161290323,16.081290322580646,31,31,31,31,31,1,,train
22,จันทบุรี,2008,7,2008-07,2008-06,2584.0,26.157333333333334,259.33,89.036,16.685,30,30,30,30,30,1,,train
22,จันทบุรี,2008,8,2008-08,2008-07,,25.468709677419355,353.96,91.32193548387097,16.66548387096774,31,31,31,31,31,0,no_target_record,train
22,จันทบุรี,2008,9,2008-09,2008-08,,25.67096774193548,249.14999999999998,90.59967741935485,16.263870967741937,31,31,31,31,31,0,no_target_record,train
22,จันทบุรี,2008,10,2008-10,2008-09,,25.470000000000002,432.28,91.181,14.921,30,30,30,30,30,0,no_target_record,train
22,จันทบุรี,2008,11,2008-11,2008-10,,25.982903225806453,208.81999999999996,89.45967741935483,15.91451612903226,31,31,31,31,31,0,no_target_record,train
22,จันทบุรี,2008,12,2008-12,2008-11,,23.48933333333333,51.08,87.73433333333334,14.859333333333334,30,30,30,30,30,0,no_target_record,train
22,จันทบุรี,2009,1,2009-01,2008-12,,21.84741935483871,0.05,81.65645161290323,17.04774193548387,31,31,31,31,31,0,no_target_record,train
22,จันทบุรี,2009,2,2009-02,2009-01,,22.205161290322582,0.12,72.16870967741936,18.904516129032256,31,31,31,31,31,0,no_target_record,train
22,จันทบุรี,2009,3,2009-03,2009-02,391.0,26.915714285714284,6.23,71.03928571428571,18.2225,28,28,28,28,28,1,,train
22,จันทบุรี,2009,4,2009-04,2009-03,24152.0,27.243548387096773,122.86000000000001,75.88096774193548,18.205483870967743,31,31,31,31,31,1,,train
22,จันทบุรี,2009,5,2009-05,2009-04,160246.0,27.880999999999997,170.26,78.42966666666666,18.263666666666666,30,30,30,30,30,1,,train
22,จันทบุรี,2009,6,2009-06,2009-05,30711.0,26.56096774193548,379.29,86.9874193548387,16.666129032258063,31,31,31,31,31,1,,train
22,จันทบุรี,2009,7,2009-07,2009-06,1694.0,26.136333333333333,193.29999999999995,90.038,16.771666666666665,30,30,30,30,30,1,,train
22,จันทบุรี,2009,8,2009-08,2009-07,,25.86,332.15,89.48354838709676,15.182580645161291,31,31,31,31,31,0,no_target_record,train
22,จันทบุรี,2009,9,2009-09,2009-08,,26.330000000000002,179.22,88.81709677419354,16.261935483870968,31,31,31,31,31,0,no_target_record,train
22,จันทบุรี,2009,10,2009-10,2009-09,,25.793333333333333,423.55,91.49233333333333,14.038333333333332,30,30,30,30,30,0,no_target_record,train
22,จันทบุรี,2009,11,2009-11,2009-10,,25.65774193548387,251.63000000000002,90.32870967741935,14.93,31,31,31,31,31,0,no_target_record,train
22,จันทบุรี,2009,12,2009-12,2009-11,,23.908,14.56,84.13433333333334,18.498,30,30,30,30,30,0,no_target_record,train
22,จันทบุรี,2010,1,2010-01,2009-12,,24.28774193548387,3.7399999999999998,78.9132258064516,17.879677419354838,31,31,31,31,31,0,no_target_record,train
22,จันทบุรี,2010,2,2010-02,2010-01,,25.41516129032258,33.55000000000001,76.22419354838709,16.83258064516129,31,31,31,31,31,0,no_target_record,train
22,จันทบุรี,2010,3,2010-03,2010-02,2109.0,27.336785714285714,47.029999999999994,76.5275,18.771428571428572,28,28,28,28,28,1,,train
22,จันทบุรี,2010,4,2010-04,2010-03,67211.0,27.97193548387097,52.879999999999995,70.67451612903226,20.020967741935483,31,31,31,31,31,1,,train
22,จันทบุรี,2010,5,2010-05,2010-04,118879.0,28.791666666666668,81.38999999999999,76.04633333333332,20.306333333333335,30,30,30,30,30,1,,train
22,จันทบุรี,2010,6,2010-06,2010-05,22586.0,28.266774193548386,221.44999999999996,82.17129032258065,18.97967741935484,31,31,31,31,31,1,,train
22,จันทบุรี,2010,7,2010-07,2010-06,105.0,26.705333333333332,293.96999999999997,90.33566666666667,16.476666666666667,30,30,30,30,30,1,,train
22,จันทบุรี,2010,8,2010-08,2010-07,,26.16483870967742,349.95,90.79161290322581,16.47967741935484,31,31,31,31,31,0,no_target_record,train
22,จันทบุรี,2010,9,2010-09,2010-08,,25.63935483870968,476.9000000000001,91.66870967741936,14.895806451612902,31,31,31,31,31,0,no_target_record,train
22,จันทบุรี,2010,10,2010-10,2010-09,,25.97533333333333,214.23000000000005,90.25733333333332,16.174,30,30,30,30,30,0,no_target_record,train
22,จันทบุรี,2010,11,2010-11,2010-10,,24.921612903225807,300.39000000000004,89.75806451612904,14.63,31,31,31,31,31,0,no_target_record,train
22,จันทบุรี,2010,12,2010-12,2010-11,,23.829666666666665,8.35,86.90166666666667,16.153000000000002,30,30,30,30,30,0,no_target_record,train
22,จันทบุรี,2011,1,2011-01,2010-12,,23.710322580645162,12.38,81.46612903225805,16.683870967741935,31,31,31,31,31,0,no_target_record,train
22,จันทบุรี,2011,2,2011-02,2011-01,67.0,23.766451612903225,0.01,66.38225806451612,18.794516129032257,31,31,31,31,31,1,,train
22,จันทบุรี,2011,3,2011-03,2011-02,9192.0,26.349999999999998,34.83,73.08214285714286,16.918928571428573,28,28,28,28,28,1,,train
22,จันทบุรี,2011,4,2011-04,2011-03,94307.0,26.12290322580645,109.51000000000002,71.43129032258064,16.61258064516129,31,31,31,31,31,1,,train
22,จันทบุรี,2011,5,2011-05,2011-04,105298.0,27.369000000000003,145.95000000000002,78.11999999999999,17.186666666666667,30,30,30,30,30,1,,train
22,จันทบุรี,2011,6,2011-06,2011-05,15104.0,26.891935483870967,173.98999999999998,85.65548387096774,17.04258064516129,31,31,31,31,31,1,,train
22,จันทบุรี,2011,7,2011-07,2011-06,787.0,26.183333333333334,348.51000000000005,89.43933333333332,14.935,30,30,30,30,30,1,,train
22,จันทบุรี,2011,8,2011-08,2011-07,,25.70225806451613,255.78,90.62064516129031,16.47741935483871,31,31,31,31,31,0,no_target_record,train
22,จันทบุรี,2011,9,2011-09,2011-08,,25.69451612903226,453.08000000000004,90.61516129032259,16.26516129032258,31,31,31,31,31,0,no_target_record,train
22,จันทบุรี,2011,10,2011-10,2011-09,,25.351999999999997,526.41,92.31099999999999,13.074000000000002,30,30,30,30,30,0,no_target_record,train
22,จันทบุรี,2011,11,2011-11,2011-10,,25.120322580645162,263.78999999999996,91.51677419354839,15.593225806451612,31,31,31,31,31,0,no_target_record,train
22,จันทบุรี,2011,12,2011-12,2011-11,,24.641666666666666,25.13,85.86133333333333,17.910666666666668,30,30,30,30,30,0,no_target_record,train
22,จันทบุรี,2012,1,2012-01,2011-12,,22.27548387096774,0.7,78.12290322580645,16.801612903225806,31,31,31,31,31,0,no_target_record,train
22,จันทบุรี,2012,2,2012-02,2012-01,,24.875806451612902,43.95,78.29935483870969,15.303870967741936,31,31,31,31,31,0,no_target_record,train
22,จันทบุรี,2012,3,2012-03,2012-02,4268.0,26.618275862068966,55.39999999999999,76.24068965517242,17.813793103448276,29,29,29,29,29,1,,train
22,จันทบุรี,2012,4,2012-04,2012-03,93129.0,27.311290322580643,63.32000000000001,76.35064516129032,19.116129032258065,31,31,31,31,31,1,,train
22,จันทบุรี,2012,5,2012-05,2012-04,99644.0,27.896333333333335,43.37,77.205,18.834333333333333,30,30,30,30,30,1,,train
22,จันทบุรี,2012,6,2012-06,2012-05,9113.0,27.065806451612904,292.98999999999995,85.04838709677419,16.063870967741938,31,31,31,31,31,1,,train
22,จันทบุรี,2012,7,2012-07,2012-06,21.0,26.387666666666668,198.05,88.02366666666667,16.524,30,30,30,30,30,1,,train
22,จันทบุรี,2012,8,2012-08,2012-07,,25.969032258064516,335.11999999999995,88.3216129032258,15.70032258064516,31,31,31,31,31,0,no_target_record,train
22,จันทบุรี,2012,9,2012-09,2012-08,,25.76225806451613,168.70999999999998,88.04096774193549,15.818387096774194,31,31,31,31,31,0,no_target_record,train
22,จันทบุรี,2012,10,2012-10,2012-09,,25.322999999999997,481.33000000000004,92.243,14.384333333333332,30,30,30,30,30,0,no_target_record,train
22,จันทบุรี,2012,11,2012-11,2012-10,,25.852903225806454,163.30999999999997,87.68225806451613,16.938709677419357,31,31,31,31,31,0,no_target_record,train
22,จันทบุรี,2012,12,2012-12,2012-11,,25.929333333333332,150.68,86.81733333333334,15.995666666666667,30,30,30,30,30,0,no_target_record,train
22,จันทบุรี,2013,1,2013-01,2012-12,,25.169032258064515,1.6500000000000001,80.4916129032258,18.057419354838707,31,31,31,31,31,0,no_target_record,train
22,จันทบุรี,2013,2,2013-02,2013-01,,24.34193548387097,60.290000000000006,78.17129032258065,16.877741935483872,31,31,31,31,31,0,no_target_record,train
22,จันทบุรี,2013,3,2013-03,2013-02,8060.0,26.300714285714285,21.250000000000004,77.91321428571429,17.46892857142857,28,28,28,28,28,1,,train
22,จันทบุรี,2013,4,2013-04,2013-03,37054.0,28.15774193548387,38.32000000000001,73.24096774193548,19.34451612903226,31,31,31,31,31,1,,train
22,จันทบุรี,2013,5,2013-05,2013-04,87182.0,27.996666666666666,147.81999999999996,78.54400000000001,17.987000000000002,30,30,30,30,30,1,,train
22,จันทบุรี,2013,6,2013-06,2013-05,90854.0,27.677419354838708,115.48,82.9683870967742,18.547096774193548,31,31,31,31,31,1,,train
22,จันทบุรี,2013,7,2013-07,2013-06,739.0,26.399333333333335,417.45,89.30066666666667,15.685333333333334,30,30,30,30,30,1,,train
22,จันทบุรี,2013,8,2013-08,2013-07,,25.539677419354838,522.28,90.99096774193548,14.32516129032258,31,31,31,31,31,0,no_target_record,train
22,จันทบุรี,2013,9,2013-09,2013-08,,25.501935483870966,351.40999999999997,91.64387096774193,15.424516129032257,31,31,31,31,31,0,no_target_record,train
22,จันทบุรี,2013,10,2013-10,2013-09,,25.515333333333334,428.43,91.261,14.380333333333335,30,30,30,30,30,0,no_target_record,train
22,จันทบุรี,2013,11,2013-11,2013-10,,25.388387096774192,323.67,88.76451612903226,16.273225806451613,31,31,31,31,31,0,no_target_record,train
22,จันทบุรี,2013,12,2013-12,2013-11,,24.849333333333334,74.41000000000001,87.47666666666667,16.244333333333334,30,30,30,30,30,0,no_target_record,train
22,จันทบุรี,2014,1,2014-01,2013-12,,20.72258064516129,6.379999999999999,80.23451612903226,17.05322580645161,31,31,31,31,31,0,no_target_record,train
22,จันทบุรี,2014,2,2014-02,2014-01,315.0,22.018387096774195,0.0,69.6558064516129,19.081612903225807,31,31,31,31,31,1,,train
22,จันทบุรี,2014,3,2014-03,2014-02,11507.0,25.540357142857143,17.55,75.71714285714286,17.33857142857143,28,28,28,28,28,1,,train
22,จันทบุรี,2014,4,2014-04,2014-03,73235.0,27.57709677419355,70.01,75.10258064516128,19.266129032258064,31,31,31,31,31,1,,train
22,จันทบุรี,2014,5,2014-05,2014-04,112814.0,28.816333333333333,53.62,71.86166666666666,19.09466666666667,30,30,30,30,30,1,,train
22,จันทบุรี,2014,6,2014-06,2014-05,56643.0,28.86806451612903,105.23,75.69870967741934,19.082580645161293,31,31,31,31,31,1,,train
22,จันทบุรี,2014,7,2014-07,2014-06,7601.0,27.158,291.47999999999996,86.22533333333334,14.538,30,30,30,30,30,1,,train
22,จันทบุรี,2014,8,2014-08,2014-07,,26.29064516129032,248.9,87.78903225806452,15.394193548387097,31,31,31,31,31,0,no_target_record,train
22,จันทบุรี,2014,9,2014-09,2014-08,,26.05548387096774,262.36,88.76548387096774,16.351290322580645,31,31,31,31,31,0,no_target_record,train
22,จันทบุรี,2014,10,2014-10,2014-09,,25.89,391.39,90.34066666666666,15.006333333333334,30,30,30,30,30,0,no_target_record,train
22,จันทบุรี,2014,11,2014-11,2014-10,,25.60451612903226,296.60999999999996,88.87258064516129,17.21741935483871,31,31,31,31,31,0,no_target_record,train
22,จันทบุรี,2014,12,2014-12,2014-11,,25.538,74.21000000000001,86.35966666666667,17.43433333333333,30,30,30,30,30,0,no_target_record,train
22,จันทบุรี,2015,1,2015-01,2014-12,,23.028709677419354,11.9,79.83354838709678,17.13741935483871,31,31,31,31,31,0,no_target_record,train
22,จันทบุรี,2015,2,2015-02,2015-01,682.0,23.254516129032258,5.19,71.92483870967742,18.730967741935483,31,31,31,31,31,1,,train
22,จันทบุรี,2015,3,2015-03,2015-02,16625.0,25.728571428571428,30.960000000000004,70.66392857142857,18.6325,28,28,28,28,28,1,,train
22,จันทบุรี,2015,4,2015-04,2015-03,67839.0,27.794193548387096,45.56,74.31290322580645,17.95935483870968,31,31,31,31,31,1,,train
22,จันทบุรี,2015,5,2015-05,2015-04,93762.0,28.712333333333333,57.120000000000005,71.26466666666667,19.238999999999997,30,30,30,30,30,1,,train
22,จันทบุรี,2015,6,2015-06,2015-05,63771.0,28.570967741935487,147.63000000000002,77.92645161290322,19.444193548387098,31,31,31,31,31,1,,train
22,จันทบุรี,2015,7,2015-07,2015-06,9980.0,26.89966666666667,345.18,85.16033333333333,17.337,30,30,30,30,30,1,,train
22,จันทบุรี,2015,8,2015-08,2015-07,,26.408709677419353,195.9,87.09451612903226,16.832903225806454,31,31,31,31,31,0,no_target_record,train
22,จันทบุรี,2015,9,2015-09,2015-08,,26.04,282.78,89.22806451612904,16.44677419354839,31,31,31,31,31,0,no_target_record,train
22,จันทบุรี,2015,10,2015-10,2015-09,,25.91166666666667,404.52,90.35533333333333,16.000333333333334,30,30,30,30,30,0,no_target_record,train
22,จันทบุรี,2015,11,2015-11,2015-10,,25.991612903225807,228.16,87.83935483870968,17.289354838709677,31,31,31,31,31,0,no_target_record,train
22,จันทบุรี,2015,12,2015-12,2015-11,,25.785666666666668,81.25000000000001,86.475,17.677,30,30,30,30,30,0,no_target_record,train
22,จันทบุรี,2016,1,2016-01,2015-12,1449.0,24.975161290322582,23.020000000000003,79.4658064516129,17.533548387096772,31,31,31,31,31,1,,train
22,จันทบุรี,2016,2,2016-02,2016-01,531.0,25.219354838709677,49.970000000000006,77.68838709677419,16.653225806451612,31,31,31,31,31,1,,train
22,จันทบุรี,2016,3,2016-03,2016-02,18982.0,25.88344827586207,5.9799999999999995,63.98724137931034,19.775862068965516,29,29,29,29,29,1,,train
22,จันทบุรี,2016,4,2016-04,2016-03,67028.0,28.470645161290324,18.850000000000005,69.79516129032258,19.68516129032258,31,31,31,31,31,1,,train
22,จันทบุรี,2016,5,2016-05,2016-04,63456.0,30.255666666666666,21.099999999999998,66.25066666666666,21.325333333333333,30,30,30,30,30,1,,train
22,จันทบุรี,2016,6,2016-06,2016-05,25615.0,29.32,154.46999999999997,73.50354838709679,17.317419354838712,31,31,31,31,31,1,,train
22,จันทบุรี,2016,7,2016-07,2016-06,9246.0,26.675666666666665,408.03999999999996,87.96766666666667,16.837666666666667,30,30,30,30,30,1,,train
22,จันทบุรี,2016,8,2016-08,2016-07,17798.0,25.95387096774194,321.25000000000006,89.70387096774193,15.594193548387098,31,31,31,31,31,1,,train
22,จันทบุรี,2016,9,2016-09,2016-08,,26.28483870967742,277.3,90.02387096774193,16.598064516129032,31,31,31,31,31,0,no_target_record,train
22,จันทบุรี,2016,10,2016-10,2016-09,,25.764333333333333,368.43,91.648,15.435333333333334,30,30,30,30,30,0,no_target_record,train
22,จันทบุรี,2016,11,2016-11,2016-10,,25.938064516129035,270.59999999999997,90.98225806451612,14.90032258064516,31,31,31,31,31,0,no_target_record,train
22,จันทบุรี,2016,12,2016-12,2016-11,,25.333666666666666,98.14000000000001,88.36933333333333,16.099333333333334,30,30,30,30,30,0,no_target_record,train
22,จันทบุรี,2017,1,2017-01,2016-12,,23.523870967741935,4.329999999999999,83.41516129032257,15.156129032258063,31,31,31,31,31,0,no_target_record,train
22,จันทบุรี,2017,2,2017-02,2017-01,615.0,24.539032258064516,68.03,79.54483870967742,17.109354838709677,31,31,31,31,31,1,,train
22,จันทบุรี,2017,3,2017-03,2017-02,21492.0,25.458928571428572,21.330000000000002,71.13607142857143,19.797500000000003,28,28,28,28,28,1,,train
22,จันทบุรี,2017,4,2017-04,2017-03,68996.0,27.145806451612902,101.05000000000001,76.76709677419356,18.910967741935483,31,31,31,31,31,1,,train
22,จันทบุรี,2017,5,2017-05,2017-04,126277.0,27.7,100.66999999999997,78.97633333333333,19.646,30,30,30,30,30,1,,train
22,จันทบุรี,2017,6,2017-06,2017-05,71487.0,27.25225806451613,485.00000000000006,87.87129032258065,15.811935483870968,31,31,31,31,31,1,,train
22,จันทบุรี,2017,7,2017-07,2017-06,18602.0,26.397,275.63,90.70133333333334,16.63266666666667,30,30,30,30,30,1,,train
22,จันทบุรี,2017,8,2017-08,2017-07,,25.52774193548387,445.0199999999999,91.85032258064517,15.201612903225806,31,31,31,31,31,0,no_target_record,train
22,จันทบุรี,2017,9,2017-09,2017-08,,25.943870967741937,273.04999999999995,91.16451612903225,16.533548387096772,31,31,31,31,31,0,no_target_record,train
22,จันทบุรี,2017,10,2017-10,2017-09,,26.326666666666664,313.40999999999997,91.38366666666667,17.113333333333333,30,30,30,30,30,0,no_target_record,train
22,จันทบุรี,2017,11,2017-11,2017-10,,25.850967741935484,211.54000000000002,90.34387096774194,16.86032258064516,31,31,31,31,31,0,no_target_record,train
22,จันทบุรี,2017,12,2017-12,2017-11,,24.734333333333332,81.01,88.86200000000001,14.196666666666665,30,30,30,30,30,0,no_target_record,train
22,จันทบุรี,2018,1,2018-01,2017-12,,23.232903225806453,13.079999999999998,81.67774193548387,16.46451612903226,31,31,31,31,31,0,no_target_record,train
22,จันทบุรี,2018,2,2018-02,2018-01,661.0,24.526774193548388,67.53,80.44096774193548,16.068709677419356,31,31,31,31,31,1,,train
22,จันทบุรี,2018,3,2018-03,2018-02,20806.0,24.930714285714288,24.25,74.58964285714285,18.24892857142857,28,28,28,28,28,1,,train
22,จันทบุรี,2018,4,2018-04,2018-03,100572.0,26.981612903225805,112.69000000000001,77.6416129032258,18.142903225806453,31,31,31,31,31,1,,train
22,จันทบุรี,2018,5,2018-05,2018-04,115725.0,27.200666666666667,171.35999999999999,80.372,18.267,30,30,30,30,30,1,,train
22,จันทบุรี,2018,6,2018-06,2018-05,51233.0,27.106129032258064,152.40999999999997,85.83870967741936,18.135161290322582,31,31,31,31,31,1,,train
22,จันทบุรี,2018,7,2018-07,2018-06,11666.0,26.301666666666666,270.84,88.34333333333333,16.128666666666668,30,30,30,30,30,1,,train
22,จันทบุรี,2018,8,2018-08,2018-07,,26.017419354838708,181.86,89.34290322580645,14.58290322580645,31,31,31,31,31,0,no_target_record,train
22,จันทบุรี,2018,9,2018-09,2018-08,,25.614838709677418,278.21000000000004,88.7158064516129,13.49741935483871,31,31,31,31,31,0,no_target_record,train
22,จันทบุรี,2018,10,2018-10,2018-09,,25.869666666666667,316.90000000000003,90.07566666666666,16.302333333333333,30,30,30,30,30,0,no_target_record,train
22,จันทบุรี,2018,11,2018-11,2018-10,,25.991290322580646,194.73999999999995,89.12258064516129,17.951290322580647,31,31,31,31,31,0,no_target_record,train
22,จันทบุรี,2018,12,2018-12,2018-11,,25.249666666666666,42.629999999999995,84.75133333333333,17.754666666666665,30,30,30,30,30,0,no_target_record,train
22,จันทบุรี,2019,1,2019-01,2018-12,74.0,25.438709677419357,21.51,78.91935483870968,16.988064516129032,31,31,31,31,31,1,,train
22,จันทบุรี,2019,2,2019-02,2019-01,1522.0,25.253548387096775,2.6,71.3358064516129,17.84483870967742,31,31,31,31,31,1,,train
22,จันทบุรี,2019,3,2019-03,2019-02,23235.0,27.24285714285714,10.0,75.01178571428571,18.735357142857143,28,28,28,28,28,1,,train
22,จันทบุรี,2019,4,2019-04,2019-03,165133.0,27.79806451612903,77.81,73.78483870967742,19.705483870967743,31,31,31,31,31,1,,train
22,จันทบุรี,2019,5,2019-05,2019-04,118291.0,28.468999999999998,87.46,77.997,20.853666666666665,30,30,30,30,30,1,,train
22,จันทบุรี,2019,6,2019-06,2019-05,45950.0,28.008387096774193,208.23000000000002,83.45709677419354,17.483548387096775,31,31,31,31,31,1,,train
22,จันทบุรี,2019,7,2019-07,2019-06,16851.0,27.082666666666668,327.44,88.37266666666666,16.187333333333335,30,30,30,30,30,1,,train
22,จันทบุรี,2019,8,2019-08,2019-07,111.0,26.216129032258067,292.50999999999993,88.3309677419355,18.053870967741933,31,31,31,31,31,1,,train
22,จันทบุรี,2019,9,2019-09,2019-08,,25.997096774193547,230.01,90.05129032258066,13.459677419354838,31,31,31,31,31,0,no_target_record,train
22,จันทบุรี,2019,10,2019-10,2019-09,,25.824333333333335,371.66,90.35666666666665,14.856666666666666,30,30,30,30,30,0,no_target_record,train
22,จันทบุรี,2019,11,2019-11,2019-10,,26.2958064516129,103.4,87.17322580645161,18.916774193548385,31,31,31,31,31,0,no_target_record,train
22,จันทบุรี,2019,12,2019-12,2019-11,,25.075,28.080000000000002,81.88933333333333,17.892333333333333,30,30,30,30,30,0,no_target_record,train
22,จันทบุรี,2020,1,2020-01,2019-12,43.0,24.01774193548387,0.8500000000000001,74.43483870967742,18.989032258064515,31,31,31,31,31,1,,train
22,จันทบุรี,2020,2,2020-02,2020-01,4641.0,26.510645161290324,15.490000000000002,72.61483870967741,18.403870967741934,31,31,31,31,31,1,,train
22,จันทบุรี,2020,3,2020-03,2020-02,62407.0,26.993793103448276,16.400000000000002,65.51103448275862,19.59896551724138,29,29,29,29,29,1,,train
22,จันทบุรี,2020,4,2020-04,2020-03,154017.0,28.622258064516128,70.62,72.42483870967742,19.82451612903226,31,31,31,31,31,1,,train
22,จันทบุรี,2020,5,2020-05,2020-04,136656.0,28.243666666666666,148.78,76.50500000000001,18.678,30,30,30,30,30,1,,train
22,จันทบุรี,2020,6,2020-06,2020-05,48653.0,28.16322580645161,228.2,83.7116129032258,18.205806451612904,31,31,31,31,31,1,,train
22,จันทบุรี,2020,7,2020-07,2020-06,22459.0,26.534333333333333,404.27000000000004,90.66733333333333,17.01966666666667,30,30,30,30,30,1,,train
22,จันทบุรี,2020,8,2020-08,2020-07,859.0,26.240967741935485,253.67,90.45870967741935,17.94193548387097,31,31,31,31,31,1,,train
22,จันทบุรี,2020,9,2020-09,2020-08,,26.184838709677418,284.91,90.58903225806452,16.213548387096775,31,31,31,31,31,0,no_target_record,train
22,จันทบุรี,2020,10,2020-10,2020-09,,26.165333333333333,458.25,91.74,15.470333333333334,30,30,30,30,30,0,no_target_record,train
22,จันทบุรี,2020,11,2020-11,2020-10,,24.92290322580645,512.66,91.7358064516129,14.003225806451614,31,31,31,31,31,0,no_target_record,train
22,จันทบุรี,2020,12,2020-12,2020-11,,24.824,51.17,87.97666666666667,16.99833333333333,30,30,30,30,30,0,no_target_record,train
22,จันทบุรี,2021,1,2021-01,2020-12,965.0,23.21225806451613,12.56,82.8141935483871,17.021612903225805,31,31,31,31,31,1,,train
22,จันทบุรี,2021,2,2021-02,2021-01,8554.0,23.190322580645162,0.39999999999999997,71.90032258064515,18.72967741935484,31,31,31,31,31,1,,train
22,จันทบุรี,2021,3,2021-03,2021-02,13291.0,26.103928571428572,49.61999999999999,69.57964285714286,20.082857142857144,28,28,28,28,28,1,,train
22,จันทบุรี,2021,4,2021-04,2021-03,122997.0,27.603870967741937,101.26000000000002,77.1541935483871,19.44483870967742,31,31,31,31,31,1,,train
22,จันทบุรี,2021,5,2021-05,2021-04,183312.0,27.048000000000002,240.27999999999997,84.80833333333334,17.821,30,30,30,30,30,1,,train
22,จันทบุรี,2021,6,2021-06,2021-05,93608.0,27.181935483870966,209.55000000000004,88.09935483870967,18.583225806451615,31,31,31,31,31,1,,train
22,จันทบุรี,2021,7,2021-07,2021-06,15923.0,26.426333333333332,268.07000000000005,89.60633333333334,17.677333333333333,30,30,30,30,30,1,,train
22,จันทบุรี,2021,8,2021-08,2021-07,,26.008064516129032,436.78000000000003,91.19483870967741,16.924193548387095,31,31,31,31,31,0,no_target_record,train
22,จันทบุรี,2021,9,2021-09,2021-08,,26.12741935483871,399.26,90.83032258064516,17.123225806451615,31,31,31,31,31,0,no_target_record,train
22,จันทบุรี,2021,10,2021-10,2021-09,,25.49866666666667,558.6099999999999,92.48866666666666,13.962333333333333,30,30,30,30,30,0,no_target_record,train
22,จันทบุรี,2021,11,2021-11,2021-10,,25.66483870967742,413.35,91.81032258064516,14.314516129032258,31,31,31,31,31,0,no_target_record,train
22,จันทบุรี,2021,12,2021-12,2021-11,,24.917333333333332,68.14,88.777,15.778666666666668,30,30,30,30,30,0,no_target_record,train
22,จันทบุรี,2022,1,2022-01,2021-12,,22.56032258064516,4.92,83.11967741935484,17.15064516129032,31,31,31,31,31,0,no_target_record,validation
22,จันทบุรี,2022,2,2022-02,2022-01,114.0,24.898709677419355,20.82,77.83870967741936,18.299677419354836,31,31,31,31,31,1,,validation
22,จันทบุรี,2022,3,2022-03,2022-02,15850.0,25.462857142857143,126.76,79.94392857142857,17.834642857142857,28,28,28,28,28,1,,validation
22,จันทบุรี,2022,4,2022-04,2022-03,103308.0,27.206774193548387,102.13,81.82451612903226,17.848064516129032,31,31,31,31,31,1,,validation
22,จันทบุรี,2022,5,2022-05,2022-04,269903.0,27.403666666666666,99.72999999999999,77.29533333333333,19.002000000000002,30,30,30,30,30,1,,validation
22,จันทบุรี,2022,6,2022-06,2022-05,152341.0,26.520967741935483,259.45,86.67774193548388,15.453548387096774,31,31,31,31,31,1,,validation
22,จันทบุรี,2022,7,2022-07,2022-06,28621.0,26.590666666666667,179.25,88.684,17.983999999999998,30,30,30,30,30,1,,validation
22,จันทบุรี,2022,8,2022-08,2022-07,,26.40838709677419,382.78,89.79354838709678,14.848064516129034,31,31,31,31,31,0,no_target_record,validation
22,จันทบุรี,2022,9,2022-09,2022-08,,25.793548387096774,519.18,91.34903225806453,14.683870967741935,31,31,31,31,31,0,no_target_record,validation
22,จันทบุรี,2022,10,2022-10,2022-09,,25.495333333333335,641.16,92.864,12.845,30,30,30,30,30,0,no_target_record,validation
22,จันทบุรี,2022,11,2022-11,2022-10,,25.02032258064516,245.72,89.20129032258065,17.061935483870965,31,31,31,31,31,0,no_target_record,validation
22,จันทบุรี,2022,12,2022-12,2022-11,,24.942,155.07000000000002,88.67433333333334,15.860666666666667,30,30,30,30,30,0,no_target_record,validation
22,จันทบุรี,2023,1,2023-01,2022-12,,22.85709677419355,2.08,81.87258064516129,17.698387096774194,31,31,31,31,31,0,no_target_record,validation
22,จันทบุรี,2023,2,2023-02,2023-01,3554.0,23.451612903225808,5.670000000000001,74.43064516129031,17.17774193548387,31,31,31,31,31,1,,validation
22,จันทบุรี,2023,3,2023-03,2023-02,39146.0,26.2,51.47,72.44964285714286,19.199285714285715,28,28,28,28,28,1,,validation
22,จันทบุรี,2023,4,2023-04,2023-03,308591.0,27.614193548387096,14.66,70.70935483870969,21.219032258064516,31,31,31,31,31,1,,validation
22,จันทบุรี,2023,5,2023-05,2023-04,93531.0,28.871666666666666,103.37,75.63533333333334,18.604666666666667,30,30,30,30,30,1,,validation
22,จันทบุรี,2023,6,2023-06,2023-05,90085.0,28.254516129032258,261.84,81.44774193548388,18.04774193548387,31,31,31,31,31,1,,validation
22,จันทบุรี,2023,7,2023-07,2023-06,2962.0,26.886000000000003,285.54,88.12866666666667,16.579,30,30,30,30,30,1,,validation
22,จันทบุรี,2023,8,2023-08,2023-07,592.0,26.530967741935484,386.9200000000001,89.57645161290323,14.475161290322582,31,31,31,31,31,1,,validation
22,จันทบุรี,2023,9,2023-09,2023-08,,26.660967741935483,158.76999999999998,89.61935483870967,17.21225806451613,31,31,31,31,31,0,no_target_record,validation
22,จันทบุรี,2023,10,2023-10,2023-09,,26.41466666666667,408.4200000000001,91.01,14.247666666666667,30,30,30,30,30,0,no_target_record,validation
22,จันทบุรี,2023,11,2023-11,2023-10,,26.301612903225806,358.24,91.39451612903225,15.47,31,31,31,31,31,0,no_target_record,validation
22,จันทบุรี,2023,12,2023-12,2023-11,,25.19,60.66,87.16333333333334,16.868666666666666,30,30,30,30,30,0,no_target_record,validation
22,จันทบุรี,2024,1,2024-01,2023-12,45.0,25.029999999999998,7.9799999999999995,80.4283870967742,17.093225806451613,31,31,31,31,31,1,,test
22,จันทบุรี,2024,2,2024-02,2024-01,404.0,25.96193548387097,2.27,72.53967741935485,18.355483870967742,31,31,31,31,31,1,,test
22,จันทบุรี,2024,3,2024-03,2024-02,4083.0,27.661724137931035,27.54,74.14413793103448,18.69,29,29,29,29,29,1,,test
22,จันทบุรี,2024,4,2024-04,2024-03,179881.0,28.809677419354838,58.550000000000004,74.22741935483872,17.947741935483872,31,31,31,31,31,1,,test
22,จันทบุรี,2024,5,2024-05,2024-04,243460.0,30.771666666666665,7.35,68.40933333333334,21.355999999999998,30,30,30,30,30,1,,test
22,จันทบุรี,2024,6,2024-06,2024-05,20819.0,29.003548387096775,367.73999999999995,80.98419354838708,17.15741935483871,31,31,31,31,31,1,,test
22,จันทบุรี,2024,7,2024-07,2024-06,,27.190333333333335,227.21000000000004,88.05466666666666,16.233666666666668,30,30,30,30,30,0,no_target_record,test
22,จันทบุรี,2024,8,2024-08,2024-07,,26.450967741935486,559.0499999999998,90.62645161290322,13.287096774193548,31,31,31,31,31,0,no_target_record,test
22,จันทบุรี,2024,9,2024-09,2024-08,,26.904193548387095,359.08,91.34870967741935,17.121290322580645,31,31,31,31,31,0,no_target_record,test
22,จันทบุรี,2024,10,2024-10,2024-09,,26.453666666666667,348.69999999999993,91.28766666666667,14.675333333333333,30,30,30,30,30,0,no_target_record,test
22,จันทบุรี,2024,11,2024-11,2024-10,,26.410967741935483,214.15000000000003,89.7567741935484,15.935806451612903,31,31,31,31,31,0,no_target_record,test
22,จันทบุรี,2024,12,2024-12,2024-11,,25.361,46.0,86.42833333333333,17.563666666666666,30,30,30,30,30,0,no_target_record,test
22,จันทบุรี,2025,1,2025-01,2024-12,,23.469032258064516,2.49,77.79903225806451,16.77774193548387,31,31,31,31,31,0,no_target_record,test
22,จันทบุรี,2025,2,2025-02,2025-01,518.0,23.356451612903225,0.78,64.9416129032258,19.280645161290323,31,31,31,31,31,1,,test
22,จันทบุรี,2025,3,2025-03,2025-02,7541.0,26.816785714285714,46.88,69.65464285714286,18.583571428571428,28,28,28,28,28,1,,test
22,จันทบุรี,2025,4,2025-04,2025-03,131354.0,27.760322580645163,87.51,72.47967741935483,19.198064516129033,31,31,31,31,31,1,,test
22,จันทบุรี,2025,5,2025-05,2025-04,326602.0,27.925333333333334,146.04999999999998,80.07166666666667,18.189666666666668,30,30,30,30,30,1,,test
22,จันทบุรี,2025,6,2025-06,2025-05,104473.0,27.481935483870966,429.85,86.55193548387098,16.491612903225807,31,31,31,31,31,1,,test
22,จันทบุรี,2025,7,2025-07,2025-06,5123.0,26.557333333333336,276.44000000000005,89.51966666666667,14.871666666666666,30,30,30,30,30,1,,test
22,จันทบุรี,2025,8,2025-08,2025-07,,26.47774193548387,299.24999999999994,90.45967741935483,14.97709677419355,31,31,31,31,31,0,no_target_record,test
22,จันทบุรี,2025,9,2025-09,2025-08,,26.2241935483871,338.03,89.46612903225805,16.088709677419356,31,31,31,31,31,0,no_target_record,test
22,จันทบุรี,2025,10,2025-10,2025-09,,25.897,567.9399999999999,92.422,14.063333333333333,30,30,30,30,30,0,no_target_record,test
22,จันทบุรี,2025,11,2025-11,2025-10,,25.903225806451612,247.16000000000003,89.45677419354838,16.11032258064516,31,31,31,31,31,0,no_target_record,test
22,จันทบุรี,2025,12,2025-12,2025-11,,23.578333333333333,93.1,85.89,14.955333333333334,30,30,30,30,30,0,no_target_record,test
22,จันทบุรี,2026,1,2026-01,2025-12,,23.718064516129033,7.930000000000001,79.9941935483871,17.476451612903226,31,31,31,31,31,0,no_target_record,future_holdout
22,จันทบุรี,2026,2,2026-02,2026-01,,23.323870967741936,3.0700000000000003,69.15451612903226,18.34903225806452,31,31,31,31,31,0,no_target_record,future_holdout
22,จันทบุรี,2026,3,2026-03,2026-02,,27.304285714285715,32.7,70.64571428571428,18.584285714285716,28,28,28,28,28,0,no_target_record,future_holdout
22,จันทบุรี,2026,4,2026-04,2026-03,,28.307741935483868,43.96999999999999,69.71516129032258,20.940645161290323,31,31,31,31,31,0,no_target_record,future_holdout
22,จันทบุรี,2026,5,2026-05,2026-04,,29.362666666666666,31.33,70.141,20.185,30,30,30,30,30,0,no_target_record,future_holdout
22,จันทบุรี,2026,6,2026-06,2026-05,,28.175161290322578,242.71999999999997,82.14935483870968,16.532258064516128,31,31,31,31,31,0,no_target_record,future_holdout
22,จันทบุรี,2026,7,2026-07,2026-06,,27.188,253.76,87.036,16.61133333333333,30,30,30,30,30,0,no_target_record,future_holdout
22,จันทบุรี,2026,8,2026-08,2026-07,,26.681290322580644,533.85,88.40677419354839,14.263548387096774,31,31,31,31,31,0,no_target_record,future_holdout
22,จันทบุรี,2026,9,2026-09,2026-08,,26.434838709677418,283.09000000000003,90.53451612903227,12.458709677419353,31,31,31,31,31,0,no_target_record,future_holdout
33,ศรีสะเกษ,1981,1,1981-01,1980-12,,,,,,0,0,,,31,0,no_target_record;incomplete_lag_temperature_or_rain;missing_lag_feature;incomplete_lag_daily_coverage,train
33,ศรีสะเกษ,1981,2,1981-02,1981-01,,23.92774193548387,0.02,56.7383870967742,,31,0,31,31,31,0,no_target_record;missing_lag_feature;incomplete_lag_daily_coverage,train
33,ศรีสะเกษ,1981,3,1981-03,1981-02,,28.27285714285714,25.13,48.106785714285714,,28,0,28,28,28,0,no_target_record;missing_lag_feature;incomplete_lag_daily_coverage,train
33,ศรีสะเกษ,1981,4,1981-04,1981-03,,31.461935483870967,9.969999999999999,43.18774193548387,,31,0,31,31,31,0,no_target_record;missing_lag_feature;incomplete_lag_daily_coverage,train
33,ศรีสะเกษ,1981,5,1981-05,1981-04,,30.671666666666667,88.61000000000001,57.82,,30,0,30,30,30,0,no_target_record;missing_lag_feature;incomplete_lag_daily_coverage,train
33,ศรีสะเกษ,1981,6,1981-06,1981-05,,28.97290322580645,168.98999999999998,70.27193548387096,,31,0,31,31,31,0,no_target_record;missing_lag_feature;incomplete_lag_daily_coverage,train
33,ศรีสะเกษ,1981,7,1981-07,1981-06,,26.735,220.54999999999998,84.31633333333333,,30,0,30,30,30,0,no_target_record;missing_lag_feature;incomplete_lag_daily_coverage,train
33,ศรีสะเกษ,1981,8,1981-08,1981-07,,25.955483870967743,301.67999999999995,88.65741935483871,,31,0,31,31,31,0,no_target_record;missing_lag_feature;incomplete_lag_daily_coverage,train
33,ศรีสะเกษ,1981,9,1981-09,1981-08,,25.741935483870968,196.87,89.4158064516129,,31,0,31,31,31,0,no_target_record;missing_lag_feature;incomplete_lag_daily_coverage,train
33,ศรีสะเกษ,1981,10,1981-10,1981-09,,26.328,115.84,85.913,,30,0,30,30,30,0,no_target_record;missing_lag_feature;incomplete_lag_daily_coverage,train
33,ศรีสะเกษ,1981,11,1981-11,1981-10,,25.346451612903227,116.97999999999999,86.44903225806452,,31,0,31,31,31,0,no_target_record;missing_lag_feature;incomplete_lag_daily_coverage,train
33,ศรีสะเกษ,1981,12,1981-12,1981-11,,24.246,47.13999999999999,81.909,,30,0,30,30,30,0,no_target_record;missing_lag_feature;incomplete_lag_daily_coverage,train
33,ศรีสะเกษ,1982,1,1982-01,1981-12,,22.06,0.06999999999999999,65.31774193548387,,31,0,31,31,31,0,no_target_record;missing_lag_feature;incomplete_lag_daily_coverage,train
33,ศรีสะเกษ,1982,2,1982-02,1982-01,,24.39774193548387,0.3,53.759354838709676,,31,0,31,31,31,0,no_target_record;missing_lag_feature;incomplete_lag_daily_coverage,train
33,ศรีสะเกษ,1982,3,1982-03,1982-02,,28.742142857142856,10.399999999999999,48.732142857142854,,28,0,28,28,28,0,no_target_record;missing_lag_feature;incomplete_lag_daily_coverage,train
33,ศรีสะเกษ,1982,4,1982-04,1982-03,,32.45935483870968,8.34,39.83064516129032,,31,0,31,31,31,0,no_target_record;missing_lag_feature;incomplete_lag_daily_coverage,train
33,ศรีสะเกษ,1982,5,1982-05,1982-04,,30.939,50.239999999999995,50.413333333333334,,30,0,30,30,30,0,no_target_record;missing_lag_feature;incomplete_lag_daily_coverage,train
33,ศรีสะเกษ,1982,6,1982-06,1982-05,,31.09,101.41,58.77967741935484,,31,0,31,31,31,0,no_target_record;missing_lag_feature;incomplete_lag_daily_coverage,train
33,ศรีสะเกษ,1982,7,1982-07,1982-06,,27.750666666666667,220.02999999999997,77.46033333333334,,30,0,30,30,30,0,no_target_record;missing_lag_feature;incomplete_lag_daily_coverage,train
33,ศรีสะเกษ,1982,8,1982-08,1982-07,,26.278387096774193,186.54999999999998,85.1467741935484,,31,0,31,31,31,0,no_target_record;missing_lag_feature;incomplete_lag_daily_coverage,train
33,ศรีสะเกษ,1982,9,1982-09,1982-08,,25.844838709677422,225.66,87.68161290322581,,31,0,31,31,31,0,no_target_record;missing_lag_feature;incomplete_lag_daily_coverage,train
33,ศรีสะเกษ,1982,10,1982-10,1982-09,,25.295666666666666,376.21,89.49233333333333,,30,0,30,30,30,0,no_target_record;missing_lag_feature;incomplete_lag_daily_coverage,train
33,ศรีสะเกษ,1982,11,1982-11,1982-10,,25.551935483870967,103.30000000000001,85.20129032258065,,31,0,31,31,31,0,no_target_record;missing_lag_feature;incomplete_lag_daily_coverage,train
33,ศรีสะเกษ,1982,12,1982-12,1982-11,,24.897333333333332,27.939999999999998,83.39699999999999,,30,0,30,30,30,0,no_target_record;missing_lag_feature;incomplete_lag_daily_coverage,train
33,ศรีสะเกษ,1983,1,1983-01,1982-12,,21.39,1.5300000000000002,66.01741935483871,,31,0,31,31,31,0,no_target_record;missing_lag_feature;incomplete_lag_daily_coverage,train
33,ศรีสะเกษ,1983,2,1983-02,1983-01,,23.663870967741936,1.7200000000000002,56.905806451612904,,31,0,31,31,31,0,no_target_record;missing_lag_feature;incomplete_lag_daily_coverage,train
33,ศรีสะเกษ,1983,3,1983-03,1983-02,,29.81,2.17,42.31357142857143,,28,0,28,28,28,0,no_target_record;missing_lag_feature;incomplete_lag_daily_coverage,train
33,ศรีสะเกษ,1983,4,1983-04,1983-03,,31.93064516129032,1.76,39.46741935483871,,31,0,31,31,31,0,no_target_record;missing_lag_feature;incomplete_lag_daily_coverage,train
33,ศรีสะเกษ,1983,5,1983-05,1983-04,,33.80166666666666,48.99,43.66466666666667,,30,0,30,30,30,0,no_target_record;missing_lag_feature;incomplete_lag_daily_coverage,train
33,ศรีสะเกษ,1983,6,1983-06,1983-05,,29.390645161290323,172.58,69.91774193548386,,31,0,31,31,31,0,no_target_record;missing_lag_feature;incomplete_lag_daily_coverage,train
33,ศรีสะเกษ,1983,7,1983-07,1983-06,,27.486333333333334,259.96000000000004,81.00966666666666,,30,0,30,30,30,0,no_target_record;missing_lag_feature;incomplete_lag_daily_coverage,train
33,ศรีสะเกษ,1983,8,1983-08,1983-07,,26.529677419354837,158.64000000000001,86.98451612903226,,31,0,31,31,31,0,no_target_record;missing_lag_feature;incomplete_lag_daily_coverage,train
33,ศรีสะเกษ,1983,9,1983-09,1983-08,,26.226451612903226,267.11,88.34258064516129,,31,0,31,31,31,0,no_target_record;missing_lag_feature;incomplete_lag_daily_coverage,train
33,ศรีสะเกษ,1983,10,1983-10,1983-09,,26.16866666666667,199.92,86.71766666666667,,30,0,30,30,30,0,no_target_record;missing_lag_feature;incomplete_lag_daily_coverage,train
33,ศรีสะเกษ,1983,11,1983-11,1983-10,,25.14516129032258,221.6,88.6241935483871,,31,0,31,31,31,0,no_target_record;missing_lag_feature;incomplete_lag_daily_coverage,train
33,ศรีสะเกษ,1983,12,1983-12,1983-11,,22.112000000000002,13.239999999999998,82.28466666666667,,30,0,30,30,30,0,no_target_record;missing_lag_feature;incomplete_lag_daily_coverage,train
33,ศรีสะเกษ,1984,1,1984-01,1983-12,,22.471612903225807,1.1300000000000001,68.65225806451612,,31,0,31,31,31,0,no_target_record;missing_lag_feature;incomplete_lag_daily_coverage,train
33,ศรีสะเกษ,1984,2,1984-02,1984-01,,23.335806451612903,6.629999999999999,56.63354838709678,19.37709677419355,31,31,31,31,31,0,no_target_record,train
33,ศรีสะเกษ,1984,3,1984-03,1984-02,,28.646896551724137,3.6199999999999997,44.10413793103448,21.812758620689657,29,29,29,29,29,0,no_target_record,train
33,ศรีสะเกษ,1984,4,1984-04,1984-03,,30.07677419354839,56.88,48.71322580645161,21.856451612903225,31,31,31,31,31,0,no_target_record,train
33,ศรีสะเกษ,1984,5,1984-05,1984-04,,30.797,107.55,59.483333333333334,20.096999999999998,30,30,30,30,30,0,no_target_record,train
33,ศรีสะเกษ,1984,6,1984-06,1984-05,,27.539677419354838,197.29999999999998,77.88225806451612,21.749354838709678,31,31,31,31,31,0,no_target_record,train
33,ศรีสะเกษ,1984,7,1984-07,1984-06,,26.605,172.34,85.172,18.71966666666667,30,30,30,30,30,0,no_target_record,train
33,ศรีสะเกษ,1984,8,1984-08,1984-07,,26.409032258064514,159.48,83.66451612903225,16.97483870967742,31,31,31,31,31,0,no_target_record,train
33,ศรีสะเกษ,1984,9,1984-09,1984-08,,25.99451612903226,334.81000000000006,86.05903225806452,16.816451612903226,31,31,31,31,31,0,no_target_record,train
33,ศรีสะเกษ,1984,10,1984-10,1984-09,,25.884333333333334,305.88,86.10966666666667,18.513666666666666,30,30,30,30,30,0,no_target_record,train
33,ศรีสะเกษ,1984,11,1984-11,1984-10,,24.445806451612903,183.56,87.29129032258064,17.924838709677417,31,31,31,31,31,0,no_target_record,train
33,ศรีสะเกษ,1984,12,1984-12,1984-11,,23.174,20.77,85.00033333333334,18.269000000000002,30,30,30,30,30,0,no_target_record,train
33,ศรีสะเกษ,1985,1,1985-01,1984-12,,22.489032258064515,0.02,72.23354838709676,18.88064516129032,31,31,31,31,31,0,no_target_record,train
33,ศรีสะเกษ,1985,2,1985-02,1985-01,,24.34,9.79,61.115161290322575,21.03,31,31,31,31,31,0,no_target_record,train
33,ศรีสะเกษ,1985,3,1985-03,1985-02,,29.736785714285713,56.540000000000006,50.580357142857146,22.063214285714285,28,28,28,28,28,0,no_target_record,train
33,ศรีสะเกษ,1985,4,1985-04,1985-03,,28.62290322580645,19.93,55.58032258064516,22.11032258064516,31,31,31,31,31,0,no_target_record,train
33,ศรีสะเกษ,1985,5,1985-05,1985-04,,30.16433333333333,143.63,58.93666666666666,20.851666666666667,30,30,30,30,30,0,no_target_record,train
33,ศรีสะเกษ,1985,6,1985-06,1985-05,,27.77225806451613,180.82000000000005,78.01806451612903,21.681935483870966,31,31,31,31,31,0,no_target_record,train
33,ศรีสะเกษ,1985,7,1985-07,1985-06,,26.147666666666666,217.81999999999996,87.22766666666666,18.532666666666668,30,30,30,30,30,0,no_target_record,train
33,ศรีสะเกษ,1985,8,1985-08,1985-07,,25.68354838709677,135.16000000000003,86.5009677419355,20.658709677419353,31,31,31,31,31,0,no_target_record,train
33,ศรีสะเกษ,1985,9,1985-09,1985-08,,25.84193548387097,252.06,88.42903225806452,18.403548387096773,31,31,31,31,31,0,no_target_record,train
33,ศรีสะเกษ,1985,10,1985-10,1985-09,,25.82766666666667,277.27,87.26566666666666,19.525,30,30,30,30,30,0,no_target_record,train
33,ศรีสะเกษ,1985,11,1985-11,1985-10,,25.034193548387094,113.49000000000002,84.85935483870968,19.44741935483871,31,31,31,31,31,0,no_target_record,train
33,ศรีสะเกษ,1985,12,1985-12,1985-11,,24.708333333333332,28.77,83.08566666666667,19.06833333333333,30,30,30,30,30,0,no_target_record,train
33,ศรีสะเกษ,1986,1,1986-01,1985-12,,23.07677419354839,0.02,66.17903225806452,19.442903225806454,31,31,31,31,31,0,no_target_record,train
33,ศรีสะเกษ,1986,2,1986-02,1986-01,,23.549354838709675,0.0,53.480000000000004,21.280645161290323,31,31,31,31,31,0,no_target_record,train
33,ศรีสะเกษ,1986,3,1986-03,1986-02,,28.543928571428573,0.02,40.99821428571429,22.43392857142857,28,28,28,28,28,0,no_target_record,train
33,ศรีสะเกษ,1986,4,1986-04,1986-03,,30.220322580645163,18.769999999999996,41.92903225806452,23.26774193548387,31,31,31,31,31,0,no_target_record,train
33,ศรีสะเกษ,1986,5,1986-05,1986-04,,30.448,86.85000000000002,58.553,22.034666666666666,30,30,30,30,30,0,no_target_record,train
33,ศรีสะเกษ,1986,6,1986-06,1986-05,,27.57225806451613,181.82000000000002,79.12258064516129,20.88258064516129,31,31,31,31,31,0,no_target_record,train
33,ศรีสะเกษ,1986,7,1986-07,1986-06,,27.179,149.19,81.46900000000001,21.147666666666666,30,30,30,30,30,0,no_target_record,train
33,ศรีสะเกษ,1986,8,1986-08,1986-07,,26.253870967741936,234.48000000000002,84.49838709677418,19.675483870967742,31,31,31,31,31,0,no_target_record,train
33,ศรีสะเกษ,1986,9,1986-09,1986-08,,25.790967741935482,390.13,89.73290322580644,17.151290322580646,31,31,31,31,31,0,no_target_record,train
33,ศรีสะเกษ,1986,10,1986-10,1986-09,,25.77466666666667,223.39000000000004,87.319,18.220333333333333,30,30,30,30,30,0,no_target_record,train
33,ศรีสะเกษ,1986,11,1986-11,1986-10,,25.39,179.59000000000003,87.11290322580645,18.889032258064514,31,31,31,31,31,0,no_target_record,train
33,ศรีสะเกษ,1986,12,1986-12,1986-11,,22.778000000000002,17.46,84.497,19.17,30,30,30,30,30,0,no_target_record,train
33,ศรีสะเกษ,1987,1,1987-01,1986-12,,22.873870967741937,3.52,74.10548387096775,18.59225806451613,31,31,31,31,31,0,no_target_record,train
33,ศรีสะเกษ,1987,2,1987-02,1987-01,,24.801290322580645,0.01,58.37451612903225,20.905806451612904,31,31,31,31,31,0,no_target_record,train
33,ศรีสะเกษ,1987,3,1987-03,1987-02,,28.052142857142858,2.8,44.63,22.31142857142857,28,28,28,28,28,0,no_target_record,train
33,ศรีสะเกษ,1987,4,1987-04,1987-03,,31.258387096774193,17.04,45.009354838709676,21.909354838709678,31,31,31,31,31,0,no_target_record,train
33,ศรีสะเกษ,1987,5,1987-05,1987-04,,31.129666666666665,53.53,54.858666666666664,22.252666666666666,30,30,30,30,30,0,no_target_record,train
33,ศรีสะเกษ,1987,6,1987-06,1987-05,,30.536129032258064,115.72999999999999,62.296129032258065,22.093225806451613,31,31,31,31,31,0,no_target_record,train
33,ศรีสะเกษ,1987,7,1987-07,1987-06,,27.539666666666665,251.51,82.01566666666666,20.511666666666667,30,30,30,30,30,0,no_target_record,train
33,ศรีสะเกษ,1987,8,1987-08,1987-07,,26.20741935483871,272.84,87.18354838709678,19.12,31,31,31,31,31,0,no_target_record,train
33,ศรีสะเกษ,1987,9,1987-09,1987-08,,26.47258064516129,219.89999999999998,86.99774193548386,18.615161290322582,31,31,31,31,31,0,no_target_record,train
33,ศรีสะเกษ,1987,10,1987-10,1987-09,,26.33533333333333,345.17,87.454,17.34733333333333,30,30,30,30,30,0,no_target_record,train
33,ศรีสะเกษ,1987,11,1987-11,1987-10,,26.068387096774195,79.33,85.28483870967742,19.42322580645161,31,31,31,31,31,0,no_target_record,train
33,ศรีสะเกษ,1987,12,1987-12,1987-11,,24.861666666666668,33.349999999999994,85.15100000000001,17.497,30,30,30,30,30,0,no_target_record,train
33,ศรีสะเกษ,1988,1,1988-01,1987-12,,21.32677419354839,0.0,67.58258064516129,19.483870967741936,31,31,31,31,31,0,no_target_record,train
33,ศรีสะเกษ,1988,2,1988-02,1988-01,,26.800967741935484,0.04,52.58129032258064,20.109354838709677,31,31,31,31,31,0,no_target_record,train
33,ศรีสะเกษ,1988,3,1988-03,1988-02,,29.5,19.279999999999998,45.84172413793104,21.97344827586207,29,29,29,29,29,0,no_target_record,train
33,ศรีสะเกษ,1988,4,1988-04,1988-03,,32.19774193548387,10.440000000000001,42.92935483870968,22.250967741935483,31,31,31,31,31,0,no_target_record,train
33,ศรีสะเกษ,1988,5,1988-05,1988-04,,30.758666666666667,90.67999999999999,57.61066666666667,20.161,30,30,30,30,30,0,no_target_record,train
33,ศรีสะเกษ,1988,6,1988-06,1988-05,,28.102903225806454,232.70000000000005,80.05000000000001,20.039354838709677,31,31,31,31,31,0,no_target_record,train
33,ศรีสะเกษ,1988,7,1988-07,1988-06,,26.549666666666667,329.06,88.42699999999999,20.216333333333335,30,30,30,30,30,0,no_target_record,train
33,ศรีสะเกษ,1988,8,1988-08,1988-07,,26.77806451612903,97.55,86.98516129032258,20.326451612903227,31,31,31,31,31,0,no_target_record,train
33,ศรีสะเกษ,1988,9,1988-09,1988-08,,26.615161290322582,119.57000000000001,86.71548387096773,18.409032258064514,31,31,31,31,31,0,no_target_record,train
33,ศรีสะเกษ,1988,10,1988-10,1988-09,,26.728,240.21999999999997,85.11166666666666,20.233666666666668,30,30,30,30,30,0,no_target_record,train
33,ศรีสะเกษ,1988,11,1988-11,1988-10,,24.799032258064514,159.6,87.03709677419356,16.269032258064517,31,31,31,31,31,0,no_target_record,train
33,ศรีสะเกษ,1988,12,1988-12,1988-11,,22.654999999999998,0.9500000000000001,78.176,18.374000000000002,30,30,30,30,30,0,no_target_record,train
33,ศรีสะเกษ,1989,1,1989-01,1988-12,,23.306774193548385,0.0,61.88,19.220645161290324,31,31,31,31,31,0,no_target_record,train
33,ศรีสะเกษ,1989,2,1989-02,1989-01,,27.15258064516129,0.25,49.99709677419355,20.111290322580647,31,31,31,31,31,0,no_target_record,train
33,ศรีสะเกษ,1989,3,1989-03,1989-02,,28.01107142857143,0.1,40.824285714285715,22.98428571428571,28,28,28,28,28,0,no_target_record,train
33,ศรีสะเกษ,1989,4,1989-04,1989-03,,28.90290322580645,49.519999999999996,50.90903225806452,20.138387096774192,31,31,31,31,31,0,no_target_record,train
33,ศรีสะเกษ,1989,5,1989-05,1989-04,,30.982000000000003,53.94999999999999,57.55133333333333,20.646333333333335,30,30,30,30,30,0,no_target_record,train
33,ศรีสะเกษ,1989,6,1989-06,1989-05,,29.33225806451613,165.31999999999996,69.54161290322581,20.686774193548384,31,31,31,31,31,0,no_target_record,train
33,ศรีสะเกษ,1989,7,1989-07,1989-06,,26.75,162.89999999999998,82.99666666666667,19.49866666666667,30,30,30,30,30,0,no_target_record,train
33,ศรีสะเกษ,1989,8,1989-08,1989-07,,26.208709677419357,300.65000000000003,87.46354838709676,18.76516129032258,31,31,31,31,31,0,no_target_record,train
33,ศรีสะเกษ,1989,9,1989-09,1989-08,,26.018387096774195,256.61,89.33806451612904,18.444193548387098,31,31,31,31,31,0,no_target_record,train
33,ศรีสะเกษ,1989,10,1989-10,1989-09,,25.990333333333336,195.87,87.59233333333333,18.244666666666667,30,30,30,30,30,0,no_target_record,train
33,ศรีสะเกษ,1989,11,1989-11,1989-10,,25.226129032258065,120.66000000000001,86.00161290322582,19.31709677419355,31,31,31,31,31,0,no_target_record,train
33,ศรีสะเกษ,1989,12,1989-12,1989-11,,24.012,7.34,77.66366666666666,20.259999999999998,30,30,30,30,30,0,no_target_record,train
33,ศรีสะเกษ,1990,1,1990-01,1989-12,,23.879032258064516,0.04,60.87612903225807,20.07032258064516,31,31,31,31,31,0,no_target_record,train
33,ศรีสะเกษ,1990,2,1990-02,1990-01,,27.003225806451614,1.37,49.69903225806452,20.44483870967742,31,31,31,31,31,0,no_target_record,train
33,ศรีสะเกษ,1990,3,1990-03,1990-02,,28.16,42.1,51.205,21.707142857142856,28,28,28,28,28,0,no_target_record,train
33,ศรีสะเกษ,1990,4,1990-04,1990-03,,28.764193548387098,71.14000000000001,59.78064516129032,19.248387096774195,31,31,31,31,31,0,no_target_record,train
33,ศรีสะเกษ,1990,5,1990-05,1990-04,,32.10733333333334,35.71999999999999,50.77433333333333,21.17,30,30,30,30,30,0,no_target_record,train
33,ศรีสะเกษ,1990,6,1990-06,1990-05,,29.72483870967742,174.86000000000004,67.60354838709678,19.95193548387097,31,31,31,31,31,0,no_target_record,train
33,ศรีสะเกษ,1990,7,1990-07,1990-06,,27.041666666666668,243.77999999999997,84.08033333333333,18.478333333333335,30,30,30,30,30,0,no_target_record,train
33,ศรีสะเกษ,1990,8,1990-08,1990-07,,26.149032258064516,331.96000000000004,87.92806451612903,19.241290322580646,31,31,31,31,31,0,no_target_record,train
33,ศรีสะเกษ,1990,9,1990-09,1990-08,,25.990967741935485,191.98000000000002,89.68903225806451,17.881612903225808,31,31,31,31,31,0,no_target_record,train
33,ศรีสะเกษ,1990,10,1990-10,1990-09,,26.221666666666668,299.31,88.93633333333334,18.094,30,30,30,30,30,0,no_target_record,train
33,ศรีสะเกษ,1990,11,1990-11,1990-10,,25.36064516129032,147.57999999999998,88.44548387096773,18.129677419354838,31,31,31,31,31,0,no_target_record,train
33,ศรีสะเกษ,1990,12,1990-12,1990-11,,23.839333333333332,35.3,84.89366666666666,18.662333333333333,30,30,30,30,30,0,no_target_record,train
33,ศรีสะเกษ,1991,1,1991-01,1990-12,,23.208709677419357,0.04,72.39741935483872,19.66483870967742,31,31,31,31,31,0,no_target_record,train
33,ศรีสะเกษ,1991,2,1991-02,1991-01,,26.562580645161287,0.04,56.84193548387096,20.548387096774192,31,31,31,31,31,0,no_target_record,train
33,ศรีสะเกษ,1991,3,1991-03,1991-02,,28.208571428571428,0.37,44.63642857142857,22.314285714285713,28,28,28,28,28,0,no_target_record,train
33,ศรีสะเกษ,1991,4,1991-04,1991-03,,32.61258064516129,5.91,41.50290322580645,22.067419354838712,31,31,31,31,31,0,no_target_record,train
33,ศรีสะเกษ,1991,5,1991-05,1991-04,,31.907333333333334,48.26000000000001,50.22633333333333,21.479,30,30,30,30,30,0,no_target_record,train
33,ศรีสะเกษ,1991,6,1991-06,1991-05,,30.206129032258065,127.42000000000002,65.22709677419354,21.95741935483871,31,31,31,31,31,0,no_target_record,train
33,ศรีสะเกษ,1991,7,1991-07,1991-06,,27.401333333333334,205.5,80.66266666666667,19.00433333333333,30,30,30,30,30,0,no_target_record,train
33,ศรีสะเกษ,1991,8,1991-08,1991-07,,26.64,143.09,85.88645161290323,17.386774193548387,31,31,31,31,31,0,no_target_record,train
33,ศรีสะเกษ,1991,9,1991-09,1991-08,,26.10709677419355,368.06,89.15741935483871,16.552258064516128,31,31,31,31,31,0,no_target_record,train
33,ศรีสะเกษ,1991,10,1991-10,1991-09,,26.441666666666666,249.10000000000002,87.981,16.920666666666666,30,30,30,30,30,0,no_target_record,train
33,ศรีสะเกษ,1991,11,1991-11,1991-10,,24.791935483870965,160.53999999999996,88.12677419354839,17.199354838709677,31,31,31,31,31,0,no_target_record,train
33,ศรีสะเกษ,1991,12,1991-12,1991-11,,22.688666666666666,0.8800000000000001,83.88066666666667,20.134333333333334,30,30,30,30,30,0,no_target_record,train
33,ศรีสะเกษ,1992,1,1992-01,1991-12,,23.659354838709678,2.1499999999999995,70.87225806451613,18.778387096774193,31,31,31,31,31,0,no_target_record,train
33,ศรีสะเกษ,1992,2,1992-02,1992-01,,23.355483870967742,22.259999999999998,63.32258064516129,19.501290322580644,31,31,31,31,31,0,no_target_record,train
33,ศรีสะเกษ,1992,3,1992-03,1992-02,,27.61344827586207,22.52,54.83586206896552,20.885517241379308,29,29,29,29,29,0,no_target_record,train
33,ศรีสะเกษ,1992,4,1992-04,1992-03,,32.07387096774193,3.0199999999999996,41.01096774193548,21.72290322580645,31,31,31,31,31,0,no_target_record,train
33,ศรีสะเกษ,1992,5,1992-05,1992-04,,33.478,29.590000000000003,43.17066666666667,20.910333333333334,30,30,30,30,30,0,no_target_record,train
33,ศรีสะเกษ,1992,6,1992-06,1992-05,,29.84741935483871,170.0,68.31935483870969,22.720322580645163,31,31,31,31,31,0,no_target_record,train
33,ศรีสะเกษ,1992,7,1992-07,1992-06,,27.075666666666667,252.46000000000004,84.91966666666667,18.81566666666667,30,30,30,30,30,0,no_target_record,train
33,ศรีสะเกษ,1992,8,1992-08,1992-07,,26.462903225806453,240.81,86.29322580645162,18.42258064516129,31,31,31,31,31,0,no_target_record,train
33,ศรีสะเกษ,1992,9,1992-09,1992-08,,26.320967741935487,287.57000000000005,88.58870967741936,16.430967741935483,31,31,31,31,31,0,no_target_record,train
33,ศรีสะเกษ,1992,10,1992-10,1992-09,,25.951,230.86,89.64466666666667,18.086666666666666,30,30,30,30,30,0,no_target_record,train
33,ศรีสะเกษ,1992,11,1992-11,1992-10,,24.279354838709676,88.0,86.47290322580645,18.00709677419355,31,31,31,31,31,0,no_target_record,train
33,ศรีสะเกษ,1992,12,1992-12,1992-11,,22.483999999999998,0.08,78.24933333333334,19.747666666666664,30,30,30,30,30,0,no_target_record,train
33,ศรีสะเกษ,1993,1,1993-01,1992-12,,24.608709677419355,5.409999999999999,66.80129032258066,18.266451612903225,31,31,31,31,31,0,no_target_record,train
33,ศรีสะเกษ,1993,2,1993-02,1993-01,,24.175806451612903,1.1600000000000001,55.5441935483871,19.139032258064514,31,31,31,31,31,0,no_target_record,train
33,ศรีสะเกษ,1993,3,1993-03,1993-02,,27.333214285714288,2.73,44.865,21.889642857142857,28,28,28,28,28,0,no_target_record,train
33,ศรีสะเกษ,1993,4,1993-04,1993-03,,28.93064516129032,67.24000000000001,55.407419354838716,20.46548387096774,31,31,31,31,31,0,no_target_record,train
33,ศรีสะเกษ,1993,5,1993-05,1993-04,,30.148000000000003,74.19000000000001,60.63933333333333,21.332666666666668,30,30,30,30,30,0,no_target_record,train
33,ศรีสะเกษ,1993,6,1993-06,1993-05,,29.38258064516129,189.96999999999997,70.17903225806452,22.068387096774195,31,31,31,31,31,0,no_target_record,train
33,ศรีสะเกษ,1993,7,1993-07,1993-06,,27.398666666666667,152.6,82.95366666666668,20.206333333333337,30,30,30,30,30,0,no_target_record,train
33,ศรีสะเกษ,1993,8,1993-08,1993-07,,26.776129032258066,177.54,85.81032258064516,19.963225806451614,31,31,31,31,31,0,no_target_record,train
33,ศรีสะเกษ,1993,9,1993-09,1993-08,,25.885161290322582,185.89,88.31548387096775,17.71483870967742,31,31,31,31,31,0,no_target_record,train
33,ศรีสะเกษ,1993,10,1993-10,1993-09,,26.105666666666664,204.5,87.73633333333333,17.215333333333334,30,30,30,30,30,0,no_target_record,train
33,ศรีสะเกษ,1993,11,1993-11,1993-10,,25.21709677419355,40.989999999999995,83.56806451612904,19.63258064516129,31,31,31,31,31,0,no_target_record,train
33,ศรีสะเกษ,1993,12,1993-12,1993-11,,25.58533333333333,0.8300000000000001,67.257,18.87066666666667,30,30,30,30,30,0,no_target_record,train
33,ศรีสะเกษ,1994,1,1994-01,1993-12,,23.34774193548387,4.25,61.976129032258065,17.713225806451614,31,31,31,31,31,0,no_target_record,train
33,ศรีสะเกษ,1994,2,1994-02,1994-01,,26.133225806451613,0.01,50.87387096774193,20.128064516129033,31,31,31,31,31,0,no_target_record,train
33,ศรีสะเกษ,1994,3,1994-03,1994-02,,29.1175,52.43,54.51571428571429,21.33642857142857,28,28,28,28,28,0,no_target_record,train
33,ศรีสะเกษ,1994,4,1994-04,1994-03,,28.51967741935484,56.18,56.32,19.58225806451613,31,31,31,31,31,0,no_target_record,train
33,ศรีสะเกษ,1994,5,1994-05,1994-04,,31.015666666666668,63.580000000000005,58.42666666666666,22.344,30,30,30,30,30,0,no_target_record,train
33,ศรีสะเกษ,1994,6,1994-06,1994-05,,28.840645161290325,235.86999999999998,74.9016129032258,21.69709677419355,31,31,31,31,31,0,no_target_record,train
33,ศรีสะเกษ,1994,7,1994-07,1994-06,,26.256333333333334,265.34999999999997,88.91433333333333,17.587666666666667,30,30,30,30,30,0,no_target_record,train
33,ศรีสะเกษ,1994,8,1994-08,1994-07,,26.20483870967742,136.49,88.60806451612903,17.42967741935484,31,31,31,31,31,0,no_target_record,train
33,ศรีสะเกษ,1994,9,1994-09,1994-08,,26.0258064516129,337.58,89.00258064516129,17.75032258064516,31,31,31,31,31,0,no_target_record,train
33,ศรีสะเกษ,1994,10,1994-10,1994-09,,25.825666666666667,303.08000000000004,90.19966666666667,16.689333333333334,30,30,30,30,30,0,no_target_record,train
33,ศรีสะเกษ,1994,11,1994-11,1994-10,,24.280967741935484,73.03999999999999,86.34516129032258,20.057741935483868,31,31,31,31,31,0,no_target_record,train
33,ศรีสะเกษ,1994,12,1994-12,1994-11,,23.791,2.57,80.31133333333334,20.552333333333333,30,30,30,30,30,0,no_target_record,train
33,ศรีสะเกษ,1995,1,1995-01,1994-12,,25.136451612903226,1.28,65.94,18.630967741935486,31,31,31,31,31,0,no_target_record,train
33,ศรีสะเกษ,1995,2,1995-02,1995-01,,24.81064516129032,1.3,54.41967741935484,20.600645161290323,31,31,31,31,31,0,no_target_record,train
33,ศรีสะเกษ,1995,3,1995-03,1995-02,,27.500357142857144,4.1,47.112857142857145,22.153214285714284,28,28,28,28,28,0,no_target_record,train
33,ศรีสะเกษ,1995,4,1995-04,1995-03,,30.36,31.25,46.710967741935484,21.45225806451613,31,31,31,31,31,0,no_target_record,train
33,ศรีสะเกษ,1995,5,1995-05,1995-04,,31.878,31.889999999999997,53.550333333333334,20.834666666666667,30,30,30,30,30,0,no_target_record,train
33,ศรีสะเกษ,1995,6,1995-06,1995-05,,29.205161290322582,187.82,70.48612903225806,21.794193548387096,31,31,31,31,31,0,no_target_record,train
33,ศรีสะเกษ,1995,7,1995-07,1995-06,,27.276999999999997,188.53000000000003,84.44033333333333,20.890333333333334,30,30,30,30,30,0,no_target_record,train
33,ศรีสะเกษ,1995,8,1995-08,1995-07,,26.24451612903226,285.72,88.22096774193548,19.309677419354838,31,31,31,31,31,0,no_target_record,train
33,ศรีสะเกษ,1995,9,1995-09,1995-08,,26.489032258064515,167.26,88.47967741935483,17.903225806451612,31,31,31,31,31,0,no_target_record,train
33,ศรีสะเกษ,1995,10,1995-10,1995-09,,26.329333333333334,214.06999999999996,87.87866666666667,16.939,30,30,30,30,30,0,no_target_record,train
33,ศรีสะเกษ,1995,11,1995-11,1995-10,,25.703548387096774,134.80999999999997,86.94870967741934,17.648387096774194,31,31,31,31,31,0,no_target_record,train
33,ศรีสะเกษ,1995,12,1995-12,1995-11,,23.735333333333333,27.38,80.48466666666667,18.148666666666667,30,30,30,30,30,0,no_target_record,train
33,ศรีสะเกษ,1996,1,1996-01,1995-12,,22.90806451612903,0.13,65.58258064516129,18.243548387096773,31,31,31,31,31,0,no_target_record,train
33,ศรีสะเกษ,1996,2,1996-02,1996-01,,25.772903225806452,0.78,53.493870967741934,19.352903225806454,31,31,31,31,31,0,no_target_record,train
33,ศรีสะเกษ,1996,3,1996-03,1996-02,,26.175862068965518,2.76,49.40034482758621,20.29241379310345,29,29,29,29,29,0,no_target_record,train
33,ศรีสะเกษ,1996,4,1996-04,1996-03,,30.510967741935485,29.040000000000003,45.36774193548387,21.498064516129034,31,31,31,31,31,0,no_target_record,train
33,ศรีสะเกษ,1996,5,1996-05,1996-04,,29.512,130.92000000000002,62.368,19.883333333333333,30,30,30,30,30,0,no_target_record,train
33,ศรีสะเกษ,1996,6,1996-06,1996-05,,27.65096774193548,157.19,80.9258064516129,20.07967741935484,31,31,31,31,31,0,no_target_record,train
33,ศรีสะเกษ,1996,7,1996-07,1996-06,,26.919666666666668,226.56,85.86933333333333,20.031,30,30,30,30,30,0,no_target_record,train
33,ศรีสะเกษ,1996,8,1996-08,1996-07,,26.411612903225805,121.96,86.69290322580645,18.23032258064516,31,31,31,31,31,0,no_target_record,train
33,ศรีสะเกษ,1996,9,1996-09,1996-08,,26.39,206.81,87.13096774193548,18.427096774193547,31,31,31,31,31,0,no_target_record,train
33,ศรีสะเกษ,1996,10,1996-10,1996-09,,26.157333333333334,389.90999999999997,88.578,15.377,30,30,30,30,30,0,no_target_record,train
33,ศรีสะเกษ,1996,11,1996-11,1996-10,,25.340645161290325,114.32999999999998,88.19,17.861612903225808,31,31,31,31,31,0,no_target_record,train
33,ศรีสะเกษ,1996,12,1996-12,1996-11,,24.078333333333333,96.35000000000001,86.182,17.16166666666667,30,30,30,30,30,0,no_target_record,train
33,ศรีสะเกษ,1997,1,1997-01,1996-12,,22.03838709677419,0.01,75.37612903225806,17.856129032258064,31,31,31,31,31,0,no_target_record,train
33,ศรีสะเกษ,1997,2,1997-02,1997-01,,24.21483870967742,0.81,59.597096774193545,19.413870967741936,31,31,31,31,31,0,no_target_record,train
33,ศรีสะเกษ,1997,3,1997-03,1997-02,,26.837142857142855,12.28,58.205,18.33535714285714,28,28,28,28,28,0,no_target_record,train
33,ศรีสะเกษ,1997,4,1997-04,1997-03,,30.42064516129032,42.64000000000001,45.339354838709674,21.32903225806452,31,31,31,31,31,0,no_target_record,train
33,ศรีสะเกษ,1997,5,1997-05,1997-04,,29.638333333333332,103.65,61.660999999999994,21.531000000000002,30,30,30,30,30,0,no_target_record,train
33,ศรีสะเกษ,1997,6,1997-06,1997-05,,29.02064516129032,194.52,71.5009677419355,21.125806451612902,31,31,31,31,31,0,no_target_record,train
33,ศรีสะเกษ,1997,7,1997-07,1997-06,,27.351,238.98999999999998,82.181,20.281,30,30,30,30,30,0,no_target_record,train
33,ศรีสะเกษ,1997,8,1997-08,1997-07,,26.133225806451613,365.51,90.48387096774194,17.800322580645158,31,31,31,31,31,0,no_target_record,train
33,ศรีสะเกษ,1997,9,1997-09,1997-08,,26.013548387096773,258.20000000000005,90.7416129032258,18.909354838709678,31,31,31,31,31,0,no_target_record,train
33,ศรีสะเกษ,1997,10,1997-10,1997-09,,26.130333333333333,160.61999999999995,86.33733333333333,17.937333333333335,30,30,30,30,30,0,no_target_record,train
33,ศรีสะเกษ,1997,11,1997-11,1997-10,,26.07161290322581,106.47999999999999,84.7341935483871,17.94709677419355,31,31,31,31,31,0,no_target_record,train
33,ศรีสะเกษ,1997,12,1997-12,1997-11,,25.517333333333333,0.37,76.45933333333333,19.180666666666664,30,30,30,30,30,0,no_target_record,train
33,ศรีสะเกษ,1998,1,1998-01,1997-12,,26.279999999999998,0.03,60.47451612903226,19.68903225806452,31,31,31,31,31,0,no_target_record,train
33,ศรีสะเกษ,1998,2,1998-02,1998-01,,28.196129032258067,1.27,48.189677419354844,19.88774193548387,31,31,31,31,31,0,no_target_record,train
33,ศรีสะเกษ,1998,3,1998-03,1998-02,,30.21642857142857,27.54,48.81392857142857,19.794642857142858,28,28,28,28,28,0,no_target_record,train
33,ศรีสะเกษ,1998,4,1998-04,1998-03,,32.58483870967742,7.069999999999999,40.97354838709678,22.478709677419356,31,31,31,31,31,0,no_target_record,train
33,ศรีสะเกษ,1998,5,1998-05,1998-04,,33.05566666666667,71.53,48.529333333333334,20.963666666666665,30,30,30,30,30,0,no_target_record,train
33,ศรีสะเกษ,1998,6,1998-06,1998-05,,31.311290322580643,172.11,64.10645161290323,21.66483870967742,31,31,31,31,31,0,no_target_record,train
33,ศรีสะเกษ,1998,7,1998-07,1998-06,,28.269000000000002,230.14999999999998,82.184,20.913999999999998,30,30,30,30,30,0,no_target_record,train
33,ศรีสะเกษ,1998,8,1998-08,1998-07,,27.28,107.08999999999999,85.92903225806452,20.95709677419355,31,31,31,31,31,0,no_target_record,train
33,ศรีสะเกษ,1998,9,1998-09,1998-08,,27.220000000000002,195.56,85.33290322580646,19.493225806451612,31,31,31,31,31,0,no_target_record,train
33,ศรีสะเกษ,1998,10,1998-10,1998-09,,26.546,216.04,87.30466666666666,16.936333333333334,30,30,30,30,30,0,no_target_record,train
33,ศรีสะเกษ,1998,11,1998-11,1998-10,,25.773225806451613,106.66000000000001,84.40870967741935,18.803870967741933,31,31,31,31,31,0,no_target_record,train
33,ศรีสะเกษ,1998,12,1998-12,1998-11,,24.885333333333335,87.11000000000001,79.194,16.086,30,30,30,30,30,0,no_target_record,train
33,ศรีสะเกษ,1999,1,1999-01,1998-12,,23.70967741935484,2.85,70.72451612903225,17.112903225806452,31,31,31,31,31,0,no_target_record,train
33,ศรีสะเกษ,1999,2,1999-02,1999-01,,25.029677419354837,5.52,60.622580645161285,18.240645161290324,31,31,31,31,31,0,no_target_record,train
33,ศรีสะเกษ,1999,3,1999-03,1999-02,,27.202142857142857,7.6899999999999995,51.223214285714285,20.590714285714284,28,28,28,28,28,0,no_target_record,train
33,ศรีสะเกษ,1999,4,1999-04,1999-03,,30.615161290322582,94.57000000000001,55.50774193548387,20.10483870967742,31,31,31,31,31,0,no_target_record,train
33,ศรีสะเกษ,1999,5,1999-05,1999-04,,28.329333333333334,154.17999999999998,73.443,19.136666666666667,30,30,30,30,30,0,no_target_record,train
33,ศรีสะเกษ,1999,6,1999-06,1999-05,,26.62483870967742,229.12999999999997,86.02935483870968,18.580322580645163,31,31,31,31,31,0,no_target_record,train
33,ศรีสะเกษ,1999,7,1999-07,1999-06,,26.211000000000002,222.68,88.43,19.195666666666668,30,30,30,30,30,0,no_target_record,train
33,ศรีสะเกษ,1999,8,1999-08,1999-07,,26.116129032258065,293.48,90.32483870967742,18.64,31,31,31,31,31,0,no_target_record,train
33,ศรีสะเกษ,1999,9,1999-09,1999-08,,25.91548387096774,116.36,88.99225806451614,18.061290322580643,31,31,31,31,31,0,no_target_record,train
33,ศรีสะเกษ,1999,10,1999-10,1999-09,,25.880666666666666,200.61,88.72066666666666,17.276666666666664,30,30,30,30,30,0,no_target_record,train
33,ศรีสะเกษ,1999,11,1999-11,1999-10,,25.393548387096775,140.67,87.61193548387098,18.174516129032256,31,31,31,31,31,0,no_target_record,train
33,ศรีสะเกษ,1999,12,1999-12,1999-11,,23.837,31.689999999999998,86.119,17.086333333333336,30,30,30,30,30,0,no_target_record,train
33,ศรีสะเกษ,2000,1,2000-01,1999-12,,20.076451612903227,1.9300000000000002,75.62258064516129,17.179354838709674,31,31,31,31,31,0,no_target_record,train
33,ศรีสะเกษ,2000,2,2000-02,2000-01,,25.280967741935484,14.559999999999999,62.37548387096775,18.182580645161288,31,31,31,31,31,0,no_target_record,train
33,ศรีสะเกษ,2000,3,2000-03,2000-02,,25.990344827586206,35.83,57.42172413793104,19.8348275862069,29,29,29,29,29,0,no_target_record,train
33,ศรีสะเกษ,2000,4,2000-04,2000-03,,30.11064516129032,12.19,50.52903225806452,20.62709677419355,31,31,31,31,31,0,no_target_record,train
33,ศรีสะเกษ,2000,5,2000-05,2000-04,,28.60533333333333,234.42,73.22033333333334,19.598666666666666,30,30,30,30,30,0,no_target_record,train
33,ศรีสะเกษ,2000,6,2000-06,2000-05,,26.969354838709677,327.64000000000004,86.84064516129033,19.49483870967742,31,31,31,31,31,0,no_target_record,train
33,ศรีสะเกษ,2000,7,2000-07,2000-06,,26.253333333333334,276.46999999999997,89.74866666666667,18.454333333333334,30,30,30,30,30,0,no_target_record,train
33,ศรีสะเกษ,2000,8,2000-08,2000-07,,25.78483870967742,286.98999999999995,90.9274193548387,18.609354838709677,31,31,31,31,31,0,no_target_record,train
33,ศรีสะเกษ,2000,9,2000-09,2000-08,,26.062580645161294,375.19,90.36,18.456774193548387,31,31,31,31,31,0,no_target_record,train
33,ศรีสะเกษ,2000,10,2000-10,2000-09,,25.565333333333335,185.36999999999998,88.82466666666666,16.801666666666666,30,30,30,30,30,0,no_target_record,train
33,ศรีสะเกษ,2000,11,2000-11,2000-10,,25.34935483870968,72.33000000000003,87.23806451612903,17.07967741935484,31,31,31,31,31,0,no_target_record,train
33,ศรีสะเกษ,2000,12,2000-12,2000-11,,22.858666666666668,1.1400000000000001,79.62366666666667,19.153000000000002,30,30,30,30,30,0,no_target_record,train
33,ศรีสะเกษ,2001,1,2001-01,2000-12,,24.75483870967742,0.12,67.5458064516129,17.609032258064516,31,31,31,31,31,0,no_target_record,train
33,ศรีสะเกษ,2001,2,2001-02,2001-01,,27.160645161290322,1.46,57.36677419354838,17.261290322580646,31,31,31,31,31,0,no_target_record,train
33,ศรีสะเกษ,2001,3,2001-03,2001-02,,27.947857142857142,6.9,49.52428571428572,19.80392857142857,28,28,28,28,28,0,no_target_record,train
33,ศรีสะเกษ,2001,4,2001-04,2001-03,,28.905483870967743,91.04,60.627741935483876,18.748709677419356,31,31,31,31,31,0,no_target_record,train
33,ศรีสะเกษ,2001,5,2001-05,2001-04,,31.183666666666667,32.38,59.37533333333333,22.584333333333333,30,30,30,30,30,0,no_target_record,train
33,ศรีสะเกษ,2001,6,2001-06,2001-05,,28.510967741935485,177.18999999999997,76.27032258064517,20.348387096774193,31,31,31,31,31,0,no_target_record,train
33,ศรีสะเกษ,2001,7,2001-07,2001-06,,26.618666666666666,267.54999999999995,86.41000000000001,18.615333333333336,30,30,30,30,30,0,no_target_record,train
33,ศรีสะเกษ,2001,8,2001-08,2001-07,,26.42064516129032,231.95999999999995,88.50322580645161,19.459032258064518,31,31,31,31,31,0,no_target_record,train
33,ศรีสะเกษ,2001,9,2001-09,2001-08,,26.124193548387098,245.51,90.54709677419355,17.445483870967742,31,31,31,31,31,0,no_target_record,train
33,ศรีสะเกษ,2001,10,2001-10,2001-09,,26.238,269.55999999999995,88.65100000000001,17.237000000000002,30,30,30,30,30,0,no_target_record,train
33,ศรีสะเกษ,2001,11,2001-11,2001-10,,26.05483870967742,219.38000000000002,87.16612903225807,18.89741935483871,31,31,31,31,31,0,no_target_record,train
33,ศรีสะเกษ,2001,12,2001-12,2001-11,,22.127,69.66,85.38633333333334,17.641333333333332,30,30,30,30,30,0,no_target_record,train
33,ศรีสะเกษ,2002,1,2002-01,2001-12,,21.965806451612906,0.4,80.25870967741936,17.566129032258065,31,31,31,31,31,0,no_target_record,train
33,ศรีสะเกษ,2002,2,2002-02,2002-01,,23.91032258064516,0.04,64.1983870967742,19.109354838709677,31,31,31,31,31,0,no_target_record,train
33,ศรีสะเกษ,2002,3,2002-03,2002-02,,27.816785714285714,5.56,51.58678571428572,20.440714285714286,28,28,28,28,28,0,no_target_record,train
33,ศรีสะเกษ,2002,4,2002-04,2002-03,,30.833225806451615,24.82,48.43774193548387,20.210967741935484,31,31,31,31,31,0,no_target_record,train
33,ศรีสะเกษ,2002,5,2002-05,2002-04,,30.96333333333333,79.81,56.611666666666665,21.333000000000002,30,30,30,30,30,0,no_target_record,train
33,ศรีสะเกษ,2002,6,2002-06,2002-05,,28.69967741935484,149.44000000000003,74.37225806451613,20.473225806451612,31,31,31,31,31,0,no_target_record,train
33,ศรีสะเกษ,2002,7,2002-07,2002-06,,27.024333333333335,201.32999999999998,85.70633333333333,20.31866666666667,30,30,30,30,30,0,no_target_record,train
33,ศรีสะเกษ,2002,8,2002-08,2002-07,,26.596129032258066,255.81,88.0241935483871,19.808387096774194,31,31,31,31,31,0,no_target_record,train
33,ศรีสะเกษ,2002,9,2002-09,2002-08,,25.90806451612903,398.13,89.83225806451614,16.94645161290323,31,31,31,31,31,0,no_target_record,train
33,ศรีสะเกษ,2002,10,2002-10,2002-09,,25.90666666666667,360.51000000000005,90.827,15.423333333333334,30,30,30,30,30,0,no_target_record,train
33,ศรีสะเกษ,2002,11,2002-11,2002-10,,25.372903225806454,86.77,86.02354838709678,17.703870967741935,31,31,31,31,31,0,no_target_record,train
33,ศรีสะเกษ,2002,12,2002-12,2002-11,,24.706,20.080000000000002,83.14633333333333,18.40666666666667,30,30,30,30,30,0,no_target_record,train
33,ศรีสะเกษ,2003,1,2003-01,2002-12,,25.911290322580644,15.959999999999999,68.64903225806451,17.241612903225807,31,31,31,31,31,0,no_target_record,train
33,ศรีสะเกษ,2003,2,2003-02,2003-01,,24.416774193548385,0.0,55.87387096774193,18.904516129032256,31,31,31,31,31,0,no_target_record,train
33,ศรีสะเกษ,2003,3,2003-03,2003-02,,28.469642857142855,28.080000000000002,51.458571428571425,19.018214285714286,28,28,28,28,28,0,no_target_record,train
33,ศรีสะเกษ,2003,4,2003-04,2003-03,,29.115161290322582,108.06,58.09838709677419,19.86032258064516,31,31,31,31,31,0,no_target_record,train
33,ศรีสะเกษ,2003,5,2003-05,2003-04,,30.501666666666665,77.53,61.99633333333334,20.907666666666668,30,30,30,30,30,0,no_target_record,train
33,ศรีสะเกษ,2003,6,2003-06,2003-05,,29.037419354838708,193.42000000000002,73.45967741935483,21.720000000000002,31,31,31,31,31,0,no_target_record,train
33,ศรีสะเกษ,2003,7,2003-07,2003-06,,27.19333333333333,141.73,84.00666666666666,19.657,30,30,30,30,30,0,no_target_record,train
33,ศรีสะเกษ,2003,8,2003-08,2003-07,,27.331612903225807,140.67,82.67967741935485,19.169999999999998,31,31,31,31,31,0,no_target_record,train
33,ศรีสะเกษ,2003,9,2003-09,2003-08,,26.726129032258065,270.75,87.35967741935484,18.23516129032258,31,31,31,31,31,0,no_target_record,train
33,ศรีสะเกษ,2003,10,2003-10,2003-09,,25.916999999999998,364.99,89.91699999999999,15.408999999999999,30,30,30,30,30,0,no_target_record,train
33,ศรีสะเกษ,2003,11,2003-11,2003-10,,25.37741935483871,62.46000000000001,86.3158064516129,18.866774193548387,31,31,31,31,31,0,no_target_record,train
33,ศรีสะเกษ,2003,12,2003-12,2003-11,,24.990000000000002,0.30000000000000004,73.78733333333334,19.101,30,30,30,30,30,0,no_target_record,train
33,ศรีสะเกษ,2004,1,2004-01,2003-12,,23.870967741935484,0.14,61.2641935483871,17.973548387096773,31,31,31,31,31,0,no_target_record,train
33,ศรีสะเกษ,2004,2,2004-02,2004-01,,25.37548387096774,33.41,58.09322580645161,17.94161290322581,31,31,31,31,31,0,no_target_record,train
33,ศรีสะเกษ,2004,3,2004-03,2004-02,,25.853103448275863,26.610000000000003,57.77206896551724,18.116206896551724,29,29,29,29,29,0,no_target_record,train
33,ศรีสะเกษ,2004,4,2004-04,2004-03,9.0,31.00548387096774,20.759999999999998,44.89645161290323,19.465483870967745,31,31,31,31,31,1,,train
33,ศรีสะเกษ,2004,5,2004-05,2004-04,330.0,31.76833333333333,67.02000000000001,53.62466666666667,21.211000000000002,30,30,30,30,30,1,,train
33,ศรีสะเกษ,2004,6,2004-06,2004-05,589.0,28.62,194.64,75.61064516129032,20.667096774193546,31,31,31,31,31,1,,train
33,ศรีสะเกษ,2004,7,2004-07,2004-06,14.0,27.000999999999998,332.96999999999997,84.64200000000001,19.159,30,30,30,30,30,1,,train
33,ศรีสะเกษ,2004,8,2004-08,2004-07,,26.151935483870968,331.88,88.59806451612903,18.80806451612903,31,31,31,31,31,0,no_target_record,train
33,ศรีสะเกษ,2004,9,2004-09,2004-08,,26.029354838709676,229.93,90.78645161290324,17.924838709677417,31,31,31,31,31,0,no_target_record,train
33,ศรีสะเกษ,2004,10,2004-10,2004-09,,26.013333333333332,182.27999999999997,87.10033333333334,17.78666666666667,30,30,30,30,30,0,no_target_record,train
33,ศรีสะเกษ,2004,11,2004-11,2004-10,,24.897419354838707,3.2,80.11774193548388,19.620645161290323,31,31,31,31,31,0,no_target_record,train
33,ศรีสะเกษ,2004,12,2004-12,2004-11,,26.760333333333335,1.6300000000000001,61.45066666666666,19.567333333333334,30,30,30,30,30,0,no_target_record,train
33,ศรีสะเกษ,2005,1,2005-01,2004-12,,24.901612903225807,0.0,52.58838709677419,18.881612903225808,31,31,31,31,31,0,no_target_record,train
33,ศรีสะเกษ,2005,2,2005-02,2005-01,,25.680967741935483,0.62,49.49967741935484,18.48741935483871,31,31,31,31,31,0,no_target_record,train
33,ศรีสะเกษ,2005,3,2005-03,2005-02,,30.043928571428573,0.6000000000000001,41.826428571428565,19.68892857142857,28,28,28,28,28,0,no_target_record,train
33,ศรีสะเกษ,2005,4,2005-04,2005-03,,29.326129032258066,23.5,47.722258064516126,18.989032258064515,31,31,31,31,31,0,no_target_record,train
33,ศรีสะเกษ,2005,5,2005-05,2005-04,249.0,30.846,68.75,58.26566666666667,19.168333333333333,30,30,30,30,30,1,,train
33,ศรีสะเกษ,2005,6,2005-06,2005-05,443.0,30.036451612903225,145.36,68.89548387096774,20.911935483870966,31,31,31,31,31,1,,train
33,ศรีสะเกษ,2005,7,2005-07,2005-06,18.0,27.838666666666665,179.44999999999996,81.45966666666666,19.083000000000002,30,30,30,30,30,1,,train
33,ศรีสะเกษ,2005,8,2005-08,2005-07,,26.671290322580642,313.69,87.15354838709678,17.236129032258066,31,31,31,31,31,0,no_target_record,train
33,ศรีสะเกษ,2005,9,2005-09,2005-08,,26.28451612903226,250.09999999999997,89.04064516129033,15.663225806451614,31,31,31,31,31,0,no_target_record,train
33,ศรีสะเกษ,2005,10,2005-10,2005-09,,26.167333333333332,255.59,89.69866666666667,15.17,30,30,30,30,30,0,no_target_record,train
33,ศรีสะเกษ,2005,11,2005-11,2005-10,,25.728709677419356,46.209999999999994,85.90741935483871,18.595483870967744,31,31,31,31,31,0,no_target_record,train
33,ศรีสะเกษ,2005,12,2005-12,2005-11,,25.39466666666667,28.69,79.673,17.174666666666667,30,30,30,30,30,0,no_target_record,train
33,ศรีสะเกษ,2006,1,2006-01,2005-12,,23.613225806451613,2.15,65.24483870967742,16.392580645161292,31,31,31,31,31,0,no_target_record,train
33,ศรีสะเกษ,2006,2,2006-02,2006-01,,25.731290322580644,0.12,52.16193548387097,19.203225806451613,31,31,31,31,31,0,no_target_record,train
33,ศรีสะเกษ,2006,3,2006-03,2006-02,,28.880357142857143,5.84,49.43214285714286,19.887857142857143,28,28,28,28,28,0,no_target_record,train
33,ศรีสะเกษ,2006,4,2006-04,2006-03,33.0,30.05870967741935,41.94,52.230645161290326,19.748709677419356,31,31,31,31,31,1,,train
33,ศรีสะเกษ,2006,5,2006-05,2006-04,187.0,29.628666666666668,149.14000000000004,65.298,19.709333333333333,30,30,30,30,30,1,,train
33,ศรีสะเกษ,2006,6,2006-06,2006-05,426.0,28.353548387096776,124.85000000000001,72.85774193548387,20.796774193548387,31,31,31,31,31,1,,train
33,ศรีสะเกษ,2006,7,2006-07,2006-06,96.0,27.634999999999998,181.58,80.92433333333334,20.308333333333334,30,30,30,30,30,1,,train
33,ศรีสะเกษ,2006,8,2006-08,2006-07,,26.323548387096775,293.26,88.73483870967742,17.14483870967742,31,31,31,31,31,0,no_target_record,train
33,ศรีสะเกษ,2006,9,2006-09,2006-08,,25.91,306.2,90.08870967741936,16.482258064516127,31,31,31,31,31,0,no_target_record,train
33,ศรีสะเกษ,2006,10,2006-10,2006-09,,25.950333333333333,149.67999999999998,87.45566666666667,17.545333333333335,30,30,30,30,30,0,no_target_record,train
33,ศรีสะเกษ,2006,11,2006-11,2006-10,,25.59,195.68000000000004,86.73838709677419,18.274838709677418,31,31,31,31,31,0,no_target_record,train
33,ศรีสะเกษ,2006,12,2006-12,2006-11,,25.689666666666668,19.970000000000006,78.93066666666667,19.29733333333333,30,30,30,30,30,0,no_target_record,train
33,ศรีสะเกษ,2007,1,2007-01,2006-12,,24.36225806451613,0.02,63.773548387096774,18.50709677419355,31,31,31,31,31,0,no_target_record,train
33,ศรีสะเกษ,2007,2,2007-02,2007-01,,24.924838709677417,0.47000000000000003,53.94870967741936,19.41709677419355,31,31,31,31,31,0,no_target_record,train
33,ศรีสะเกษ,2007,3,2007-03,2007-02,,28.638928571428572,15.65,45.59321428571428,19.627142857142854,28,28,28,28,28,0,no_target_record,train
33,ศรีสะเกษ,2007,4,2007-04,2007-03,118.0,29.991290322580646,54.49,57.480000000000004,19.428709677419352,31,31,31,31,31,1,,train
33,ศรีสะเกษ,2007,5,2007-05,2007-04,256.0,30.658333333333335,62.57,54.90266666666666,20.9,30,30,30,30,30,1,,train
33,ศรีสะเกษ,2007,6,2007-06,2007-05,554.0,27.620322580645162,244.65,81.36677419354838,19.410967741935483,31,31,31,31,31,1,,train
33,ศรีสะเกษ,2007,7,2007-07,2007-06,362.0,27.928333333333335,113.27000000000001,81.72,19.811,30,30,30,30,30,1,,train
33,ศรีสะเกษ,2007,8,2007-08,2007-07,108.0,26.968709677419355,251.64,84.52225806451614,19.131612903225808,31,31,31,31,31,1,,train
33,ศรีสะเกษ,2007,9,2007-09,2007-08,,26.285806451612903,335.37999999999994,88.79677419354839,16.46677419354839,31,31,31,31,31,0,no_target_record,train
33,ศรีสะเกษ,2007,10,2007-10,2007-09,,26.34466666666667,251.41000000000003,87.03999999999999,17.70266666666667,30,30,30,30,30,0,no_target_record,train
33,ศรีสะเกษ,2007,11,2007-11,2007-10,,24.815161290322582,212.20999999999998,89.30387096774194,15.160645161290324,31,31,31,31,31,0,no_target_record,train
33,ศรีสะเกษ,2007,12,2007-12,2007-11,,21.869000000000003,9.299999999999999,84.21499999999999,17.53533333333333,30,30,30,30,30,0,no_target_record,train
33,ศรีสะเกษ,2008,1,2008-01,2007-12,,25.102903225806454,0.0,67.82967741935484,18.51258064516129,31,31,31,31,31,0,no_target_record,train
33,ศรีสะเกษ,2008,2,2008-02,2008-01,,25.00225806451613,0.26,54.12548387096775,18.936774193548384,31,31,31,31,31,0,no_target_record,train
33,ศรีสะเกษ,2008,3,2008-03,2008-02,,24.74758620689655,2.16,52.34206896551724,19.406206896551723,29,29,29,29,29,0,no_target_record,train
33,ศรีสะเกษ,2008,4,2008-04,2008-03,,29.51451612903226,33.35,49.19870967741936,20.05838709677419,31,31,31,31,31,0,no_target_record,train
33,ศรีสะเกษ,2008,5,2008-05,2008-04,56.0,30.787333333333333,54.519999999999996,57.57533333333333,21.013666666666666,30,30,30,30,30,1,,train
33,ศรีสะเกษ,2008,6,2008-06,2008-05,666.0,27.307096774193546,277.03,80.6083870967742,18.541612903225804,31,31,31,31,31,1,,train
33,ศรีสะเกษ,2008,7,2008-07,2008-06,1073.0,26.71966666666667,159.03000000000003,85.79299999999999,18.699666666666666,30,30,30,30,30,1,,train
33,ศรีสะเกษ,2008,8,2008-08,2008-07,,26.47290322580645,114.57000000000002,85.71322580645162,19.59903225806452,31,31,31,31,31,0,no_target_record,train
33,ศรีสะเกษ,2008,9,2008-09,2008-08,,26.322903225806453,190.36999999999998,86.37935483870967,17.700000000000003,31,31,31,31,31,0,no_target_record,train
33,ศรีสะเกษ,2008,10,2008-10,2008-09,,26.014666666666667,389.81,89.08633333333334,16.489333333333335,30,30,30,30,30,0,no_target_record,train
33,ศรีสะเกษ,2008,11,2008-11,2008-10,,26.083870967741937,87.41999999999999,87.74645161290321,17.466451612903228,31,31,31,31,31,0,no_target_record,train
33,ศรีสะเกษ,2008,12,2008-12,2008-11,,23.38266666666667,61.769999999999996,84.59366666666666,17.021333333333335,30,30,30,30,30,0,no_target_record,train
33,ศรีสะเกษ,2009,1,2009-01,2008-12,,22.669677419354837,4.17,70.91096774193548,17.075483870967744,31,31,31,31,31,0,no_target_record,train
33,ศรีสะเกษ,2009,2,2009-02,2009-01,,22.740967741935485,0.05,57.395806451612906,19.550645161290323,31,31,31,31,31,0,no_target_record,train
33,ศรีสะเกษ,2009,3,2009-03,2009-02,,29.425714285714285,5.29,46.409642857142856,19.27285714285714,28,28,28,28,28,0,no_target_record,train
33,ศรีสะเกษ,2009,4,2009-04,2009-03,,30.051612903225806,85.69,53.69451612903226,19.677096774193547,31,31,31,31,31,0,no_target_record,train
33,ศรีสะเกษ,2009,5,2009-05,2009-04,27.0,29.357000000000003,148.97,67.15533333333333,19.925,30,30,30,30,30,1,,train
33,ศรีสะเกษ,2009,6,2009-06,2009-05,171.0,28.026129032258066,147.32999999999998,76.79129032258065,19.871290322580645,31,31,31,31,31,1,,train
33,ศรีสะเกษ,2009,7,2009-07,2009-06,265.0,27.076999999999998,191.13000000000002,83.78233333333333,20.122666666666667,30,30,30,30,30,1,,train
33,ศรีสะเกษ,2009,8,2009-08,2009-07,132.0,26.556451612903224,306.33,86.04548387096774,17.593225806451613,31,31,31,31,31,1,,train
33,ศรีสะเกษ,2009,9,2009-09,2009-08,,27.068709677419356,250.79,85.06741935483872,18.13967741935484,31,31,31,31,31,0,no_target_record,train
33,ศรีสะเกษ,2009,10,2009-10,2009-09,,26.215333333333334,331.52,88.43900000000001,15.870000000000001,30,30,30,30,30,0,no_target_record,train
33,ศรีสะเกษ,2009,11,2009-11,2009-10,,25.85741935483871,58.14,86.13290322580644,16.957419354838713,31,31,31,31,31,0,no_target_record,train
33,ศรีสะเกษ,2009,12,2009-12,2009-11,,24.063,9.309999999999999,76.61999999999999,18.648000000000003,30,30,30,30,30,0,no_target_record,train
33,ศรีสะเกษ,2010,1,2010-01,2009-12,,25.469032258064516,1.1,61.05516129032258,18.56096774193548,31,31,31,31,31,0,no_target_record,train
33,ศรีสะเกษ,2010,2,2010-02,2010-01,,26.955806451612904,19.53,55.48903225806452,18.062258064516126,31,31,31,31,31,0,no_target_record,train
33,ศรีสะเกษ,2010,3,2010-03,2010-02,,30.411785714285713,8.319999999999999,46.81285714285714,19.193571428571428,28,28,28,28,28,0,no_target_record,train
33,ศรีสะเกษ,2010,4,2010-04,2010-03,,30.718709677419355,11.09,43.29451612903226,20.67322580645161,31,31,31,31,31,0,no_target_record,train
33,ศรีสะเกษ,2010,5,2010-05,2010-04,84.0,31.629,67.52000000000001,56.216,20.96833333333333,30,30,30,30,30,1,,train
33,ศรีสะเกษ,2010,6,2010-06,2010-05,589.0,29.88258064516129,141.19999999999996,70.87838709677419,21.131612903225808,31,31,31,31,31,1,,train
33,ศรีสะเกษ,2010,7,2010-07,2010-06,205.0,28.019333333333336,127.63000000000001,81.04299999999999,19.997333333333334,30,30,30,30,30,1,,train
33,ศรีสะเกษ,2010,8,2010-08,2010-07,64.0,27.403548387096773,217.55999999999997,82.24548387096775,20.041612903225804,31,31,31,31,31,1,,train
33,ศรีสะเกษ,2010,9,2010-09,2010-08,,26.18290322580645,373.37000000000006,88.84161290322581,16.18064516129032,31,31,31,31,31,0,no_target_record,train
33,ศรีสะเกษ,2010,10,2010-10,2010-09,,26.185333333333332,233.23,89.445,16.614,30,30,30,30,30,0,no_target_record,train
33,ศรีสะเกษ,2010,11,2010-11,2010-10,,24.879032258064516,145.93999999999997,87.58354838709678,16.253870967741936,31,31,31,31,31,0,no_target_record,train
33,ศรีสะเกษ,2010,12,2010-12,2010-11,,23.188,4.049999999999999,84.44866666666667,17.259333333333334,30,30,30,30,30,0,no_target_record,train
33,ศรีสะเกษ,2011,1,2011-01,2010-12,,24.318387096774195,0.15000000000000002,67.09354838709677,17.952903225806452,31,31,31,31,31,0,no_target_record,train
33,ศรีสะเกษ,2011,2,2011-02,2011-01,,23.113870967741935,0.0,58.90032258064517,19.120967741935484,31,31,31,31,31,0,no_target_record,train
33,ศรีสะเกษ,2011,3,2011-03,2011-02,,27.717142857142857,16.24,50.19571428571429,18.792142857142856,28,28,28,28,28,0,no_target_record,train
33,ศรีสะเกษ,2011,4,2011-04,2011-03,,27.271290322580644,14.269999999999998,50.465161290322584,18.941290322580645,31,31,31,31,31,0,no_target_record,train
33,ศรีสะเกษ,2011,5,2011-05,2011-04,60.0,29.851333333333333,78.42999999999999,58.443333333333335,18.931333333333335,30,30,30,30,30,1,,train
33,ศรีสะเกษ,2011,6,2011-06,2011-05,455.0,28.52709677419355,204.38,74.5958064516129,19.14709677419355,31,31,31,31,31,1,,train
33,ศรีสะเกษ,2011,7,2011-07,2011-06,479.0,26.546666666666667,201.48,87.21666666666667,18.15266666666667,30,30,30,30,30,1,,train
33,ศรีสะเกษ,2011,8,2011-08,2011-07,94.0,26.074193548387097,248.28,88.53129032258065,18.431612903225805,31,31,31,31,31,1,,train
33,ศรีสะเกษ,2011,9,2011-09,2011-08,,26.009677419354837,310.49000000000007,89.50903225806452,16.79774193548387,31,31,31,31,31,0,no_target_record,train
33,ศรีสะเกษ,2011,10,2011-10,2011-09,,25.517999999999997,336.17999999999995,91.949,13.330333333333334,30,30,30,30,30,0,no_target_record,train
33,ศรีสะเกษ,2011,11,2011-11,2011-10,,24.968387096774194,246.91999999999996,89.31,16.338387096774195,31,31,31,31,31,0,no_target_record,train
33,ศรีสะเกษ,2011,12,2011-12,2011-11,,24.136666666666667,2.48,85.06733333333334,19.122333333333334,30,30,30,30,30,0,no_target_record,train
33,ศรีสะเกษ,2012,1,2012-01,2011-12,,21.960322580645162,0.01,70.8016129032258,17.822903225806453,31,31,31,31,31,0,no_target_record,train
33,ศรีสะเกษ,2012,2,2012-02,2012-01,,25.083548387096776,34.1,64.64967741935484,16.59032258064516,31,31,31,31,31,0,no_target_record,train
33,ศรีสะเกษ,2012,3,2012-03,2012-02,,27.83896551724138,2.64,53.335517241379314,19.625172413793102,29,29,29,29,29,0,no_target_record,train
33,ศรีสะเกษ,2012,4,2012-04,2012-03,,30.096451612903227,23.87,50.92967741935484,19.65032258064516,31,31,31,31,31,0,no_target_record,train
33,ศรีสะเกษ,2012,5,2012-05,2012-04,53.0,30.140666666666668,79.9,60.85966666666666,20.620333333333335,30,30,30,30,30,1,,train
33,ศรีสะเกษ,2012,6,2012-06,2012-05,668.0,28.458387096774196,202.50000000000006,76.19193548387096,21.068709677419356,31,31,31,31,31,1,,train
33,ศรีสะเกษ,2012,7,2012-07,2012-06,304.0,26.672666666666665,119.53999999999998,85.90766666666667,18.292333333333332,30,30,30,30,30,1,,train
33,ศรีสะเกษ,2012,8,2012-08,2012-07,17.0,26.67322580645161,152.73,83.76548387096774,17.887096774193548,31,31,31,31,31,1,,train
33,ศรีสะเกษ,2012,9,2012-09,2012-08,,26.898064516129033,286.56,81.67290322580645,17.781290322580645,31,31,31,31,31,0,no_target_record,train
33,ศรีสะเกษ,2012,10,2012-10,2012-09,,25.983666666666668,258.09,89.97566666666667,17.393666666666668,30,30,30,30,30,0,no_target_record,train
33,ศรีสะเกษ,2012,11,2012-11,2012-10,,26.258387096774193,30.9,82.86612903225806,18.901612903225807,31,31,31,31,31,0,no_target_record,train
33,ศรีสะเกษ,2012,12,2012-12,2012-11,,26.682000000000002,64.85,76.49633333333333,17.565,30,30,30,30,30,0,no_target_record,train
33,ศรีสะเกษ,2013,1,2013-01,2012-12,,26.281935483870967,0.07,63.714516129032255,18.239032258064515,31,31,31,31,31,0,no_target_record,train
33,ศรีสะเกษ,2013,2,2013-02,2013-01,,25.904838709677417,2.7600000000000002,54.28064516129032,18.812580645161294,31,31,31,31,31,0,no_target_record,train
33,ศรีสะเกษ,2013,3,2013-03,2013-02,,30.025000000000002,3.1999999999999997,44.89214285714286,20.474999999999998,28,28,28,28,28,0,no_target_record,train
33,ศรีสะเกษ,2013,4,2013-04,2013-03,,31.64,23.27,46.94451612903226,18.854193548387098,31,31,31,31,31,0,no_target_record,train
33,ศรีสะเกษ,2013,5,2013-05,2013-04,187.0,31.544333333333334,60.199999999999996,55.16866666666667,20.127,30,30,30,30,30,1,,train
33,ศรีสะเกษ,2013,6,2013-06,2013-05,834.0,28.97741935483871,206.55,74.70516129032258,20.96709677419355,31,31,31,31,31,1,,train
33,ศรีสะเกษ,2013,7,2013-07,2013-06,119.0,27.16033333333333,149.18,83.78233333333333,19.44633333333333,30,30,30,30,30,1,,train
33,ศรีสะเกษ,2013,8,2013-08,2013-07,,26.273225806451613,304.56,86.55935483870968,17.871612903225806,31,31,31,31,31,0,no_target_record,train
33,ศรีสะเกษ,2013,9,2013-09,2013-08,,26.16483870967742,217.45,88.31322580645161,17.18903225806452,31,31,31,31,31,0,no_target_record,train
33,ศรีสะเกษ,2013,10,2013-10,2013-09,,25.957333333333334,468.3,89.54866666666666,15.377666666666666,30,30,30,30,30,0,no_target_record,train
33,ศรีสะเกษ,2013,11,2013-11,2013-10,,25.089354838709678,95.73,86.48903225806451,18.051935483870967,31,31,31,31,31,0,no_target_record,train
33,ศรีสะเกษ,2013,12,2013-12,2013-11,,24.71966666666667,7.859999999999999,82.75366666666667,17.306333333333335,30,30,30,30,30,0,no_target_record,train
33,ศรีสะเกษ,2014,1,2014-01,2013-12,,20.626451612903224,54.43,71.75419354838711,17.412580645161288,31,31,31,31,31,0,no_target_record,train
33,ศรีสะเกษ,2014,2,2014-02,2014-01,,22.078387096774193,0.0,60.946129032258064,19.93935483870968,31,31,31,31,31,0,no_target_record,train
33,ศรีสะเกษ,2014,3,2014-03,2014-02,,27.12285714285714,0.04,49.596428571428575,19.307142857142857,28,28,28,28,28,0,no_target_record,train
33,ศรีสะเกษ,2014,4,2014-04,2014-03,,31.570322580645165,11.959999999999999,45.755806451612905,20.469354838709677,31,31,31,31,31,0,no_target_record,train
33,ศรีสะเกษ,2014,5,2014-05,2014-04,47.0,31.196666666666665,69.83000000000001,57.897333333333336,19.445333333333334,30,30,30,30,30,1,,train
33,ศรีสะเกษ,2014,6,2014-06,2014-05,1113.0,29.976129032258065,108.24,67.71387096774194,22.021290322580644,31,31,31,31,31,1,,train
33,ศรีสะเกษ,2014,7,2014-07,2014-06,1026.0,27.944333333333336,307.72,80.083,17.949,30,30,30,30,30,1,,train
33,ศรีสะเกษ,2014,8,2014-08,2014-07,118.0,26.239354838709676,389.27000000000004,89.58129032258064,17.05548387096774,31,31,31,31,31,1,,train
33,ศรีสะเกษ,2014,9,2014-09,2014-08,,26.221290322580646,241.38999999999996,88.96290322580644,17.919032258064515,31,31,31,31,31,0,no_target_record,train
33,ศรีสะเกษ,2014,10,2014-10,2014-09,,26.263666666666666,199.36999999999998,89.413,17.45266666666667,30,30,30,30,30,0,no_target_record,train
33,ศรีสะเกษ,2014,11,2014-11,2014-10,,25.870322580645162,88.96000000000001,84.47741935483872,19.200967741935486,31,31,31,31,31,0,no_target_record,train
33,ศรีสะเกษ,2014,12,2014-12,2014-11,,25.867,21.91,79.90599999999999,19.096,30,30,30,30,30,0,no_target_record,train
33,ศรีสะเกษ,2015,1,2015-01,2014-12,,23.950967741935486,2.69,63.46225806451613,17.90096774193548,31,31,31,31,31,0,no_target_record,train
33,ศรีสะเกษ,2015,2,2015-02,2015-01,,24.40838709677419,0.03,49.513225806451615,19.44935483870968,31,31,31,31,31,0,no_target_record,train
33,ศรีสะเกษ,2015,3,2015-03,2015-02,,27.407142857142855,24.97,52.278571428571425,19.070714285714285,28,28,28,28,28,0,no_target_record,train
33,ศรีสะเกษ,2015,4,2015-04,2015-03,,31.112903225806452,19.18,47.34516129032258,19.79258064516129,31,31,31,31,31,0,no_target_record,train
33,ศรีสะเกษ,2015,5,2015-05,2015-04,217.0,31.78533333333333,42.690000000000005,47.63699999999999,21.798333333333336,30,30,30,30,30,1,,train
33,ศรีสะเกษ,2015,6,2015-06,2015-05,869.0,30.282258064516128,99.82,65.43774193548387,21.602903225806454,31,31,31,31,31,1,,train
33,ศรีสะเกษ,2015,7,2015-07,2015-06,672.0,28.978333333333335,147.64,71.58033333333333,20.075,30,30,30,30,30,1,,train
33,ศรีสะเกษ,2015,8,2015-08,2015-07,266.0,26.668387096774193,258.38,83.72451612903225,16.837419354838712,31,31,31,31,31,1,,train
33,ศรีสะเกษ,2015,9,2015-09,2015-08,23.0,26.311612903225804,207.33,88.98,19.01322580645161,31,31,31,31,31,1,,train
33,ศรีสะเกษ,2015,10,2015-10,2015-09,,26.398666666666667,211.36999999999998,88.04833333333333,18.33966666666667,30,30,30,30,30,0,no_target_record,train
33,ศรีสะเกษ,2015,11,2015-11,2015-10,,25.950322580645164,128.17000000000002,83.25322580645161,18.03451612903226,31,31,31,31,31,0,no_target_record,train
33,ศรีสะเกษ,2015,12,2015-12,2015-11,,26.737000000000002,21.83,77.84733333333334,18.854333333333333,30,30,30,30,30,0,no_target_record,train
33,ศรีสะเกษ,2016,1,2016-01,2015-12,,26.75516129032258,0.0,59.609032258064516,18.4541935483871,31,31,31,31,31,0,no_target_record,train
33,ศรีสะเกษ,2016,2,2016-02,2016-01,,26.79290322580645,27.130000000000003,56.44451612903226,16.29935483870968,31,31,31,31,31,0,no_target_record,train
33,ศรีสะเกษ,2016,3,2016-03,2016-02,,25.569310344827585,0.6399999999999999,47.42310344827586,20.955172413793104,29,29,29,29,29,0,no_target_record,train
33,ศรีสะเกษ,2016,4,2016-04,2016-03,17.0,31.398064516129033,0.6200000000000001,41.7758064516129,19.89709677419355,31,31,31,31,31,1,,train
33,ศรีสะเกษ,2016,5,2016-05,2016-04,116.0,34.065000000000005,42.239999999999995,43.040333333333336,20.357666666666667,30,30,30,30,30,1,,train
33,ศรีสะเกษ,2016,6,2016-06,2016-05,1010.0,29.893548387096775,179.74999999999997,71.25064516129032,19.371612903225806,31,31,31,31,31,1,,train
33,ศรีสะเกษ,2016,7,2016-07,2016-06,236.0,27.503333333333334,329.53000000000003,83.20566666666667,19.073333333333334,30,30,30,30,30,1,,train
33,ศรีสะเกษ,2016,8,2016-08,2016-07,210.0,26.346774193548388,244.20000000000002,88.66548387096775,19.42838709677419,31,31,31,31,31,1,,train
33,ศรีสะเกษ,2016,9,2016-09,2016-08,1.0,26.65,239.83000000000004,88.12193548387097,18.410645161290322,31,31,31,31,31,1,,train
33,ศรีสะเกษ,2016,10,2016-10,2016-09,,26.307666666666666,472.08,89.929,16.424666666666667,30,30,30,30,30,0,no_target_record,train
33,ศรีสะเกษ,2016,11,2016-11,2016-10,,26.42064516129032,133.52000000000004,87.20645161290322,17.42322580645161,31,31,31,31,31,0,no_target_record,train
33,ศรีสะเกษ,2016,12,2016-12,2016-11,,24.738,36.15,87.45266666666666,17.608333333333334,30,30,30,30,30,0,no_target_record,train
33,ศรีสะเกษ,2017,1,2017-01,2016-12,,23.133225806451613,7.64,80.20645161290322,16.164516129032258,31,31,31,31,31,0,no_target_record,train
33,ศรีสะเกษ,2017,2,2017-02,2017-01,,25.563225806451616,3.32,64.91645161290323,18.55870967741935,31,31,31,31,31,0,no_target_record,train
33,ศรีสะเกษ,2017,3,2017-03,2017-02,,26.159285714285716,1.3900000000000001,54.467499999999994,20.700357142857143,28,28,28,28,28,0,no_target_record,train
33,ศรีสะเกษ,2017,4,2017-04,2017-03,,29.3341935483871,62.150000000000006,56.58451612903225,19.504516129032258,31,31,31,31,31,0,no_target_record,train
33,ศรีสะเกษ,2017,5,2017-05,2017-04,3.0,30.086333333333336,119.66000000000001,61.855333333333334,21.434666666666665,30,30,30,30,30,1,,train
33,ศรีสะเกษ,2017,6,2017-06,2017-05,1585.0,28.1,331.44,81.42967741935485,19.169999999999998,31,31,31,31,31,1,,train
33,ศรีสะเกษ,2017,7,2017-07,2017-06,962.0,26.56566666666667,272.53000000000003,89.641,18.591666666666665,30,30,30,30,30,1,,train
33,ศรีสะเกษ,2017,8,2017-08,2017-07,105.0,25.774516129032257,538.55,91.46419354838709,16.364516129032257,31,31,31,31,31,1,,train
33,ศรีสะเกษ,2017,9,2017-09,2017-08,,26.468387096774194,290.96,90.20483870967742,18.745806451612903,31,31,31,31,31,0,no_target_record,train
33,ศรีสะเกษ,2017,10,2017-10,2017-09,,26.77733333333333,196.08999999999995,88.93066666666667,18.060333333333332,30,30,30,30,30,0,no_target_record,train
33,ศรีสะเกษ,2017,11,2017-11,2017-10,,25.392903225806453,106.92,88.42806451612903,18.051935483870967,31,31,31,31,31,0,no_target_record,train
33,ศรีสะเกษ,2017,12,2017-12,2017-11,,24.24566666666667,17.409999999999997,86.04366666666667,16.717666666666666,30,30,30,30,30,0,no_target_record,train
33,ศรีสะเกษ,2018,1,2018-01,2017-12,,23.232580645161292,1.25,72.26387096774194,17.42290322580645,31,31,31,31,31,0,no_target_record,train
33,ศรีสะเกษ,2018,2,2018-02,2018-01,,25.767096774193547,5.49,60.453548387096774,17.08258064516129,31,31,31,31,31,0,no_target_record,train
33,ศรีสะเกษ,2018,3,2018-03,2018-02,,26.31357142857143,3.3600000000000003,50.786071428571425,19.969285714285714,28,28,28,28,28,0,no_target_record,train
33,ศรีสะเกษ,2018,4,2018-04,2018-03,1.0,28.609354838709677,92.66000000000003,59.63580645161291,18.712903225806453,31,31,31,31,31,1,,train
33,ศรีสะเกษ,2018,5,2018-05,2018-04,189.0,29.412666666666667,68.46000000000001,61.86299999999999,19.348666666666666,30,30,30,30,30,1,,train
33,ศรีสะเกษ,2018,6,2018-06,2018-05,3186.0,28.769032258064517,182.42999999999998,74.09806451612903,19.911290322580644,31,31,31,31,31,1,,train
33,ศรีสะเกษ,2018,7,2018-07,2018-06,725.0,26.586333333333336,293.47,87.673,18.422,30,30,30,30,30,1,,train
33,ศรีสะเกษ,2018,8,2018-08,2018-07,71.0,26.02258064516129,411.4,90.02548387096775,16.16,31,31,31,31,31,1,,train
33,ศรีสะเกษ,2018,9,2018-09,2018-08,,25.660645161290322,392.33,91.04,16.88258064516129,31,31,31,31,31,0,no_target_record,train
33,ศรีสะเกษ,2018,10,2018-10,2018-09,,26.542666666666666,258.71999999999997,87.898,18.657666666666668,30,30,30,30,30,0,no_target_record,train
33,ศรีสะเกษ,2018,11,2018-11,2018-10,,26.245483870967742,53.379999999999995,85.06741935483872,20.021935483870966,31,31,31,31,31,0,no_target_record,train
33,ศรีสะเกษ,2018,12,2018-12,2018-11,,25.599,14.599999999999998,79.029,18.328666666666667,30,30,30,30,30,0,no_target_record,train
33,ศรีสะเกษ,2019,1,2019-01,2018-12,,26.43903225806452,10.52,66.69419354838709,17.61774193548387,31,31,31,31,31,0,no_target_record,train
33,ศรีสะเกษ,2019,2,2019-02,2019-01,,26.37548387096774,0.0,55.7641935483871,19.370322580645162,31,31,31,31,31,0,no_target_record,train
33,ศรีสะเกษ,2019,3,2019-03,2019-02,13.0,30.896428571428572,4.34,42.791071428571435,19.502142857142854,28,28,28,28,28,1,,train
33,ศรีสะเกษ,2019,4,2019-04,2019-03,53.0,31.925161290322578,20.180000000000003,45.40483870967742,18.47483870967742,31,31,31,31,31,1,,train
33,ศรีสะเกษ,2019,5,2019-05,2019-04,297.0,31.173000000000002,83.63000000000002,61.32000000000001,21.123,30,30,30,30,30,1,,train
33,ศรีสะเกษ,2019,6,2019-06,2019-05,2416.0,29.188709677419357,208.16,75.35387096774193,20.047096774193548,31,31,31,31,31,1,,train
33,ศรีสะเกษ,2019,7,2019-07,2019-06,208.0,28.012,131.52,82.97533333333334,20.700333333333333,30,30,30,30,30,1,,train
33,ศรีสะเกษ,2019,8,2019-08,2019-07,235.0,26.63032258064516,317.7,84.87548387096774,18.718709677419355,31,31,31,31,31,1,,train
33,ศรีสะเกษ,2019,9,2019-09,2019-08,5.0,26.36709677419355,420.8299999999999,89.28290322580645,16.335806451612903,31,31,31,31,31,1,,train
33,ศรีสะเกษ,2019,10,2019-10,2019-09,,25.95133333333333,500.45,89.72566666666667,16.99866666666667,30,30,30,30,30,0,no_target_record,train
33,ศรีสะเกษ,2019,11,2019-11,2019-10,,26.270967741935483,29.490000000000002,84.09096774193549,19.71709677419355,31,31,31,31,31,0,no_target_record,train
33,ศรีสะเกษ,2019,12,2019-12,2019-11,,25.296,12.28,76.70599999999999,17.567,30,30,30,30,30,0,no_target_record,train
33,ศรีสะเกษ,2020,1,2020-01,2019-12,,24.796451612903226,0.12,61.64064516129033,18.674516129032256,31,31,31,31,31,0,no_target_record,train
33,ศรีสะเกษ,2020,2,2020-02,2020-01,,27.478709677419356,0.6900000000000002,51.94903225806452,19.090645161290322,31,31,31,31,31,0,no_target_record,train
33,ศรีสะเกษ,2020,3,2020-03,2020-02,,28.010689655172413,0.05,46.32586206896552,20.923793103448276,29,29,29,29,29,0,no_target_record,train
33,ศรีสะเกษ,2020,4,2020-04,2020-03,17.0,32.21612903225807,13.25,45.9641935483871,19.38064516129032,31,31,31,31,31,1,,train
33,ศรีสะเกษ,2020,5,2020-05,2020-04,250.0,30.013666666666666,61.12999999999999,59.534,20.044,30,30,30,30,30,1,,train
33,ศรีสะเกษ,2020,6,2020-06,2020-05,1605.0,30.065483870967743,183.54999999999998,70.96677419354837,19.54258064516129,31,31,31,31,31,1,,train
33,ศรีสะเกษ,2020,7,2020-07,2020-06,1858.0,27.23933333333333,199.83,85.973,20.774333333333335,30,30,30,30,30,1,,train
33,ศรีสะเกษ,2020,8,2020-08,2020-07,15.0,27.055806451612902,271.57,86.40612903225806,20.230645161290322,31,31,31,31,31,1,,train
33,ศรีสะเกษ,2020,9,2020-09,2020-08,,26.45225806451613,392.55000000000007,89.96774193548387,17.4,31,31,31,31,31,0,no_target_record,train
33,ศรีสะเกษ,2020,10,2020-10,2020-09,,26.76033333333333,373.95,89.08666666666666,16.997666666666667,30,30,30,30,30,0,no_target_record,train
33,ศรีสะเกษ,2020,11,2020-11,2020-10,,24.8141935483871,237.04000000000002,91.55870967741936,13.109032258064516,31,31,31,31,31,0,no_target_record,train
33,ศรีสะเกษ,2020,12,2020-12,2020-11,,23.966,12.0,86.99833333333332,17.468,30,30,30,30,30,0,no_target_record,train
33,ศรีสะเกษ,2021,1,2021-01,2020-12,,22.337419354838712,0.23,78.39,17.53806451612903,31,31,31,31,31,0,no_target_record,train
33,ศรีสะเกษ,2021,2,2021-02,2021-01,,22.551290322580645,0.0,62.56548387096774,19.651612903225807,31,31,31,31,31,0,no_target_record,train
33,ศรีสะเกษ,2021,3,2021-03,2021-02,,26.34714285714286,24.040000000000003,54.200357142857136,21.16464285714286,28,28,28,28,28,0,no_target_record,train
33,ศรีสะเกษ,2021,4,2021-04,2021-03,,31.476774193548387,15.649999999999999,46.57225806451613,20.464193548387097,31,31,31,31,31,0,no_target_record,train
33,ศรีสะเกษ,2021,5,2021-05,2021-04,332.0,30.115000000000002,146.79,63.711999999999996,18.714333333333332,30,30,30,30,30,1,,train
33,ศรีสะเกษ,2021,6,2021-06,2021-05,1400.0,28.44967741935484,177.98,80.38806451612902,20.813548387096777,31,31,31,31,31,1,,train
33,ศรีสะเกษ,2021,7,2021-07,2021-06,1566.0,26.89966666666667,263.43,87.53299999999999,20.545666666666666,30,30,30,30,30,1,,train
33,ศรีสะเกษ,2021,8,2021-08,2021-07,1441.0,26.56032258064516,359.84,88.80741935483871,18.91774193548387,31,31,31,31,31,1,,train
33,ศรีสะเกษ,2021,9,2021-09,2021-08,,26.700322580645164,245.09000000000003,88.42806451612903,19.33258064516129,31,31,31,31,31,0,no_target_record,train
33,ศรีสะเกษ,2021,10,2021-10,2021-09,,26.19,450.28999999999996,90.01066666666667,15.225999999999999,30,30,30,30,30,0,no_target_record,train
33,ศรีสะเกษ,2021,11,2021-11,2021-10,,25.58677419354839,251.99999999999997,90.44290322580645,15.735806451612904,31,31,31,31,31,0,no_target_record,train
33,ศรีสะเกษ,2021,12,2021-12,2021-11,,24.030666666666665,9.25,86.61266666666667,17.146333333333335,30,30,30,30,30,0,no_target_record,train
33,ศรีสะเกษ,2022,1,2022-01,2021-12,,21.873548387096776,3.1100000000000003,79.1974193548387,17.878064516129033,31,31,31,31,31,0,no_target_record,validation
33,ศรีสะเกษ,2022,2,2022-02,2022-01,,25.793225806451613,11.370000000000001,63.63290322580645,19.09903225806452,31,31,31,31,31,0,no_target_record,validation
33,ศรีสะเกษ,2022,3,2022-03,2022-02,,25.919285714285714,40.12,62.34357142857142,18.575,28,28,28,28,28,0,no_target_record,validation
33,ศรีสะเกษ,2022,4,2022-04,2022-03,,29.345483870967744,111.92000000000002,62.77903225806452,19.78774193548387,31,31,31,31,31,0,no_target_record,validation
33,ศรีสะเกษ,2022,5,2022-05,2022-04,399.0,27.40533333333333,119.88000000000001,71.238,19.535666666666664,30,30,30,30,30,1,,validation
33,ศรีสะเกษ,2022,6,2022-06,2022-05,4297.0,26.423548387096773,352.92999999999995,85.71225806451612,17.320967741935487,31,31,31,31,31,1,,validation
33,ศรีสะเกษ,2022,7,2022-07,2022-06,3500.0,26.748333333333335,114.84000000000003,88.08533333333334,20.166,30,30,30,30,30,1,,validation
33,ศรีสะเกษ,2022,8,2022-08,2022-07,39.0,26.67225806451613,429.17999999999995,89.5858064516129,17.36774193548387,31,31,31,31,31,1,,validation
33,ศรีสะเกษ,2022,9,2022-09,2022-08,,26.348387096774193,464.06,90.1258064516129,16.723548387096773,31,31,31,31,31,0,no_target_record,validation
33,ศรีสะเกษ,2022,10,2022-10,2022-09,,26.170666666666666,594.2700000000001,90.65066666666667,15.064333333333334,30,30,30,30,30,0,no_target_record,validation
33,ศรีสะเกษ,2022,11,2022-11,2022-10,,24.684838709677418,127.48000000000002,88.52645161290323,17.56483870967742,31,31,31,31,31,0,no_target_record,validation
33,ศรีสะเกษ,2022,12,2022-12,2022-11,,25.03666666666667,31.07,85.679,16.994666666666667,30,30,30,30,30,0,no_target_record,validation
33,ศรีสะเกษ,2023,1,2023-01,2022-12,,22.07225806451613,25.76,75.83387096774193,18.16774193548387,31,31,31,31,31,0,no_target_record,validation
33,ศรีสะเกษ,2023,2,2023-02,2023-01,,22.760645161290324,24.98,66.78612903225806,17.502903225806453,31,31,31,31,31,0,no_target_record,validation
33,ศรีสะเกษ,2023,3,2023-03,2023-02,,27.764285714285712,3.12,54.90428571428571,20.301428571428573,28,28,28,28,28,0,no_target_record,validation
33,ศรีสะเกษ,2023,4,2023-04,2023-03,,30.322580645161292,2.9200000000000004,46.663225806451614,21.315483870967743,31,31,31,31,31,0,no_target_record,validation
33,ศรีสะเกษ,2023,5,2023-05,2023-04,513.0,32.04233333333333,72.82,54.733,19.699,30,30,30,30,30,1,,validation
33,ศรีสะเกษ,2023,6,2023-06,2023-05,5531.0,30.723225806451612,149.16000000000003,66.24258064516128,20.270967741935483,31,31,31,31,31,1,,validation
33,ศรีสะเกษ,2023,7,2023-07,2023-06,4505.0,27.59333333333333,258.9,84.27433333333333,18.782666666666668,30,30,30,30,30,1,,validation
33,ศรีสะเกษ,2023,8,2023-08,2023-07,50.0,27.100645161290323,360.42,86.97225806451613,18.07193548387097,31,31,31,31,31,1,,validation
33,ศรีสะเกษ,2023,9,2023-09,2023-08,,26.668387096774193,315.63,89.76193548387097,17.70387096774194,31,31,31,31,31,0,no_target_record,validation
33,ศรีสะเกษ,2023,10,2023-10,2023-09,,26.697666666666667,463.34,90.30266666666667,15.386666666666667,30,30,30,30,30,0,no_target_record,validation
33,ศรีสะเกษ,2023,11,2023-11,2023-10,,26.483870967741936,146.46,88.92806451612903,17.42258064516129,31,31,31,31,31,0,no_target_record,validation
33,ศรีสะเกษ,2023,12,2023-12,2023-11,,24.78033333333333,29.79,85.048,18.400333333333332,30,30,30,30,30,0,no_target_record,validation
33,ศรีสะเกษ,2024,1,2024-01,2023-12,,25.151290322580646,1.26,72.09290322580645,18.181612903225805,31,31,31,31,31,0,no_target_record,test
33,ศรีสะเกษ,2024,2,2024-02,2024-01,,26.686129032258062,0.0,57.63354838709678,19.591290322580647,31,31,31,31,31,0,no_target_record,test
33,ศรีสะเกษ,2024,3,2024-03,2024-02,,30.356896551724137,1.8800000000000001,46.19620689655173,19.982068965517243,29,29,29,29,29,0,no_target_record,test
33,ศรีสะเกษ,2024,4,2024-04,2024-03,,31.486129032258066,18.74,49.357419354838704,19.085806451612903,31,31,31,31,31,0,no_target_record,test
33,ศรีสะเกษ,2024,5,2024-05,2024-04,1596.0,35.80566666666667,8.79,39.666666666666664,21.552,30,30,30,30,30,1,,test
33,ศรีสะเกษ,2024,6,2024-06,2024-05,3803.0,30.14548387096774,333.79999999999995,73.72322580645161,17.96225806451613,31,31,31,31,31,1,,test
33,ศรีสะเกษ,2024,7,2024-07,2024-06,3869.0,27.718,183.65000000000003,84.684,19.067666666666664,30,30,30,30,30,1,,test
33,ศรีสะเกษ,2024,8,2024-08,2024-07,122.0,26.831290322580646,357.53999999999996,88.63354838709677,15.856774193548388,31,31,31,31,31,1,,test
33,ศรีสะเกษ,2024,9,2024-09,2024-08,,27.260645161290324,176.96000000000004,88.0325806451613,19.129354838709677,31,31,31,31,31,0,no_target_record,test
33,ศรีสะเกษ,2024,10,2024-10,2024-09,,26.930333333333333,433.45000000000005,89.521,16.205333333333332,30,30,30,30,30,0,no_target_record,test
33,ศรีสะเกษ,2024,11,2024-11,2024-10,,25.845483870967744,118.86000000000001,86.75,17.883548387096774,31,31,31,31,31,0,no_target_record,test
33,ศรีสะเกษ,2024,12,2024-12,2024-11,,25.065333333333335,3.79,82.08466666666666,18.113333333333333,30,30,30,30,30,0,no_target_record,test
33,ศรีสะเกษ,2025,1,2025-01,2024-12,,24.01967741935484,0.09,66.82322580645162,17.74290322580645,31,31,31,31,31,0,no_target_record,test
33,ศรีสะเกษ,2025,2,2025-02,2025-01,,23.10290322580645,0.0,56.850645161290316,19.77741935483871,31,31,31,31,31,0,no_target_record,test
33,ศรีสะเกษ,2025,3,2025-03,2025-02,,27.81714285714286,0.29000000000000004,48.64,20.463214285714287,28,28,28,28,28,0,no_target_record,test
33,ศรีสะเกษ,2025,4,2025-04,2025-03,,30.036774193548386,16.25,47.74354838709677,19.729032258064517,31,31,31,31,31,0,no_target_record,test
33,ศรีสะเกษ,2025,5,2025-05,2025-04,1438.0,31.73033333333333,26.329999999999995,50.84566666666667,20.834666666666667,30,30,30,30,30,1,,test
33,ศรีสะเกษ,2025,6,2025-06,2025-05,10366.0,30.281290322580645,276.26,67.90096774193547,18.112903225806452,31,31,31,31,31,1,,test
33,ศรีสะเกษ,2025,7,2025-07,2025-06,5922.0,27.204666666666665,186.39000000000001,86.65766666666667,17.317,30,30,30,30,30,1,,test
33,ศรีสะเกษ,2025,8,2025-08,2025-07,878.0,26.96451612903226,247.09,87.73419354838708,16.766129032258064,31,31,31,31,31,1,,test
33,ศรีสะเกษ,2025,9,2025-09,2025-08,,26.907096774193548,231.4,86.76677419354839,17.468387096774194,31,31,31,31,31,0,no_target_record,test
33,ศรีสะเกษ,2025,10,2025-10,2025-09,,26.724,431.8100000000001,88.532,14.455,30,30,30,30,30,0,no_target_record,test
33,ศรีสะเกษ,2025,11,2025-11,2025-10,,25.85967741935484,60.89999999999999,87.81774193548387,16.30516129032258,31,31,31,31,31,0,no_target_record,test
33,ศรีสะเกษ,2025,12,2025-12,2025-11,,22.907333333333334,47.81,85.059,15.745666666666667,30,30,30,30,30,0,no_target_record,test
33,ศรีสะเกษ,2026,1,2026-01,2025-12,,24.258387096774193,0.76,72.6116129032258,18.313870967741938,31,31,31,31,31,0,no_target_record,future_holdout
33,ศรีสะเกษ,2026,2,2026-02,2026-01,,23.717741935483872,0.12,57.66967741935484,19.619032258064518,31,31,31,31,31,0,no_target_record,future_holdout
33,ศรีสะเกษ,2026,3,2026-03,2026-02,,29.148214285714285,20.740000000000002,48.57035714285714,20.138214285714287,28,28,28,28,28,0,no_target_record,future_holdout
33,ศรีสะเกษ,2026,4,2026-04,2026-03,,29.96516129032258,28.18,49.88387096774194,21.41774193548387,31,31,31,31,31,0,no_target_record,future_holdout
33,ศรีสะเกษ,2026,5,2026-05,2026-04,,33.269666666666666,70.07000000000001,47.03333333333333,20.680999999999997,30,30,30,30,30,0,no_target_record,future_holdout
33,ศรีสะเกษ,2026,6,2026-06,2026-05,,30.661612903225805,154.52999999999994,66.93548387096774,18.891935483870967,31,31,31,31,31,0,no_target_record,future_holdout
33,ศรีสะเกษ,2026,7,2026-07,2026-06,,28.66433333333333,115.05,77.51066666666667,20.195666666666668,30,30,30,30,30,0,no_target_record,future_holdout
33,ศรีสะเกษ,2026,8,2026-08,2026-07,,26.899354838709677,413.03000000000003,86.34322580645161,15.45483870967742,31,31,31,31,31,0,no_target_record,future_holdout
33,ศรีสะเกษ,2026,9,2026-09,2026-08,,26.771935483870966,262.64000000000004,89.04806451612905,14.665806451612903,31,31,31,31,31,0,no_target_record,future_holdout
53,อุตรดิตถ์,1981,1,1981-01,1980-12,,,,,,0,0,,,31,0,no_target_record;incomplete_lag_temperature_or_rain;missing_lag_feature;incomplete_lag_daily_coverage,train
53,อุตรดิตถ์,1981,2,1981-02,1981-01,,19.35483870967742,0.6200000000000001,71.34903225806453,,31,0,31,31,31,0,no_target_record;missing_lag_feature;incomplete_lag_daily_coverage,train
53,อุตรดิตถ์,1981,3,1981-03,1981-02,,23.645,7.84,63.292142857142856,,28,0,28,28,28,0,no_target_record;missing_lag_feature;incomplete_lag_daily_coverage,train
53,อุตรดิตถ์,1981,4,1981-04,1981-03,,26.73225806451613,23.88,57.814516129032256,,31,0,31,31,31,0,no_target_record;missing_lag_feature;incomplete_lag_daily_coverage,train
53,อุตรดิตถ์,1981,5,1981-05,1981-04,,27.334666666666667,83.99,66.49633333333334,,30,0,30,30,30,0,no_target_record;missing_lag_feature;incomplete_lag_daily_coverage,train
53,อุตรดิตถ์,1981,6,1981-06,1981-05,,25.633225806451613,267.77,80.56387096774193,,31,0,31,31,31,0,no_target_record;missing_lag_feature;incomplete_lag_daily_coverage,train
53,อุตรดิตถ์,1981,7,1981-07,1981-06,,25.366666666666667,112.14000000000001,84.113,,30,0,30,30,30,0,no_target_record;missing_lag_feature;incomplete_lag_daily_coverage,train
53,อุตรดิตถ์,1981,8,1981-08,1981-07,,24.450322580645164,294.2,88.01870967741935,,31,0,31,31,31,0,no_target_record;missing_lag_feature;incomplete_lag_daily_coverage,train
53,อุตรดิตถ์,1981,9,1981-09,1981-08,,24.401290322580646,153.40999999999994,88.45870967741936,,31,0,31,31,31,0,no_target_record;missing_lag_feature;incomplete_lag_daily_coverage,train
53,อุตรดิตถ์,1981,10,1981-10,1981-09,,25.151333333333334,102.63000000000001,84.11,,30,0,30,30,30,0,no_target_record;missing_lag_feature;incomplete_lag_daily_coverage,train
53,อุตรดิตถ์,1981,11,1981-11,1981-10,,23.19193548387097,138.29999999999998,86.38064516129033,,31,0,31,31,31,0,no_target_record;missing_lag_feature;incomplete_lag_daily_coverage,train
53,อุตรดิตถ์,1981,12,1981-12,1981-11,,21.689666666666668,48.06999999999999,83.22233333333334,,30,0,30,30,30,0,no_target_record;missing_lag_feature;incomplete_lag_daily_coverage,train
53,อุตรดิตถ์,1982,1,1982-01,1981-12,,17.441612903225806,1.15,75.74064516129032,,31,0,31,31,31,0,no_target_record;missing_lag_feature;incomplete_lag_daily_coverage,train
53,อุตรดิตถ์,1982,2,1982-02,1982-01,,20.182258064516127,11.459999999999999,69.87967741935483,,31,0,31,31,31,0,no_target_record;missing_lag_feature;incomplete_lag_daily_coverage,train
53,อุตรดิตถ์,1982,3,1982-03,1982-02,,23.667142857142856,1.5699999999999998,56.86357142857143,,28,0,28,28,28,0,no_target_record;missing_lag_feature;incomplete_lag_daily_coverage,train
53,อุตรดิตถ์,1982,4,1982-04,1982-03,,28.051612903225806,1.4400000000000004,47.47451612903226,,31,0,31,31,31,0,no_target_record;missing_lag_feature;incomplete_lag_daily_coverage,train
53,อุตรดิตถ์,1982,5,1982-05,1982-04,,27.860333333333337,24.68,54.592333333333336,,30,0,30,30,30,0,no_target_record;missing_lag_feature;incomplete_lag_daily_coverage,train
53,อุตรดิตถ์,1982,6,1982-06,1982-05,,28.168709677419354,118.35000000000001,67.00129032258064,,31,0,31,31,31,0,no_target_record;missing_lag_feature;incomplete_lag_daily_coverage,train
53,อุตรดิตถ์,1982,7,1982-07,1982-06,,26.687,88.37,75.38533333333334,,30,0,30,30,30,0,no_target_record;missing_lag_feature;incomplete_lag_daily_coverage,train
53,อุตรดิตถ์,1982,8,1982-08,1982-07,,25.837419354838712,101.93999999999998,77.98935483870967,,31,0,31,31,31,0,no_target_record;missing_lag_feature;incomplete_lag_daily_coverage,train
53,อุตรดิตถ์,1982,9,1982-09,1982-08,,25.26806451612903,148.48999999999998,80.50387096774193,,31,0,31,31,31,0,no_target_record;missing_lag_feature;incomplete_lag_daily_coverage,train
53,อุตรดิตถ์,1982,10,1982-10,1982-09,,24.461666666666666,282.51000000000005,86.73333333333333,,30,0,30,30,30,0,no_target_record;missing_lag_feature;incomplete_lag_daily_coverage,train
53,อุตรดิตถ์,1982,11,1982-11,1982-10,,24.432258064516127,84.46,81.13774193548387,,31,0,31,31,31,0,no_target_record;missing_lag_feature;incomplete_lag_daily_coverage,train
53,อุตรดิตถ์,1982,12,1982-12,1982-11,,23.454333333333334,20.99,75.43166666666666,,30,0,30,30,30,0,no_target_record;missing_lag_feature;incomplete_lag_daily_coverage,train
53,อุตรดิตถ์,1983,1,1983-01,1982-12,,19.026451612903227,1.8,63.55483870967742,,31,0,31,31,31,0,no_target_record;missing_lag_feature;incomplete_lag_daily_coverage,train
53,อุตรดิตถ์,1983,2,1983-02,1983-01,,19.309677419354838,14.829999999999998,63.3341935483871,,31,0,31,31,31,0,no_target_record;missing_lag_feature;incomplete_lag_daily_coverage,train
53,อุตรดิตถ์,1983,3,1983-03,1983-02,,24.66464285714286,0.64,51.85107142857142,,28,0,28,28,28,0,no_target_record;missing_lag_feature;incomplete_lag_daily_coverage,train
53,อุตรดิตถ์,1983,4,1983-04,1983-03,,27.353548387096776,2.24,41.6283870967742,,31,0,31,31,31,0,no_target_record;missing_lag_feature;incomplete_lag_daily_coverage,train
53,อุตรดิตถ์,1983,5,1983-05,1983-04,,30.617,37.040000000000006,45.97066666666667,,30,0,30,30,30,0,no_target_record;missing_lag_feature;incomplete_lag_daily_coverage,train
53,อุตรดิตถ์,1983,6,1983-06,1983-05,,27.466451612903228,193.93000000000004,72.83870967741936,,31,0,31,31,31,0,no_target_record;missing_lag_feature;incomplete_lag_daily_coverage,train
53,อุตรดิตถ์,1983,7,1983-07,1983-06,,26.581,143.32999999999998,78.792,,30,0,30,30,30,0,no_target_record;missing_lag_feature;incomplete_lag_daily_coverage,train
53,อุตรดิตถ์,1983,8,1983-08,1983-07,,26.14258064516129,148.79,80.50806451612904,,31,0,31,31,31,0,no_target_record;missing_lag_feature;incomplete_lag_daily_coverage,train
53,อุตรดิตถ์,1983,9,1983-09,1983-08,,25.409032258064514,181.80999999999995,85.06387096774193,,31,0,31,31,31,0,no_target_record;missing_lag_feature;incomplete_lag_daily_coverage,train
53,อุตรดิตถ์,1983,10,1983-10,1983-09,,24.968666666666667,183.08999999999997,85.80466666666666,,30,0,30,30,30,0,no_target_record;missing_lag_feature;incomplete_lag_daily_coverage,train
53,อุตรดิตถ์,1983,11,1983-11,1983-10,,24.183870967741935,153.12000000000006,84.99354838709678,,31,0,31,31,31,0,no_target_record;missing_lag_feature;incomplete_lag_daily_coverage,train
53,อุตรดิตถ์,1983,12,1983-12,1983-11,,19.840333333333334,60.379999999999995,78.153,,30,0,30,30,30,0,no_target_record;missing_lag_feature;incomplete_lag_daily_coverage,train
53,อุตรดิตถ์,1984,1,1984-01,1983-12,,18.36709677419355,9.21,71.05225806451612,,31,0,31,31,31,0,no_target_record;missing_lag_feature;incomplete_lag_daily_coverage,train
53,อุตรดิตถ์,1984,2,1984-02,1984-01,,20.100322580645162,0.08,64.99064516129032,18.34,31,31,31,31,31,0,no_target_record,train
53,อุตรดิตถ์,1984,3,1984-03,1984-02,,24.81206896551724,29.17,61.0151724137931,18.769310344827588,29,29,29,29,29,0,no_target_record,train
53,อุตรดิตถ์,1984,4,1984-04,1984-03,,26.79064516129032,2.79,53.24741935483871,22.88225806451613,31,31,31,31,31,0,no_target_record,train
53,อุตรดิตถ์,1984,5,1984-05,1984-04,,28.262,98.82,63.75933333333333,23.963,30,30,30,30,30,0,no_target_record,train
53,อุตรดิตถ์,1984,6,1984-06,1984-05,,26.72,156.06,74.18806451612903,23.47806451612903,31,31,31,31,31,0,no_target_record,train
53,อุตรดิตถ์,1984,7,1984-07,1984-06,,26.003,155.24,80.42566666666667,21.038666666666664,30,30,30,30,30,0,no_target_record,train
53,อุตรดิตถ์,1984,8,1984-08,1984-07,,25.278709677419354,150.79000000000002,80.99290322580646,17.6,31,31,31,31,31,0,no_target_record,train
53,อุตรดิตถ์,1984,9,1984-09,1984-08,,24.646451612903224,195.04999999999998,85.84645161290322,16.780967741935484,31,31,31,31,31,0,no_target_record,train
53,อุตรดิตถ์,1984,10,1984-10,1984-09,,24.737666666666666,246.81999999999996,83.181,18.188666666666666,30,30,30,30,30,0,no_target_record,train
53,อุตรดิตถ์,1984,11,1984-11,1984-10,,23.391290322580645,112.14999999999999,83.71935483870968,17.36935483870968,31,31,31,31,31,0,no_target_record,train
53,อุตรดิตถ์,1984,12,1984-12,1984-11,,21.945,8.059999999999999,77.81933333333333,18.93166666666667,30,30,30,30,30,0,no_target_record,train
53,อุตรดิตถ์,1985,1,1985-01,1984-12,,20.07967741935484,0.0,66.91,18.62516129032258,31,31,31,31,31,0,no_target_record,train
53,อุตรดิตถ์,1985,2,1985-02,1985-01,,21.865161290322582,6.079999999999999,64.43322580645162,19.38258064516129,31,31,31,31,31,0,no_target_record,train
53,อุตรดิตถ์,1985,3,1985-03,1985-02,,25.281785714285714,6.6499999999999995,51.43535714285714,21.385714285714283,28,28,28,28,28,0,no_target_record,train
53,อุตรดิตถ์,1985,4,1985-04,1985-03,,27.08483870967742,3.58,48.28387096774193,23.29806451612903,31,31,31,31,31,0,no_target_record,train
53,อุตรดิตถ์,1985,5,1985-05,1985-04,,28.515666666666668,96.42000000000002,58.214666666666666,23.691333333333333,30,30,30,30,30,0,no_target_record,train
53,อุตรดิตถ์,1985,6,1985-06,1985-05,,26.958064516129035,175.96,74.51354838709678,21.47451612903226,31,31,31,31,31,0,no_target_record,train
53,อุตรดิตถ์,1985,7,1985-07,1985-06,,25.516000000000002,131.64000000000001,81.96700000000001,19.263333333333332,30,30,30,30,30,0,no_target_record,train
53,อุตรดิตถ์,1985,8,1985-08,1985-07,,24.518387096774195,167.97,83.96419354838709,19.655161290322578,31,31,31,31,31,0,no_target_record,train
53,อุตรดิตถ์,1985,9,1985-09,1985-08,,24.416774193548385,185.89000000000001,87.37483870967742,16.837419354838712,31,31,31,31,31,0,no_target_record,train
53,อุตรดิตถ์,1985,10,1985-10,1985-09,,24.782666666666668,208.78999999999996,84.493,19.108666666666668,30,30,30,30,30,0,no_target_record,train
53,อุตรดิตถ์,1985,11,1985-11,1985-10,,23.763548387096773,165.12,82.54645161290323,18.80483870967742,31,31,31,31,31,0,no_target_record,train
53,อุตรดิตถ์,1985,12,1985-12,1985-11,,22.121,91.42999999999999,83.71499999999999,17.70133333333333,30,30,30,30,30,0,no_target_record,train
53,อุตรดิตถ์,1986,1,1986-01,1985-12,,19.01322580645161,0.01,71.98677419354838,18.938387096774196,31,31,31,31,31,0,no_target_record,train
53,อุตรดิตถ์,1986,2,1986-02,1986-01,,19.547096774193548,0.0,66.63322580645162,19.858064516129033,31,31,31,31,31,0,no_target_record,train
53,อุตรดิตถ์,1986,3,1986-03,1986-02,,23.910714285714285,3.8200000000000007,55.87107142857143,21.638571428571428,28,28,28,28,28,0,no_target_record,train
53,อุตรดิตถ์,1986,4,1986-04,1986-03,,25.740000000000002,4.2299999999999995,44.71806451612903,22.771935483870966,31,31,31,31,31,0,no_target_record,train
53,อุตรดิตถ์,1986,5,1986-05,1986-04,,27.947666666666667,135.45999999999998,63.76766666666666,24.691666666666666,30,30,30,30,30,0,no_target_record,train
53,อุตรดิตถ์,1986,6,1986-06,1986-05,,25.93935483870968,162.27,79.65064516129033,21.48193548387097,31,31,31,31,31,0,no_target_record,train
53,อุตรดิตถ์,1986,7,1986-07,1986-06,,25.291666666666668,146.43999999999997,83.11266666666667,21.14466666666667,30,30,30,30,30,0,no_target_record,train
53,อุตรดิตถ์,1986,8,1986-08,1986-07,,24.687741935483867,144.2,83.55806451612904,18.042258064516126,31,31,31,31,31,0,no_target_record,train
53,อุตรดิตถ์,1986,9,1986-09,1986-08,,25.07935483870968,167.43,85.31322580645161,19.760967741935485,31,31,31,31,31,0,no_target_record,train
53,อุตรดิตถ์,1986,10,1986-10,1986-09,,24.43,167.01000000000005,83.527,20.793,30,30,30,30,30,0,no_target_record,train
53,อุตรดิตถ์,1986,11,1986-11,1986-10,,24.26774193548387,82.78000000000002,81.60032258064517,19.098064516129032,31,31,31,31,31,0,no_target_record,train
53,อุตรดิตถ์,1986,12,1986-12,1986-11,,22.332666666666668,6.45,76.743,18.525,30,30,30,30,30,0,no_target_record,train
53,อุตรดิตถ์,1987,1,1987-01,1986-12,,20.61193548387097,18.770000000000003,72.45290322580645,17.31032258064516,31,31,31,31,31,0,no_target_record,train
53,อุตรดิตถ์,1987,2,1987-02,1987-01,,21.658709677419353,0.19,62.77774193548387,19.283870967741933,31,31,31,31,31,0,no_target_record,train
53,อุตรดิตถ์,1987,3,1987-03,1987-02,,24.62964285714286,11.24,51.574285714285715,20.8125,28,28,28,28,28,0,no_target_record,train
53,อุตรดิตถ์,1987,4,1987-04,1987-03,,26.38064516129032,40.96,54.05612903225806,21.4158064516129,31,31,31,31,31,0,no_target_record,train
53,อุตรดิตถ์,1987,5,1987-05,1987-04,,28.509666666666664,69.35,56.777,24.327,30,30,30,30,30,0,no_target_record,train
53,อุตรดิตถ์,1987,6,1987-06,1987-05,,27.853548387096776,78.5,68.82193548387097,23.646451612903224,31,31,31,31,31,0,no_target_record,train
53,อุตรดิตถ์,1987,7,1987-07,1987-06,,26.317999999999998,192.39999999999998,81.32066666666667,20.334999999999997,30,30,30,30,30,0,no_target_record,train
53,อุตรดิตถ์,1987,8,1987-08,1987-07,,25.98709677419355,68.53,76.41096774193548,18.653870967741934,31,31,31,31,31,0,no_target_record,train
53,อุตรดิตถ์,1987,9,1987-09,1987-08,,25.921612903225807,286.33000000000015,82.14838709677419,18.85741935483871,31,31,31,31,31,0,no_target_record,train
53,อุตรดิตถ์,1987,10,1987-10,1987-09,,25.19366666666667,242.29,85.44666666666667,17.576999999999998,30,30,30,30,30,0,no_target_record,train
53,อุตรดิตถ์,1987,11,1987-11,1987-10,,24.66290322580645,69.58999999999999,82.61870967741935,19.31,31,31,31,31,31,0,no_target_record,train
53,อุตรดิตถ์,1987,12,1987-12,1987-11,,23.575333333333333,38.4,80.82,17.255999999999997,30,30,30,30,30,0,no_target_record,train
53,อุตรดิตถ์,1988,1,1988-01,1987-12,,17.598709677419354,0.0,63.255483870967744,18.846451612903227,31,31,31,31,31,0,no_target_record,train
53,อุตรดิตถ์,1988,2,1988-02,1988-01,,22.786774193548386,0.0,61.13129032258065,18.860645161290325,31,31,31,31,31,0,no_target_record,train
53,อุตรดิตถ์,1988,3,1988-03,1988-02,,25.269310344827584,28.34,57.90551724137931,20.524827586206897,29,29,29,29,29,0,no_target_record,train
53,อุตรดิตถ์,1988,4,1988-04,1988-03,,27.79774193548387,5.47,48.3,22.470000000000002,31,31,31,31,31,0,no_target_record,train
53,อุตรดิตถ์,1988,5,1988-05,1988-04,,27.794333333333334,151.04,64.167,23.117666666666665,30,30,30,30,30,0,no_target_record,train
53,อุตรดิตถ์,1988,6,1988-06,1988-05,,26.280645161290323,290.68000000000006,83.06806451612904,19.95709677419355,31,31,31,31,31,0,no_target_record,train
53,อุตรดิตถ์,1988,7,1988-07,1988-06,,25.211000000000002,189.93,86.08966666666667,20.792666666666666,30,30,30,30,30,0,no_target_record,train
53,อุตรดิตถ์,1988,8,1988-08,1988-07,,25.553870967741933,197.37999999999997,85.76354838709678,18.71483870967742,31,31,31,31,31,0,no_target_record,train
53,อุตรดิตถ์,1988,9,1988-09,1988-08,,25.259677419354837,276.49999999999994,87.49612903225807,17.19,31,31,31,31,31,0,no_target_record,train
53,อุตรดิตถ์,1988,10,1988-10,1988-09,,25.349,99.65000000000002,84.10933333333332,18.897666666666666,30,30,30,30,30,0,no_target_record,train
53,อุตรดิตถ์,1988,11,1988-11,1988-10,,24.160645161290322,133.72,84.20129032258065,16.710645161290323,31,31,31,31,31,0,no_target_record,train
53,อุตรดิตถ์,1988,12,1988-12,1988-11,,19.253333333333334,15.379999999999999,80.34366666666666,17.935333333333332,30,30,30,30,30,0,no_target_record,train
53,อุตรดิตถ์,1989,1,1989-01,1988-12,,18.643225806451614,0.0,77.48677419354838,18.522903225806452,31,31,31,31,31,0,no_target_record,train
53,อุตรดิตถ์,1989,2,1989-02,1989-01,,20.887096774193548,3.999999999999999,69.11354838709677,17.740967741935485,31,31,31,31,31,0,no_target_record,train
53,อุตรดิตถ์,1989,3,1989-03,1989-02,,23.90607142857143,0.41000000000000003,55.987857142857145,20.446785714285713,28,28,28,28,28,0,no_target_record,train
53,อุตรดิตถ์,1989,4,1989-04,1989-03,,26.21677419354839,20.14,57.23548387096774,20.455161290322582,31,31,31,31,31,0,no_target_record,train
53,อุตรดิตถ์,1989,5,1989-05,1989-04,,29.995333333333335,46.56,49.760666666666665,24.912,30,30,30,30,30,0,no_target_record,train
53,อุตรดิตถ์,1989,6,1989-06,1989-05,,27.039032258064516,239.92,75.87387096774194,21.695483870967742,31,31,31,31,31,0,no_target_record,train
53,อุตรดิตถ์,1989,7,1989-07,1989-06,,25.280666666666665,136.73000000000002,83.45633333333333,20.44633333333333,30,30,30,30,30,0,no_target_record,train
53,อุตรดิตถ์,1989,8,1989-08,1989-07,,25.333548387096776,149.45999999999998,84.4116129032258,19.205483870967743,31,31,31,31,31,0,no_target_record,train
53,อุตรดิตถ์,1989,9,1989-09,1989-08,,25.075806451612905,163.48999999999998,86.22774193548386,18.826451612903227,31,31,31,31,31,0,no_target_record,train
53,อุตรดิตถ์,1989,10,1989-10,1989-09,,25.136666666666667,165.88000000000002,84.65799999999999,17.285,30,30,30,30,30,0,no_target_record,train
53,อุตรดิตถ์,1989,11,1989-11,1989-10,,23.95483870967742,117.14999999999999,82.60032258064517,18.26774193548387,31,31,31,31,31,0,no_target_record,train
53,อุตรดิตถ์,1989,12,1989-12,1989-11,,21.706333333333337,4.81,75.46433333333333,19.555999999999997,30,30,30,30,30,0,no_target_record,train
53,อุตรดิตถ์,1990,1,1990-01,1989-12,,19.901612903225807,0.01,66.99548387096775,19.112903225806452,31,31,31,31,31,0,no_target_record,train
53,อุตรดิตถ์,1990,2,1990-02,1990-01,,22.862903225806452,1.74,62.90870967741936,17.74483870967742,31,31,31,31,31,0,no_target_record,train
53,อุตรดิตถ์,1990,3,1990-03,1990-02,,25.185,11.53,54.13857142857143,21.108214285714286,28,28,28,28,28,0,no_target_record,train
53,อุตรดิตถ์,1990,4,1990-04,1990-03,,26.304193548387094,50.709999999999994,57.167741935483875,21.81064516129032,31,31,31,31,31,0,no_target_record,train
53,อุตรดิตถ์,1990,5,1990-05,1990-04,,28.468,52.54999999999999,54.830666666666666,23.732666666666667,30,30,30,30,30,0,no_target_record,train
53,อุตรดิตถ์,1990,6,1990-06,1990-05,,26.44677419354839,310.40999999999997,77.79064516129033,22.146129032258063,31,31,31,31,31,0,no_target_record,train
53,อุตรดิตถ์,1990,7,1990-07,1990-06,,25.687666666666665,137.87,84.489,20.054,30,30,30,30,30,0,no_target_record,train
53,อุตรดิตถ์,1990,8,1990-08,1990-07,,25.160645161290322,164.79,84.52741935483871,17.67225806451613,31,31,31,31,31,0,no_target_record,train
53,อุตรดิตถ์,1990,9,1990-09,1990-08,,25.37,202.26000000000005,85.02129032258064,19.57161290322581,31,31,31,31,31,0,no_target_record,train
53,อุตรดิตถ์,1990,10,1990-10,1990-09,,25.455,207.00000000000003,84.64533333333334,18.52766666666667,30,30,30,30,30,0,no_target_record,train
53,อุตรดิตถ์,1990,11,1990-11,1990-10,,24.18935483870968,99.26,83.86967741935484,18.409354838709678,31,31,31,31,31,0,no_target_record,train
53,อุตรดิตถ์,1990,12,1990-12,1990-11,,22.051,29.989999999999995,80.98700000000001,19.105,30,30,30,30,30,0,no_target_record,train
53,อุตรดิตถ์,1991,1,1991-01,1990-12,,19.686129032258062,0.0,74.91709677419354,18.738064516129032,31,31,31,31,31,0,no_target_record,train
53,อุตรดิตถ์,1991,2,1991-02,1991-01,,22.894193548387097,6.47,68.0316129032258,18.908709677419353,31,31,31,31,31,0,no_target_record,train
53,อุตรดิตถ์,1991,3,1991-03,1991-02,,24.032142857142855,0.0,50.66535714285714,21.579285714285714,28,28,28,28,28,0,no_target_record,train
53,อุตรดิตถ์,1991,4,1991-04,1991-03,,28.469032258064516,12.030000000000001,49.960967741935484,22.391935483870967,31,31,31,31,31,0,no_target_record,train
53,อุตรดิตถ์,1991,5,1991-05,1991-04,,29.047,81.25,56.51433333333333,24.185,30,30,30,30,30,0,no_target_record,train
53,อุตรดิตถ์,1991,6,1991-06,1991-05,,27.64032258064516,164.48000000000002,72.95612903225806,24.815806451612904,31,31,31,31,31,0,no_target_record,train
53,อุตรดิตถ์,1991,7,1991-07,1991-06,,25.914666666666665,123.96,80.82733333333334,18.045666666666666,30,30,30,30,30,0,no_target_record,train
53,อุตรดิตถ์,1991,8,1991-08,1991-07,,25.74967741935484,117.21,81.97193548387096,18.37258064516129,31,31,31,31,31,0,no_target_record,train
53,อุตรดิตถ์,1991,9,1991-09,1991-08,,25.118387096774192,245.17,86.03774193548388,14.415483870967742,31,31,31,31,31,0,no_target_record,train
53,อุตรดิตถ์,1991,10,1991-10,1991-09,,25.33533333333333,166.43,85.26700000000001,17.499000000000002,30,30,30,30,30,0,no_target_record,train
53,อุตรดิตถ์,1991,11,1991-11,1991-10,,23.713870967741936,73.58999999999999,82.1174193548387,17.910645161290322,31,31,31,31,31,0,no_target_record,train
53,อุตรดิตถ์,1991,12,1991-12,1991-11,,21.223666666666666,3.15,75.951,19.083333333333332,30,30,30,30,30,0,no_target_record,train
53,อุตรดิตถ์,1992,1,1992-01,1991-12,,20.287419354838708,8.179999999999998,71.71387096774194,16.436451612903223,31,31,31,31,31,0,no_target_record,train
53,อุตรดิตถ์,1992,2,1992-02,1992-01,,19.421290322580642,20.580000000000002,71.04935483870969,17.688709677419357,31,31,31,31,31,0,no_target_record,train
53,อุตรดิตถ์,1992,3,1992-03,1992-02,,22.079310344827583,43.150000000000006,54.91896551724138,20.662068965517243,29,29,29,29,29,0,no_target_record,train
53,อุตรดิตถ์,1992,4,1992-04,1992-03,,26.394193548387097,0.03,50.32322580645161,22.600967741935484,31,31,31,31,31,0,no_target_record,train
53,อุตรดิตถ์,1992,5,1992-05,1992-04,,30.233666666666668,16.28,46.73766666666666,24.112000000000002,30,30,30,30,30,0,no_target_record,train
53,อุตรดิตถ์,1992,6,1992-06,1992-05,,28.86064516129032,64.69,62.487741935483875,24.71709677419355,31,31,31,31,31,0,no_target_record,train
53,อุตรดิตถ์,1992,7,1992-07,1992-06,,26.704,132.47,77.57966666666667,19.867,30,30,30,30,30,0,no_target_record,train
53,อุตรดิตถ์,1992,8,1992-08,1992-07,,25.88,240.92999999999998,79.74548387096775,16.254193548387097,31,31,31,31,31,0,no_target_record,train
53,อุตรดิตถ์,1992,9,1992-09,1992-08,,25.38225806451613,192.43999999999994,85.50290322580646,17.84903225806452,31,31,31,31,31,0,no_target_record,train
53,อุตรดิตถ์,1992,10,1992-10,1992-09,,24.96066666666667,250.92000000000002,85.96499999999999,17.840333333333334,30,30,30,30,30,0,no_target_record,train
53,อุตรดิตถ์,1992,11,1992-11,1992-10,,22.431612903225805,92.81999999999998,82.89290322580645,16.1658064516129,31,31,31,31,31,0,no_target_record,train
53,อุตรดิตถ์,1992,12,1992-12,1992-11,,19.613333333333333,3.1599999999999993,75.82,19.020333333333333,30,30,30,30,30,0,no_target_record,train
53,อุตรดิตถ์,1993,1,1993-01,1992-12,,19.254516129032258,74.92,73.06354838709677,18.498387096774195,31,31,31,31,31,0,no_target_record,train
53,อุตรดิตถ์,1993,2,1993-02,1993-01,,19.570645161290326,0.27,69.94806451612902,18.026774193548388,31,31,31,31,31,0,no_target_record,train
53,อุตรดิตถ์,1993,3,1993-03,1993-02,,22.741785714285715,0.13,54.66285714285714,21.1025,28,28,28,28,28,0,no_target_record,train
53,อุตรดิตถ์,1993,4,1993-04,1993-03,,25.95387096774194,56.279999999999994,59.13225806451613,20.975806451612904,31,31,31,31,31,0,no_target_record,train
53,อุตรดิตถ์,1993,5,1993-05,1993-04,,28.459666666666667,56.36,59.77033333333333,23.98966666666667,30,30,30,30,30,0,no_target_record,train
53,อุตรดิตถ์,1993,6,1993-06,1993-05,,27.56935483870968,108.14999999999999,69.56838709677419,22.596774193548388,31,31,31,31,31,0,no_target_record,train
53,อุตรดิตถ์,1993,7,1993-07,1993-06,,26.757,98.26000000000002,76.89466666666667,21.41166666666667,30,30,30,30,30,0,no_target_record,train
53,อุตรดิตถ์,1993,8,1993-08,1993-07,,26.015806451612903,137.41000000000003,81.29161290322581,18.878064516129033,31,31,31,31,31,0,no_target_record,train
53,อุตรดิตถ์,1993,9,1993-09,1993-08,,25.114516129032257,150.6,82.56193548387097,15.37225806451613,31,31,31,31,31,0,no_target_record,train
53,อุตรดิตถ์,1993,10,1993-10,1993-09,,25.293999999999997,211.74000000000004,84.695,16.601333333333333,30,30,30,30,30,0,no_target_record,train
53,อุตรดิตถ์,1993,11,1993-11,1993-10,,24.13258064516129,33.879999999999995,76.61677419354838,18.93032258064516,31,31,31,31,31,0,no_target_record,train
53,อุตรดิตถ์,1993,12,1993-12,1993-11,,22.93166666666667,0.12,62.937333333333335,19.47233333333333,30,30,30,30,30,0,no_target_record,train
53,อุตรดิตถ์,1994,1,1994-01,1993-12,,19.536129032258064,0.2,60.09032258064516,18.17838709677419,31,31,31,31,31,0,no_target_record,train
53,อุตรดิตถ์,1994,2,1994-02,1994-01,,23.10258064516129,0.0,52.30258064516129,19.061935483870965,31,31,31,31,31,0,no_target_record,train
53,อุตรดิตถ์,1994,3,1994-03,1994-02,,26.491785714285715,5.52,48.57785714285715,20.450357142857143,28,28,28,28,28,0,no_target_record,train
53,อุตรดิตถ์,1994,4,1994-04,1994-03,,25.963548387096775,118.8,57.20161290322581,18.553870967741933,31,31,31,31,31,0,no_target_record,train
53,อุตรดิตถ์,1994,5,1994-05,1994-04,,28.615666666666666,66.76,61.995666666666665,24.726999999999997,30,30,30,30,30,0,no_target_record,train
53,อุตรดิตถ์,1994,6,1994-06,1994-05,,26.687419354838706,310.10999999999996,80.13290322580644,20.595161290322583,31,31,31,31,31,0,no_target_record,train
53,อุตรดิตถ์,1994,7,1994-07,1994-06,,25.267,209.25,86.78033333333333,18.835333333333335,30,30,30,30,30,0,no_target_record,train
53,อุตรดิตถ์,1994,8,1994-08,1994-07,,24.976774193548387,194.83,87.30000000000001,17.470322580645163,31,31,31,31,31,0,no_target_record,train
53,อุตรดิตถ์,1994,9,1994-09,1994-08,,24.448064516129033,315.75,89.08032258064516,14.793548387096775,31,31,31,31,31,0,no_target_record,train
53,อุตรดิตถ์,1994,10,1994-10,1994-09,,24.93166666666667,145.42999999999998,86.92233333333334,16.658333333333335,30,30,30,30,30,0,no_target_record,train
53,อุตรดิตถ์,1994,11,1994-11,1994-10,,22.510322580645163,48.13,81.95387096774193,19.82677419354839,31,31,31,31,31,0,no_target_record,train
53,อุตรดิตถ์,1994,12,1994-12,1994-11,,20.406,5.07,82.889,19.404666666666667,30,30,30,30,30,0,no_target_record,train
53,อุตรดิตถ์,1995,1,1995-01,1994-12,,19.733548387096775,19.22,79.24806451612903,18.748064516129034,31,31,31,31,31,0,no_target_record,train
53,อุตรดิตถ์,1995,2,1995-02,1995-01,,19.81483870967742,2.4899999999999998,74.61645161290323,18.273225806451613,31,31,31,31,31,0,no_target_record,train
53,อุตรดิตถ์,1995,3,1995-03,1995-02,,21.85107142857143,0.78,58.22107142857143,21.55785714285714,28,28,28,28,28,0,no_target_record,train
53,อุตรดิตถ์,1995,4,1995-04,1995-03,,26.651290322580646,17.72,55.100645161290316,22.418709677419354,31,31,31,31,31,0,no_target_record,train
53,อุตรดิตถ์,1995,5,1995-05,1995-04,,29.73,32.0,55.57633333333333,24.461666666666666,30,30,30,30,30,0,no_target_record,train
53,อุตรดิตถ์,1995,6,1995-06,1995-05,,26.822580645161292,229.87999999999997,75.93806451612903,22.078064516129032,31,31,31,31,31,0,no_target_record,train
53,อุตรดิตถ์,1995,7,1995-07,1995-06,,26.031,134.12000000000003,84.422,21.428,30,30,30,30,30,0,no_target_record,train
53,อุตรดิตถ์,1995,8,1995-08,1995-07,,25.000645161290322,244.69999999999996,86.54935483870969,17.919354838709676,31,31,31,31,31,0,no_target_record,train
53,อุตรดิตถ์,1995,9,1995-09,1995-08,,25.17064516129032,381.13,87.49709677419354,16.288387096774194,31,31,31,31,31,0,no_target_record,train
53,อุตรดิตถ์,1995,10,1995-10,1995-09,,25.170333333333335,173.92000000000002,85.05266666666667,17.646666666666665,30,30,30,30,30,0,no_target_record,train
53,อุตรดิตถ์,1995,11,1995-11,1995-10,,24.40806451612903,101.11000000000001,83.4158064516129,17.608387096774194,31,31,31,31,31,0,no_target_record,train
53,อุตรดิตถ์,1995,12,1995-12,1995-11,,20.884333333333334,73.94,83.45633333333333,16.939,30,30,30,30,30,0,no_target_record,train
53,อุตรดิตถ์,1996,1,1996-01,1995-12,,17.43064516129032,0.07,78.7732258064516,18.289354838709677,31,31,31,31,31,0,no_target_record,train
53,อุตรดิตถ์,1996,2,1996-02,1996-01,,19.776774193548388,0.6400000000000001,69.21548387096773,18.28258064516129,31,31,31,31,31,0,no_target_record,train
53,อุตรดิตถ์,1996,3,1996-03,1996-02,,19.99758620689655,41.56,68.72103448275863,19.196206896551722,29,29,29,29,29,0,no_target_record,train
53,อุตรดิตถ์,1996,4,1996-04,1996-03,,26.23032258064516,29.34,58.8783870967742,22.058709677419355,31,31,31,31,31,0,no_target_record,train
53,อุตรดิตถ์,1996,5,1996-05,1996-04,,26.753666666666668,115.81,67.896,21.976999999999997,30,30,30,30,30,0,no_target_record,train
53,อุตรดิตถ์,1996,6,1996-06,1996-05,,26.8341935483871,79.47000000000001,76.76387096774194,21.578064516129032,31,31,31,31,31,0,no_target_record,train
53,อุตรดิตถ์,1996,7,1996-07,1996-06,,25.949666666666666,177.09000000000003,81.963,19.74866666666667,30,30,30,30,30,0,no_target_record,train
53,อุตรดิตถ์,1996,8,1996-08,1996-07,,25.45935483870968,117.01999999999998,83.50193548387097,17.60516129032258,31,31,31,31,31,0,no_target_record,train
53,อุตรดิตถ์,1996,9,1996-09,1996-08,,24.985806451612902,250.19000000000003,85.81516129032258,16.950322580645164,31,31,31,31,31,0,no_target_record,train
53,อุตรดิตถ์,1996,10,1996-10,1996-09,,25.194333333333336,269.1300000000001,85.372,16.895,30,30,30,30,30,0,no_target_record,train
53,อุตรดิตถ์,1996,11,1996-11,1996-10,,23.944193548387098,117.84,83.23516129032258,17.490322580645163,31,31,31,31,31,0,no_target_record,train
53,อุตรดิตถ์,1996,12,1996-12,1996-11,,22.10033333333333,63.98,83.68066666666667,16.523999999999997,30,30,30,30,30,0,no_target_record,train
53,อุตรดิตถ์,1997,1,1997-01,1996-12,,18.760645161290324,0.24000000000000002,76.34225806451613,17.258387096774193,31,31,31,31,31,0,no_target_record,train
53,อุตรดิตถ์,1997,2,1997-02,1997-01,,20.10741935483871,0.16,69.72322580645161,17.02193548387097,31,31,31,31,31,0,no_target_record,train
53,อุตรดิตถ์,1997,3,1997-03,1997-02,,23.054642857142856,0.7000000000000001,57.93,20.07357142857143,28,28,28,28,28,0,no_target_record,train
53,อุตรดิตถ์,1997,4,1997-04,1997-03,,26.480645161290322,50.45000000000001,55.589677419354835,21.114838709677418,31,31,31,31,31,0,no_target_record,train
53,อุตรดิตถ์,1997,5,1997-05,1997-04,,26.927666666666667,83.25,62.062,23.761666666666667,30,30,30,30,30,0,no_target_record,train
53,อุตรดิตถ์,1997,6,1997-06,1997-05,,27.95451612903226,98.55000000000001,68.84322580645161,22.245806451612903,31,31,31,31,31,0,no_target_record,train
53,อุตรดิตถ์,1997,7,1997-07,1997-06,,27.354666666666667,60.08,72.69966666666666,21.329,30,30,30,30,30,0,no_target_record,train
53,อุตรดิตถ์,1997,8,1997-08,1997-07,,26.233225806451614,198.79,80.37709677419355,17.453225806451613,31,31,31,31,31,0,no_target_record,train
53,อุตรดิตถ์,1997,9,1997-09,1997-08,,25.227096774193548,272.39,86.34322580645161,16.54806451612903,31,31,31,31,31,0,no_target_record,train
53,อุตรดิตถ์,1997,10,1997-10,1997-09,,24.848333333333336,210.09,85.08566666666667,17.599666666666668,30,30,30,30,30,0,no_target_record,train
53,อุตรดิตถ์,1997,11,1997-11,1997-10,,24.65258064516129,92.44,82.44354838709677,17.648387096774194,31,31,31,31,31,0,no_target_record,train
53,อุตรดิตถ์,1997,12,1997-12,1997-11,,22.633333333333333,3.61,76.84766666666665,17.720666666666666,30,30,30,30,30,0,no_target_record,train
53,อุตรดิตถ์,1998,1,1998-01,1997-12,,22.11967741935484,0.0,68.44354838709677,18.10967741935484,31,31,31,31,31,0,no_target_record,train
53,อุตรดิตถ์,1998,2,1998-02,1998-01,,23.044193548387096,2.98,57.93806451612903,18.01483870967742,31,31,31,31,31,0,no_target_record,train
53,อุตรดิตถ์,1998,3,1998-03,1998-02,,25.21357142857143,4.0200000000000005,49.653571428571425,20.446428571428573,28,28,28,28,28,0,no_target_record,train
53,อุตรดิตถ์,1998,4,1998-04,1998-03,,28.181935483870966,24.45,47.90903225806452,22.35967741935484,31,31,31,31,31,0,no_target_record,train
53,อุตรดิตถ์,1998,5,1998-05,1998-04,,28.939000000000004,90.5,58.12833333333333,24.658333333333335,30,30,30,30,30,0,no_target_record,train
53,อุตรดิตถ์,1998,6,1998-06,1998-05,,28.340967741935486,141.31,71.48387096774194,22.279677419354837,31,31,31,31,31,0,no_target_record,train
53,อุตรดิตถ์,1998,7,1998-07,1998-06,,27.668,168.83999999999997,76.79466666666667,20.595666666666666,30,30,30,30,30,0,no_target_record,train
53,อุตรดิตถ์,1998,8,1998-08,1998-07,,25.78451612903226,159.87,85.25290322580646,18.066451612903226,31,31,31,31,31,0,no_target_record,train
53,อุตรดิตถ์,1998,9,1998-09,1998-08,,25.925806451612903,197.5,84.6316129032258,18.239354838709676,31,31,31,31,31,0,no_target_record,train
53,อุตรดิตถ์,1998,10,1998-10,1998-09,,25.683666666666667,242.59000000000003,82.813,18.541333333333334,30,30,30,30,30,0,no_target_record,train
53,อุตรดิตถ์,1998,11,1998-11,1998-10,,24.603548387096776,62.15,79.96677419354837,17.768709677419356,31,31,31,31,31,0,no_target_record,train
53,อุตรดิตถ์,1998,12,1998-12,1998-11,,22.471666666666668,35.82,76.67800000000001,16.898666666666667,30,30,30,30,30,0,no_target_record,train
53,อุตรดิตถ์,1999,1,1999-01,1998-12,,20.78806451612903,0.9500000000000001,68.3825806451613,16.101935483870967,31,31,31,31,31,0,no_target_record,train
53,อุตรดิตถ์,1999,2,1999-02,1999-01,,21.35967741935484,10.32,64.28387096774193,17.365483870967743,31,31,31,31,31,0,no_target_record,train
53,อุตรดิตถ์,1999,3,1999-03,1999-02,,24.21392857142857,9.46,54.1025,19.486428571428572,28,28,28,28,28,0,no_target_record,train
53,อุตรดิตถ์,1999,4,1999-04,1999-03,,27.57741935483871,22.270000000000003,48.034516129032255,21.66741935483871,31,31,31,31,31,0,no_target_record,train
53,อุตรดิตถ์,1999,5,1999-05,1999-04,,26.615333333333336,155.97000000000003,74.47666666666667,18.595000000000002,30,30,30,30,30,0,no_target_record,train
53,อุตรดิตถ์,1999,6,1999-06,1999-05,,25.184516129032257,244.42000000000002,83.44032258064516,18.062580645161294,31,31,31,31,31,0,no_target_record,train
53,อุตรดิตถ์,1999,7,1999-07,1999-06,,25.117666666666665,148.02999999999997,86.33,17.11433333333333,30,30,30,30,30,0,no_target_record,train
53,อุตรดิตถ์,1999,8,1999-08,1999-07,,25.227096774193548,134.83999999999997,86.29903225806451,18.011290322580646,31,31,31,31,31,0,no_target_record,train
53,อุตรดิตถ์,1999,9,1999-09,1999-08,,24.480645161290322,259.09000000000003,88.37870967741935,15.861290322580645,31,31,31,31,31,0,no_target_record,train
53,อุตรดิตถ์,1999,10,1999-10,1999-09,,24.892999999999997,247.82999999999998,86.67933333333333,15.947000000000001,30,30,30,30,30,0,no_target_record,train
53,อุตรดิตถ์,1999,11,1999-11,1999-10,,23.857741935483872,126.10999999999999,85.92387096774193,15.736774193548387,31,31,31,31,31,0,no_target_record,train
53,อุตรดิตถ์,1999,12,1999-12,1999-11,,21.776999999999997,34.54,83.86366666666666,16.583333333333332,30,30,30,30,30,0,no_target_record,train
53,อุตรดิตถ์,2000,1,2000-01,1999-12,,15.799032258064516,5.81,78.95548387096774,16.909354838709675,31,31,31,31,31,0,no_target_record,train
53,อุตรดิตถ์,2000,2,2000-02,2000-01,,20.63548387096774,0.04,69.62903225806451,18.57225806451613,31,31,31,31,31,0,no_target_record,train
53,อุตรดิตถ์,2000,3,2000-03,2000-02,,21.799310344827585,31.59,69.1448275862069,18.648275862068964,29,29,29,29,29,0,no_target_record,train
53,อุตรดิตถ์,2000,4,2000-04,2000-03,,25.589354838709678,13.09,54.32387096774193,21.158709677419353,31,31,31,31,31,0,no_target_record,train
53,อุตรดิตถ์,2000,5,2000-05,2000-04,,27.253,104.14999999999999,70.20933333333333,20.117666666666665,30,30,30,30,30,0,no_target_record,train
53,อุตรดิตถ์,2000,6,2000-06,2000-05,,25.51322580645161,263.37000000000006,83.45258064516129,18.67032258064516,31,31,31,31,31,0,no_target_record,train
53,อุตรดิตถ์,2000,7,2000-07,2000-06,,25.378,182.46,86.58633333333334,16.650333333333332,30,30,30,30,30,0,no_target_record,train
53,อุตรดิตถ์,2000,8,2000-08,2000-07,,24.99516129032258,154.41,87.00290322580646,17.56096774193548,31,31,31,31,31,0,no_target_record,train
53,อุตรดิตถ์,2000,9,2000-09,2000-08,,25.115806451612904,187.39999999999998,86.69709677419355,16.865161290322582,31,31,31,31,31,0,no_target_record,train
53,อุตรดิตถ์,2000,10,2000-10,2000-09,,24.426333333333332,210.96,85.43433333333334,15.467666666666666,30,30,30,30,30,0,no_target_record,train
53,อุตรดิตถ์,2000,11,2000-11,2000-10,,24.68290322580645,112.87000000000002,82.92032258064516,16.120322580645162,31,31,31,31,31,0,no_target_record,train
53,อุตรดิตถ์,2000,12,2000-12,2000-11,,20.648333333333333,1.7000000000000002,79.609,18.283,30,30,30,30,30,0,no_target_record,train
53,อุตรดิตถ์,2001,1,2001-01,2000-12,,20.245483870967742,0.04,77.95290322580645,17.45709677419355,31,31,31,31,31,0,no_target_record,train
53,อุตรดิตถ์,2001,2,2001-02,2001-01,,21.508064516129032,3.8699999999999997,73.31709677419354,16.212903225806453,31,31,31,31,31,0,no_target_record,train
53,อุตรดิตถ์,2001,3,2001-03,2001-02,,23.281785714285714,0.37000000000000005,61.91321428571428,18.220000000000002,28,28,28,28,28,0,no_target_record,train
53,อุตรดิตถ์,2001,4,2001-04,2001-03,,25.09161290322581,139.38000000000005,72.13677419354838,16.856774193548386,31,31,31,31,31,0,no_target_record,train
53,อุตรดิตถ์,2001,5,2001-05,2001-04,,29.169666666666668,28.139999999999997,61.908,23.048,30,30,30,30,30,0,no_target_record,train
53,อุตรดิตถ์,2001,6,2001-06,2001-05,,25.73774193548387,244.34000000000006,83.34225806451613,18.491612903225807,31,31,31,31,31,0,no_target_record,train
53,อุตรดิตถ์,2001,7,2001-07,2001-06,,25.454,131.48999999999998,85.318,18.923333333333336,30,30,30,30,30,0,no_target_record,train
53,อุตรดิตถ์,2001,8,2001-08,2001-07,,25.134516129032257,171.48000000000002,86.43741935483871,17.07,31,31,31,31,31,0,no_target_record,train
53,อุตรดิตถ์,2001,9,2001-09,2001-08,,25.28451612903226,356.98,87.92193548387097,17.294838709677418,31,31,31,31,31,0,no_target_record,train
53,อุตรดิตถ์,2001,10,2001-10,2001-09,,25.103666666666665,146.99999999999997,85.97800000000001,16.788333333333334,30,30,30,30,30,0,no_target_record,train
53,อุตรดิตถ์,2001,11,2001-11,2001-10,,24.537419354838708,148.76999999999998,84.68451612903226,17.10677419354839,31,31,31,31,31,0,no_target_record,train
53,อุตรดิตถ์,2001,12,2001-12,2001-11,,19.692333333333334,2.9499999999999997,80.02866666666667,17.557333333333336,30,30,30,30,30,0,no_target_record,train
53,อุตรดิตถ์,2002,1,2002-01,2001-12,,19.406451612903226,0.8099999999999999,80.10129032258064,16.246774193548386,31,31,31,31,31,0,no_target_record,train
53,อุตรดิตถ์,2002,2,2002-02,2002-01,,19.33677419354839,8.45,74.52032258064517,16.64258064516129,31,31,31,31,31,0,no_target_record,train
53,อุตรดิตถ์,2002,3,2002-03,2002-02,,23.478571428571428,1.6300000000000001,65.87321428571428,18.207857142857144,28,28,28,28,28,0,no_target_record,train
53,อุตรดิตถ์,2002,4,2002-04,2002-03,,26.46709677419355,22.709999999999997,58.85967741935484,18.951290322580647,31,31,31,31,31,0,no_target_record,train
53,อุตรดิตถ์,2002,5,2002-05,2002-04,,28.404,29.550000000000004,57.739000000000004,22.262666666666668,30,30,30,30,30,0,no_target_record,train
53,อุตรดิตถ์,2002,6,2002-06,2002-05,,26.708064516129035,252.31000000000003,77.94612903225806,20.280967741935484,31,31,31,31,31,0,no_target_record,train
53,อุตรดิตถ์,2002,7,2002-07,2002-06,,25.919666666666668,89.66999999999997,83.62366666666667,19.337666666666667,30,30,30,30,30,0,no_target_record,train
53,อุตรดิตถ์,2002,8,2002-08,2002-07,,25.229032258064517,119.32999999999998,84.13903225806452,14.527096774193549,31,31,31,31,31,0,no_target_record,train
53,อุตรดิตถ์,2002,9,2002-09,2002-08,,24.86258064516129,292.75,87.03290322580645,16.67096774193548,31,31,31,31,31,0,no_target_record,train
53,อุตรดิตถ์,2002,10,2002-10,2002-09,,24.528666666666666,310.81000000000006,87.84166666666667,14.719,30,30,30,30,30,0,no_target_record,train
53,อุตรดิตถ์,2002,11,2002-11,2002-10,,23.857741935483872,89.27000000000001,82.48548387096774,17.45225806451613,31,31,31,31,31,0,no_target_record,train
53,อุตรดิตถ์,2002,12,2002-12,2002-11,,21.569333333333336,58.78000000000001,83.377,16.384666666666668,30,30,30,30,30,0,no_target_record,train
53,อุตรดิตถ์,2003,1,2003-01,2002-12,,20.713225806451614,34.67,79.99870967741936,15.445483870967742,31,31,31,31,31,0,no_target_record,train
53,อุตรดิตถ์,2003,2,2003-02,2003-01,,19.359032258064516,7.62,73.13000000000001,16.72451612903226,31,31,31,31,31,0,no_target_record,train
53,อุตรดิตถ์,2003,3,2003-03,2003-02,,23.75392857142857,7.749999999999999,61.45357142857143,19.38714285714286,28,28,28,28,28,0,no_target_record,train
53,อุตรดิตถ์,2003,4,2003-04,2003-03,,24.96516129032258,55.800000000000004,65.13129032258064,19.588387096774195,31,31,31,31,31,0,no_target_record,train
53,อุตรดิตถ์,2003,5,2003-05,2003-04,,29.324666666666666,40.099999999999994,57.336999999999996,23.208333333333332,30,30,30,30,30,0,no_target_record,train
53,อุตรดิตถ์,2003,6,2003-06,2003-05,,28.599032258064515,118.51999999999998,67.67967741935485,21.918387096774193,31,31,31,31,31,0,no_target_record,train
53,อุตรดิตถ์,2003,7,2003-07,2003-06,,25.994666666666667,191.81999999999996,81.75466666666667,16.912666666666667,30,30,30,30,30,0,no_target_record,train
53,อุตรดิตถ์,2003,8,2003-08,2003-07,,25.81483870967742,188.91,83.91258064516128,19.180967741935483,31,31,31,31,31,0,no_target_record,train
53,อุตรดิตถ์,2003,9,2003-09,2003-08,,25.32903225806452,183.82000000000002,86.75354838709679,17.493548387096773,31,31,31,31,31,0,no_target_record,train
53,อุตรดิตถ์,2003,10,2003-10,2003-09,,25.233666666666668,243.96999999999997,86.81099999999999,16.02466666666667,30,30,30,30,30,0,no_target_record,train
53,อุตรดิตถ์,2003,11,2003-11,2003-10,,24.09225806451613,19.13,82.02967741935484,18.391935483870967,31,31,31,31,31,0,no_target_record,train
53,อุตรดิตถ์,2003,12,2003-12,2003-11,,23.220666666666666,0.47,70.538,18.547666666666665,30,30,30,30,30,0,no_target_record,train
53,อุตรดิตถ์,2004,1,2004-01,2003-12,,19.450967741935486,0.0,66.33161290322582,17.32225806451613,31,31,31,31,31,0,no_target_record,train
53,อุตรดิตถ์,2004,2,2004-02,2004-01,,21.703548387096774,2.88,61.64709677419355,17.0258064516129,31,31,31,31,31,0,no_target_record,train
53,อุตรดิตถ์,2004,3,2004-03,2004-02,,22.51206896551724,23.09,59.82655172413793,17.73862068965517,29,29,29,29,29,0,no_target_record,train
53,อุตรดิตถ์,2004,4,2004-04,2004-03,,27.29290322580645,3.31,48.197741935483876,19.706774193548387,31,31,31,31,31,0,no_target_record,train
53,อุตรดิตถ์,2004,5,2004-05,2004-04,,29.119666666666667,66.0,55.94766666666667,22.096,30,30,30,30,30,0,no_target_record,train
53,อุตรดิตถ์,2004,6,2004-06,2004-05,2391.0,26.690322580645162,206.15000000000003,78.11483870967741,19.313870967741938,31,31,31,31,31,1,,train
53,อุตรดิตถ์,2004,7,2004-07,2004-06,6790.0,25.792666666666666,278.83,82.59866666666667,17.426333333333332,30,30,30,30,30,1,,train
53,อุตรดิตถ์,2004,8,2004-08,2004-07,838.0,24.695806451612906,221.36000000000004,85.30580645161291,18.09741935483871,31,31,31,31,31,1,,train
53,อุตรดิตถ์,2004,9,2004-09,2004-08,,24.856451612903225,123.00000000000001,87.89290322580645,16.337419354838712,31,31,31,31,31,0,no_target_record,train
53,อุตรดิตถ์,2004,10,2004-10,2004-09,,24.787666666666667,265.33,85.42933333333333,16.719666666666665,30,30,30,30,30,0,no_target_record,train
53,อุตรดิตถ์,2004,11,2004-11,2004-10,,23.30290322580645,10.37,79.82064516129033,17.695483870967742,31,31,31,31,31,0,no_target_record,train
53,อุตรดิตถ์,2004,12,2004-12,2004-11,,21.841666666666665,15.59,74.91000000000001,17.764,30,30,30,30,30,0,no_target_record,train
53,อุตรดิตถ์,2005,1,2005-01,2004-12,,19.18935483870968,0.0,63.9458064516129,17.664193548387097,31,31,31,31,31,0,no_target_record,train
53,อุตรดิตถ์,2005,2,2005-02,2005-01,,21.123225806451615,11.55,61.16612903225807,16.575161290322583,31,31,31,31,31,0,no_target_record,train
53,อุตรดิตถ์,2005,3,2005-03,2005-02,,25.79357142857143,1.9100000000000001,49.52928571428571,18.44142857142857,28,28,28,28,28,0,no_target_record,train
53,อุตรดิตถ์,2005,4,2005-04,2005-03,,26.010967741935485,18.720000000000002,52.26258064516129,18.50483870967742,31,31,31,31,31,0,no_target_record,train
53,อุตรดิตถ์,2005,5,2005-05,2005-04,,27.944000000000003,86.61000000000003,63.217666666666666,21.488666666666667,30,30,30,30,30,0,no_target_record,train
53,อุตรดิตถ์,2005,6,2005-06,2005-05,2507.0,27.782258064516128,114.28,71.1683870967742,20.531612903225806,31,31,31,31,31,1,,train
53,อุตรดิตถ์,2005,7,2005-07,2005-06,7122.0,25.964333333333332,205.16000000000003,84.095,17.037333333333333,30,30,30,30,30,1,,train
53,อุตรดิตถ์,2005,8,2005-08,2005-07,880.0,25.8141935483871,180.13,82.89258064516129,17.963870967741936,31,31,31,31,31,1,,train
53,อุตรดิตถ์,2005,9,2005-09,2005-08,,24.99451612903226,185.43999999999997,86.0741935483871,14.094193548387098,31,31,31,31,31,0,no_target_record,train
53,อุตรดิตถ์,2005,10,2005-10,2005-09,,25.363666666666667,364.92,85.57933333333334,15.246333333333332,30,30,30,30,30,0,no_target_record,train
53,อุตรดิตถ์,2005,11,2005-11,2005-10,,23.93935483870968,42.38999999999999,82.63806451612902,17.94,31,31,31,31,31,0,no_target_record,train
53,อุตรดิตถ์,2005,12,2005-12,2005-11,,22.312666666666665,30.439999999999998,80.74766666666666,16.607666666666667,30,30,30,30,30,0,no_target_record,train
53,อุตรดิตถ์,2006,1,2006-01,2005-12,,18.75516129032258,9.1,74.57516129032258,15.833870967741936,31,31,31,31,31,0,no_target_record,train
53,อุตรดิตถ์,2006,2,2006-02,2006-01,,20.799032258064514,0.0,59.68677419354839,19.20483870967742,31,31,31,31,31,0,no_target_record,train
53,อุตรดิตถ์,2006,3,2006-03,2006-02,,24.509642857142858,12.969999999999999,60.67928571428571,18.04285714285714,28,28,28,28,28,0,no_target_record,train
53,อุตรดิตถ์,2006,4,2006-04,2006-03,,27.467741935483872,29.97,55.91935483870968,20.258709677419354,31,31,31,31,31,0,no_target_record,train
53,อุตรดิตถ์,2006,5,2006-05,2006-04,1223.0,27.319333333333336,132.32,68.57566666666666,20.283333333333335,30,30,30,30,30,1,,train
53,อุตรดิตถ์,2006,6,2006-06,2006-05,1851.0,26.311290322580643,290.81,76.77258064516128,17.36709677419355,31,31,31,31,31,1,,train
53,อุตรดิตถ์,2006,7,2006-07,2006-06,2058.0,26.073666666666668,139.8,83.23666666666666,19.289333333333335,30,30,30,30,30,1,,train
53,อุตรดิตถ์,2006,8,2006-08,2006-07,5143.0,25.023870967741935,178.86999999999998,87.0058064516129,15.899354838709677,31,31,31,31,31,1,,train
53,อุตรดิตถ์,2006,9,2006-09,2006-08,145.0,24.79741935483871,267.30999999999995,87.78870967741935,15.793870967741936,31,31,31,31,31,1,,train
53,อุตรดิตถ์,2006,10,2006-10,2006-09,,25.015666666666668,196.50999999999996,84.675,16.441666666666666,30,30,30,30,30,0,no_target_record,train
53,อุตรดิตถ์,2006,11,2006-11,2006-10,,24.256451612903227,158.95,82.91774193548386,17.319032258064517,31,31,31,31,31,0,no_target_record,train
53,อุตรดิตถ์,2006,12,2006-12,2006-11,,23.051,3.74,75.968,18.896666666666665,30,30,30,30,30,0,no_target_record,train
53,อุตรดิตถ์,2007,1,2007-01,2006-12,,19.56645161290323,0.08,72.11387096774195,17.478387096774195,31,31,31,31,31,0,no_target_record,train
53,อุตรดิตถ์,2007,2,2007-02,2007-01,,20.11741935483871,0.0,64.39967741935484,17.87709677419355,31,31,31,31,31,0,no_target_record,train
53,อุตรดิตถ์,2007,3,2007-03,2007-02,,23.97107142857143,5.179999999999999,54.113214285714285,18.844285714285714,28,28,28,28,28,0,no_target_record,train
53,อุตรดิตถ์,2007,4,2007-04,2007-03,,26.949354838709677,10.389999999999999,50.72483870967742,19.460645161290323,31,31,31,31,31,0,no_target_record,train
53,อุตรดิตถ์,2007,5,2007-05,2007-04,663.0,27.511000000000003,77.78000000000002,62.85366666666666,20.591333333333335,30,30,30,30,30,1,,train
53,อุตรดิตถ์,2007,6,2007-06,2007-05,1055.0,25.738387096774193,238.44,80.98935483870967,17.18935483870968,31,31,31,31,31,1,,train
53,อุตรดิตถ์,2007,7,2007-07,2007-06,2142.0,26.712333333333333,150.94,80.10633333333334,19.779666666666667,30,30,30,30,30,1,,train
53,อุตรดิตถ์,2007,8,2007-08,2007-07,3258.0,25.766129032258064,101.98000000000002,81.82354838709678,17.655806451612904,31,31,31,31,31,1,,train
53,อุตรดิตถ์,2007,9,2007-09,2007-08,1814.0,25.366451612903226,172.87000000000003,84.73548387096774,15.889354838709677,31,31,31,31,31,1,,train
53,อุตรดิตถ์,2007,10,2007-10,2007-09,452.0,25.167333333333332,188.06999999999996,83.56266666666667,16.447333333333333,30,30,30,30,30,1,,train
53,อุตรดิตถ์,2007,11,2007-11,2007-10,,23.52064516129032,112.57,82.86548387096774,16.106774193548386,31,31,31,31,31,0,no_target_record,train
53,อุตรดิตถ์,2007,12,2007-12,2007-11,,20.841666666666665,3.16,72.91933333333333,16.63266666666667,30,30,30,30,30,0,no_target_record,train
53,อุตรดิตถ์,2008,1,2008-01,2007-12,,22.089032258064517,0.12,68.56354838709677,16.613548387096774,31,31,31,31,31,0,no_target_record,train
53,อุตรดิตถ์,2008,2,2008-02,2008-01,,21.469032258064516,17.56,57.74032258064516,17.676774193548386,31,31,31,31,31,0,no_target_record,train
53,อุตรดิตถ์,2008,3,2008-03,2008-02,,21.31206896551724,32.02,63.37931034482759,16.820344827586208,29,29,29,29,29,0,no_target_record,train
53,อุตรดิตถ์,2008,4,2008-04,2008-03,,26.88258064516129,19.45,51.56612903225806,19.90967741935484,31,31,31,31,31,0,no_target_record,train
53,อุตรดิตถ์,2008,5,2008-05,2008-04,263.0,27.808666666666667,98.36,65.36933333333333,19.669666666666668,30,30,30,30,30,1,,train
53,อุตรดิตถ์,2008,6,2008-06,2008-05,650.0,25.977741935483873,113.62,77.01967741935485,17.82774193548387,31,31,31,31,31,1,,train
53,อุตรดิตถ์,2008,7,2008-07,2008-06,7688.0,25.673000000000002,192.1,82.00399999999999,18.058,30,30,30,30,30,1,,train
53,อุตรดิตถ์,2008,8,2008-08,2008-07,422.0,25.206451612903226,177.07,83.70387096774193,16.64032258064516,31,31,31,31,31,1,,train
53,อุตรดิตถ์,2008,9,2008-09,2008-08,,24.830000000000002,163.96,86.24258064516128,15.419032258064517,31,31,31,31,31,0,no_target_record,train
53,อุตรดิตถ์,2008,10,2008-10,2008-09,,25.427,174.78999999999996,84.14033333333333,16.151666666666667,30,30,30,30,30,0,no_target_record,train
53,อุตรดิตถ์,2008,11,2008-11,2008-10,,24.779032258064515,127.53999999999999,83.99580645161289,16.243225806451612,31,31,31,31,31,0,no_target_record,train
53,อุตรดิตถ์,2008,12,2008-12,2008-11,,21.144333333333336,47.75000000000001,80.644,17.755999999999997,30,30,30,30,30,0,no_target_record,train
53,อุตรดิตถ์,2009,1,2009-01,2008-12,,19.01258064516129,13.049999999999999,73.05290322580645,16.423548387096773,31,31,31,31,31,0,no_target_record,train
53,อุตรดิตถ์,2009,2,2009-02,2009-01,,19.11709677419355,0.0,63.92580645161291,18.25709677419355,31,31,31,31,31,0,no_target_record,train
53,อุตรดิตถ์,2009,3,2009-03,2009-02,,25.883928571428573,2.2699999999999996,54.64392857142857,18.858571428571427,28,28,28,28,28,0,no_target_record,train
53,อุตรดิตถ์,2009,4,2009-04,2009-03,,26.654838709677417,30.64,55.549354838709675,18.95225806451613,31,31,31,31,31,0,no_target_record,train
53,อุตรดิตถ์,2009,5,2009-05,2009-04,453.0,27.945333333333334,91.22,65.40299999999999,20.11466666666667,30,30,30,30,30,1,,train
53,อุตรดิตถ์,2009,6,2009-06,2009-05,1222.0,27.08451612903226,174.01999999999998,73.7841935483871,19.350322580645162,31,31,31,31,31,1,,train
53,อุตรดิตถ์,2009,7,2009-07,2009-06,3601.0,25.36,191.98,84.41233333333334,17.293333333333333,30,30,30,30,30,1,,train
53,อุตรดิตถ์,2009,8,2009-08,2009-07,2409.0,25.13225806451613,142.12000000000003,85.07741935483871,16.1158064516129,31,31,31,31,31,1,,train
53,อุตรดิตถ์,2009,9,2009-09,2009-08,899.0,25.48,175.04,84.09709677419356,16.85709677419355,31,31,31,31,31,1,,train
53,อุตรดิตถ์,2009,10,2009-10,2009-09,191.0,25.815333333333335,184.21999999999997,83.15966666666667,17.31566666666667,30,30,30,30,30,1,,train
53,อุตรดิตถ์,2009,11,2009-11,2009-10,,25.379354838709677,92.49999999999999,82.1516129032258,16.616451612903226,31,31,31,31,31,0,no_target_record,train
53,อุตรดิตถ์,2009,12,2009-12,2009-11,,22.592,5.430000000000001,69.32233333333333,18.511666666666667,30,30,30,30,30,0,no_target_record,train
53,อุตรดิตถ์,2010,1,2010-01,2009-12,,22.186774193548384,0.03,63.019999999999996,16.14774193548387,31,31,31,31,31,0,no_target_record,train
53,อุตรดิตถ์,2010,2,2010-02,2010-01,,23.106774193548386,24.410000000000004,66.27774193548387,15.284516129032259,31,31,31,31,31,0,no_target_record,train
53,อุตรดิตถ์,2010,3,2010-03,2010-02,,25.986428571428572,1.2,48.82642857142857,19.130357142857143,28,28,28,28,28,0,no_target_record,train
53,อุตรดิตถ์,2010,4,2010-04,2010-03,,27.34967741935484,9.049999999999999,45.807096774193546,19.887096774193548,31,31,31,31,31,0,no_target_record,train
53,อุตรดิตถ์,2010,5,2010-05,2010-04,424.0,30.674,30.56,47.394,22.449666666666666,30,30,30,30,30,1,,train
53,อุตรดิตถ์,2010,6,2010-06,2010-05,883.0,29.440967741935484,86.52,65.62032258064517,21.465806451612902,31,31,31,31,31,1,,train
53,อุตรดิตถ์,2010,7,2010-07,2010-06,2892.0,27.709333333333333,119.8,73.86566666666666,20.055333333333333,30,30,30,30,30,1,,train
53,อุตรดิตถ์,2010,8,2010-08,2010-07,3864.0,26.399032258064516,163.59000000000003,80.26032258064517,17.526774193548388,31,31,31,31,31,1,,train
53,อุตรดิตถ์,2010,9,2010-09,2010-08,1100.0,24.99290322580645,394.19000000000005,87.16290322580646,15.381612903225806,31,31,31,31,31,1,,train
53,อุตรดิตถ์,2010,10,2010-10,2010-09,474.0,25.214333333333332,213.26,86.86433333333333,16.676333333333336,30,30,30,30,30,1,,train
53,อุตรดิตถ์,2010,11,2010-11,2010-10,,23.799354838709675,103.83,85.06258064516129,14.326129032258065,31,31,31,31,31,0,no_target_record,train
53,อุตรดิตถ์,2010,12,2010-12,2010-11,,21.548333333333336,0.0,79.74199999999999,18.072666666666667,30,30,30,30,30,0,no_target_record,train
53,อุตรดิตถ์,2011,1,2011-01,2010-12,,20.743548387096773,27.72,77.95290322580645,15.38516129032258,31,31,31,31,31,0,no_target_record,train
53,อุตรดิตถ์,2011,2,2011-02,2011-01,,19.094193548387096,1.8900000000000001,71.25387096774193,17.14774193548387,31,31,31,31,31,0,no_target_record,train
53,อุตรดิตถ์,2011,3,2011-03,2011-02,,24.147142857142857,5.34,61.14678571428571,18.583214285714288,28,28,28,28,28,0,no_target_record,train
53,อุตรดิตถ์,2011,4,2011-04,2011-03,,22.92838709677419,100.63,68.85967741935484,17.021290322580644,31,31,31,31,31,0,no_target_record,train
53,อุตรดิตถ์,2011,5,2011-05,2011-04,310.0,26.465333333333334,158.97999999999996,70.37133333333333,19.995333333333335,30,30,30,30,30,1,,train
53,อุตรดิตถ์,2011,6,2011-06,2011-05,752.0,25.56,223.17999999999998,84.05322580645162,18.116129032258065,31,31,31,31,31,1,,train
53,อุตรดิตถ์,2011,7,2011-07,2011-06,3805.0,25.050666666666665,194.29,86.59266666666667,15.975666666666665,30,30,30,30,30,1,,train
53,อุตรดิตถ์,2011,8,2011-08,2011-07,1794.0,24.950322580645164,280.47,87.19516129032259,16.62516129032258,31,31,31,31,31,1,,train
53,อุตรดิตถ์,2011,9,2011-09,2011-08,612.0,24.82225806451613,325.21,87.17354838709677,15.16741935483871,31,31,31,31,31,1,,train
53,อุตรดิตถ์,2011,10,2011-10,2011-09,177.0,24.663999999999998,346.31000000000006,89.32199999999999,14.866666666666667,30,30,30,30,30,1,,train
53,อุตรดิตถ์,2011,11,2011-11,2011-10,,23.70451612903226,106.63000000000001,85.85967741935484,16.50709677419355,31,31,31,31,31,0,no_target_record,train
53,อุตรดิตถ์,2011,12,2011-12,2011-11,,22.06833333333333,8.37,81.157,18.537666666666667,30,30,30,30,30,0,no_target_record,train
53,อุตรดิตถ์,2012,1,2012-01,2011-12,,17.960645161290323,0.5900000000000001,81.24516129032257,17.048387096774192,31,31,31,31,31,0,no_target_record,train
53,อุตรดิตถ์,2012,2,2012-02,2012-01,,20.25225806451613,6.430000000000001,77.68290322580646,15.743870967741936,31,31,31,31,31,0,no_target_record,train
53,อุตรดิตถ์,2012,3,2012-03,2012-02,,23.210689655172413,2.9299999999999997,67.92724137931035,18.59793103448276,29,29,29,29,29,0,no_target_record,train
53,อุตรดิตถ์,2012,4,2012-04,2012-03,474.0,24.875806451612902,38.84,65.74419354838709,18.87483870967742,31,31,31,31,31,1,,train
53,อุตรดิตถ์,2012,5,2012-05,2012-04,903.0,27.221333333333334,89.73,69.95333333333333,22.441666666666666,30,30,30,30,30,1,,train
53,อุตรดิตถ์,2012,6,2012-06,2012-05,2298.0,26.330000000000002,322.46000000000004,82.31806451612904,19.562903225806455,31,31,31,31,31,1,,train
53,อุตรดิตถ์,2012,7,2012-07,2012-06,3343.0,25.366666666666667,94.96,85.54633333333332,16.960333333333335,30,30,30,30,30,1,,train
53,อุตรดิตถ์,2012,8,2012-08,2012-07,2350.0,24.67258064516129,151.22000000000003,86.0974193548387,15.619354838709677,31,31,31,31,31,1,,train
53,อุตรดิตถ์,2012,9,2012-09,2012-08,667.0,24.458387096774196,162.16,87.45193548387095,15.557741935483872,31,31,31,31,31,1,,train
53,อุตรดิตถ์,2012,10,2012-10,2012-09,,25.28033333333333,237.05,85.74466666666667,16.975,30,30,30,30,30,0,no_target_record,train
53,อุตรดิตถ์,2012,11,2012-11,2012-10,,24.9741935483871,49.1,80.50967741935484,18.134516129032257,31,31,31,31,31,0,no_target_record,train
53,อุตรดิตถ์,2012,12,2012-12,2012-11,,24.25,32.099999999999994,80.227,16.669,30,30,30,30,30,0,no_target_record,train
53,อุตรดิตถ์,2013,1,2013-01,2012-12,,21.94709677419355,4.35,73.56516129032258,16.100645161290323,31,31,31,31,31,0,no_target_record,train
53,อุตรดิตถ์,2013,2,2013-02,2013-01,,21.586129032258064,30.6,67.82677419354839,16.038064516129033,31,31,31,31,31,0,no_target_record,train
53,อุตรดิตถ์,2013,3,2013-03,2013-02,,25.445,12.809999999999999,60.52392857142858,19.48428571428571,28,28,28,28,28,0,no_target_record,train
53,อุตรดิตถ์,2013,4,2013-04,2013-03,,27.121612903225806,10.51,50.152580645161294,20.046774193548387,31,31,31,31,31,0,no_target_record,train
53,อุตรดิตถ์,2013,5,2013-05,2013-04,339.0,29.013666666666666,75.38000000000001,57.53866666666667,21.392,30,30,30,30,30,1,,train
53,อุตรดิตถ์,2013,6,2013-06,2013-05,1119.0,27.613870967741935,100.87999999999998,71.9283870967742,22.00741935483871,31,31,31,31,31,1,,train
53,อุตรดิตถ์,2013,7,2013-07,2013-06,6245.0,26.330333333333332,142.57000000000002,78.387,17.869333333333334,30,30,30,30,30,1,,train
53,อุตรดิตถ์,2013,8,2013-08,2013-07,2249.0,25.108709677419355,182.83999999999997,84.81838709677419,16.50193548387097,31,31,31,31,31,1,,train
53,อุตรดิตถ์,2013,9,2013-09,2013-08,799.0,25.052258064516128,277.7999999999999,85.90225806451613,16.58225806451613,31,31,31,31,31,1,,train
53,อุตรดิตถ์,2013,10,2013-10,2013-09,,24.885666666666665,204.01999999999998,86.90266666666666,16.323,30,30,30,30,30,0,no_target_record,train
53,อุตรดิตถ์,2013,11,2013-11,2013-10,,23.83258064516129,110.34999999999998,81.45870967741935,16.557419354838707,31,31,31,31,31,0,no_target_record,train
53,อุตรดิตถ์,2013,12,2013-12,2013-11,,22.841333333333335,16.52,81.15033333333334,16.107666666666667,30,30,30,30,30,0,no_target_record,train
53,อุตรดิตถ์,2014,1,2014-01,2013-12,,17.403225806451612,24.11,75.19935483870967,16.549032258064514,31,31,31,31,31,0,no_target_record,train
53,อุตรดิตถ์,2014,2,2014-02,2014-01,,18.843225806451613,0.02,66.38225806451612,18.68935483870968,31,31,31,31,31,0,no_target_record,train
53,อุตรดิตถ์,2014,3,2014-03,2014-02,,23.62964285714286,2.1100000000000003,56.175357142857145,18.78357142857143,28,28,28,28,28,0,no_target_record,train
53,อุตรดิตถ์,2014,4,2014-04,2014-03,,27.09258064516129,18.5,52.97774193548387,20.190322580645162,31,31,31,31,31,0,no_target_record,train
53,อุตรดิตถ์,2014,5,2014-05,2014-04,,28.31433333333333,79.85,63.81666666666667,20.603666666666665,30,30,30,30,30,0,no_target_record,train
53,อุตรดิตถ์,2014,6,2014-06,2014-05,185.0,27.55548387096774,176.94,75.35774193548387,21.431290322580644,31,31,31,31,31,1,,train
53,อุตรดิตถ์,2014,7,2014-07,2014-06,2425.0,26.248,157.68,82.75133333333333,18.186333333333334,30,30,30,30,30,1,,train
53,อุตรดิตถ์,2014,8,2014-08,2014-07,8383.0,25.25483870967742,196.13,85.67,16.943870967741937,31,31,31,31,31,1,,train
53,อุตรดิตถ์,2014,9,2014-09,2014-08,5655.0,24.928709677419352,209.38000000000002,86.89451612903225,16.50774193548387,31,31,31,31,31,1,,train
53,อุตรดิตถ์,2014,10,2014-10,2014-09,1624.0,24.953,142.53,87.381,17.61733333333333,30,30,30,30,30,1,,train
53,อุตรดิตถ์,2014,11,2014-11,2014-10,,24.67225806451613,73.44,80.35612903225807,18.114838709677418,31,31,31,31,31,0,no_target_record,train
53,อุตรดิตถ์,2014,12,2014-12,2014-11,,23.354333333333333,31.17,76.96233333333333,18.087666666666667,30,30,30,30,30,0,no_target_record,train
53,อุตรดิตถ์,2015,1,2015-01,2014-12,,20.675806451612903,0.11,68.17129032258065,16.315161290322582,31,31,31,31,31,0,no_target_record,train
53,อุตรดิตถ์,2015,2,2015-02,2015-01,,19.82161290322581,40.989999999999995,64.46387096774193,17.074193548387097,31,31,31,31,31,0,no_target_record,train
53,อุตรดิตถ์,2015,3,2015-03,2015-02,,23.713214285714287,12.24,58.71214285714286,18.462500000000002,28,28,28,28,28,0,no_target_record,train
53,อุตรดิตถ์,2015,4,2015-04,2015-03,,27.668709677419354,27.83,54.81935483870968,18.905483870967743,31,31,31,31,31,0,no_target_record,train
53,อุตรดิตถ์,2015,5,2015-05,2015-04,,28.127000000000002,78.82999999999998,57.85366666666666,21.534333333333333,30,30,30,30,30,0,no_target_record,train
53,อุตรดิตถ์,2015,6,2015-06,2015-05,968.0,28.799999999999997,63.68999999999999,66.63903225806452,21.43548387096774,31,31,31,31,31,1,,train
53,อุตรดิตถ์,2015,7,2015-07,2015-06,10235.0,27.709999999999997,67.89999999999999,70.86500000000001,20.534333333333333,30,30,30,30,30,1,,train
53,อุตรดิตถ์,2015,8,2015-08,2015-07,4898.0,26.259677419354837,157.78,78.5958064516129,17.164193548387097,31,31,31,31,31,1,,train
53,อุตรดิตถ์,2015,9,2015-09,2015-08,364.0,25.168709677419354,176.27,85.36483870967741,18.345806451612905,31,31,31,31,31,1,,train
53,อุตรดิตถ์,2015,10,2015-10,2015-09,,25.714,130.77999999999997,84.144,17.419,30,30,30,30,30,0,no_target_record,train
53,อุตรดิตถ์,2015,11,2015-11,2015-10,,25.260967741935485,77.16,78.39322580645161,17.02548387096774,31,31,31,31,31,0,no_target_record,train
53,อุตรดิตถ์,2015,12,2015-12,2015-11,,25.812333333333335,16.37,69.01833333333335,18.151666666666664,30,30,30,30,30,0,no_target_record,train
53,อุตรดิตถ์,2016,1,2016-01,2015-12,,22.536129032258064,46.410000000000004,66.94322580645161,15.29483870967742,31,31,31,31,31,0,no_target_record,train
53,อุตรดิตถ์,2016,2,2016-02,2016-01,,21.351612903225806,43.71,58.52967741935484,15.240322580645161,31,31,31,31,31,0,no_target_record,train
53,อุตรดิตถ์,2016,3,2016-03,2016-02,,22.182413793103446,1.04,50.281724137931036,19.566896551724138,29,29,29,29,29,0,no_target_record,train
53,อุตรดิตถ์,2016,4,2016-04,2016-03,,27.879677419354838,0.9299999999999999,44.19967741935484,19.60258064516129,31,31,31,31,31,0,no_target_record,train
53,อุตรดิตถ์,2016,5,2016-05,2016-04,341.0,31.582333333333334,28.940000000000005,44.95466666666666,21.645666666666667,30,30,30,30,30,1,,train
53,อุตรดิตถ์,2016,6,2016-06,2016-05,1690.0,28.725806451612904,169.61,67.88000000000001,21.03451612903226,31,31,31,31,31,1,,train
53,อุตรดิตถ์,2016,7,2016-07,2016-06,5375.0,26.270333333333333,174.85,81.11333333333333,18.424,30,30,30,30,30,1,,train
53,อุตรดิตถ์,2016,8,2016-08,2016-07,98.0,25.399354838709677,245.87,85.32612903225807,17.62483870967742,31,31,31,31,31,1,,train
53,อุตรดิตถ์,2016,9,2016-09,2016-08,32.0,25.154838709677417,247.72999999999996,86.34161290322581,16.24806451612903,31,31,31,31,31,1,,train
53,อุตรดิตถ์,2016,10,2016-10,2016-09,,25.278333333333332,232.04000000000002,86.91866666666667,16.259333333333334,30,30,30,30,30,0,no_target_record,train
53,อุตรดิตถ์,2016,11,2016-11,2016-10,,25.21451612903226,144.92,84.95935483870967,17.29258064516129,31,31,31,31,31,0,no_target_record,train
53,อุตรดิตถ์,2016,12,2016-12,2016-11,,22.369333333333334,65.00999999999999,83.88233333333332,17.474666666666668,30,30,30,30,30,0,no_target_record,train
53,อุตรดิตถ์,2017,1,2017-01,2016-12,,20.021612903225805,3.1999999999999997,80.19516129032259,16.65806451612903,31,31,31,31,31,0,no_target_record,train
53,อุตรดิตถ์,2017,2,2017-02,2017-01,,21.173870967741934,32.98,80.32032258064515,15.76258064516129,31,31,31,31,31,0,no_target_record,train
53,อุตรดิตถ์,2017,3,2017-03,2017-02,,22.182142857142857,1.0299999999999998,64.33821428571429,21.037142857142857,28,28,28,28,28,0,no_target_record,train
53,อุตรดิตถ์,2017,4,2017-04,2017-03,,26.639032258064514,43.49999999999999,60.041612903225804,21.2958064516129,31,31,31,31,31,0,no_target_record,train
53,อุตรดิตถ์,2017,5,2017-05,2017-04,2582.0,26.694000000000003,114.7,70.23266666666667,21.464333333333332,30,30,30,30,30,1,,train
53,อุตรดิตถ์,2017,6,2017-06,2017-05,5831.0,26.293225806451613,251.78999999999994,81.29935483870969,19.21451612903226,31,31,31,31,31,1,,train
53,อุตรดิตถ์,2017,7,2017-07,2017-06,5999.0,25.67233333333333,133.72,85.365,18.587,30,30,30,30,30,1,,train
53,อุตรดิตถ์,2017,8,2017-08,2017-07,5881.0,24.789354838709677,421.84,88.48774193548387,16.06741935483871,31,31,31,31,31,1,,train
53,อุตรดิตถ์,2017,9,2017-09,2017-08,4236.0,24.96193548387097,234.69,88.48677419354838,16.99258064516129,31,31,31,31,31,1,,train
53,อุตรดิตถ์,2017,10,2017-10,2017-09,3073.0,25.616,277.90000000000003,86.749,17.52466666666667,30,30,30,30,30,1,,train
53,อุตรดิตถ์,2017,11,2017-11,2017-10,1310.0,24.086451612903225,122.30000000000003,87.55645161290323,16.94741935483871,31,31,31,31,31,1,,train
53,อุตรดิตถ์,2017,12,2017-12,2017-11,,21.841,9.190000000000001,85.50399999999999,16.435666666666666,30,30,30,30,30,0,no_target_record,train
53,อุตรดิตถ์,2018,1,2018-01,2017-12,,18.940967741935484,27.9,83.1316129032258,15.815483870967743,31,31,31,31,31,0,no_target_record,train
53,อุตรดิตถ์,2018,2,2018-02,2018-01,,20.52225806451613,19.5,77.87870967741935,16.44258064516129,31,31,31,31,31,0,no_target_record,train
53,อุตรดิตถ์,2018,3,2018-03,2018-02,706.0,21.483214285714286,35.06,73.55499999999999,18.024285714285714,28,28,28,28,28,1,,train
53,อุตรดิตถ์,2018,4,2018-04,2018-03,878.0,24.69129032258065,25.629999999999995,66.68967741935484,19.200967741935486,31,31,31,31,31,1,,train
53,อุตรดิตถ์,2018,5,2018-05,2018-04,1872.0,26.012999999999998,138.77,73.355,20.676333333333332,30,30,30,30,30,1,,train
53,อุตรดิตถ์,2018,6,2018-06,2018-05,9475.0,26.032258064516128,195.20999999999998,82.57935483870968,20.307741935483868,31,31,31,31,31,1,,train
53,อุตรดิตถ์,2018,7,2018-07,2018-06,10618.0,25.380666666666666,154.2,85.28,17.196666666666665,30,30,30,30,30,1,,train
53,อุตรดิตถ์,2018,8,2018-08,2018-07,5279.0,24.926451612903225,230.77,87.58,15.380967741935484,31,31,31,31,31,1,,train
53,อุตรดิตถ์,2018,9,2018-09,2018-08,1468.0,24.57935483870968,192.28,88.68838709677419,15.191935483870967,31,31,31,31,31,1,,train
53,อุตรดิตถ์,2018,10,2018-10,2018-09,287.0,25.368333333333332,135.82,86.10266666666666,18.304666666666666,30,30,30,30,30,1,,train
53,อุตรดิตถ์,2018,11,2018-11,2018-10,,24.538387096774194,66.03,84.24193548387096,18.862903225806452,31,31,31,31,31,0,no_target_record,train
53,อุตรดิตถ์,2018,12,2018-12,2018-11,,22.863999999999997,22.85,82.22766666666666,17.698666666666668,30,30,30,30,30,0,no_target_record,train
53,อุตรดิตถ์,2019,1,2019-01,2018-12,,20.88935483870968,6.38,79.99677419354839,15.532903225806452,31,31,31,31,31,0,no_target_record,train
53,อุตรดิตถ์,2019,2,2019-02,2019-01,,20.855806451612903,26.349999999999998,78.22032258064516,16.349354838709676,31,31,31,31,31,0,no_target_record,train
53,อุตรดิตถ์,2019,3,2019-03,2019-02,,24.802500000000002,15.739999999999998,61.284285714285716,19.14071428571429,28,28,28,28,28,0,no_target_record,train
53,อุตรดิตถ์,2019,4,2019-04,2019-03,7.0,27.55548387096774,6.17,53.145483870967745,20.59258064516129,31,31,31,31,31,1,,train
53,อุตรดิตถ์,2019,5,2019-05,2019-04,713.0,30.564666666666664,36.61999999999999,53.37,23.179,30,30,30,30,30,1,,train
53,อุตรดิตถ์,2019,6,2019-06,2019-05,3934.0,28.621935483870967,136.48000000000002,70.55322580645162,19.75774193548387,31,31,31,31,31,1,,train
53,อุตรดิตถ์,2019,7,2019-07,2019-06,13074.0,26.79866666666667,114.27,80.77199999999999,19.777333333333335,30,30,30,30,30,1,,train
53,อุตรดิตถ์,2019,8,2019-08,2019-07,3581.0,25.941290322580645,122.76,78.97548387096774,17.253225806451614,31,31,31,31,31,1,,train
53,อุตรดิตถ์,2019,9,2019-09,2019-08,400.0,25.08709677419355,395.8400000000001,88.11096774193548,14.321935483870968,31,31,31,31,31,1,,train
53,อุตรดิตถ์,2019,10,2019-10,2019-09,1128.0,25.266333333333332,149.71,83.04733333333334,19.394333333333336,30,30,30,30,30,1,,train
53,อุตรดิตถ์,2019,11,2019-11,2019-10,,25.05806451612903,50.09,80.93677419354839,19.764193548387098,31,31,31,31,31,0,no_target_record,train
53,อุตรดิตถ์,2019,12,2019-12,2019-11,,22.812666666666665,12.809999999999999,77.91366666666666,17.976,30,30,30,30,30,0,no_target_record,train
53,อุตรดิตถ์,2020,1,2020-01,2019-12,,20.141290322580645,0.74,70.0716129032258,18.351612903225806,31,31,31,31,31,0,no_target_record,train
53,อุตรดิตถ์,2020,2,2020-02,2020-01,,23.42258064516129,0.0,63.80032258064516,17.178709677419352,31,31,31,31,31,0,no_target_record,train
53,อุตรดิตถ์,2020,3,2020-03,2020-02,,24.115172413793104,0.12,55.092413793103454,18.898965517241376,29,29,29,29,29,0,no_target_record,train
53,อุตรดิตถ์,2020,4,2020-04,2020-03,4.0,28.011612903225807,20.88,53.80935483870967,19.411612903225805,31,31,31,31,31,1,,train
53,อุตรดิตถ์,2020,5,2020-05,2020-04,719.0,27.935,107.29,59.67933333333334,20.229666666666667,30,30,30,30,30,1,,train
53,อุตรดิตถ์,2020,6,2020-06,2020-05,9767.0,28.43064516129032,155.69,71.71225806451612,22.225806451612904,31,31,31,31,31,1,,train
53,อุตรดิตถ์,2020,7,2020-07,2020-06,5770.0,26.26966666666667,167.84,83.73433333333334,19.98,30,30,30,30,30,1,,train
53,อุตรดิตถ์,2020,8,2020-08,2020-07,3915.0,25.75774193548387,183.60000000000002,85.74129032258064,19.45258064516129,31,31,31,31,31,1,,train
53,อุตรดิตถ์,2020,9,2020-09,2020-08,759.0,25.260967741935485,425.45000000000016,87.30677419354839,15.846774193548388,31,31,31,31,31,1,,train
53,อุตรดิตถ์,2020,10,2020-10,2020-09,36.0,25.71966666666667,193.26,87.23033333333333,16.586,30,30,30,30,30,1,,train
53,อุตรดิตถ์,2020,11,2020-11,2020-10,42.0,23.950000000000003,100.15,85.28354838709677,14.389999999999999,31,31,31,31,31,1,,train
53,อุตรดิตถ์,2020,12,2020-12,2020-11,,22.512666666666668,6.91,82.515,17.842,30,30,30,30,30,0,no_target_record,train
53,อุตรดิตถ์,2021,1,2021-01,2020-12,,19.301290322580645,0.0,78.5525806451613,17.67225806451613,31,31,31,31,31,0,no_target_record,train
53,อุตรดิตถ์,2021,2,2021-02,2021-01,,18.756774193548388,0.44,72.45967741935483,18.114193548387096,31,31,31,31,31,0,no_target_record,train
53,อุตรดิตถ์,2021,3,2021-03,2021-02,,23.089285714285715,23.619999999999997,65.30035714285715,20.103571428571428,28,28,28,28,28,0,no_target_record,train
53,อุตรดิตถ์,2021,4,2021-04,2021-03,,27.11193548387097,17.85,60.70870967741936,19.48548387096774,31,31,31,31,31,0,no_target_record,train
53,อุตรดิตถ์,2021,5,2021-05,2021-04,7973.0,26.325,222.40999999999997,76.60633333333334,18.776333333333334,30,30,30,30,30,1,,train
53,อุตรดิตถ์,2021,6,2021-06,2021-05,18010.0,27.046129032258065,107.64000000000001,79.0741935483871,21.55032258064516,31,31,31,31,31,1,,train
53,อุตรดิตถ์,2021,7,2021-07,2021-06,820.0,25.608999999999998,144.85000000000002,84.86866666666667,18.841666666666665,30,30,30,30,30,1,,train
53,อุตรดิตถ์,2021,8,2021-08,2021-07,399.0,25.466451612903228,248.85,86.37064516129031,17.25548387096774,31,31,31,31,31,1,,train
53,อุตรดิตถ์,2021,9,2021-09,2021-08,118.0,25.601290322580645,180.95,85.6041935483871,18.441290322580645,31,31,31,31,31,1,,train
53,อุตรดิตถ์,2021,10,2021-10,2021-09,14.0,25.378666666666668,300.86999999999995,86.54966666666665,16.945,30,30,30,30,30,1,,train
53,อุตรดิตถ์,2021,11,2021-11,2021-10,,24.23193548387097,171.32,86.30096774193548,16.141612903225806,31,31,31,31,31,0,no_target_record,train
53,อุตรดิตถ์,2021,12,2021-12,2021-11,,22.300333333333334,15.92,82.516,18.171333333333333,30,30,30,30,30,0,no_target_record,train
53,อุตรดิตถ์,2022,1,2022-01,2021-12,,18.364516129032257,0.55,79.55064516129033,18.307419354838707,31,31,31,31,31,0,no_target_record,validation
53,อุตรดิตถ์,2022,2,2022-02,2022-01,,21.041935483870965,17.28,75.13935483870968,18.195483870967742,31,31,31,31,31,0,no_target_record,validation
53,อุตรดิตถ์,2022,3,2022-03,2022-02,,21.053571428571427,70.33000000000001,76.08785714285715,17.113214285714285,28,28,28,28,28,0,no_target_record,validation
53,อุตรดิตถ์,2022,4,2022-04,2022-03,,26.523870967741935,103.37,72.2174193548387,20.044193548387096,31,31,31,31,31,0,no_target_record,validation
53,อุตรดิตถ์,2022,5,2022-05,2022-04,2020.0,26.202333333333335,86.53,70.32266666666666,20.7,30,30,30,30,30,1,,validation
53,อุตรดิตถ์,2022,6,2022-06,2022-05,13869.0,24.97225806451613,204.86000000000004,83.25612903225807,18.010645161290324,31,31,31,31,31,1,,validation
53,อุตรดิตถ์,2022,7,2022-07,2022-06,10292.0,25.540666666666667,84.7,84.60866666666668,19.596999999999998,30,30,30,30,30,1,,validation
53,อุตรดิตถ์,2022,8,2022-08,2022-07,4981.0,25.78806451612903,290.74,86.30709677419355,17.243225806451612,31,31,31,31,31,1,,validation
53,อุตรดิตถ์,2022,9,2022-09,2022-08,1585.0,25.23677419354839,257.69000000000005,87.85032258064517,16.746451612903225,31,31,31,31,31,1,,validation
53,อุตรดิตถ์,2022,10,2022-10,2022-09,,25.089,274.5,88.11966666666667,15.846333333333332,30,30,30,30,30,0,no_target_record,validation
53,อุตรดิตถ์,2022,11,2022-11,2022-10,,23.51290322580645,131.52000000000004,84.63483870967741,18.21548387096774,31,31,31,31,31,0,no_target_record,validation
53,อุตรดิตถ์,2022,12,2022-12,2022-11,,23.667333333333332,20.450000000000003,83.70633333333333,17.463666666666665,30,30,30,30,30,0,no_target_record,validation
53,อุตรดิตถ์,2023,1,2023-01,2022-12,,19.174838709677417,5.09,81.1841935483871,16.661935483870966,31,31,31,31,31,0,no_target_record,validation
53,อุตรดิตถ์,2023,2,2023-02,2023-01,,18.485806451612902,0.9,74.40903225806451,18.36935483870968,31,31,31,31,31,0,no_target_record,validation
53,อุตรดิตถ์,2023,3,2023-03,2023-02,,22.611785714285713,2.3200000000000003,66.7025,19.26892857142857,28,28,28,28,28,0,no_target_record,validation
53,อุตรดิตถ์,2023,4,2023-04,2023-03,1186.0,25.460967741935484,15.299999999999999,64.40838709677419,20.39516129032258,31,31,31,31,31,1,,validation
53,อุตรดิตถ์,2023,5,2023-05,2023-04,2998.0,29.69633333333333,18.29,56.191,20.774333333333335,30,30,30,30,30,1,,validation
53,อุตรดิตถ์,2023,6,2023-06,2023-05,15037.0,28.886129032258065,116.16,69.20516129032258,21.143225806451614,31,31,31,31,31,1,,validation
53,อุตรดิตถ์,2023,7,2023-07,2023-06,13164.0,26.841,132.61,78.44166666666666,19.573333333333334,30,30,30,30,30,1,,validation
53,อุตรดิตถ์,2023,8,2023-08,2023-07,2463.0,26.42258064516129,157.74000000000004,82.98322580645161,18.44,31,31,31,31,31,1,,validation
53,อุตรดิตถ์,2023,9,2023-09,2023-08,341.0,25.89483870967742,116.03,82.54967741935484,15.68032258064516,31,31,31,31,31,1,,validation
53,อุตรดิตถ์,2023,10,2023-10,2023-09,,25.798333333333336,392.57,87.30466666666666,14.962,30,30,30,30,30,0,no_target_record,validation
53,อุตรดิตถ์,2023,11,2023-11,2023-10,,25.17032258064516,244.0,85.18096774193549,16.015483870967742,31,31,31,31,31,0,no_target_record,validation
53,อุตรดิตถ์,2023,12,2023-12,2023-11,,23.014333333333333,4.23,80.991,18.136000000000003,30,30,30,30,30,0,no_target_record,validation
53,อุตรดิตถ์,2024,1,2024-01,2023-12,,21.431290322580644,1.67,75.76548387096774,17.274516129032257,31,31,31,31,31,0,no_target_record,test
53,อุตรดิตถ์,2024,2,2024-02,2024-01,,21.80322580645161,15.530000000000001,72.3883870967742,15.97225806451613,31,31,31,31,31,0,no_target_record,test
53,อุตรดิตถ์,2024,3,2024-03,2024-02,,24.909655172413792,0.09000000000000001,56.74793103448276,19.88068965517241,29,29,29,29,29,0,no_target_record,test
53,อุตรดิตถ์,2024,4,2024-04,2024-03,1021.0,27.352903225806454,41.309999999999995,58.483870967741936,20.267096774193547,31,31,31,31,31,1,,test
53,อุตรดิตถ์,2024,5,2024-05,2024-04,1701.0,31.091666666666665,21.5,54.12033333333333,22.36733333333333,30,30,30,30,30,1,,test
53,อุตรดิตถ์,2024,6,2024-06,2024-05,3403.0,28.823870967741936,264.33,72.94,19.433548387096774,31,31,31,31,31,1,,test
53,อุตรดิตถ์,2024,7,2024-07,2024-06,14292.0,26.374666666666666,167.19,83.99600000000001,17.297666666666665,30,30,30,30,30,1,,test
53,อุตรดิตถ์,2024,8,2024-08,2024-07,10208.0,25.59032258064516,240.38,87.38096774193548,14.999354838709678,31,31,31,31,31,1,,test
53,อุตรดิตถ์,2024,9,2024-09,2024-08,3403.0,25.843548387096774,345.0199999999999,86.72516129032257,16.81645161290323,31,31,31,31,31,1,,test
53,อุตรดิตถ์,2024,10,2024-10,2024-09,,26.023666666666667,268.12,85.19233333333334,15.496,30,30,30,30,30,0,no_target_record,test
53,อุตรดิตถ์,2024,11,2024-11,2024-10,,25.268709677419356,108.64,83.06838709677419,18.41516129032258,31,31,31,31,31,0,no_target_record,test
53,อุตรดิตถ์,2024,12,2024-12,2024-11,,22.487333333333332,16.61,82.22766666666666,16.919999999999998,30,30,30,30,30,0,no_target_record,test
53,อุตรดิตถ์,2025,1,2025-01,2024-12,,19.820322580645165,3.38,80.24096774193548,16.97290322580645,31,31,31,31,31,0,no_target_record,test
53,อุตรดิตถ์,2025,2,2025-02,2025-01,,18.38193548387097,0.41,70.72645161290322,18.67516129032258,31,31,31,31,31,0,no_target_record,test
53,อุตรดิตถ์,2025,3,2025-03,2025-02,,22.8,23.410000000000004,66.80464285714285,18.304285714285715,28,28,28,28,28,0,no_target_record,test
53,อุตรดิตถ์,2025,4,2025-04,2025-03,56.0,26.552258064516128,9.319999999999999,56.29096774193548,20.13806451612903,31,31,31,31,31,1,,test
53,อุตรดิตถ์,2025,5,2025-05,2025-04,3897.0,27.748,104.14,67.373,20.381666666666668,30,30,30,30,30,1,,test
53,อุตรดิตถ์,2025,6,2025-06,2025-05,18274.0,27.23516129032258,289.2699999999999,76.5341935483871,18.368387096774192,31,31,31,31,31,1,,test
53,อุตรดิตถ์,2025,7,2025-07,2025-06,12171.0,26.146,120.98,83.32733333333334,16.993000000000002,30,30,30,30,30,1,,test
53,อุตรดิตถ์,2025,8,2025-08,2025-07,3599.0,25.38967741935484,287.42999999999995,86.75870967741936,14.626774193548387,31,31,31,31,31,1,,test
53,อุตรดิตถ์,2025,9,2025-09,2025-08,1687.0,25.669032258064515,315.07000000000005,85.45064516129031,17.088387096774195,31,31,31,31,31,1,,test
53,อุตรดิตถ์,2025,10,2025-10,2025-09,,25.851333333333333,288.38,84.89899999999999,16.263666666666666,30,30,30,30,30,0,no_target_record,test
53,อุตรดิตถ์,2025,11,2025-11,2025-10,,24.680967741935483,110.01000000000002,85.29870967741937,17.259032258064515,31,31,31,31,31,0,no_target_record,test
53,อุตรดิตถ์,2025,12,2025-12,2025-11,,20.747,101.87,83.02133333333333,15.600333333333333,30,30,30,30,30,0,no_target_record,test
53,อุตรดิตถ์,2026,1,2026-01,2025-12,,20.168709677419354,13.279999999999998,80.58741935483872,16.94516129032258,31,31,31,31,31,0,no_target_record,future_holdout
53,อุตรดิตถ์,2026,2,2026-02,2026-01,,19.115483870967743,0.68,74.63032258064516,18.65741935483871,31,31,31,31,31,0,no_target_record,future_holdout
53,อุตรดิตถ์,2026,3,2026-03,2026-02,,23.453928571428573,21.51,70.04607142857142,18.95285714285714,28,28,28,28,28,0,no_target_record,future_holdout
53,อุตรดิตถ์,2026,4,2026-04,2026-03,,25.629032258064516,8.53,63.16645161290323,21.610967741935482,31,31,31,31,31,0,no_target_record,future_holdout
53,อุตรดิตถ์,2026,5,2026-05,2026-04,,28.874000000000002,47.900000000000006,56.57366666666667,20.683333333333334,30,30,30,30,30,0,no_target_record,future_holdout
53,อุตรดิตถ์,2026,6,2026-06,2026-05,,27.429032258064513,220.48999999999995,76.56806451612904,19.68,31,31,31,31,31,0,no_target_record,future_holdout
53,อุตรดิตถ์,2026,7,2026-07,2026-06,,26.639,174.66,81.35833333333333,19.362666666666666,30,30,30,30,30,0,no_target_record,future_holdout
53,อุตรดิตถ์,2026,8,2026-08,2026-07,,25.820645161290326,175.95,82.43483870967742,13.672258064516129,31,31,31,31,31,0,no_target_record,future_holdout
53,อุตรดิตถ์,2026,9,2026-09,2026-08,,25.645806451612902,216.06999999999996,85.79032258064517,13.754193548387097,31,31,31,31,31,0,no_target_record,future_holdout
84,สุราษฎร์ธานี,1981,1,1981-01,1980-12,,,,,,0,0,,,31,0,no_target_record;incomplete_lag_temperature_or_rain;missing_lag_feature;incomplete_lag_daily_coverage,train
84,สุราษฎร์ธานี,1981,2,1981-02,1981-01,,24.3141935483871,11.87,82.62516129032258,,31,0,31,31,31,0,no_target_record;missing_lag_feature;incomplete_lag_daily_coverage,train
84,สุราษฎร์ธานี,1981,3,1981-03,1981-02,,25.435714285714287,24.04,81.48892857142857,,28,0,28,28,28,0,no_target_record;missing_lag_feature;incomplete_lag_daily_coverage,train
84,สุราษฎร์ธานี,1981,4,1981-04,1981-03,,26.94451612903226,3.4499999999999997,77.48838709677419,,31,0,31,31,31,0,no_target_record;missing_lag_feature;incomplete_lag_daily_coverage,train
84,สุราษฎร์ธานี,1981,5,1981-05,1981-04,,27.548,177.61,81.008,,30,0,30,30,30,0,no_target_record;missing_lag_feature;incomplete_lag_daily_coverage,train
84,สุราษฎร์ธานี,1981,6,1981-06,1981-05,,27.384193548387096,237.11999999999995,83.76096774193549,,31,0,31,31,31,0,no_target_record;missing_lag_feature;incomplete_lag_daily_coverage,train
84,สุราษฎร์ธานี,1981,7,1981-07,1981-06,,26.441,190.70999999999998,86.761,,30,0,30,30,30,0,no_target_record;missing_lag_feature;incomplete_lag_daily_coverage,train
84,สุราษฎร์ธานี,1981,8,1981-08,1981-07,,25.956451612903226,157.14999999999998,88.34,,31,0,31,31,31,0,no_target_record;missing_lag_feature;incomplete_lag_daily_coverage,train
84,สุราษฎร์ธานี,1981,9,1981-09,1981-08,,26.22967741935484,116.14,86.57677419354839,,31,0,31,31,31,0,no_target_record;missing_lag_feature;incomplete_lag_daily_coverage,train
84,สุราษฎร์ธานี,1981,10,1981-10,1981-09,,26.291999999999998,263.30999999999995,85.04766666666666,,30,0,30,30,30,0,no_target_record;missing_lag_feature;incomplete_lag_daily_coverage,train
84,สุราษฎร์ธานี,1981,11,1981-11,1981-10,,26.05258064516129,255.1,86.33935483870968,,31,0,31,31,31,0,no_target_record;missing_lag_feature;incomplete_lag_daily_coverage,train
84,สุราษฎร์ธานี,1981,12,1981-12,1981-11,,25.319333333333336,348.17,89.12100000000001,,30,0,30,30,30,0,no_target_record;missing_lag_feature;incomplete_lag_daily_coverage,train
84,สุราษฎร์ธานี,1982,1,1982-01,1981-12,,24.289032258064516,166.95,86.69612903225806,,31,0,31,31,31,0,no_target_record;missing_lag_feature;incomplete_lag_daily_coverage,train
84,สุราษฎร์ธานี,1982,2,1982-02,1982-01,,24.54548387096774,3.4299999999999997,81.80903225806452,,31,0,31,31,31,0,no_target_record;missing_lag_feature;incomplete_lag_daily_coverage,train
84,สุราษฎร์ธานี,1982,3,1982-03,1982-02,,25.71,17.529999999999998,81.63250000000001,,28,0,28,28,28,0,no_target_record;missing_lag_feature;incomplete_lag_daily_coverage,train
84,สุราษฎร์ธานี,1982,4,1982-04,1982-03,,27.358387096774194,12.39,75.29612903225807,,31,0,31,31,31,0,no_target_record;missing_lag_feature;incomplete_lag_daily_coverage,train
84,สุราษฎร์ธานี,1982,5,1982-05,1982-04,,28.112666666666666,95.68,74.27166666666668,,30,0,30,30,30,0,no_target_record;missing_lag_feature;incomplete_lag_daily_coverage,train
84,สุราษฎร์ธานี,1982,6,1982-06,1982-05,,28.196129032258067,223.99,78.50612903225807,,31,0,31,31,31,0,no_target_record;missing_lag_feature;incomplete_lag_daily_coverage,train
84,สุราษฎร์ธานี,1982,7,1982-07,1982-06,,26.759333333333334,109.30999999999999,84.77,,30,0,30,30,30,0,no_target_record;missing_lag_feature;incomplete_lag_daily_coverage,train
84,สุราษฎร์ธานี,1982,8,1982-08,1982-07,,25.77548387096774,306.8900000000001,87.46935483870968,,31,0,31,31,31,0,no_target_record;missing_lag_feature;incomplete_lag_daily_coverage,train
84,สุราษฎร์ธานี,1982,9,1982-09,1982-08,,25.856451612903225,208.85,87.48645161290322,,31,0,31,31,31,0,no_target_record;missing_lag_feature;incomplete_lag_daily_coverage,train
84,สุราษฎร์ธานี,1982,10,1982-10,1982-09,,26.157666666666668,172.38,84.59733333333334,,30,0,30,30,30,0,no_target_record;missing_lag_feature;incomplete_lag_daily_coverage,train
84,สุราษฎร์ธานี,1982,11,1982-11,1982-10,,26.588709677419356,209.63,80.95483870967742,,31,0,31,31,31,0,no_target_record;missing_lag_feature;incomplete_lag_daily_coverage,train
84,สุราษฎร์ธานี,1982,12,1982-12,1982-11,,26.15666666666667,183.85999999999999,85.61200000000001,,30,0,30,30,30,0,no_target_record;missing_lag_feature;incomplete_lag_daily_coverage,train
84,สุราษฎร์ธานี,1983,1,1983-01,1982-12,,25.023548387096774,92.23,83.00161290322582,,31,0,31,31,31,0,no_target_record;missing_lag_feature;incomplete_lag_daily_coverage,train
84,สุราษฎร์ธานี,1983,2,1983-02,1983-01,,25.181935483870966,42.0,83.46645161290323,,31,0,31,31,31,0,no_target_record;missing_lag_feature;incomplete_lag_daily_coverage,train
84,สุราษฎร์ธานี,1983,3,1983-03,1983-02,,26.037499999999998,0.15,79.8457142857143,,28,0,28,28,28,0,no_target_record;missing_lag_feature;incomplete_lag_daily_coverage,train
84,สุราษฎร์ธานี,1983,4,1983-04,1983-03,,28.330000000000002,33.059999999999995,71.15064516129033,,31,0,31,31,31,0,no_target_record;missing_lag_feature;incomplete_lag_daily_coverage,train
84,สุราษฎร์ธานี,1983,5,1983-05,1983-04,,29.920333333333335,22.889999999999997,64.15966666666667,,30,0,30,30,30,0,no_target_record;missing_lag_feature;incomplete_lag_daily_coverage,train
84,สุราษฎร์ธานี,1983,6,1983-06,1983-05,,28.254516129032258,213.51000000000002,77.96935483870968,,31,0,31,31,31,0,no_target_record;missing_lag_feature;incomplete_lag_daily_coverage,train
84,สุราษฎร์ธานี,1983,7,1983-07,1983-06,,26.793333333333333,272.88999999999993,85.643,,30,0,30,30,30,0,no_target_record;missing_lag_feature;incomplete_lag_daily_coverage,train
84,สุราษฎร์ธานี,1983,8,1983-08,1983-07,,26.136451612903226,250.31000000000003,87.35774193548387,,31,0,31,31,31,0,no_target_record;missing_lag_feature;incomplete_lag_daily_coverage,train
84,สุราษฎร์ธานี,1983,9,1983-09,1983-08,,26.156129032258065,274.79999999999995,87.9858064516129,,31,0,31,31,31,0,no_target_record;missing_lag_feature;incomplete_lag_daily_coverage,train
84,สุราษฎร์ธานี,1983,10,1983-10,1983-09,,26.371666666666666,307.96,85.34666666666666,,30,0,30,30,30,0,no_target_record;missing_lag_feature;incomplete_lag_daily_coverage,train
84,สุราษฎร์ธานี,1983,11,1983-11,1983-10,,25.846774193548388,271.07,87.31903225806451,,31,0,31,31,31,0,no_target_record;missing_lag_feature;incomplete_lag_daily_coverage,train
84,สุราษฎร์ธานี,1983,12,1983-12,1983-11,,24.920333333333335,284.3,85.31133333333334,,30,0,30,30,30,0,no_target_record;missing_lag_feature;incomplete_lag_daily_coverage,train
84,สุราษฎร์ธานี,1984,1,1984-01,1983-12,,24.424193548387095,143.45,87.57064516129033,,31,0,31,31,31,0,no_target_record;missing_lag_feature;incomplete_lag_daily_coverage,train
84,สุราษฎร์ธานี,1984,2,1984-02,1984-01,,24.568709677419356,74.25,85.85161290322581,15.249032258064517,31,31,31,31,31,0,no_target_record,train
84,สุราษฎร์ธานี,1984,3,1984-03,1984-02,,25.36758620689655,34.76,84.38448275862069,17.564137931034484,29,29,29,29,29,0,no_target_record,train
84,สุราษฎร์ธานี,1984,4,1984-04,1984-03,,26.60483870967742,26.53,78.88000000000001,20.955483870967743,31,31,31,31,31,0,no_target_record,train
84,สุราษฎร์ธานี,1984,5,1984-05,1984-04,,27.411333333333335,182.8,80.26733333333333,19.671333333333333,30,30,30,30,30,0,no_target_record,train
84,สุราษฎร์ธานี,1984,6,1984-06,1984-05,,26.77225806451613,175.84000000000003,85.31354838709677,19.04258064516129,31,31,31,31,31,0,no_target_record,train
84,สุราษฎร์ธานี,1984,7,1984-07,1984-06,,25.897,273.75,88.825,16.36,30,30,30,30,30,0,no_target_record,train
84,สุราษฎร์ธานี,1984,8,1984-08,1984-07,,26.01225806451613,186.05,85.47290322580645,13.90741935483871,31,31,31,31,31,0,no_target_record,train
84,สุราษฎร์ธานี,1984,9,1984-09,1984-08,,25.55838709677419,168.77999999999994,87.89483870967743,17.29258064516129,31,31,31,31,31,0,no_target_record,train
84,สุราษฎร์ธานี,1984,10,1984-10,1984-09,,25.629666666666665,236.0,86.37966666666667,18.034666666666666,30,30,30,30,30,0,no_target_record,train
84,สุราษฎร์ธานี,1984,11,1984-11,1984-10,,25.72741935483871,209.45,84.1441935483871,16.273548387096774,31,31,31,31,31,0,no_target_record,train
84,สุราษฎร์ธานี,1984,12,1984-12,1984-11,,25.679666666666666,284.34000000000003,86.05033333333333,16.380333333333333,30,30,30,30,30,0,no_target_record,train
84,สุราษฎร์ธานี,1985,1,1985-01,1984-12,,25.085483870967742,227.75,86.09774193548388,13.749677419354839,31,31,31,31,31,0,no_target_record,train
84,สุราษฎร์ธานี,1985,2,1985-02,1985-01,,24.826129032258066,22.84,84.05516129032259,17.628709677419355,31,31,31,31,31,0,no_target_record,train
84,สุราษฎร์ธานี,1985,3,1985-03,1985-02,,26.49857142857143,43.53,81.70642857142857,21.187857142857144,28,28,28,28,28,0,no_target_record,train
84,สุราษฎร์ธานี,1985,4,1985-04,1985-03,,26.556129032258063,63.03,81.16935483870968,21.22774193548387,31,31,31,31,31,0,no_target_record,train
84,สุราษฎร์ธานี,1985,5,1985-05,1985-04,,27.387333333333334,155.87,80.53133333333334,19.978,30,30,30,30,30,0,no_target_record,train
84,สุราษฎร์ธานี,1985,6,1985-06,1985-05,,27.18064516129032,250.92000000000002,83.21612903225805,17.37483870967742,31,31,31,31,31,0,no_target_record,train
84,สุราษฎร์ธานี,1985,7,1985-07,1985-06,,26.007333333333335,213.54000000000002,87.73033333333333,17.47533333333333,30,30,30,30,30,0,no_target_record,train
84,สุราษฎร์ธานี,1985,8,1985-08,1985-07,,25.612903225806452,150.67000000000002,86.13903225806452,18.537096774193547,31,31,31,31,31,0,no_target_record,train
84,สุราษฎร์ธานี,1985,9,1985-09,1985-08,,25.691290322580645,175.69,88.42096774193548,17.936129032258062,31,31,31,31,31,0,no_target_record,train
84,สุราษฎร์ธานี,1985,10,1985-10,1985-09,,25.678,294.90000000000003,86.988,16.784,30,30,30,30,30,0,no_target_record,train
84,สุราษฎร์ธานี,1985,11,1985-11,1985-10,,25.654516129032256,374.2900000000001,87.3309677419355,17.057096774193546,31,31,31,31,31,0,no_target_record,train
84,สุราษฎร์ธานี,1985,12,1985-12,1985-11,,25.507,225.39000000000001,87.33833333333334,14.347000000000001,30,30,30,30,30,0,no_target_record,train
84,สุราษฎร์ธานี,1986,1,1986-01,1985-12,,24.79774193548387,173.26000000000002,85.23354838709676,14.57516129032258,31,31,31,31,31,0,no_target_record,train
84,สุราษฎร์ธานี,1986,2,1986-02,1986-01,,24.346774193548388,29.6,82.91193548387096,16.680967741935483,31,31,31,31,31,0,no_target_record,train
84,สุราษฎร์ธานี,1986,3,1986-03,1986-02,,25.33857142857143,3.2200000000000006,78.69035714285714,20.863571428571426,28,28,28,28,28,0,no_target_record,train
84,สุราษฎร์ธานี,1986,4,1986-04,1986-03,,26.84161290322581,19.13,76.61999999999999,21.546451612903226,31,31,31,31,31,0,no_target_record,train
84,สุราษฎร์ธานี,1986,5,1986-05,1986-04,,28.137666666666668,73.24000000000001,75.29133333333334,21.543,30,30,30,30,30,0,no_target_record,train
84,สุราษฎร์ธานี,1986,6,1986-06,1986-05,,26.74774193548387,371.34999999999997,84.91354838709678,17.350322580645162,31,31,31,31,31,0,no_target_record,train
84,สุราษฎร์ธานี,1986,7,1986-07,1986-06,,26.31433333333333,240.63000000000002,87.44166666666666,17.110666666666667,30,30,30,30,30,0,no_target_record,train
84,สุราษฎร์ธานี,1986,8,1986-08,1986-07,,25.7758064516129,263.56,87.55290322580645,17.259677419354837,31,31,31,31,31,0,no_target_record,train
84,สุราษฎร์ธานี,1986,9,1986-09,1986-08,,25.57935483870968,275.01000000000005,89.4941935483871,17.002258064516127,31,31,31,31,31,0,no_target_record,train
84,สุราษฎร์ธานี,1986,10,1986-10,1986-09,,25.577333333333335,462.26,89.28766666666667,17.081666666666667,30,30,30,30,30,0,no_target_record,train
84,สุราษฎร์ธานี,1986,11,1986-11,1986-10,,26.103870967741937,303.97999999999996,86.25096774193547,15.174193548387096,31,31,31,31,31,0,no_target_record,train
84,สุราษฎร์ธานี,1986,12,1986-12,1986-11,,25.532666666666668,335.7,87.50500000000001,14.992666666666667,30,30,30,30,30,0,no_target_record,train
84,สุราษฎร์ธานี,1987,1,1987-01,1986-12,,24.803870967741933,134.57,87.24612903225807,15.453225806451613,31,31,31,31,31,0,no_target_record,train
84,สุราษฎร์ธานี,1987,2,1987-02,1987-01,,24.711612903225806,53.870000000000005,84.92129032258065,16.990645161290324,31,31,31,31,31,0,no_target_record,train
84,สุราษฎร์ธานี,1987,3,1987-03,1987-02,,25.099285714285713,1.55,82.01285714285714,21.179285714285715,28,28,28,28,28,0,no_target_record,train
84,สุราษฎร์ธานี,1987,4,1987-04,1987-03,,26.914516129032258,8.24,77.29161290322581,21.429032258064513,31,31,31,31,31,0,no_target_record,train
84,สุราษฎร์ธานี,1987,5,1987-05,1987-04,,28.477333333333334,21.01,74.33266666666667,21.96966666666667,30,30,30,30,30,0,no_target_record,train
84,สุราษฎร์ธานี,1987,6,1987-06,1987-05,,27.581935483870968,234.2,80.5125806451613,18.406774193548387,31,31,31,31,31,0,no_target_record,train
84,สุราษฎร์ธานี,1987,7,1987-07,1987-06,,27.134,152.84999999999997,85.275,16.98966666666667,30,30,30,30,30,0,no_target_record,train
84,สุราษฎร์ธานี,1987,8,1987-08,1987-07,,27.085806451612903,60.60000000000001,80.91870967741936,19.47258064516129,31,31,31,31,31,0,no_target_record,train
84,สุราษฎร์ธานี,1987,9,1987-09,1987-08,,26.29290322580645,377.44000000000005,86.10258064516128,16.911935483870966,31,31,31,31,31,0,no_target_record,train
84,สุราษฎร์ธานี,1987,10,1987-10,1987-09,,26.645666666666667,210.46,84.958,17.356333333333335,30,30,30,30,30,0,no_target_record,train
84,สุราษฎร์ธานี,1987,11,1987-11,1987-10,,26.975161290322582,259.6700000000001,84.39387096774193,17.156129032258065,31,31,31,31,31,0,no_target_record,train
84,สุราษฎร์ธานี,1987,12,1987-12,1987-11,,26.427333333333333,326.05,87.50666666666666,14.532666666666668,30,30,30,30,30,0,no_target_record,train
84,สุราษฎร์ธานี,1988,1,1988-01,1987-12,,25.080645161290324,188.12,84.88903225806452,13.13774193548387,31,31,31,31,31,0,no_target_record,train
84,สุราษฎร์ธานี,1988,2,1988-02,1988-01,,25.52,82.32000000000001,84.67096774193548,16.960645161290323,31,31,31,31,31,0,no_target_record,train
84,สุราษฎร์ธานี,1988,3,1988-03,1988-02,,26.232758620689655,33.089999999999996,83.58206896551725,19.679310344827588,29,29,29,29,29,0,no_target_record,train
84,สุราษฎร์ธานี,1988,4,1988-04,1988-03,,27.388709677419353,29.25,79.30903225806452,20.98483870967742,31,31,31,31,31,0,no_target_record,train
84,สุราษฎร์ธานี,1988,5,1988-05,1988-04,,28.255,90.99,79.71133333333334,18.919666666666668,30,30,30,30,30,0,no_target_record,train
84,สุราษฎร์ธานี,1988,6,1988-06,1988-05,,27.44709677419355,279.0199999999999,85.46419354838709,17.028709677419354,31,31,31,31,31,0,no_target_record,train
84,สุราษฎร์ธานี,1988,7,1988-07,1988-06,,26.649333333333335,154.07,85.602,17.875666666666667,30,30,30,30,30,0,no_target_record,train
84,สุราษฎร์ธานี,1988,8,1988-08,1988-07,,26.39548387096774,345.64000000000004,87.80322580645162,16.11774193548387,31,31,31,31,31,0,no_target_record,train
84,สุราษฎร์ธานี,1988,9,1988-09,1988-08,,26.653225806451612,222.20999999999998,86.3016129032258,18.096129032258066,31,31,31,31,31,0,no_target_record,train
84,สุราษฎร์ธานี,1988,10,1988-10,1988-09,,26.417666666666666,448.0999999999999,88.10033333333334,16.341666666666665,30,30,30,30,30,0,no_target_record,train
84,สุราษฎร์ธานี,1988,11,1988-11,1988-10,,25.52064516129032,260.03000000000003,90.1241935483871,15.28032258064516,31,31,31,31,31,0,no_target_record,train
84,สุราษฎร์ธานี,1988,12,1988-12,1988-11,,24.937666666666665,576.8499999999999,90.98633333333333,10.857,30,30,30,30,30,0,no_target_record,train
84,สุราษฎร์ธานี,1989,1,1989-01,1988-12,,24.148387096774194,51.59,85.99483870967742,15.00290322580645,31,31,31,31,31,0,no_target_record,train
84,สุราษฎร์ธานี,1989,2,1989-02,1989-01,,25.206451612903226,44.78999999999999,85.68903225806451,16.646129032258063,31,31,31,31,31,0,no_target_record,train
84,สุราษฎร์ธานี,1989,3,1989-03,1989-02,,25.0575,9.22,79.94285714285715,19.900357142857143,28,28,28,28,28,0,no_target_record,train
84,สุราษฎร์ธานี,1989,4,1989-04,1989-03,,26.85258064516129,62.42000000000001,77.33064516129032,20.58451612903226,31,31,31,31,31,0,no_target_record,train
84,สุราษฎร์ธานี,1989,5,1989-05,1989-04,,27.96466666666667,105.94999999999999,78.42566666666667,20.942666666666664,30,30,30,30,30,0,no_target_record,train
84,สุราษฎร์ธานี,1989,6,1989-06,1989-05,,26.740967741935485,297.52,86.47806451612904,17.33967741935484,31,31,31,31,31,0,no_target_record,train
84,สุราษฎร์ธานี,1989,7,1989-07,1989-06,,26.13266666666667,141.39000000000001,86.86033333333333,18.374333333333333,30,30,30,30,30,0,no_target_record,train
84,สุราษฎร์ธานี,1989,8,1989-08,1989-07,,26.410967741935483,162.79000000000002,85.20354838709677,18.15967741935484,31,31,31,31,31,0,no_target_record,train
84,สุราษฎร์ธานี,1989,9,1989-09,1989-08,,25.67258064516129,208.38000000000002,89.10032258064517,17.880967741935486,31,31,31,31,31,0,no_target_record,train
84,สุราษฎร์ธานี,1989,10,1989-10,1989-09,,26.26833333333333,190.39000000000001,85.99933333333334,17.041,30,30,30,30,30,0,no_target_record,train
84,สุราษฎร์ธานี,1989,11,1989-11,1989-10,,26.11741935483871,405.5999999999999,87.6690322580645,15.637419354838709,31,31,31,31,31,0,no_target_record,train
84,สุราษฎร์ธานี,1989,12,1989-12,1989-11,,25.576999999999998,223.37,87.25933333333334,14.123999999999999,30,30,30,30,30,0,no_target_record,train
84,สุราษฎร์ธานี,1990,1,1990-01,1989-12,,24.780645161290323,9.59,82.7741935483871,17.345483870967744,31,31,31,31,31,0,no_target_record,train
84,สุราษฎร์ธานี,1990,2,1990-02,1990-01,,25.320322580645165,14.89,82.60354838709678,18.40967741935484,31,31,31,31,31,0,no_target_record,train
84,สุราษฎร์ธานี,1990,3,1990-03,1990-02,,25.97357142857143,3.5300000000000002,79.62035714285715,21.299642857142857,28,28,28,28,28,0,no_target_record,train
84,สุราษฎร์ธานี,1990,4,1990-04,1990-03,,27.778709677419354,11.299999999999997,72.62032258064517,22.283548387096772,31,31,31,31,31,0,no_target_record,train
84,สุราษฎร์ธานี,1990,5,1990-05,1990-04,,29.148666666666667,86.52000000000001,72.25233333333334,21.090333333333334,30,30,30,30,30,0,no_target_record,train
84,สุราษฎร์ธานี,1990,6,1990-06,1990-05,,27.54548387096774,261.99,83.08967741935484,17.99225806451613,31,31,31,31,31,0,no_target_record,train
84,สุราษฎร์ธานี,1990,7,1990-07,1990-06,,26.62933333333333,154.86,87.39133333333332,18.887333333333334,30,30,30,30,30,0,no_target_record,train
84,สุราษฎร์ธานี,1990,8,1990-08,1990-07,,26.085806451612903,114.94999999999999,86.42806451612903,18.767419354838708,31,31,31,31,31,0,no_target_record,train
84,สุราษฎร์ธานี,1990,9,1990-09,1990-08,,26.26774193548387,93.38,86.64935483870968,17.068064516129034,31,31,31,31,31,0,no_target_record,train
84,สุราษฎร์ธานี,1990,10,1990-10,1990-09,,26.128,315.20000000000005,87.704,16.884,30,30,30,30,30,0,no_target_record,train
84,สุราษฎร์ธานี,1990,11,1990-11,1990-10,,26.30838709677419,420.48999999999995,86.5841935483871,15.651290322580644,31,31,31,31,31,0,no_target_record,train
84,สุราษฎร์ธานี,1990,12,1990-12,1990-11,,25.759999999999998,337.63000000000005,87.10866666666668,15.471666666666666,30,30,30,30,30,0,no_target_record,train
84,สุราษฎร์ธานี,1991,1,1991-01,1990-12,,24.946129032258067,96.38000000000001,86.01322580645162,15.584838709677419,31,31,31,31,31,0,no_target_record,train
84,สุราษฎร์ธานี,1991,2,1991-02,1991-01,,25.35258064516129,29.860000000000003,84.00129032258064,18.543870967741935,31,31,31,31,31,0,no_target_record,train
84,สุราษฎร์ธานี,1991,3,1991-03,1991-02,,26.0225,18.650000000000002,79.99249999999999,19.97142857142857,28,28,28,28,28,0,no_target_record,train
84,สุราษฎร์ธานี,1991,4,1991-04,1991-03,,26.904193548387095,38.27,77.42612903225806,21.62709677419355,31,31,31,31,31,0,no_target_record,train
84,สุราษฎร์ธานี,1991,5,1991-05,1991-04,,28.392333333333333,74.03999999999999,74.29166666666667,20.935,30,30,30,30,30,0,no_target_record,train
84,สุราษฎร์ธานี,1991,6,1991-06,1991-05,,27.963870967741936,274.70000000000005,81.9767741935484,18.40032258064516,31,31,31,31,31,0,no_target_record,train
84,สุราษฎร์ธานี,1991,7,1991-07,1991-06,,27.311333333333334,131.08999999999997,84.503,18.315333333333335,30,30,30,30,30,0,no_target_record,train
84,สุราษฎร์ธานี,1991,8,1991-08,1991-07,,26.141935483870967,302.75,88.5383870967742,16.008064516129032,31,31,31,31,31,0,no_target_record,train
84,สุราษฎร์ธานี,1991,9,1991-09,1991-08,,26.041935483870965,305.78,89.54322580645162,15.92,31,31,31,31,31,0,no_target_record,train
84,สุราษฎร์ธานี,1991,10,1991-10,1991-09,,25.744666666666667,265.35,89.82766666666666,15.747333333333334,30,30,30,30,30,0,no_target_record,train
84,สุราษฎร์ธานี,1991,11,1991-11,1991-10,,26.053870967741933,151.65000000000003,85.96935483870968,16.463870967741936,31,31,31,31,31,0,no_target_record,train
84,สุราษฎร์ธานี,1991,12,1991-12,1991-11,,25.511000000000003,113.36,84.35433333333334,15.272666666666668,30,30,30,30,30,0,no_target_record,train
84,สุราษฎร์ธานี,1992,1,1992-01,1991-12,,25.418064516129032,154.58,84.36903225806452,15.029032258064515,31,31,31,31,31,0,no_target_record,train
84,สุราษฎร์ธานี,1992,2,1992-02,1992-01,,24.788387096774194,28.31,82.99032258064516,17.384838709677418,31,31,31,31,31,0,no_target_record,train
84,สุราษฎร์ธานี,1992,3,1992-03,1992-02,,25.94793103448276,11.44,80.34275862068965,20.26206896551724,29,29,29,29,29,0,no_target_record,train
84,สุราษฎร์ธานี,1992,4,1992-04,1992-03,,27.629032258064516,1.9900000000000002,70.31225806451613,22.853870967741937,31,31,31,31,31,0,no_target_record,train
84,สุราษฎร์ธานี,1992,5,1992-05,1992-04,,30.15666666666667,17.740000000000002,63.93866666666667,22.227333333333334,30,30,30,30,30,0,no_target_record,train
84,สุราษฎร์ธานี,1992,6,1992-06,1992-05,,28.746774193548386,163.01,76.54935483870968,19.05548387096774,31,31,31,31,31,0,no_target_record,train
84,สุราษฎร์ธานี,1992,7,1992-07,1992-06,,27.200333333333333,165.8,85.13799999999999,15.906666666666666,30,30,30,30,30,0,no_target_record,train
84,สุราษฎร์ธานี,1992,8,1992-08,1992-07,,26.708064516129035,182.1,84.54838709677419,17.076129032258066,31,31,31,31,31,0,no_target_record,train
84,สุราษฎร์ธานี,1992,9,1992-09,1992-08,,26.04741935483871,211.25,86.77903225806452,16.250967741935487,31,31,31,31,31,0,no_target_record,train
84,สุราษฎร์ธานี,1992,10,1992-10,1992-09,,26.040333333333333,155.68999999999997,86.31666666666666,18.112000000000002,30,30,30,30,30,0,no_target_record,train
84,สุราษฎร์ธานี,1992,11,1992-11,1992-10,,25.833548387096776,482.78000000000003,87.80645161290323,13.478709677419356,31,31,31,31,31,0,no_target_record,train
84,สุราษฎร์ธานี,1992,12,1992-12,1992-11,,25.049,281.33,87.23833333333333,13.192333333333332,30,30,30,30,30,0,no_target_record,train
84,สุราษฎร์ธานี,1993,1,1993-01,1992-12,,24.753225806451614,114.06000000000002,86.62258064516129,14.570645161290322,31,31,31,31,31,0,no_target_record,train
84,สุราษฎร์ธานี,1993,2,1993-02,1993-01,,24.911290322580644,128.92,84.53516129032259,16.739032258064515,31,31,31,31,31,0,no_target_record,train
84,สุราษฎร์ธานี,1993,3,1993-03,1993-02,,24.956071428571427,1.55,81.865,20.616071428571427,28,28,28,28,28,0,no_target_record,train
84,สุราษฎร์ธานี,1993,4,1993-04,1993-03,,26.166451612903224,99.94,82.07806451612903,20.011290322580646,31,31,31,31,31,0,no_target_record,train
84,สุราษฎร์ธานี,1993,5,1993-05,1993-04,,27.58533333333333,84.17,78.565,21.430666666666664,30,30,30,30,30,0,no_target_record,train
84,สุราษฎร์ธานี,1993,6,1993-06,1993-05,,28.113225806451613,170.69,79.50064516129032,19.386451612903226,31,31,31,31,31,0,no_target_record,train
84,สุราษฎร์ธานี,1993,7,1993-07,1993-06,,26.939,192.70000000000002,86.57333333333332,18.364333333333335,30,30,30,30,30,0,no_target_record,train
84,สุราษฎร์ธานี,1993,8,1993-08,1993-07,,26.119032258064518,267.69,88.90290322580645,17.11,31,31,31,31,31,0,no_target_record,train
84,สุราษฎร์ธานี,1993,9,1993-09,1993-08,,26.095806451612905,167.77,87.53290322580645,18.030967741935484,31,31,31,31,31,0,no_target_record,train
84,สุราษฎร์ธานี,1993,10,1993-10,1993-09,,25.887999999999998,273.98,88.74933333333334,17.320666666666668,30,30,30,30,30,0,no_target_record,train
84,สุราษฎร์ธานี,1993,11,1993-11,1993-10,,26.043225806451613,279.96000000000004,87.98903225806451,15.805483870967743,31,31,31,31,31,0,no_target_record,train
84,สุราษฎร์ธานี,1993,12,1993-12,1993-11,,25.837666666666667,387.33,86.19266666666667,14.770666666666667,30,30,30,30,30,0,no_target_record,train
84,สุราษฎร์ธานี,1994,1,1994-01,1993-12,,24.822580645161292,287.52,87.15129032258065,14.442580645161291,31,31,31,31,31,0,no_target_record,train
84,สุราษฎร์ธานี,1994,2,1994-02,1994-01,,24.74451612903226,14.179999999999998,84.6032258064516,17.671290322580642,31,31,31,31,31,0,no_target_record,train
84,สุราษฎร์ธานี,1994,3,1994-03,1994-02,,26.139285714285712,30.480000000000004,80.33892857142857,20.464642857142856,28,28,28,28,28,0,no_target_record,train
84,สุราษฎร์ธานี,1994,4,1994-04,1994-03,,26.398387096774194,120.80999999999999,84.11999999999999,18.440967741935484,31,31,31,31,31,0,no_target_record,train
84,สุราษฎร์ธานี,1994,5,1994-05,1994-04,,27.848666666666666,113.47,79.63266666666667,21.632333333333335,30,30,30,30,30,0,no_target_record,train
84,สุราษฎร์ธานี,1994,6,1994-06,1994-05,,26.91774193548387,250.51,87.36483870967741,19.416129032258063,31,31,31,31,31,0,no_target_record,train
84,สุราษฎร์ธานี,1994,7,1994-07,1994-06,,26.26033333333333,260.34,88.80866666666667,16.293,30,30,30,30,30,0,no_target_record,train
84,สุราษฎร์ธานี,1994,8,1994-08,1994-07,,25.946129032258067,185.45999999999998,88.9932258064516,16.450967741935486,31,31,31,31,31,0,no_target_record,train
84,สุราษฎร์ธานี,1994,9,1994-09,1994-08,,25.865161290322582,301.44000000000005,88.97064516129032,16.47774193548387,31,31,31,31,31,0,no_target_record,train
84,สุราษฎร์ธานี,1994,10,1994-10,1994-09,,25.517333333333333,393.1,89.98266666666667,16.937,30,30,30,30,30,0,no_target_record,train
84,สุราษฎร์ธานี,1994,11,1994-11,1994-10,,25.931612903225805,165.71999999999997,85.40612903225806,18.07774193548387,31,31,31,31,31,0,no_target_record,train
84,สุราษฎร์ธานี,1994,12,1994-12,1994-11,,25.502666666666666,328.89,87.57600000000001,15.702333333333334,30,30,30,30,30,0,no_target_record,train
84,สุราษฎร์ธานี,1995,1,1995-01,1994-12,,25.441290322580645,103.08999999999999,83.24870967741936,16.753870967741936,31,31,31,31,31,0,no_target_record,train
84,สุราษฎร์ธานี,1995,2,1995-02,1995-01,,25.164516129032258,28.550000000000004,83.26967741935485,17.493225806451612,31,31,31,31,31,0,no_target_record,train
84,สุราษฎร์ธานี,1995,3,1995-03,1995-02,,25.416785714285712,5.34,79.96392857142857,20.264642857142857,28,28,28,28,28,0,no_target_record,train
84,สุราษฎร์ธานี,1995,4,1995-04,1995-03,,26.981612903225805,71.29,78.26290322580645,21.215483870967745,31,31,31,31,31,0,no_target_record,train
84,สุราษฎร์ธานี,1995,5,1995-05,1995-04,,28.196666666666665,98.22000000000001,76.84899999999999,22.604333333333333,30,30,30,30,30,0,no_target_record,train
84,สุราษฎร์ธานี,1995,6,1995-06,1995-05,,27.684838709677418,161.62,80.72967741935483,20.747096774193547,31,31,31,31,31,0,no_target_record,train
84,สุราษฎร์ธานี,1995,7,1995-07,1995-06,,26.845333333333333,198.8,87.26466666666667,18.12,30,30,30,30,30,0,no_target_record,train
84,สุราษฎร์ธานี,1995,8,1995-08,1995-07,,26.239032258064515,306.09000000000003,87.65548387096774,15.763225806451612,31,31,31,31,31,0,no_target_record,train
84,สุราษฎร์ธานี,1995,9,1995-09,1995-08,,26.236129032258063,384.75,89.37870967741937,15.689677419354839,31,31,31,31,31,0,no_target_record,train
84,สุราษฎร์ธานี,1995,10,1995-10,1995-09,,26.019333333333336,289.89,88.94933333333333,15.005666666666666,30,30,30,30,30,0,no_target_record,train
84,สุราษฎร์ธานี,1995,11,1995-11,1995-10,,26.21709677419355,287.52,87.9416129032258,14.553548387096773,31,31,31,31,31,0,no_target_record,train
84,สุราษฎร์ธานี,1995,12,1995-12,1995-11,,25.797,478.34999999999997,89.884,11.439,30,30,30,30,30,0,no_target_record,train
84,สุราษฎร์ธานี,1996,1,1996-01,1995-12,,24.536129032258064,63.63,84.69516129032259,14.318064516129033,31,31,31,31,31,0,no_target_record,train
84,สุราษฎร์ธานี,1996,2,1996-02,1996-01,,24.517096774193547,38.83,83.3083870967742,17.807741935483868,31,31,31,31,31,0,no_target_record,train
84,สุราษฎร์ธานี,1996,3,1996-03,1996-02,,25.142413793103447,60.480000000000004,83.78999999999999,17.61793103448276,29,29,29,29,29,0,no_target_record,train
84,สุราษฎร์ธานี,1996,4,1996-04,1996-03,,26.501935483870966,7.260000000000001,78.01290322580645,22.02064516129032,31,31,31,31,31,0,no_target_record,train
84,สุราษฎร์ธานี,1996,5,1996-05,1996-04,,28.115666666666666,186.63,79.28866666666666,19.612000000000002,30,30,30,30,30,0,no_target_record,train
84,สุราษฎร์ธานี,1996,6,1996-06,1996-05,,27.005806451612905,168.39,86.68064516129031,18.843870967741935,31,31,31,31,31,0,no_target_record,train
84,สุราษฎร์ธานี,1996,7,1996-07,1996-06,,27.307000000000002,232.10999999999999,84.57033333333334,17.461000000000002,30,30,30,30,30,0,no_target_record,train
84,สุราษฎร์ธานี,1996,8,1996-08,1996-07,,26.53516129032258,164.23999999999998,86.64387096774193,15.311290322580644,31,31,31,31,31,0,no_target_record,train
84,สุราษฎร์ธานี,1996,9,1996-09,1996-08,,26.323870967741936,252.89999999999998,87.39129032258064,17.706774193548387,31,31,31,31,31,0,no_target_record,train
84,สุราษฎร์ธานี,1996,10,1996-10,1996-09,,25.841333333333335,278.07,89.28733333333334,14.651333333333334,30,30,30,30,30,0,no_target_record,train
84,สุราษฎร์ธานี,1996,11,1996-11,1996-10,,26.249354838709678,311.06,87.44935483870967,14.454516129032257,31,31,31,31,31,0,no_target_record,train
84,สุราษฎร์ธานี,1996,12,1996-12,1996-11,,25.667333333333332,431.67,89.71366666666667,14.074666666666667,30,30,30,30,30,0,no_target_record,train
84,สุราษฎร์ธานี,1997,1,1997-01,1996-12,,24.458387096774196,375.16999999999996,87.35806451612903,13.725161290322582,31,31,31,31,31,0,no_target_record,train
84,สุราษฎร์ธานี,1997,2,1997-02,1997-01,,24.317741935483873,5.76,82.21774193548387,18.249354838709678,31,31,31,31,31,0,no_target_record,train
84,สุราษฎร์ธานี,1997,3,1997-03,1997-02,,26.068571428571428,59.98,82.48392857142858,18.686785714285715,28,28,28,28,28,0,no_target_record,train
84,สุราษฎร์ธานี,1997,4,1997-04,1997-03,,27.006774193548388,21.61,76.44677419354838,22.148064516129033,31,31,31,31,31,0,no_target_record,train
84,สุราษฎร์ธานี,1997,5,1997-05,1997-04,,27.59466666666667,104.61000000000001,77.69466666666668,21.458666666666666,30,30,30,30,30,0,no_target_record,train
84,สุราษฎร์ธานี,1997,6,1997-06,1997-05,,27.730645161290322,121.64999999999999,81.16387096774193,19.259677419354837,31,31,31,31,31,0,no_target_record,train
84,สุราษฎร์ธานี,1997,7,1997-07,1997-06,,27.061,229.17000000000002,84.95466666666667,18.816333333333333,30,30,30,30,30,0,no_target_record,train
84,สุราษฎร์ธานี,1997,8,1997-08,1997-07,,26.21,290.24999999999994,88.86967741935484,15.781935483870969,31,31,31,31,31,0,no_target_record,train
84,สุราษฎร์ธานี,1997,9,1997-09,1997-08,,26.18,454.96999999999997,88.37032258064517,16.17774193548387,31,31,31,31,31,0,no_target_record,train
84,สุราษฎร์ธานี,1997,10,1997-10,1997-09,,26.758333333333333,317.15,86.22066666666666,17.167666666666666,30,30,30,30,30,0,no_target_record,train
84,สุราษฎร์ธานี,1997,11,1997-11,1997-10,,26.546451612903226,273.17,87.13774193548387,17.236129032258066,31,31,31,31,31,0,no_target_record,train
84,สุราษฎร์ธานี,1997,12,1997-12,1997-11,,25.970666666666666,185.48,88.98766666666667,14.924,30,30,30,30,30,0,no_target_record,train
84,สุราษฎร์ธานี,1998,1,1998-01,1997-12,,25.919677419354837,122.05000000000003,85.56064516129032,15.696129032258064,31,31,31,31,31,0,no_target_record,train
84,สุราษฎร์ธานี,1998,2,1998-02,1998-01,,25.926451612903225,22.13,83.90774193548387,18.083225806451615,31,31,31,31,31,0,no_target_record,train
84,สุราษฎร์ธานี,1998,3,1998-03,1998-02,,26.783571428571427,1.9800000000000002,79.64785714285713,21.357857142857142,28,28,28,28,28,0,no_target_record,train
84,สุราษฎร์ธานี,1998,4,1998-04,1998-03,,27.830645161290324,7.76,73.88806451612903,22.14322580645161,31,31,31,31,31,0,no_target_record,train
84,สุราษฎร์ธานี,1998,5,1998-05,1998-04,,30.24566666666667,14.71,66.572,22.115333333333336,30,30,30,30,30,0,no_target_record,train
84,สุราษฎร์ธานี,1998,6,1998-06,1998-05,,29.725806451612904,149.33,74.60290322580646,18.81935483870968,31,31,31,31,31,0,no_target_record,train
84,สุราษฎร์ธานี,1998,7,1998-07,1998-06,,27.071,270.15,88.377,16.855666666666668,30,30,30,30,30,0,no_target_record,train
84,สุราษฎร์ธานี,1998,8,1998-08,1998-07,,26.81096774193548,207.86999999999998,87.68193548387096,19.166129032258063,31,31,31,31,31,0,no_target_record,train
84,สุราษฎร์ธานี,1998,9,1998-09,1998-08,,27.00709677419355,256.16,86.33290322580646,18.96,31,31,31,31,31,0,no_target_record,train
84,สุราษฎร์ธานี,1998,10,1998-10,1998-09,,26.411,301.57,88.588,17.589,30,30,30,30,30,0,no_target_record,train
84,สุราษฎร์ธานี,1998,11,1998-11,1998-10,,26.18548387096774,484.18999999999994,90.72419354838709,13.877096774193548,31,31,31,31,31,0,no_target_record,train
84,สุราษฎร์ธานี,1998,12,1998-12,1998-11,,25.83133333333333,349.63000000000005,90.42966666666666,11.793333333333333,30,30,30,30,30,0,no_target_record,train
84,สุราษฎร์ธานี,1999,1,1999-01,1998-12,,25.15741935483871,139.70000000000002,88.65677419354839,12.165161290322581,31,31,31,31,31,0,no_target_record,train
84,สุราษฎร์ธานี,1999,2,1999-02,1999-01,,25.109354838709677,156.50000000000003,86.25903225806452,15.46967741935484,31,31,31,31,31,0,no_target_record,train
84,สุราษฎร์ธานี,1999,3,1999-03,1999-02,,25.28642857142857,216.54000000000002,85.63964285714285,18.288214285714286,28,28,28,28,28,0,no_target_record,train
84,สุราษฎร์ธานี,1999,4,1999-04,1999-03,,26.918709677419354,118.35,83.17935483870967,21.31,31,31,31,31,31,0,no_target_record,train
84,สุราษฎร์ธานี,1999,5,1999-05,1999-04,,26.422,287.15,88.22933333333334,17.566,30,30,30,30,30,0,no_target_record,train
84,สุราษฎร์ธานี,1999,6,1999-06,1999-05,,26.6658064516129,226.97,87.11548387096774,18.7958064516129,31,31,31,31,31,0,no_target_record,train
84,สุราษฎร์ธานี,1999,7,1999-07,1999-06,,25.778000000000002,158.7,89.24333333333334,17.601333333333333,30,30,30,30,30,0,no_target_record,train
84,สุราษฎร์ธานี,1999,8,1999-08,1999-07,,25.793225806451613,165.71999999999997,89.67935483870967,17.21451612903226,31,31,31,31,31,0,no_target_record,train
84,สุราษฎร์ธานี,1999,9,1999-09,1999-08,,25.72967741935484,155.17999999999998,88.34225806451613,19.745483870967742,31,31,31,31,31,0,no_target_record,train
84,สุราษฎร์ธานี,1999,10,1999-10,1999-09,,26.053333333333335,204.69,87.80766666666666,18.392666666666667,30,30,30,30,30,0,no_target_record,train
84,สุราษฎร์ธานี,1999,11,1999-11,1999-10,,25.977096774193548,331.28999999999996,87.97064516129032,15.459032258064516,31,31,31,31,31,0,no_target_record,train
84,สุราษฎร์ธานี,1999,12,1999-12,1999-11,,25.398666666666667,187.48999999999998,89.03099999999999,13.194333333333333,30,30,30,30,30,0,no_target_record,train
84,สุราษฎร์ธานี,2000,1,2000-01,1999-12,,24.006774193548388,181.97999999999996,87.22225806451613,13.120000000000001,31,31,31,31,31,0,no_target_record,train
84,สุราษฎร์ธานี,2000,2,2000-02,2000-01,,24.989677419354837,64.74,86.39322580645161,16.61967741935484,31,31,31,31,31,0,no_target_record,train
84,สุราษฎร์ธานี,2000,3,2000-03,2000-02,,25.503793103448277,66.83,82.36655172413793,19.796206896551727,29,29,29,29,29,0,no_target_record,train
84,สุราษฎร์ธานี,2000,4,2000-04,2000-03,,26.79032258064516,137.39,81.90193548387097,20.02032258064516,31,31,31,31,31,0,no_target_record,train
84,สุราษฎร์ธานี,2000,5,2000-05,2000-04,,27.53966666666667,176.03999999999996,81.813,19.295,30,30,30,30,30,0,no_target_record,train
84,สุราษฎร์ธานี,2000,6,2000-06,2000-05,,26.881290322580647,192.94000000000003,86.76387096774194,18.529999999999998,31,31,31,31,31,0,no_target_record,train
84,สุราษฎร์ธานี,2000,7,2000-07,2000-06,,26.233333333333334,182.35,88.09200000000001,15.866000000000001,30,30,30,30,30,0,no_target_record,train
84,สุราษฎร์ธานี,2000,8,2000-08,2000-07,,26.106451612903225,105.02000000000001,87.6516129032258,19.13258064516129,31,31,31,31,31,0,no_target_record,train
84,สุราษฎร์ธานี,2000,9,2000-09,2000-08,,25.74483870967742,263.58,88.80774193548388,16.58225806451613,31,31,31,31,31,0,no_target_record,train
84,สุราษฎร์ธานี,2000,10,2000-10,2000-09,,26.34466666666667,175.66,86.28099999999999,19.023000000000003,30,30,30,30,30,0,no_target_record,train
84,สุราษฎร์ธานี,2000,11,2000-11,2000-10,,25.692258064516132,323.15999999999997,89.49193548387096,16.138387096774196,31,31,31,31,31,0,no_target_record,train
84,สุราษฎร์ธานี,2000,12,2000-12,2000-11,,25.223333333333336,457.54999999999995,88.98233333333333,11.489,30,30,30,30,30,0,no_target_record,train
84,สุราษฎร์ธานี,2001,1,2001-01,2000-12,,25.2958064516129,191.37999999999997,87.6558064516129,13.913870967741936,31,31,31,31,31,0,no_target_record,train
84,สุราษฎร์ธานี,2001,2,2001-02,2001-01,,25.187741935483874,157.14,87.12516129032258,16.379032258064516,31,31,31,31,31,0,no_target_record,train
84,สุราษฎร์ธานี,2001,3,2001-03,2001-02,,26.007857142857144,26.96,80.56071428571428,20.293928571428573,28,28,28,28,28,0,no_target_record,train
84,สุราษฎร์ธานี,2001,4,2001-04,2001-03,,26.31,306.4099999999999,85.62838709677419,18.95967741935484,31,31,31,31,31,0,no_target_record,train
84,สุราษฎร์ธานี,2001,5,2001-05,2001-04,,27.985666666666667,110.83999999999999,81.312,21.184666666666665,30,30,30,30,30,0,no_target_record,train
84,สุราษฎร์ธานี,2001,6,2001-06,2001-05,,26.75,219.32999999999996,89.36290322580645,18.072580645161292,31,31,31,31,31,0,no_target_record,train
84,สุราษฎร์ธานี,2001,7,2001-07,2001-06,,26.183666666666667,247.17999999999998,88.81400000000001,17.216,30,30,30,30,30,0,no_target_record,train
84,สุราษฎร์ธานี,2001,8,2001-08,2001-07,,26.12516129032258,216.18,89.52935483870968,19.09709677419355,31,31,31,31,31,0,no_target_record,train
84,สุราษฎร์ธานี,2001,9,2001-09,2001-08,,25.800645161290323,184.77,89.96903225806452,16.40741935483871,31,31,31,31,31,0,no_target_record,train
84,สุราษฎร์ธานี,2001,10,2001-10,2001-09,,26.182333333333336,363.77000000000004,88.489,19.765,30,30,30,30,30,0,no_target_record,train
84,สุราษฎร์ธานี,2001,11,2001-11,2001-10,,25.926451612903225,277.12000000000006,90.26161290322581,14.37258064516129,31,31,31,31,31,0,no_target_record,train
84,สุราษฎร์ธานี,2001,12,2001-12,2001-11,,25.185333333333332,197.20999999999995,87.59933333333333,14.094,30,30,30,30,30,0,no_target_record,train
84,สุราษฎร์ธานี,2002,1,2002-01,2001-12,,25.23677419354839,141.07,86.33838709677418,14.656129032258063,31,31,31,31,31,0,no_target_record,train
84,สุราษฎร์ธานี,2002,2,2002-02,2002-01,,24.766451612903225,13.94,84.94935483870967,16.983548387096775,31,31,31,31,31,0,no_target_record,train
84,สุราษฎร์ธานี,2002,3,2002-03,2002-02,,24.997142857142855,1.19,83.28392857142856,20.55857142857143,28,28,28,28,28,0,no_target_record,train
84,สุราษฎร์ธานี,2002,4,2002-04,2002-03,,26.48709677419355,62.49,80.90677419354839,22.326129032258066,31,31,31,31,31,0,no_target_record,train
84,สุราษฎร์ธานี,2002,5,2002-05,2002-04,,27.783,105.59,79.57133333333333,21.043333333333333,30,30,30,30,30,0,no_target_record,train
84,สุราษฎร์ธานี,2002,6,2002-06,2002-05,,27.36967741935484,183.26,84.72032258064516,18.77064516129032,31,31,31,31,31,0,no_target_record,train
84,สุราษฎร์ธานี,2002,7,2002-07,2002-06,,26.916999999999998,138.46,86.313,18.69,30,30,30,30,30,0,no_target_record,train
84,สุราษฎร์ธานี,2002,8,2002-08,2002-07,,26.794193548387096,135.76000000000002,86.57483870967742,19.83645161290323,31,31,31,31,31,0,no_target_record,train
84,สุราษฎร์ธานี,2002,9,2002-09,2002-08,,26.075161290322583,205.34,87.35064516129032,16.543548387096774,31,31,31,31,31,0,no_target_record,train
84,สุราษฎร์ธานี,2002,10,2002-10,2002-09,,26.022666666666666,184.67000000000002,87.05199999999999,19.09,30,30,30,30,30,0,no_target_record,train
84,สุราษฎร์ธานี,2002,11,2002-11,2002-10,,26.825161290322583,184.86,84.17677419354838,17.969032258064516,31,31,31,31,31,0,no_target_record,train
84,สุราษฎร์ธานี,2002,12,2002-12,2002-11,,26.00766666666667,389.45000000000005,88.71933333333332,12.663666666666668,30,30,30,30,30,0,no_target_record,train
84,สุราษฎร์ธานี,2003,1,2003-01,2002-12,,26.156451612903226,205.51999999999998,87.93548387096774,13.623225806451613,31,31,31,31,31,0,no_target_record,train
84,สุราษฎร์ธานี,2003,2,2003-02,2003-01,,25.37741935483871,47.6,83.85387096774193,17.71483870967742,31,31,31,31,31,0,no_target_record,train
84,สุราษฎร์ธานี,2003,3,2003-03,2003-02,,25.94607142857143,18.950000000000003,83.25785714285713,19.763928571428572,28,28,28,28,28,0,no_target_record,train
84,สุราษฎร์ธานี,2003,4,2003-04,2003-03,,27.134516129032257,77.73,81.34290322580645,20.456774193548387,31,31,31,31,31,0,no_target_record,train
84,สุราษฎร์ธานี,2003,5,2003-05,2003-04,,28.190333333333335,42.1,75.13866666666667,22.946,30,30,30,30,30,0,no_target_record,train
84,สุราษฎร์ธานี,2003,6,2003-06,2003-05,,27.369032258064518,210.75000000000003,85.62161290322581,17.321290322580648,31,31,31,31,31,0,no_target_record,train
84,สุราษฎร์ธานี,2003,7,2003-07,2003-06,,27.069333333333336,157.74,83.657,19.391000000000002,30,30,30,30,30,0,no_target_record,train
84,สุราษฎร์ธานี,2003,8,2003-08,2003-07,,26.195806451612906,244.34,88.13806451612902,17.703225806451613,31,31,31,31,31,0,no_target_record,train
84,สุราษฎร์ธานี,2003,9,2003-09,2003-08,,26.308709677419355,248.73999999999998,88.75419354838711,18.75709677419355,31,31,31,31,31,0,no_target_record,train
84,สุราษฎร์ธานี,2003,10,2003-10,2003-09,,25.925666666666665,290.74,89.20333333333333,17.42866666666667,30,30,30,30,30,0,no_target_record,train
84,สุราษฎร์ธานี,2003,11,2003-11,2003-10,,25.824838709677422,397.59999999999997,90.09258064516129,13.901612903225805,31,31,31,31,31,0,no_target_record,train
84,สุราษฎร์ธานี,2003,12,2003-12,2003-11,,26.045333333333335,271.06,86.69466666666668,15.713666666666667,30,30,30,30,30,0,no_target_record,train
84,สุราษฎร์ธานี,2004,1,2004-01,2003-12,236.0,24.896129032258063,279.87000000000006,86.25,13.773225806451611,31,31,31,31,31,1,,train
84,สุราษฎร์ธานี,2004,2,2004-02,2004-01,402.0,25.23677419354839,21.18,87.00225806451614,17.82774193548387,31,31,31,31,31,1,,train
84,สุราษฎร์ธานี,2004,3,2004-03,2004-02,,25.523793103448277,43.550000000000004,84.27862068965517,19.27655172413793,29,29,29,29,29,0,no_target_record,train
84,สุราษฎร์ธานี,2004,4,2004-04,2004-03,,27.002903225806453,88.58000000000001,80.58225806451614,21.218387096774194,31,31,31,31,31,0,no_target_record,train
84,สุราษฎร์ธานี,2004,5,2004-05,2004-04,25.0,28.573666666666668,41.97,76.742,21.837,30,30,30,30,30,1,,train
84,สุราษฎร์ธานี,2004,6,2004-06,2004-05,253.0,27.463870967741936,207.95000000000005,84.0841935483871,18.57903225806452,31,31,31,31,31,1,,train
84,สุราษฎร์ธานี,2004,7,2004-07,2004-06,2326.0,26.24366666666667,258.75,88.78166666666667,17.287,30,30,30,30,30,1,,train
84,สุราษฎร์ธานี,2004,8,2004-08,2004-07,16534.0,26.22967741935484,206.89,87.19999999999999,17.711935483870967,31,31,31,31,31,1,,train
84,สุราษฎร์ธานี,2004,9,2004-09,2004-08,13681.0,26.04806451612903,181.57999999999998,89.5083870967742,16.62290322580645,31,31,31,31,31,1,,train
84,สุราษฎร์ธานี,2004,10,2004-10,2004-09,3820.0,26.470000000000002,173.47000000000003,86.195,18.684,30,30,30,30,30,1,,train
84,สุราษฎร์ธานี,2004,11,2004-11,2004-10,4318.0,26.122258064516128,252.04,86.81903225806451,16.390967741935484,31,31,31,31,31,1,,train
84,สุราษฎร์ธานี,2004,12,2004-12,2004-11,617.0,26.067666666666664,191.06999999999996,87.22233333333334,14.676,30,30,30,30,30,1,,train
84,สุราษฎร์ธานี,2005,1,2005-01,2004-12,,25.00709677419355,73.44000000000001,84.34258064516129,15.404838709677419,31,31,31,31,31,0,no_target_record,train
84,สุราษฎร์ธานี,2005,2,2005-02,2005-01,,24.976774193548387,31.0,83.57322580645162,18.14322580645161,31,31,31,31,31,0,no_target_record,train
84,สุราษฎร์ธานี,2005,3,2005-03,2005-02,,26.180714285714284,0.9800000000000001,78.91428571428571,21.75714285714286,28,28,28,28,28,0,no_target_record,train
84,สุราษฎร์ธานี,2005,4,2005-04,2005-03,,26.956451612903226,68.78999999999999,77.17516129032258,21.767096774193547,31,31,31,31,31,0,no_target_record,train
84,สุราษฎร์ธานี,2005,5,2005-05,2005-04,,29.251666666666665,21.080000000000002,70.39833333333333,22.299,30,30,30,30,30,0,no_target_record,train
84,สุราษฎร์ธานี,2005,6,2005-06,2005-05,5808.0,28.03838709677419,190.98,81.38096774193548,19.140967741935484,31,31,31,31,31,1,,train
84,สุราษฎร์ธานี,2005,7,2005-07,2005-06,10284.0,26.679,189.36999999999998,88.88633333333334,17.02466666666667,30,30,30,30,30,1,,train
84,สุราษฎร์ธานี,2005,8,2005-08,2005-07,10540.0,26.434516129032257,221.80999999999995,87.78387096774195,16.54612903225806,31,31,31,31,31,1,,train
84,สุราษฎร์ธานี,2005,9,2005-09,2005-08,4822.0,26.449354838709677,109.41,87.63806451612903,18.27258064516129,31,31,31,31,31,1,,train
84,สุราษฎร์ธานี,2005,10,2005-10,2005-09,1836.0,26.353,181.65999999999994,87.09733333333334,17.830666666666666,30,30,30,30,30,1,,train
84,สุราษฎร์ธานี,2005,11,2005-11,2005-10,,26.38258064516129,281.09999999999997,87.82322580645162,14.849032258064517,31,31,31,31,31,0,no_target_record,train
84,สุราษฎร์ธานี,2005,12,2005-12,2005-11,,26.203333333333333,312.98,86.94633333333333,13.934333333333333,30,30,30,30,30,0,no_target_record,train
84,สุราษฎร์ธานี,2006,1,2006-01,2005-12,,24.894516129032258,263.94000000000005,90.26193548387097,10.17,31,31,31,31,31,0,no_target_record,train
84,สุราษฎร์ธานี,2006,2,2006-02,2006-01,,25.190322580645162,76.36,84.96193548387097,16.59967741935484,31,31,31,31,31,0,no_target_record,train
84,สุราษฎร์ธานี,2006,3,2006-03,2006-02,,25.910357142857144,119.99999999999999,85.84357142857142,18.298928571428572,28,28,28,28,28,0,no_target_record,train
84,สุราษฎร์ธานี,2006,4,2006-04,2006-03,,26.776451612903227,68.46000000000001,82.24,20.89741935483871,31,31,31,31,31,0,no_target_record,train
84,สุราษฎร์ธานี,2006,5,2006-05,2006-04,,27.828,105.85999999999999,80.70266666666666,20.341,30,30,30,30,30,0,no_target_record,train
84,สุราษฎร์ธานี,2006,6,2006-06,2006-05,,27.27806451612903,255.37999999999997,84.66967741935484,17.16322580645161,31,31,31,31,31,0,no_target_record,train
84,สุราษฎร์ธานี,2006,7,2006-07,2006-06,6431.0,26.387,236.34,88.51,18.288666666666664,30,30,30,30,30,1,,train
84,สุราษฎร์ธานี,2006,8,2006-08,2006-07,11506.0,26.01967741935484,181.26,90.07096774193548,16.04290322580645,31,31,31,31,31,1,,train
84,สุราษฎร์ธานี,2006,9,2006-09,2006-08,6647.0,25.819032258064517,259.23,89.23870967741935,16.27967741935484,31,31,31,31,31,1,,train
84,สุราษฎร์ธานี,2006,10,2006-10,2006-09,4940.0,25.946666666666665,273.99,88.58066666666667,17.841333333333335,30,30,30,30,30,1,,train
84,สุราษฎร์ธานี,2006,11,2006-11,2006-10,3237.0,26.17096774193548,269.2,88.32322580645162,16.370645161290323,31,31,31,31,31,1,,train
84,สุราษฎร์ธานี,2006,12,2006-12,2006-11,,26.324,136.5,86.90333333333334,15.728666666666667,30,30,30,30,30,0,no_target_record,train
84,สุราษฎร์ธานี,2007,1,2007-01,2006-12,,25.643548387096775,100.86,84.51870967741935,13.932903225806452,31,31,31,31,31,0,no_target_record,train
84,สุราษฎร์ธานี,2007,2,2007-02,2007-01,,25.21193548387097,63.68,84.76387096774194,16.24838709677419,31,31,31,31,31,0,no_target_record,train
84,สุราษฎร์ธานี,2007,3,2007-03,2007-02,,25.376785714285713,8.44,81.24214285714287,21.191785714285714,28,28,28,28,28,0,no_target_record,train
84,สุราษฎร์ธานี,2007,4,2007-04,2007-03,,27.258709677419354,69.64000000000001,77.07387096774194,21.391290322580645,31,31,31,31,31,0,no_target_record,train
84,สุราษฎร์ธานี,2007,5,2007-05,2007-04,1578.0,27.936333333333334,124.63000000000001,79.32033333333334,20.28166666666667,30,30,30,30,30,1,,train
84,สุราษฎร์ธานี,2007,6,2007-06,2007-05,3311.0,27.187419354838713,244.35000000000002,86.25774193548386,17.738064516129032,31,31,31,31,31,1,,train
84,สุราษฎร์ธานี,2007,7,2007-07,2007-06,10587.0,27.022333333333332,193.90000000000003,87.30833333333334,18.266666666666666,30,30,30,30,30,1,,train
84,สุราษฎร์ธานี,2007,8,2007-08,2007-07,14745.0,26.311290322580643,234.98000000000002,88.21225806451612,15.64806451612903,31,31,31,31,31,1,,train
84,สุราษฎร์ธานี,2007,9,2007-09,2007-08,8277.0,26.020967741935483,199.94000000000003,88.83903225806452,17.12709677419355,31,31,31,31,31,1,,train
84,สุราษฎร์ธานี,2007,10,2007-10,2007-09,,26.111,322.05,89.02233333333334,17.821666666666665,30,30,30,30,30,0,no_target_record,train
84,สุราษฎร์ธานี,2007,11,2007-11,2007-10,,25.811935483870965,393.15,90.05225806451612,12.371612903225806,31,31,31,31,31,0,no_target_record,train
84,สุราษฎร์ธานี,2007,12,2007-12,2007-11,,25.201999999999998,284.97999999999996,87.67399999999999,13.782,30,30,30,30,30,0,no_target_record,train
84,สุราษฎร์ธานี,2008,1,2008-01,2007-12,,25.268709677419356,90.63999999999999,85.43096774193549,15.327741935483871,31,31,31,31,31,0,no_target_record,train
84,สุราษฎร์ธานี,2008,2,2008-02,2008-01,,25.39741935483871,110.56,85.27677419354839,16.671612903225803,31,31,31,31,31,0,no_target_record,train
84,สุราษฎร์ธานี,2008,3,2008-03,2008-02,,25.356896551724137,46.68,83.6703448275862,17.88,29,29,29,29,29,0,no_target_record,train
84,สุราษฎร์ธานี,2008,4,2008-04,2008-03,,26.312903225806455,76.13,82.75225806451614,20.622258064516128,31,31,31,31,31,0,no_target_record,train
84,สุราษฎร์ธานี,2008,5,2008-05,2008-04,289.0,27.670666666666666,142.91000000000003,79.5,19.375333333333334,30,30,30,30,30,1,,train
84,สุราษฎร์ธานี,2008,6,2008-06,2008-05,1609.0,26.450322580645164,284.9099999999999,87.68096774193549,17.846451612903227,31,31,31,31,31,1,,train
84,สุราษฎร์ธานี,2008,7,2008-07,2008-06,7630.0,26.520666666666667,234.19,87.09666666666666,16.649333333333335,30,30,30,30,30,1,,train
84,สุราษฎร์ธานี,2008,8,2008-08,2008-07,20636.0,25.97451612903226,169.39000000000001,88.04548387096774,17.04516129032258,31,31,31,31,31,1,,train
84,สุราษฎร์ธานี,2008,9,2008-09,2008-08,7349.0,26.306774193548385,132.01,86.15612903225806,19.17806451612903,31,31,31,31,31,1,,train
84,สุราษฎร์ธานี,2008,10,2008-10,2008-09,,26.037666666666667,228.35000000000002,87.99966666666666,16.789,30,30,30,30,30,0,no_target_record,train
84,สุราษฎร์ธานี,2008,11,2008-11,2008-10,,26.78,219.26000000000002,84.42645161290322,16.476451612903226,31,31,31,31,31,0,no_target_record,train
84,สุราษฎร์ธานี,2008,12,2008-12,2008-11,,25.83566666666667,553.33,89.11466666666666,10.92,30,30,30,30,30,0,no_target_record,train
84,สุราษฎร์ธานี,2009,1,2009-01,2008-12,902.0,24.556774193548385,81.46,86.78935483870967,13.375483870967741,31,31,31,31,31,1,,train
84,สุราษฎร์ธานี,2009,2,2009-02,2009-01,1877.0,23.990000000000002,79.38000000000001,84.65709677419355,16.25,31,31,31,31,31,1,,train
84,สุราษฎร์ธานี,2009,3,2009-03,2009-02,1805.0,25.81392857142857,4.03,82.0275,20.35107142857143,28,28,28,28,28,1,,train
84,สุราษฎร์ธานี,2009,4,2009-04,2009-03,,26.990000000000002,141.6,80.99096774193548,20.88741935483871,31,31,31,31,31,0,no_target_record,train
84,สุราษฎร์ธานี,2009,5,2009-05,2009-04,112.0,27.21333333333333,214.59,86.134,19.488666666666667,30,30,30,30,30,1,,train
84,สุราษฎร์ธานี,2009,6,2009-06,2009-05,1307.0,27.13,259.0,85.41612903225807,17.671612903225807,31,31,31,31,31,1,,train
84,สุราษฎร์ธานี,2009,7,2009-07,2009-06,6894.0,26.67233333333333,138.33999999999997,88.39233333333333,19.336666666666666,30,30,30,30,30,1,,train
84,สุราษฎร์ธานี,2009,8,2009-08,2009-07,14875.0,26.340967741935486,227.29,88.53870967741935,17.042258064516126,31,31,31,31,31,1,,train
84,สุราษฎร์ธานี,2009,9,2009-09,2009-08,3830.0,26.576129032258066,255.84999999999997,87.75419354838711,18.093225806451613,31,31,31,31,31,1,,train
84,สุราษฎร์ธานี,2009,10,2009-10,2009-09,1210.0,26.212666666666667,228.94,89.16333333333334,16.209333333333333,30,30,30,30,30,1,,train
84,สุราษฎร์ธานี,2009,11,2009-11,2009-10,1624.0,25.88935483870968,217.35999999999999,88.49516129032257,17.00741935483871,31,31,31,31,31,1,,train
84,สุราษฎร์ธานี,2009,12,2009-12,2009-11,1660.0,26.292333333333332,217.18,84.81566666666666,15.111666666666668,30,30,30,30,30,1,,train
84,สุราษฎร์ธานี,2010,1,2010-01,2009-12,,25.493870967741934,90.05999999999999,85.7358064516129,15.211612903225806,31,31,31,31,31,0,no_target_record,train
84,สุราษฎร์ธานี,2010,2,2010-02,2010-01,,25.57903225806452,85.12,84.98387096774194,17.396129032258063,31,31,31,31,31,0,no_target_record,train
84,สุราษฎร์ธานี,2010,3,2010-03,2010-02,,26.39428571428571,13.989999999999998,81.06214285714286,21.136785714285715,28,28,28,28,28,0,no_target_record,train
84,สุราษฎร์ธานี,2010,4,2010-04,2010-03,,27.70225806451613,40.38,75.5158064516129,21.259354838709676,31,31,31,31,31,0,no_target_record,train
84,สุราษฎร์ธานี,2010,5,2010-05,2010-04,6.0,29.455666666666666,36.97,71.34466666666667,22.119666666666667,30,30,30,30,30,1,,train
84,สุราษฎร์ธานี,2010,6,2010-06,2010-05,3868.0,29.263870967741934,157.47000000000003,76.77354838709678,19.52806451612903,31,31,31,31,31,1,,train
84,สุราษฎร์ธานี,2010,7,2010-07,2010-06,11072.0,26.93566666666667,242.89999999999998,87.34899999999999,17.836333333333336,30,30,30,30,30,1,,train
84,สุราษฎร์ธานี,2010,8,2010-08,2010-07,11033.0,26.481935483870966,249.2,86.96064516129033,17.80838709677419,31,31,31,31,31,1,,train
84,สุราษฎร์ธานี,2010,9,2010-09,2010-08,3949.0,26.431290322580644,203.01,86.48290322580644,17.699032258064516,31,31,31,31,31,1,,train
84,สุราษฎร์ธานี,2010,10,2010-10,2010-09,2173.0,26.82633333333333,180.32999999999998,83.66533333333334,18.03966666666667,30,30,30,30,30,1,,train
84,สุราษฎร์ธานี,2010,11,2010-11,2010-10,,26.056774193548385,303.1500000000001,87.30677419354839,14.454193548387096,31,31,31,31,31,0,no_target_record,train
84,สุราษฎร์ธานี,2010,12,2010-12,2010-11,,25.438,631.2000000000002,91.17399999999999,11.328666666666667,30,30,30,30,30,0,no_target_record,train
84,สุราษฎร์ธานี,2011,1,2011-01,2010-12,,25.471612903225807,378.73,87.62709677419355,13.350645161290323,31,31,31,31,31,0,no_target_record,train
84,สุราษฎร์ธานี,2011,2,2011-02,2011-01,,25.05806451612903,180.83,85.97258064516129,13.520967741935483,31,31,31,31,31,0,no_target_record,train
84,สุราษฎร์ธานี,2011,3,2011-03,2011-02,,25.653928571428573,36.629999999999995,84.52071428571428,19.63214285714286,28,28,28,28,28,0,no_target_record,train
84,สุราษฎร์ธานี,2011,4,2011-04,2011-03,,26.135161290322582,846.16,86.19516129032259,14.756774193548388,31,31,31,31,31,0,no_target_record,train
84,สุราษฎร์ธานี,2011,5,2011-05,2011-04,,26.865333333333336,72.37,83.55733333333333,21.361333333333334,30,30,30,30,30,0,no_target_record,train
84,สุราษฎร์ธานี,2011,6,2011-06,2011-05,1675.0,26.982903225806453,179.26000000000002,86.92612903225806,19.74967741935484,31,31,31,31,31,1,,train
84,สุราษฎร์ธานี,2011,7,2011-07,2011-06,2768.0,26.479666666666667,156.02999999999997,89.216,17.772333333333332,30,30,30,30,30,1,,train
84,สุราษฎร์ธานี,2011,8,2011-08,2011-07,16383.0,26.063548387096777,235.76999999999998,88.34064516129033,17.228387096774195,31,31,31,31,31,1,,train
84,สุราษฎร์ธานี,2011,9,2011-09,2011-08,1500.0,26.298709677419353,283.72,86.16838709677418,18.442903225806454,31,31,31,31,31,1,,train
84,สุราษฎร์ธานี,2011,10,2011-10,2011-09,,25.68166666666667,238.48999999999998,89.396,16.951,30,30,30,30,30,0,no_target_record,train
84,สุราษฎร์ธานี,2011,11,2011-11,2011-10,,25.889032258064514,256.83000000000004,88.78580645161291,16.721612903225807,31,31,31,31,31,0,no_target_record,train
84,สุราษฎร์ธานี,2011,12,2011-12,2011-11,,26.189,177.4,87.15599999999999,14.931333333333333,30,30,30,30,30,0,no_target_record,train
84,สุราษฎร์ธานี,2012,1,2012-01,2011-12,2709.0,25.183225806451613,183.26000000000002,86.42935483870967,11.879677419354838,31,31,31,31,31,1,,train
84,สุราษฎร์ธานี,2012,2,2012-02,2012-01,968.0,25.350322580645162,403.79999999999995,88.03870967741935,14.836451612903225,31,31,31,31,31,1,,train
84,สุราษฎร์ธานี,2012,3,2012-03,2012-02,,26.13068965517241,67.49,83.8258620689655,19.86793103448276,29,29,29,29,29,0,no_target_record,train
84,สุราษฎร์ธานี,2012,4,2012-04,2012-03,,27.276451612903227,132.38000000000002,80.10451612903225,20.71516129032258,31,31,31,31,31,0,no_target_record,train
84,สุราษฎร์ธานี,2012,5,2012-05,2012-04,,27.57766666666667,168.99,83.13766666666668,19.810333333333332,30,30,30,30,30,0,no_target_record,train
84,สุราษฎร์ธานี,2012,6,2012-06,2012-05,468.0,26.66354838709677,234.48999999999995,88.63774193548387,18.78451612903226,31,31,31,31,31,1,,train
84,สุราษฎร์ธานี,2012,7,2012-07,2012-06,3246.0,26.316333333333333,267.98999999999995,88.894,18.171666666666667,30,30,30,30,30,1,,train
84,สุราษฎร์ธานี,2012,8,2012-08,2012-07,9791.0,26.065161290322582,182.56999999999996,88.89903225806451,18.54290322580645,31,31,31,31,31,1,,train
84,สุราษฎร์ธานี,2012,9,2012-09,2012-08,4305.0,26.195806451612906,237.35,87.69516129032259,19.483548387096775,31,31,31,31,31,1,,train
84,สุราษฎร์ธานี,2012,10,2012-10,2012-09,4063.0,25.553,308.5199999999999,89.45700000000001,17.092666666666666,30,30,30,30,30,1,,train
84,สุราษฎร์ธานี,2012,11,2012-11,2012-10,2602.0,26.366451612903226,150.06,85.34096774193549,17.202903225806452,31,31,31,31,31,1,,train
84,สุราษฎร์ธานี,2012,12,2012-12,2012-11,3271.0,26.634333333333334,271.10999999999996,86.02833333333334,13.950999999999999,30,30,30,30,30,1,,train
84,สุราษฎร์ธานี,2013,1,2013-01,2012-12,2062.0,26.069032258064517,175.06000000000003,86.91258064516128,14.77290322580645,31,31,31,31,31,1,,train
84,สุราษฎร์ธานี,2013,2,2013-02,2013-01,1757.0,25.76290322580645,74.11,84.29709677419355,17.013548387096773,31,31,31,31,31,1,,train
84,สุราษฎร์ธานี,2013,3,2013-03,2013-02,,25.90892857142857,56.43000000000001,84.45607142857143,17.998571428571427,28,28,28,28,28,0,no_target_record,train
84,สุราษฎร์ธานี,2013,4,2013-04,2013-03,,27.73,16.189999999999998,77.80741935483871,22.46516129032258,31,31,31,31,31,0,no_target_record,train
84,สุราษฎร์ธานี,2013,5,2013-05,2013-04,,27.985,195.72000000000003,80.68433333333334,19.24233333333333,30,30,30,30,30,0,no_target_record,train
84,สุราษฎร์ธานี,2013,6,2013-06,2013-05,,27.466451612903228,231.48999999999998,85.36483870967741,18.700000000000003,31,31,31,31,31,0,no_target_record,train
84,สุราษฎร์ธานี,2013,7,2013-07,2013-06,7574.0,26.491666666666667,249.62,88.857,17.096666666666668,30,30,30,30,30,1,,train
84,สุราษฎร์ธานี,2013,8,2013-08,2013-07,10919.0,25.77774193548387,369.48,88.26096774193549,16.477096774193548,31,31,31,31,31,1,,train
84,สุราษฎร์ธานี,2013,9,2013-09,2013-08,4914.0,26.067419354838712,175.79,88.29967741935484,18.824838709677422,31,31,31,31,31,1,,train
84,สุราษฎร์ธานี,2013,10,2013-10,2013-09,1876.0,26.185333333333332,247.89000000000001,87.589,17.829333333333334,30,30,30,30,30,1,,train
84,สุราษฎร์ธานี,2013,11,2013-11,2013-10,2497.0,26.13032258064516,282.48,86.3816129032258,16.15741935483871,31,31,31,31,31,1,,train
84,สุราษฎร์ธานี,2013,12,2013-12,2013-11,413.0,26.400333333333332,481.82000000000005,86.784,14.223666666666666,30,30,30,30,30,1,,train
84,สุราษฎร์ธานี,2014,1,2014-01,2013-12,,24.885806451612904,95.16999999999999,85.25870967741936,13.71516129032258,31,31,31,31,31,0,no_target_record,train
84,สุราษฎร์ธานี,2014,2,2014-02,2014-01,,24.322903225806453,36.230000000000004,82.83612903225807,17.319032258064517,31,31,31,31,31,0,no_target_record,train
84,สุราษฎร์ธานี,2014,3,2014-03,2014-02,,25.152142857142856,0.9,79.45392857142858,22.085714285714285,28,28,28,28,28,0,no_target_record,train
84,สุราษฎร์ธานี,2014,4,2014-04,2014-03,,26.750967741935483,13.459999999999999,76.80096774193548,23.251612903225805,31,31,31,31,31,0,no_target_record,train
84,สุราษฎร์ธานี,2014,5,2014-05,2014-04,,29.329,87.55,71.50366666666667,21.608333333333334,30,30,30,30,30,0,no_target_record,train
84,สุราษฎร์ธานี,2014,6,2014-06,2014-05,,28.61193548387097,210.06000000000003,79.5583870967742,19.982903225806453,31,31,31,31,31,0,no_target_record,train
84,สุราษฎร์ธานี,2014,7,2014-07,2014-06,5178.0,27.268666666666665,240.54000000000002,86.40933333333332,17.49233333333333,30,30,30,30,30,1,,train
84,สุราษฎร์ธานี,2014,8,2014-08,2014-07,14957.0,26.409032258064514,241.28000000000003,87.41677419354839,16.43806451612903,31,31,31,31,31,1,,train
84,สุราษฎร์ธานี,2014,9,2014-09,2014-08,4315.0,26.620645161290323,228.5,84.93806451612903,18.754193548387097,31,31,31,31,31,1,,train
84,สุราษฎร์ธานี,2014,10,2014-10,2014-09,2876.0,26.537666666666667,240.70000000000002,85.61633333333333,18.215,30,30,30,30,30,1,,train
84,สุราษฎร์ธานี,2014,11,2014-11,2014-10,1438.0,26.80354838709677,304.22,84.06903225806451,16.026774193548388,31,31,31,31,31,1,,train
84,สุราษฎร์ธานี,2014,12,2014-12,2014-11,,26.606666666666666,330.9,86.43333333333334,14.235333333333333,30,30,30,30,30,0,no_target_record,train
84,สุราษฎร์ธานี,2015,1,2015-01,2014-12,4252.0,25.838387096774195,308.26,86.50064516129032,12.84032258064516,31,31,31,31,31,1,,train
84,สุราษฎร์ธานี,2015,2,2015-02,2015-01,7681.0,24.820645161290326,46.769999999999996,84.01064516129033,16.809032258064516,31,31,31,31,31,1,,train
84,สุราษฎร์ธานี,2015,3,2015-03,2015-02,,25.0325,7.970000000000001,81.40714285714286,21.215714285714284,28,28,28,28,28,0,no_target_record,train
84,สุราษฎร์ธานี,2015,4,2015-04,2015-03,,27.072903225806453,2.86,78.01290322580645,22.363870967741935,31,31,31,31,31,0,no_target_record,train
84,สุราษฎร์ธานี,2015,5,2015-05,2015-04,,28.101333333333333,72.09999999999998,77.07766666666666,20.143666666666665,30,30,30,30,30,0,no_target_record,train
84,สุราษฎร์ธานี,2015,6,2015-06,2015-05,54.0,28.390645161290323,176.74,80.46354838709676,21.09032258064516,31,31,31,31,31,1,,train
84,สุราษฎร์ธานี,2015,7,2015-07,2015-06,6373.0,27.608333333333334,131.76,82.30433333333333,17.315333333333335,30,30,30,30,30,1,,train
84,สุราษฎร์ธานี,2015,8,2015-08,2015-07,3975.0,26.860967741935486,222.10000000000002,85.59870967741935,18.23193548387097,31,31,31,31,31,1,,train
84,สุราษฎร์ธานี,2015,9,2015-09,2015-08,4762.0,26.563548387096777,270.47,85.83129032258064,17.68967741935484,31,31,31,31,31,1,,train
84,สุราษฎร์ธานี,2015,10,2015-10,2015-09,679.0,26.459999999999997,323.95,86.659,17.857333333333333,30,30,30,30,30,1,,train
84,สุราษฎร์ธานี,2015,11,2015-11,2015-10,303.0,27.029999999999998,260.59,85.00612903225807,15.392258064516128,31,31,31,31,31,1,,train
84,สุราษฎร์ธานี,2015,12,2015-12,2015-11,232.0,26.317666666666664,275.59999999999997,88.779,12.882666666666667,30,30,30,30,30,1,,train
84,สุราษฎร์ธานี,2016,1,2016-01,2015-12,,26.206774193548387,165.74000000000004,87.1183870967742,15.118064516129033,31,31,31,31,31,0,no_target_record,train
84,สุราษฎร์ธานี,2016,2,2016-02,2016-01,,26.30548387096774,75.67000000000002,85.0283870967742,17.97193548387097,31,31,31,31,31,0,no_target_record,train
84,สุราษฎร์ธานี,2016,3,2016-03,2016-02,,25.95310344827586,48.24,82.88137931034483,18.418275862068967,29,29,29,29,29,0,no_target_record,train
84,สุราษฎร์ธานี,2016,4,2016-04,2016-03,,27.364516129032257,5.4399999999999995,77.89903225806451,23.053870967741933,31,31,31,31,31,0,no_target_record,train
84,สุราษฎร์ธานี,2016,5,2016-05,2016-04,,29.701,10.05,69.94633333333333,23.129666666666665,30,30,30,30,30,0,no_target_record,train
84,สุราษฎร์ธานี,2016,6,2016-06,2016-05,349.0,29.341290322580647,242.16999999999996,75.53580645161291,18.982580645161292,31,31,31,31,31,1,,train
84,สุราษฎร์ธานี,2016,7,2016-07,2016-06,9623.0,26.775,231.27999999999997,87.52399999999999,18.356,30,30,30,30,30,1,,train
84,สุราษฎร์ธานี,2016,8,2016-08,2016-07,10061.0,26.679032258064513,211.17000000000002,86.47290322580645,17.358709677419355,31,31,31,31,31,1,,train
84,สุราษฎร์ธานี,2016,9,2016-09,2016-08,2816.0,26.425483870967742,214.53000000000003,88.50193548387097,18.176451612903225,31,31,31,31,31,1,,train
84,สุราษฎร์ธานี,2016,10,2016-10,2016-09,440.0,25.845666666666666,233.74,88.88133333333333,17.470333333333333,30,30,30,30,30,1,,train
84,สุราษฎร์ธานี,2016,11,2016-11,2016-10,,25.96483870967742,339.7900000000001,88.45290322580645,15.43,31,31,31,31,31,0,no_target_record,train
84,สุราษฎร์ธานี,2016,12,2016-12,2016-11,,26.607666666666667,215.44,87.532,15.487666666666666,30,30,30,30,30,0,no_target_record,train
84,สุราษฎร์ธานี,2017,1,2017-01,2016-12,62.0,25.687096774193545,548.83,89.08548387096775,10.901935483870966,31,31,31,31,31,1,,train
84,สุราษฎร์ธานี,2017,2,2017-02,2017-01,88.0,25.511290322580646,601.9599999999999,88.63387096774194,12.035806451612904,31,31,31,31,31,1,,train
84,สุราษฎร์ธานี,2017,3,2017-03,2017-02,,25.6125,64.31,82.85357142857143,18.83857142857143,28,28,28,28,28,0,no_target_record,train
84,สุราษฎร์ธานี,2017,4,2017-04,2017-03,,27.093870967741935,81.81,80.27129032258064,21.496451612903225,31,31,31,31,31,0,no_target_record,train
84,สุราษฎร์ธานี,2017,5,2017-05,2017-04,,27.637,130.71,83.52433333333333,19.271666666666665,30,30,30,30,30,0,no_target_record,train
84,สุราษฎร์ธานี,2017,6,2017-06,2017-05,107.0,27.848387096774193,250.11,85.14645161290322,18.200322580645164,31,31,31,31,31,1,,train
84,สุราษฎร์ธานี,2017,7,2017-07,2017-06,1539.0,26.700333333333333,214.97000000000006,88.368,18.564,30,30,30,30,30,1,,train
84,สุราษฎร์ธานี,2017,8,2017-08,2017-07,8464.0,26.15967741935484,189.63,88.59516129032258,17.541935483870965,31,31,31,31,31,1,,train
84,สุราษฎร์ธานี,2017,9,2017-09,2017-08,7235.0,26.32935483870968,246.03999999999996,88.19387096774193,18.330000000000002,31,31,31,31,31,1,,train
84,สุราษฎร์ธานี,2017,10,2017-10,2017-09,2993.0,26.842333333333332,308.06999999999994,87.06233333333333,17.956000000000003,30,30,30,30,30,1,,train
84,สุราษฎร์ธานี,2017,11,2017-11,2017-10,780.0,26.748387096774195,136.04999999999998,85.44096774193548,17.046774193548387,31,31,31,31,31,1,,train
84,สุราษฎร์ธานี,2017,12,2017-12,2017-11,107.0,26.16,457.12,89.53133333333334,12.015666666666666,30,30,30,30,30,1,,train
84,สุราษฎร์ธานี,2018,1,2018-01,2017-12,393.0,25.45741935483871,260.3,87.13193548387098,13.120322580645162,31,31,31,31,31,1,,train
84,สุราษฎร์ธานี,2018,2,2018-02,2018-01,81.0,25.58451612903226,199.08,86.08612903225807,15.449677419354838,31,31,31,31,31,1,,train
84,สุราษฎร์ธานี,2018,3,2018-03,2018-02,33.0,25.570714285714285,21.63,82.77785714285714,20.56642857142857,28,28,28,28,28,1,,train
84,สุราษฎร์ธานี,2018,4,2018-04,2018-03,,27.258709677419354,81.74,79.76,22.315806451612904,31,31,31,31,31,0,no_target_record,train
84,สุราษฎร์ธานี,2018,5,2018-05,2018-04,,27.76033333333333,194.03000000000003,80.32666666666667,19.933,30,30,30,30,30,0,no_target_record,train
84,สุราษฎร์ธานี,2018,6,2018-06,2018-05,20.0,28.503548387096775,203.34,78.96225806451612,19.384838709677418,31,31,31,31,31,1,,train
84,สุราษฎร์ธานี,2018,7,2018-07,2018-06,4414.0,26.509999999999998,250.76999999999998,87.054,17.015333333333334,30,30,30,30,30,1,,train
84,สุราษฎร์ธานี,2018,8,2018-08,2018-07,13907.0,26.21225806451613,249.00999999999993,89.23096774193547,16.68967741935484,31,31,31,31,31,1,,train
84,สุราษฎร์ธานี,2018,9,2018-09,2018-08,6520.0,26.076129032258066,215.95000000000002,88.98225806451612,16.333870967741937,31,31,31,31,31,1,,train
84,สุราษฎร์ธานี,2018,10,2018-10,2018-09,,26.408,185.63000000000002,86.489,18.563333333333333,30,30,30,30,30,0,no_target_record,train
84,สุราษฎร์ธานี,2018,11,2018-11,2018-10,,26.961612903225806,252.01999999999998,84.67354838709677,16.370967741935484,31,31,31,31,31,0,no_target_record,train
84,สุราษฎร์ธานี,2018,12,2018-12,2018-11,,26.482666666666667,327.75000000000006,87.59166666666667,14.926333333333334,30,30,30,30,30,0,no_target_record,train
84,สุราษฎร์ธานี,2019,1,2019-01,2018-12,1806.0,26.143870967741936,374.90999999999997,88.72032258064516,13.422580645161291,31,31,31,31,31,1,,train
84,สุราษฎร์ธานี,2019,2,2019-02,2019-01,761.0,25.568387096774195,139.47,86.52774193548387,16.453870967741935,31,31,31,31,31,1,,train
84,สุราษฎร์ธานี,2019,3,2019-03,2019-02,,26.00357142857143,10.75,82.73785714285714,21.955000000000002,28,28,28,28,28,0,no_target_record,train
84,สุราษฎร์ธานี,2019,4,2019-04,2019-03,,27.90032258064516,13.700000000000001,75.54903225806451,22.386129032258065,31,31,31,31,31,0,no_target_record,train
84,สุราษฎร์ธานี,2019,5,2019-05,2019-04,,29.250666666666667,46.980000000000004,74.11200000000001,22.012666666666668,30,30,30,30,30,0,no_target_record,train
84,สุราษฎร์ธานี,2019,6,2019-06,2019-05,1022.0,27.88,221.22,83.64258064516129,20.54064516129032,31,31,31,31,31,1,,train
84,สุราษฎร์ธานี,2019,7,2019-07,2019-06,7167.0,27.346,216.67,86.58200000000001,17.937666666666665,30,30,30,30,30,1,,train
84,สุราษฎร์ธานี,2019,8,2019-08,2019-07,21556.0,26.917096774193546,189.12000000000006,85.7416129032258,19.383548387096774,31,31,31,31,31,1,,train
84,สุราษฎร์ธานี,2019,9,2019-09,2019-08,7272.0,26.285806451612903,261.20000000000005,88.8216129032258,16.032258064516128,31,31,31,31,31,1,,train
84,สุราษฎร์ธานี,2019,10,2019-10,2019-09,3739.0,26.365666666666666,253.98999999999998,86.51,15.563666666666666,30,30,30,30,30,1,,train
84,สุราษฎร์ธานี,2019,11,2019-11,2019-10,1512.0,27.063225806451616,246.08,84.27,17.181290322580644,31,31,31,31,31,1,,train
84,สุราษฎร์ธานี,2019,12,2019-12,2019-11,990.0,26.544333333333334,292.53,84.77733333333335,16.187,30,30,30,30,30,1,,train
84,สุราษฎร์ธานี,2020,1,2020-01,2019-12,530.0,25.32483870967742,101.41,86.0716129032258,15.58290322580645,31,31,31,31,31,1,,train
84,สุราษฎร์ธานี,2020,2,2020-02,2020-01,21.0,25.93548387096774,9.110000000000001,83.38870967741936,18.988387096774193,31,31,31,31,31,1,,train
84,สุราษฎร์ธานี,2020,3,2020-03,2020-02,,26.06,28.020000000000003,82.12620689655172,19.30793103448276,29,29,29,29,29,0,no_target_record,train
84,สุราษฎร์ธานี,2020,4,2020-04,2020-03,,28.113870967741935,3.11,72.62677419354839,23.759032258064515,31,31,31,31,31,0,no_target_record,train
84,สุราษฎร์ธานี,2020,5,2020-05,2020-04,44.0,28.79866666666667,154.10999999999999,75.32466666666666,20.090666666666667,30,30,30,30,30,1,,train
84,สุราษฎร์ธานี,2020,6,2020-06,2020-05,1521.0,28.568387096774195,175.31,80.85677419354839,19.870645161290323,31,31,31,31,31,1,,train
84,สุราษฎร์ธานี,2020,7,2020-07,2020-06,16336.0,26.988666666666667,429.19000000000005,86.64433333333334,18.413999999999998,30,30,30,30,30,1,,train
84,สุราษฎร์ธานี,2020,8,2020-08,2020-07,15247.0,27.128709677419355,289.24,84.68870967741935,18.618387096774192,31,31,31,31,31,1,,train
84,สุราษฎร์ธานี,2020,9,2020-09,2020-08,3641.0,26.911290322580644,205.82000000000002,86.06645161290322,18.476774193548387,31,31,31,31,31,1,,train
84,สุราษฎร์ธานี,2020,10,2020-10,2020-09,2056.0,26.626666666666665,505.72,87.525,17.475,30,30,30,30,30,1,,train
84,สุราษฎร์ธานี,2020,11,2020-11,2020-10,,26.003548387096775,491.99999999999994,89.14741935483872,15.497741935483871,31,31,31,31,31,0,no_target_record,train
84,สุราษฎร์ธานี,2020,12,2020-12,2020-11,,26.458666666666666,387.29999999999995,87.557,14.785,30,30,30,30,30,0,no_target_record,train
84,สุราษฎร์ธานี,2021,1,2021-01,2020-12,625.0,25.40838709677419,567.12,88.43870967741935,13.081935483870968,31,31,31,31,31,1,,train
84,สุราษฎร์ธานี,2021,2,2021-02,2021-01,23.0,24.919677419354837,46.839999999999996,85.07096774193548,15.30225806451613,31,31,31,31,31,1,,train
84,สุราษฎร์ธานี,2021,3,2021-03,2021-02,,25.627857142857145,3.4500000000000006,81.26571428571428,21.743571428571432,28,28,28,28,28,0,no_target_record,train
84,สุราษฎร์ธานี,2021,4,2021-04,2021-03,,26.916774193548385,87.36,80.0974193548387,22.16516129032258,31,31,31,31,31,0,no_target_record,train
84,สุราษฎร์ธานี,2021,5,2021-05,2021-04,,27.598333333333336,175.17999999999998,82.09400000000001,20.400333333333332,30,30,30,30,30,0,no_target_record,train
84,สุราษฎร์ธานี,2021,6,2021-06,2021-05,2978.0,27.55258064516129,230.35000000000005,85.10354838709678,18.83225806451613,31,31,31,31,31,1,,train
84,สุราษฎร์ธานี,2021,7,2021-07,2021-06,24749.0,26.951666666666664,136.79999999999998,86.74433333333333,19.822666666666667,30,30,30,30,30,1,,train
84,สุราษฎร์ธานี,2021,8,2021-08,2021-07,17819.0,26.682258064516127,259.32000000000005,87.87774193548387,17.092903225806452,31,31,31,31,31,1,,train
84,สุราษฎร์ธานี,2021,9,2021-09,2021-08,763.0,26.461612903225806,323.52,87.97483870967741,18.332580645161293,31,31,31,31,31,1,,train
84,สุราษฎร์ธานี,2021,10,2021-10,2021-09,,26.514333333333337,243.92000000000002,86.69833333333332,17.377333333333333,30,30,30,30,30,0,no_target_record,train
84,สุราษฎร์ธานี,2021,11,2021-11,2021-10,,26.608387096774194,286.34,87.22451612903225,15.456451612903225,31,31,31,31,31,0,no_target_record,train
84,สุราษฎร์ธานี,2021,12,2021-12,2021-11,,26.209999999999997,663.31,90.76233333333333,10.340666666666667,30,30,30,30,30,0,no_target_record,train
84,สุราษฎร์ธานี,2022,1,2022-01,2021-12,257.0,25.259354838709676,197.52999999999997,87.0058064516129,14.966129032258063,31,31,31,31,31,1,,validation
84,สุราษฎร์ธานี,2022,2,2022-02,2022-01,,25.686129032258062,20.44,83.73387096774194,19.181935483870966,31,31,31,31,31,0,no_target_record,validation
84,สุราษฎร์ธานี,2022,3,2022-03,2022-02,,26.290357142857143,308.96999999999997,85.94607142857144,16.36285714285714,28,28,28,28,28,0,no_target_record,validation
84,สุราษฎร์ธานี,2022,4,2022-04,2022-03,,27.34193548387097,193.39000000000004,82.45677419354838,21.674193548387095,31,31,31,31,31,0,no_target_record,validation
84,สุราษฎร์ธานี,2022,5,2022-05,2022-04,,27.855666666666664,263.31,82.42766666666667,18.98,30,30,30,30,30,0,no_target_record,validation
84,สุราษฎร์ธานี,2022,6,2022-06,2022-05,8049.0,26.917096774193546,459.84000000000003,89.11354838709677,16.424193548387095,31,31,31,31,31,1,,validation
84,สุราษฎร์ธานี,2022,7,2022-07,2022-06,31058.0,26.992666666666665,161.22,85.74666666666667,20.57133333333333,30,30,30,30,30,1,,validation
84,สุราษฎร์ธานี,2022,8,2022-08,2022-07,1595.0,26.65838709677419,294.26,88.16354838709678,17.419032258064515,31,31,31,31,31,1,,validation
84,สุราษฎร์ธานี,2022,9,2022-09,2022-08,2335.0,26.654516129032256,172.90999999999997,87.46870967741934,18.23,31,31,31,31,31,1,,validation
84,สุราษฎร์ธานี,2022,10,2022-10,2022-09,785.0,26.176,319.46999999999997,88.25633333333333,18.108666666666668,30,30,30,30,30,1,,validation
84,สุราษฎร์ธานี,2022,11,2022-11,2022-10,2053.0,26.245483870967742,400.9200000000001,88.34354838709677,14.678709677419356,31,31,31,31,31,1,,validation
84,สุราษฎร์ธานี,2022,12,2022-12,2022-11,2195.0,26.073,387.02,88.18933333333332,12.933,30,30,30,30,30,1,,validation
84,สุราษฎร์ธานี,2023,1,2023-01,2022-12,2565.0,25.290967741935482,271.73,87.36967741935484,12.853225806451613,31,31,31,31,31,1,,validation
84,สุราษฎร์ธานี,2023,2,2023-02,2023-01,1956.0,25.226451612903226,145.33999999999997,85.42,15.32,31,31,31,31,31,1,,validation
84,สุราษฎร์ธานี,2023,3,2023-03,2023-02,109.0,25.811785714285715,48.53000000000001,84.35035714285713,18.92642857142857,28,28,28,28,28,1,,validation
84,สุราษฎร์ธานี,2023,4,2023-04,2023-03,,26.429354838709678,32.5,81.68225806451613,22.153870967741934,31,31,31,31,31,0,no_target_record,validation
84,สุราษฎร์ธานี,2023,5,2023-05,2023-04,56.0,29.012333333333334,20.189999999999998,74.699,21.372666666666664,30,30,30,30,30,1,,validation
84,สุราษฎร์ธานี,2023,6,2023-06,2023-05,9027.0,28.445483870967742,219.46999999999997,82.59,20.771935483870966,31,31,31,31,31,1,,validation
84,สุราษฎร์ธานี,2023,7,2023-07,2023-06,28108.0,27.17233333333333,177.59,87.19866666666667,18.337,30,30,30,30,30,1,,validation
84,สุราษฎร์ธานี,2023,8,2023-08,2023-07,20736.0,26.899032258064516,297.99,87.59903225806453,16.203225806451613,31,31,31,31,31,1,,validation
84,สุราษฎร์ธานี,2023,9,2023-09,2023-08,9815.0,26.855483870967742,170.1,88.20709677419354,19.823870967741936,31,31,31,31,31,1,,validation
84,สุราษฎร์ธานี,2023,10,2023-10,2023-09,2087.0,26.658333333333335,332.59,87.46166666666666,16.496333333333332,30,30,30,30,30,1,,validation
84,สุราษฎร์ธานี,2023,11,2023-11,2023-10,234.0,27.54258064516129,345.25999999999993,84.55483870967741,17.562258064516126,31,31,31,31,31,1,,validation
84,สุราษฎร์ธานี,2023,12,2023-12,2023-11,2324.0,26.759666666666664,434.77,88.52733333333335,11.606,30,30,30,30,30,1,,validation
84,สุราษฎร์ธานี,2024,1,2024-01,2023-12,2632.0,26.461612903225806,149.35,88.13000000000001,14.009032258064515,31,31,31,31,31,1,,test
84,สุราษฎร์ธานี,2024,2,2024-02,2024-01,1791.0,26.41,53.21,85.71612903225805,17.16774193548387,31,31,31,31,31,1,,test
84,สุราษฎร์ธานี,2024,3,2024-03,2024-02,621.0,26.88586206896552,15.799999999999999,82.75344827586207,21.114827586206896,29,29,29,29,29,1,,test
84,สุราษฎร์ธานี,2024,4,2024-04,2024-03,,28.006451612903223,10.91,78.00193548387097,22.419677419354837,31,31,31,31,31,0,no_target_record,test
84,สุราษฎร์ธานี,2024,5,2024-05,2024-04,70.0,30.438,7.209999999999999,68.83133333333333,23.352333333333334,30,30,30,30,30,1,,test
84,สุราษฎร์ธานี,2024,6,2024-06,2024-05,8996.0,30.129354838709677,149.22999999999996,74.98193548387097,18.753870967741936,31,31,31,31,31,1,,test
84,สุราษฎร์ธานี,2024,7,2024-07,2024-06,27784.0,27.984666666666666,203.76999999999998,82.55266666666667,17.770333333333333,30,30,30,30,30,1,,test
84,สุราษฎร์ธานี,2024,8,2024-08,2024-07,18257.0,27.144193548387097,268.03000000000003,86.99193548387096,15.46516129032258,31,31,31,31,31,1,,test
84,สุราษฎร์ธานี,2024,9,2024-09,2024-08,5983.0,27.35258064516129,250.95,86.90096774193547,19.27225806451613,31,31,31,31,31,1,,test
84,สุราษฎร์ธานี,2024,10,2024-10,2024-09,715.0,26.757,271.14,87.62266666666666,17.076666666666664,30,30,30,30,30,1,,test
84,สุราษฎร์ธานี,2024,11,2024-11,2024-10,743.0,27.325161290322583,259.81,85.83258064516129,16.84935483870968,31,31,31,31,31,1,,test
84,สุราษฎร์ธานี,2024,12,2024-12,2024-11,1019.0,26.904999999999998,330.1,87.616,12.709666666666665,30,30,30,30,30,1,,test
84,สุราษฎร์ธานี,2025,1,2025-01,2024-12,877.0,25.896129032258063,505.83000000000004,88.30451612903227,11.746774193548386,31,31,31,31,31,1,,test
84,สุราษฎร์ธานี,2025,2,2025-02,2025-01,336.0,25.159032258064514,65.97,85.44129032258064,15.85483870967742,31,31,31,31,31,1,,test
84,สุราษฎร์ธานี,2025,3,2025-03,2025-02,52.0,26.142857142857142,130.34,83.20607142857143,18.982857142857142,28,28,28,28,28,1,,test
84,สุราษฎร์ธานี,2025,4,2025-04,2025-03,,27.278709677419354,40.75999999999999,80.7432258064516,21.116129032258065,31,31,31,31,31,0,no_target_record,test
84,สุราษฎร์ธานี,2025,5,2025-05,2025-04,148.0,28.034,152.77999999999997,81.91433333333333,20.692333333333334,30,30,30,30,30,1,,test
84,สุราษฎร์ธานี,2025,6,2025-06,2025-05,9297.0,27.90838709677419,273.34999999999997,84.73548387096774,17.40741935483871,31,31,31,31,31,1,,test
84,สุราษฎร์ธานี,2025,7,2025-07,2025-06,33905.0,26.820666666666668,233.93000000000004,88.19233333333334,18.296666666666667,30,30,30,30,30,1,,test
84,สุราษฎร์ธานี,2025,8,2025-08,2025-07,23993.0,26.813225806451616,123.25,88.89870967741936,18.520967741935483,31,31,31,31,31,1,,test
84,สุราษฎร์ธานี,2025,9,2025-09,2025-08,5702.0,26.59741935483871,232.3,87.03967741935485,17.524838709677418,31,31,31,31,31,1,,test
84,สุราษฎร์ธานี,2025,10,2025-10,2025-09,150.0,26.330666666666666,244.01999999999995,88.29166666666667,17.812666666666665,30,30,30,30,30,1,,test
84,สุราษฎร์ธานี,2025,11,2025-11,2025-10,2318.0,26.640967741935484,303.29999999999995,87.24774193548386,14.773870967741935,31,31,31,31,31,1,,test
84,สุราษฎร์ธานี,2025,12,2025-12,2025-11,3166.0,25.929666666666666,334.74999999999994,87.79533333333333,14.018,30,30,30,30,30,1,,test
84,สุราษฎร์ธานี,2026,1,2026-01,2025-12,,25.399677419354838,146.75,86.17516129032258,15.805483870967743,31,31,31,31,31,0,no_target_record,future_holdout
84,สุราษฎร์ธานี,2026,2,2026-02,2026-01,,24.824193548387097,33.50000000000001,82.66516129032257,17.585483870967742,31,31,31,31,31,0,no_target_record,future_holdout
84,สุราษฎร์ธานี,2026,3,2026-03,2026-02,,26.26571428571429,56.059999999999995,82.49964285714285,20.322499999999998,28,28,28,28,28,0,no_target_record,future_holdout
84,สุราษฎร์ธานี,2026,4,2026-04,2026-03,,26.832903225806454,40.25,79.94645161290323,22.765483870967742,31,31,31,31,31,0,no_target_record,future_holdout
84,สุราษฎร์ธานี,2026,5,2026-05,2026-04,,29.41466666666667,9.42,69.959,23.314,30,30,30,30,30,0,no_target_record,future_holdout
84,สุราษฎร์ธานี,2026,6,2026-06,2026-05,,27.945483870967742,319.0,84.37548387096774,17.881612903225808,31,31,31,31,31,0,no_target_record,future_holdout
84,สุราษฎร์ธานี,2026,7,2026-07,2026-06,,27.488666666666667,258.96999999999997,85.51733333333333,18.938,30,30,30,30,30,0,no_target_record,future_holdout
84,สุราษฎร์ธานี,2026,8,2026-08,2026-07,,27.089032258064517,206.33999999999997,87.13193548387098,17.259032258064515,31,31,31,31,31,0,no_target_record,future_holdout
84,สุราษฎร์ธานี,2026,9,2026-09,2026-08,,27.088064516129034,153.09,87.51548387096774,18.17806451612903,31,31,31,31,31,0,no_target_record,future_holdout
86,ชุมพร,1981,1,1981-01,1980-12,,,,,,0,0,,,31,0,no_target_record;incomplete_lag_temperature_or_rain;missing_lag_feature;incomplete_lag_daily_coverage,train
86,ชุมพร,1981,2,1981-02,1981-01,,24.250645161290322,6.86,77.75935483870968,,31,0,31,31,31,0,no_target_record;missing_lag_feature;incomplete_lag_daily_coverage,train
86,ชุมพร,1981,3,1981-03,1981-02,,25.735000000000003,49.999999999999986,75.06285714285714,,28,0,28,28,28,0,no_target_record;missing_lag_feature;incomplete_lag_daily_coverage,train
86,ชุมพร,1981,4,1981-04,1981-03,,28.654838709677417,3.81,64.85064516129032,,31,0,31,31,31,0,no_target_record;missing_lag_feature;incomplete_lag_daily_coverage,train
86,ชุมพร,1981,5,1981-05,1981-04,,27.83566666666667,154.87000000000003,75.05633333333334,,30,0,30,30,30,0,no_target_record;missing_lag_feature;incomplete_lag_daily_coverage,train
86,ชุมพร,1981,6,1981-06,1981-05,,26.75741935483871,323.53999999999996,84.93096774193549,,31,0,31,31,31,0,no_target_record;missing_lag_feature;incomplete_lag_daily_coverage,train
86,ชุมพร,1981,7,1981-07,1981-06,,26.067,337.37,87.515,,30,0,30,30,30,0,no_target_record;missing_lag_feature;incomplete_lag_daily_coverage,train
86,ชุมพร,1981,8,1981-08,1981-07,,25.60709677419355,241.14000000000001,89.60032258064517,,31,0,31,31,31,0,no_target_record;missing_lag_feature;incomplete_lag_daily_coverage,train
86,ชุมพร,1981,9,1981-09,1981-08,,25.601612903225806,279.61,89.05709677419355,,31,0,31,31,31,0,no_target_record;missing_lag_feature;incomplete_lag_daily_coverage,train
86,ชุมพร,1981,10,1981-10,1981-09,,25.537,320.7299999999999,87.79633333333332,,30,0,30,30,30,0,no_target_record;missing_lag_feature;incomplete_lag_daily_coverage,train
86,ชุมพร,1981,11,1981-11,1981-10,,25.47483870967742,273.60999999999996,87.9132258064516,,31,0,31,31,31,0,no_target_record;missing_lag_feature;incomplete_lag_daily_coverage,train
86,ชุมพร,1981,12,1981-12,1981-11,,24.576,390.8500000000001,90.07566666666666,,30,0,30,30,30,0,no_target_record;missing_lag_feature;incomplete_lag_daily_coverage,train
86,ชุมพร,1982,1,1982-01,1981-12,,23.46709677419355,24.010000000000005,83.07483870967742,,31,0,31,31,31,0,no_target_record;missing_lag_feature;incomplete_lag_daily_coverage,train
86,ชุมพร,1982,2,1982-02,1982-01,,24.463548387096775,3.84,75.9274193548387,,31,0,31,31,31,0,no_target_record;missing_lag_feature;incomplete_lag_daily_coverage,train
86,ชุมพร,1982,3,1982-03,1982-02,,27.589642857142856,13.510000000000002,67.955,,28,0,28,28,28,0,no_target_record;missing_lag_feature;incomplete_lag_daily_coverage,train
86,ชุมพร,1982,4,1982-04,1982-03,,29.684838709677418,2.9400000000000004,58.476451612903226,,31,0,31,31,31,0,no_target_record;missing_lag_feature;incomplete_lag_daily_coverage,train
86,ชุมพร,1982,5,1982-05,1982-04,,28.58133333333333,79.96000000000001,67.81233333333333,,30,0,30,30,30,0,no_target_record;missing_lag_feature;incomplete_lag_daily_coverage,train
86,ชุมพร,1982,6,1982-06,1982-05,,27.465806451612906,276.79,80.48322580645161,,31,0,31,31,31,0,no_target_record;missing_lag_feature;incomplete_lag_daily_coverage,train
86,ชุมพร,1982,7,1982-07,1982-06,,26.26033333333333,235.97,86.32233333333333,,30,0,30,30,30,0,no_target_record;missing_lag_feature;incomplete_lag_daily_coverage,train
86,ชุมพร,1982,8,1982-08,1982-07,,25.317419354838712,429.56000000000006,88.77516129032259,,31,0,31,31,31,0,no_target_record;missing_lag_feature;incomplete_lag_daily_coverage,train
86,ชุมพร,1982,9,1982-09,1982-08,,25.21161290322581,490.84999999999997,90.22,,31,0,31,31,31,0,no_target_record;missing_lag_feature;incomplete_lag_daily_coverage,train
86,ชุมพร,1982,10,1982-10,1982-09,,25.208000000000002,301.73,88.55,,30,0,30,30,30,0,no_target_record;missing_lag_feature;incomplete_lag_daily_coverage,train
86,ชุมพร,1982,11,1982-11,1982-10,,25.917096774193546,196.35,83.55096774193548,,31,0,31,31,31,0,no_target_record;missing_lag_feature;incomplete_lag_daily_coverage,train
86,ชุมพร,1982,12,1982-12,1982-11,,25.633333333333333,238.04,87.05633333333334,,30,0,30,30,30,0,no_target_record;missing_lag_feature;incomplete_lag_daily_coverage,train
86,ชุมพร,1983,1,1983-01,1982-12,,23.938064516129035,102.64,81.70516129032258,,31,0,31,31,31,0,no_target_record;missing_lag_feature;incomplete_lag_daily_coverage,train
86,ชุมพร,1983,2,1983-02,1983-01,,24.727096774193548,26.29,79.0725806451613,,31,0,31,31,31,0,no_target_record;missing_lag_feature;incomplete_lag_daily_coverage,train
86,ชุมพร,1983,3,1983-03,1983-02,,26.778214285714284,3.32,71.76714285714286,,28,0,28,28,28,0,no_target_record;missing_lag_feature;incomplete_lag_daily_coverage,train
86,ชุมพร,1983,4,1983-04,1983-03,,29.26451612903226,13.739999999999998,59.68709677419355,,31,0,31,31,31,0,no_target_record;missing_lag_feature;incomplete_lag_daily_coverage,train
86,ชุมพร,1983,5,1983-05,1983-04,,30.555,9.350000000000003,57.443333333333335,,30,0,30,30,30,0,no_target_record;missing_lag_feature;incomplete_lag_daily_coverage,train
86,ชุมพร,1983,6,1983-06,1983-05,,28.37548387096774,232.64,74.3958064516129,,31,0,31,31,31,0,no_target_record;missing_lag_feature;incomplete_lag_daily_coverage,train
86,ชุมพร,1983,7,1983-07,1983-06,,26.32633333333333,354.72,86.95333333333333,,30,0,30,30,30,0,no_target_record;missing_lag_feature;incomplete_lag_daily_coverage,train
86,ชุมพร,1983,8,1983-08,1983-07,,25.648709677419355,271.14,88.84322580645161,,31,0,31,31,31,0,no_target_record;missing_lag_feature;incomplete_lag_daily_coverage,train
86,ชุมพร,1983,9,1983-09,1983-08,,25.563870967741938,348.59000000000003,89.90516129032258,,31,0,31,31,31,0,no_target_record;missing_lag_feature;incomplete_lag_daily_coverage,train
86,ชุมพร,1983,10,1983-10,1983-09,,25.538333333333334,354.0,87.85666666666665,,30,0,30,30,30,0,no_target_record;missing_lag_feature;incomplete_lag_daily_coverage,train
86,ชุมพร,1983,11,1983-11,1983-10,,25.186774193548384,226.79000000000005,88.50645161290322,,31,0,31,31,31,0,no_target_record;missing_lag_feature;incomplete_lag_daily_coverage,train
86,ชุมพร,1983,12,1983-12,1983-11,,23.994333333333334,356.08,86.287,,30,0,30,30,30,0,no_target_record;missing_lag_feature;incomplete_lag_daily_coverage,train
86,ชุมพร,1984,1,1984-01,1983-12,,24.181612903225805,30.769999999999996,82.8674193548387,,31,0,31,31,31,0,no_target_record;missing_lag_feature;incomplete_lag_daily_coverage,train
86,ชุมพร,1984,2,1984-02,1984-01,,24.766774193548386,28.460000000000004,78.18032258064517,15.856129032258066,31,31,31,31,31,0,no_target_record,train
86,ชุมพร,1984,3,1984-03,1984-02,,26.482413793103447,45.41,75.09896551724138,16.903793103448276,29,29,29,29,29,0,no_target_record,train
86,ชุมพร,1984,4,1984-04,1984-03,,28.124193548387098,23.82,65.26161290322581,20.853870967741937,31,31,31,31,31,0,no_target_record,train
86,ชุมพร,1984,5,1984-05,1984-04,,28.546333333333333,196.40999999999994,70.81766666666667,19.999333333333333,30,30,30,30,30,0,no_target_record,train
86,ชุมพร,1984,6,1984-06,1984-05,,26.431612903225805,187.62999999999997,84.95774193548387,20.588709677419356,31,31,31,31,31,0,no_target_record,train
86,ชุมพร,1984,7,1984-07,1984-06,,25.720333333333333,519.1600000000001,89.14366666666666,16.785333333333334,30,30,30,30,30,0,no_target_record,train
86,ชุมพร,1984,8,1984-08,1984-07,,25.431935483870966,204.22000000000003,88.04354838709678,14.740645161290322,31,31,31,31,31,0,no_target_record,train
86,ชุมพร,1984,9,1984-09,1984-08,,25.206451612903226,483.56,88.28612903225806,16.482903225806453,31,31,31,31,31,0,no_target_record,train
86,ชุมพร,1984,10,1984-10,1984-09,,25.014,268.60999999999996,88.555,18.07133333333333,30,30,30,30,30,0,no_target_record,train
86,ชุมพร,1984,11,1984-11,1984-10,,25.075161290322583,216.35999999999999,85.60387096774194,17.100322580645162,31,31,31,31,31,0,no_target_record,train
86,ชุมพร,1984,12,1984-12,1984-11,,25.236333333333334,105.39,84.64566666666666,18.012,30,30,30,30,30,0,no_target_record,train
86,ชุมพร,1985,1,1985-01,1984-12,,24.73741935483871,87.6,81.93161290322581,15.557741935483872,31,31,31,31,31,0,no_target_record,train
86,ชุมพร,1985,2,1985-02,1985-01,,25.07903225806452,58.22,78.60709677419355,17.730967741935483,31,31,31,31,31,0,no_target_record,train
86,ชุมพร,1985,3,1985-03,1985-02,,27.0425,32.69,73.39571428571428,20.741785714285715,28,28,28,28,28,0,no_target_record,train
86,ชุมพร,1985,4,1985-04,1985-03,,27.611612903225808,83.26,70.94967741935484,21.174516129032256,31,31,31,31,31,0,no_target_record,train
86,ชุมพร,1985,5,1985-05,1985-04,,28.256666666666668,114.41000000000001,71.29266666666668,21.658666666666665,30,30,30,30,30,0,no_target_record,train
86,ชุมพร,1985,6,1985-06,1985-05,,26.48,260.05999999999995,85.27548387096775,18.182258064516127,31,31,31,31,31,0,no_target_record,train
86,ชุมพร,1985,7,1985-07,1985-06,,25.814,505.85,88.05199999999999,17.104666666666667,30,30,30,30,30,0,no_target_record,train
86,ชุมพร,1985,8,1985-08,1985-07,,25.10516129032258,156.07999999999998,87.29354838709678,19.02516129032258,31,31,31,31,31,0,no_target_record,train
86,ชุมพร,1985,9,1985-09,1985-08,,25.291935483870965,342.13000000000005,88.94612903225806,17.866451612903226,31,31,31,31,31,0,no_target_record,train
86,ชุมพร,1985,10,1985-10,1985-09,,24.955,317.25000000000006,89.26866666666666,16.371333333333332,30,30,30,30,30,0,no_target_record,train
86,ชุมพร,1985,11,1985-11,1985-10,,25.069032258064517,319.02000000000004,88.49225806451614,17.12741935483871,31,31,31,31,31,0,no_target_record,train
86,ชุมพร,1985,12,1985-12,1985-11,,25.13266666666667,222.39000000000004,88.04466666666667,14.642333333333333,30,30,30,30,30,0,no_target_record,train
86,ชุมพร,1986,1,1986-01,1985-12,,24.210322580645162,84.79,83.19096774193548,16.52258064516129,31,31,31,31,31,0,no_target_record,train
86,ชุมพร,1986,2,1986-02,1986-01,,24.200322580645164,6.04,76.58225806451614,17.700967741935486,31,31,31,31,31,0,no_target_record,train
86,ชุมพร,1986,3,1986-03,1986-02,,26.456071428571427,3.74,67.81071428571428,20.711785714285714,28,28,28,28,28,0,no_target_record,train
86,ชุมพร,1986,4,1986-04,1986-03,,28.49806451612903,10.79,60.619354838709675,21.76258064516129,31,31,31,31,31,0,no_target_record,train
86,ชุมพร,1986,5,1986-05,1986-04,,29.844333333333335,32.96,61.162333333333336,22.558666666666667,30,30,30,30,30,0,no_target_record,train
86,ชุมพร,1986,6,1986-06,1986-05,,27.09709677419355,475.64,80.66258064516128,18.588387096774195,31,31,31,31,31,0,no_target_record,train
86,ชุมพร,1986,7,1986-07,1986-06,,25.886666666666667,322.74000000000007,88.43166666666666,17.088666666666665,30,30,30,30,30,0,no_target_record,train
86,ชุมพร,1986,8,1986-08,1986-07,,25.279032258064515,442.59,88.96741935483871,17.033870967741933,31,31,31,31,31,0,no_target_record,train
86,ชุมพร,1986,9,1986-09,1986-08,,25.409032258064514,495.03999999999996,89.05870967741934,17.501935483870966,31,31,31,31,31,0,no_target_record,train
86,ชุมพร,1986,10,1986-10,1986-09,,25.116,464.6,89.352,17.488999999999997,30,30,30,30,30,0,no_target_record,train
86,ชุมพร,1986,11,1986-11,1986-10,,25.484193548387097,300.90999999999997,87.3758064516129,15.411612903225807,31,31,31,31,31,0,no_target_record,train
86,ชุมพร,1986,12,1986-12,1986-11,,25.150666666666666,192.17,86.232,15.898,30,30,30,30,30,0,no_target_record,train
86,ชุมพร,1987,1,1987-01,1986-12,,24.565806451612904,75.24999999999999,83.25129032258064,16.544516129032257,31,31,31,31,31,0,no_target_record,train
86,ชุมพร,1987,2,1987-02,1987-01,,25.048387096774192,10.81,78.09,18.09709677419355,31,31,31,31,31,0,no_target_record,train
86,ชุมพร,1987,3,1987-03,1987-02,,27.032142857142855,2.5900000000000003,67.52571428571429,20.641428571428573,28,28,28,28,28,0,no_target_record,train
86,ชุมพร,1987,4,1987-04,1987-03,,28.26451612903226,22.939999999999998,65.84645161290322,21.251612903225805,31,31,31,31,31,0,no_target_record,train
86,ชุมพร,1987,5,1987-05,1987-04,,29.82133333333333,13.049999999999999,61.547333333333334,22.816,30,30,30,30,30,0,no_target_record,train
86,ชุมพร,1987,6,1987-06,1987-05,,27.278387096774193,248.39000000000004,79.92064516129032,19.52032258064516,31,31,31,31,31,0,no_target_record,train
86,ชุมพร,1987,7,1987-07,1987-06,,26.542333333333332,293.21999999999997,87.58766666666666,16.547333333333334,30,30,30,30,30,0,no_target_record,train
86,ชุมพร,1987,8,1987-08,1987-07,,26.411612903225805,83.49,84.3309677419355,20.13774193548387,31,31,31,31,31,0,no_target_record,train
86,ชุมพร,1987,9,1987-09,1987-08,,25.54032258064516,391.44,88.83451612903225,17.852903225806454,31,31,31,31,31,0,no_target_record,train
86,ชุมพร,1987,10,1987-10,1987-09,,26.032,181.55999999999997,86.644,17.559666666666665,30,30,30,30,30,0,no_target_record,train
86,ชุมพร,1987,11,1987-11,1987-10,,26.205483870967743,267.87,87.09290322580645,17.61967741935484,31,31,31,31,31,0,no_target_record,train
86,ชุมพร,1987,12,1987-12,1987-11,,25.871333333333332,371.88999999999993,89.21466666666667,13.261333333333335,30,30,30,30,30,0,no_target_record,train
86,ชุมพร,1988,1,1988-01,1987-12,,23.980645161290322,7.86,81.49677419354839,16.846451612903227,31,31,31,31,31,0,no_target_record,train
86,ชุมพร,1988,2,1988-02,1988-01,,25.659032258064514,22.86,78.3616129032258,17.83516129032258,31,31,31,31,31,0,no_target_record,train
86,ชุมพร,1988,3,1988-03,1988-02,,27.42241379310345,21.94,73.70793103448277,19.465172413793105,29,29,29,29,29,0,no_target_record,train
86,ชุมพร,1988,4,1988-04,1988-03,,29.429677419354835,11.02,62.89451612903226,20.878064516129033,31,31,31,31,31,0,no_target_record,train
86,ชุมพร,1988,5,1988-05,1988-04,,28.545333333333335,124.47000000000001,74.87966666666667,18.932333333333336,30,30,30,30,30,0,no_target_record,train
86,ชุมพร,1988,6,1988-06,1988-05,,26.83451612903226,281.36,87.04967741935484,17.64483870967742,31,31,31,31,31,0,no_target_record,train
86,ชุมพร,1988,7,1988-07,1988-06,,26.00433333333333,366.84999999999997,87.655,18.308,30,30,30,30,30,0,no_target_record,train
86,ชุมพร,1988,8,1988-08,1988-07,,25.741290322580646,466.9099999999999,89.9558064516129,17.108064516129033,31,31,31,31,31,0,no_target_record,train
86,ชุมพร,1988,9,1988-09,1988-08,,25.87709677419355,243.00999999999996,89.3309677419355,18.15096774193548,31,31,31,31,31,0,no_target_record,train
86,ชุมพร,1988,10,1988-10,1988-09,,25.713,495.16,90.375,17.333333333333332,30,30,30,30,30,0,no_target_record,train
86,ชุมพร,1988,11,1988-11,1988-10,,25.18967741935484,381.9599999999999,89.7432258064516,16.039677419354838,31,31,31,31,31,0,no_target_record,train
86,ชุมพร,1988,12,1988-12,1988-11,,24.378333333333334,353.56000000000006,87.70100000000001,12.712,30,30,30,30,30,0,no_target_record,train
86,ชุมพร,1989,1,1989-01,1988-12,,23.73709677419355,7.469999999999999,82.39903225806451,16.940645161290323,31,31,31,31,31,0,no_target_record,train
86,ชุมพร,1989,2,1989-02,1989-01,,25.883548387096774,44.73,79.25709677419354,17.02258064516129,31,31,31,31,31,0,no_target_record,train
86,ชุมพร,1989,3,1989-03,1989-02,,26.459285714285716,18.68,71.08,19.544999999999998,28,28,28,28,28,0,no_target_record,train
86,ชุมพร,1989,4,1989-04,1989-03,,27.27258064516129,150.28000000000003,71.64064516129032,20.850967741935484,31,31,31,31,31,0,no_target_record,train
86,ชุมพร,1989,5,1989-05,1989-04,,27.695666666666668,103.50999999999998,76.03299999999999,21.765666666666668,30,30,30,30,30,0,no_target_record,train
86,ชุมพร,1989,6,1989-06,1989-05,,26.285806451612903,415.9100000000001,86.82903225806452,17.552258064516128,31,31,31,31,31,0,no_target_record,train
86,ชุมพร,1989,7,1989-07,1989-06,,25.50433333333333,335.26,89.054,17.870333333333335,30,30,30,30,30,0,no_target_record,train
86,ชุมพร,1989,8,1989-08,1989-07,,25.573870967741936,326.15999999999997,88.60548387096775,18.164516129032258,31,31,31,31,31,0,no_target_record,train
86,ชุมพร,1989,9,1989-09,1989-08,,25.28483870967742,386.69999999999993,89.96483870967741,17.706451612903226,31,31,31,31,31,0,no_target_record,train
86,ชุมพร,1989,10,1989-10,1989-09,,25.550333333333334,257.09999999999997,88.79833333333333,18.094,30,30,30,30,30,0,no_target_record,train
86,ชุมพร,1989,11,1989-11,1989-10,,25.477096774193548,405.48,89.13193548387098,15.865806451612903,31,31,31,31,31,0,no_target_record,train
86,ชุมพร,1989,12,1989-12,1989-11,,25.171,269.02000000000004,86.49166666666666,14.672333333333334,30,30,30,30,30,0,no_target_record,train
86,ชุมพร,1990,1,1990-01,1989-12,,24.31,10.5,80.12225806451613,17.859354838709677,31,31,31,31,31,0,no_target_record,train
86,ชุมพร,1990,2,1990-02,1990-01,,26.04612903225806,14.409999999999998,76.24967741935482,18.20483870967742,31,31,31,31,31,0,no_target_record,train
86,ชุมพร,1990,3,1990-03,1990-02,,27.599999999999998,7.54,67.44392857142857,20.535,28,28,28,28,28,0,no_target_record,train
86,ชุมพร,1990,4,1990-04,1990-03,,29.56064516129032,5.4799999999999995,58.875483870967734,21.396129032258063,31,31,31,31,31,0,no_target_record,train
86,ชุมพร,1990,5,1990-05,1990-04,,29.433333333333334,73.49000000000001,67.721,21.219,30,30,30,30,30,0,no_target_record,train
86,ชุมพร,1990,6,1990-06,1990-05,,27.63193548387097,267.09999999999997,80.52935483870968,19.05483870967742,31,31,31,31,31,0,no_target_record,train
86,ชุมพร,1990,7,1990-07,1990-06,,26.293666666666663,317.89,88.46833333333333,18.83533333333333,30,30,30,30,30,0,no_target_record,train
86,ชุมพร,1990,8,1990-08,1990-07,,25.719354838709677,125.32000000000001,87.30741935483871,18.961612903225806,31,31,31,31,31,0,no_target_record,train
86,ชุมพร,1990,9,1990-09,1990-08,,25.700645161290325,310.5299999999999,88.93387096774192,17.065161290322582,31,31,31,31,31,0,no_target_record,train
86,ชุมพร,1990,10,1990-10,1990-09,,25.490333333333336,259.67,89.41933333333333,17.512,30,30,30,30,30,0,no_target_record,train
86,ชุมพร,1990,11,1990-11,1990-10,,25.74451612903226,312.49,87.72709677419354,16.27225806451613,31,31,31,31,31,0,no_target_record,train
86,ชุมพร,1990,12,1990-12,1990-11,,25.141666666666666,326.9699999999999,86.91366666666666,16.903333333333332,30,30,30,30,30,0,no_target_record,train
86,ชุมพร,1991,1,1991-01,1990-12,,24.67096774193548,23.430000000000003,82.12483870967742,16.57225806451613,31,31,31,31,31,0,no_target_record,train
86,ชุมพร,1991,2,1991-02,1991-01,,26.088064516129034,19.61,76.59516129032258,18.65,31,31,31,31,31,0,no_target_record,train
86,ชุมพร,1991,3,1991-03,1991-02,,27.558214285714286,25.759999999999998,65.47285714285714,19.37142857142857,28,28,28,28,28,0,no_target_record,train
86,ชุมพร,1991,4,1991-04,1991-03,,28.953548387096774,51.67999999999999,64.66064516129032,21.410645161290322,31,31,31,31,31,0,no_target_record,train
86,ชุมพร,1991,5,1991-05,1991-04,,28.833000000000002,116.88,70.587,21.09733333333333,30,30,30,30,30,0,no_target_record,train
86,ชุมพร,1991,6,1991-06,1991-05,,28.11516129032258,254.50000000000003,78.44322580645161,18.779999999999998,31,31,31,31,31,0,no_target_record,train
86,ชุมพร,1991,7,1991-07,1991-06,,26.817333333333334,198.70000000000005,85.84533333333334,17.85,30,30,30,30,30,0,no_target_record,train
86,ชุมพร,1991,8,1991-08,1991-07,,25.69516129032258,376.51,89.50709677419354,15.847096774193549,31,31,31,31,31,0,no_target_record,train
86,ชุมพร,1991,9,1991-09,1991-08,,25.653225806451612,530.9000000000001,90.30225806451612,15.22,31,31,31,31,31,0,no_target_record,train
86,ชุมพร,1991,10,1991-10,1991-09,,25.153000000000002,396.74999999999994,91.28333333333333,15.037666666666667,30,30,30,30,30,0,no_target_record,train
86,ชุมพร,1991,11,1991-11,1991-10,,25.171290322580642,214.85,88.89064516129032,16.870967741935484,31,31,31,31,31,0,no_target_record,train
86,ชุมพร,1991,12,1991-12,1991-11,,24.937666666666665,58.52,83.24733333333333,17.371333333333332,30,30,30,30,30,0,no_target_record,train
86,ชุมพร,1992,1,1992-01,1991-12,,25.228709677419356,55.989999999999995,80.3241935483871,16.473870967741934,31,31,31,31,31,0,no_target_record,train
86,ชุมพร,1992,2,1992-02,1992-01,,25.044193548387096,49.56,77.3358064516129,17.146129032258063,31,31,31,31,31,0,no_target_record,train
86,ชุมพร,1992,3,1992-03,1992-02,,26.731379310344828,31.699999999999996,70.24,19.590344827586208,29,29,29,29,29,0,no_target_record,train
86,ชุมพร,1992,4,1992-04,1992-03,,29.26258064516129,0.8600000000000001,57.44516129032258,22.536451612903225,31,31,31,31,31,0,no_target_record,train
86,ชุมพร,1992,5,1992-05,1992-04,,30.129666666666665,12.61,58.739000000000004,22.53033333333333,30,30,30,30,30,0,no_target_record,train
86,ชุมพร,1992,6,1992-06,1992-05,,28.279999999999998,119.53000000000002,75.87806451612903,19.800645161290323,31,31,31,31,31,0,no_target_record,train
86,ชุมพร,1992,7,1992-07,1992-06,,26.663,293.56999999999994,85.72833333333332,16.246333333333332,30,30,30,30,30,0,no_target_record,train
86,ชุมพร,1992,8,1992-08,1992-07,,25.90806451612903,295.65000000000003,87.45806451612903,17.053870967741933,31,31,31,31,31,0,no_target_record,train
86,ชุมพร,1992,9,1992-09,1992-08,,25.58516129032258,322.41,88.02193548387096,15.156451612903227,31,31,31,31,31,0,no_target_record,train
86,ชุมพร,1992,10,1992-10,1992-09,,25.434,203.98000000000002,88.42266666666666,17.954333333333334,30,30,30,30,30,0,no_target_record,train
86,ชุมพร,1992,11,1992-11,1992-10,,25.219032258064516,315.3900000000001,89.00419354838711,13.660645161290324,31,31,31,31,31,0,no_target_record,train
86,ชุมพร,1992,12,1992-12,1992-11,,24.544,111.17,85.179,15.631666666666666,30,30,30,30,30,0,no_target_record,train
86,ชุมพร,1993,1,1993-01,1992-12,,24.641290322580645,30.240000000000002,82.0341935483871,16.29774193548387,31,31,31,31,31,0,no_target_record,train
86,ชุมพร,1993,2,1993-02,1993-01,,25.162580645161288,83.70999999999997,78.2874193548387,17.010967741935485,31,31,31,31,31,0,no_target_record,train
86,ชุมพร,1993,3,1993-03,1993-02,,26.124642857142856,2.1599999999999997,70.42357142857144,20.385357142857142,28,28,28,28,28,0,no_target_record,train
86,ชุมพร,1993,4,1993-04,1993-03,,27.108387096774194,90.92000000000002,73.39516129032258,19.760967741935485,31,31,31,31,31,0,no_target_record,train
86,ชุมพร,1993,5,1993-05,1993-04,,28.086000000000002,88.96999999999998,73.66366666666666,21.47266666666667,30,30,30,30,30,0,no_target_record,train
86,ชุมพร,1993,6,1993-06,1993-05,,28.143870967741936,153.66000000000003,77.42225806451613,20.073225806451614,31,31,31,31,31,0,no_target_record,train
86,ชุมพร,1993,7,1993-07,1993-06,,26.881333333333334,175.51,84.20166666666667,18.278000000000002,30,30,30,30,30,0,no_target_record,train
86,ชุมพร,1993,8,1993-08,1993-07,,25.864193548387096,333.94000000000005,88.69709677419355,16.633548387096774,31,31,31,31,31,0,no_target_record,train
86,ชุมพร,1993,9,1993-09,1993-08,,25.643225806451614,201.67000000000002,88.14129032258064,16.927096774193547,31,31,31,31,31,0,no_target_record,train
86,ชุมพร,1993,10,1993-10,1993-09,,25.268666666666668,230.86,89.968,17.084,30,30,30,30,30,0,no_target_record,train
86,ชุมพร,1993,11,1993-11,1993-10,,25.48677419354839,265.4100000000001,88.86516129032259,16.224193548387095,31,31,31,31,31,0,no_target_record,train
86,ชุมพร,1993,12,1993-12,1993-11,,25.533333333333335,71.62,83.75366666666667,16.458000000000002,30,30,30,30,30,0,no_target_record,train
86,ชุมพร,1994,1,1994-01,1993-12,,24.573225806451614,46.269999999999996,79.00548387096775,16.861290322580647,31,31,31,31,31,0,no_target_record,train
86,ชุมพร,1994,2,1994-02,1994-01,,25.43032258064516,20.14,76.04096774193549,18.169999999999998,31,31,31,31,31,0,no_target_record,train
86,ชุมพร,1994,3,1994-03,1994-02,,27.518571428571427,36.95,69.54321428571428,19.973214285714285,28,28,28,28,28,0,no_target_record,train
86,ชุมพร,1994,4,1994-04,1994-03,,27.481290322580644,240.01,74.53354838709677,17.88,31,31,31,31,31,0,no_target_record,train
86,ชุมพร,1994,5,1994-05,1994-04,,27.57633333333333,47.34,78.21666666666667,22.192333333333334,30,30,30,30,30,0,no_target_record,train
86,ชุมพร,1994,6,1994-06,1994-05,,26.52032258064516,263.57,86.92903225806452,19.098064516129032,31,31,31,31,31,0,no_target_record,train
86,ชุมพร,1994,7,1994-07,1994-06,,25.773000000000003,426.09999999999997,89.63633333333334,15.627,30,30,30,30,30,0,no_target_record,train
86,ชุมพร,1994,8,1994-08,1994-07,,25.573548387096775,383.81,89.7316129032258,15.779354838709677,31,31,31,31,31,0,no_target_record,train
86,ชุมพร,1994,9,1994-09,1994-08,,25.366129032258065,457.97,89.54225806451613,16.153548387096773,31,31,31,31,31,0,no_target_record,train
86,ชุมพร,1994,10,1994-10,1994-09,,24.895333333333333,497.72,91.16000000000001,16.365333333333332,30,30,30,30,30,0,no_target_record,train
86,ชุมพร,1994,11,1994-11,1994-10,,25.300967741935484,78.19,85.33387096774193,19.664193548387097,31,31,31,31,31,0,no_target_record,train
86,ชุมพร,1994,12,1994-12,1994-11,,25.352666666666668,124.97999999999999,83.592,17.762,30,30,30,30,30,0,no_target_record,train
86,ชุมพร,1995,1,1995-01,1994-12,,25.497096774193547,32.16,78.93645161290323,17.361612903225808,31,31,31,31,31,0,no_target_record,train
86,ชุมพร,1995,2,1995-02,1995-01,,25.81935483870968,38.099999999999994,73.96451612903226,17.530322580645162,31,31,31,31,31,0,no_target_record,train
86,ชุมพร,1995,3,1995-03,1995-02,,27.099999999999998,9.44,65.99249999999999,20.238214285714285,28,28,28,28,28,0,no_target_record,train
86,ชุมพร,1995,4,1995-04,1995-03,,28.99258064516129,36.410000000000004,63.196129032258064,20.653225806451612,31,31,31,31,31,0,no_target_record,train
86,ชุมพร,1995,5,1995-05,1995-04,,30.076999999999998,58.20000000000002,63.067,22.523,30,30,30,30,30,0,no_target_record,train
86,ชุมพร,1995,6,1995-06,1995-05,,28.164193548387097,115.42,74.99225806451612,20.58677419354839,31,31,31,31,31,0,no_target_record,train
86,ชุมพร,1995,7,1995-07,1995-06,,26.426666666666666,267.35,87.19733333333333,18.766333333333332,30,30,30,30,30,0,no_target_record,train
86,ชุมพร,1995,8,1995-08,1995-07,,25.751935483870966,250.13,88.56387096774193,16.135806451612904,31,31,31,31,31,0,no_target_record,train
86,ชุมพร,1995,9,1995-09,1995-08,,25.696129032258067,530.93,90.30612903225806,16.476451612903226,31,31,31,31,31,0,no_target_record,train
86,ชุมพร,1995,10,1995-10,1995-09,,25.563,310.58,89.546,14.687666666666667,30,30,30,30,30,0,no_target_record,train
86,ชุมพร,1995,11,1995-11,1995-10,,25.779032258064515,244.28000000000006,88.2058064516129,15.122258064516128,31,31,31,31,31,0,no_target_record,train
86,ชุมพร,1995,12,1995-12,1995-11,,25.474333333333334,270.5799999999999,87.904,12.766666666666667,30,30,30,30,30,0,no_target_record,train
86,ชุมพร,1996,1,1996-01,1995-12,,23.933870967741935,12.78,80.89,16.24225806451613,31,31,31,31,31,0,no_target_record,train
86,ชุมพร,1996,2,1996-02,1996-01,,24.95387096774194,9.750000000000002,76.32774193548387,17.713548387096775,31,31,31,31,31,0,no_target_record,train
86,ชุมพร,1996,3,1996-03,1996-02,,26.430689655172415,33.64,71.14689655172414,17.84448275862069,29,29,29,29,29,0,no_target_record,train
86,ชุมพร,1996,4,1996-04,1996-03,,29.062580645161294,11.95,60.844193548387096,21.719032258064516,31,31,31,31,31,0,no_target_record,train
86,ชุมพร,1996,5,1996-05,1996-04,,28.176666666666666,121.99000000000001,74.24366666666667,19.08533333333333,30,30,30,30,30,0,no_target_record,train
86,ชุมพร,1996,6,1996-06,1996-05,,26.81,168.76,84.80096774193548,19.030967741935484,31,31,31,31,31,0,no_target_record,train
86,ชุมพร,1996,7,1996-07,1996-06,,26.749000000000002,190.68,84.84333333333333,17.944333333333336,30,30,30,30,30,0,no_target_record,train
86,ชุมพร,1996,8,1996-08,1996-07,,25.809032258064516,379.29,88.99709677419354,14.42,31,31,31,31,31,0,no_target_record,train
86,ชุมพร,1996,9,1996-09,1996-08,,25.697741935483872,221.99,88.92999999999999,17.496774193548386,31,31,31,31,31,0,no_target_record,train
86,ชุมพร,1996,10,1996-10,1996-09,,25.374666666666666,457.7600000000001,90.62133333333333,13.452,30,30,30,30,30,0,no_target_record,train
86,ชุมพร,1996,11,1996-11,1996-10,,25.616451612903226,271.81,88.69967741935484,14.537741935483872,31,31,31,31,31,0,no_target_record,train
86,ชุมพร,1996,12,1996-12,1996-11,,24.994333333333334,343.40999999999997,89.60933333333334,14.694333333333333,30,30,30,30,30,0,no_target_record,train
86,ชุมพร,1997,1,1997-01,1996-12,,23.824516129032258,148.07,83.79032258064517,15.150967741935483,31,31,31,31,31,0,no_target_record,train
86,ชุมพร,1997,2,1997-02,1997-01,,24.30290322580645,14.699999999999998,77.54903225806451,18.133548387096774,31,31,31,31,31,0,no_target_record,train
86,ชุมพร,1997,3,1997-03,1997-02,,26.85107142857143,24.5,72.44392857142857,18.62857142857143,28,28,28,28,28,0,no_target_record,train
86,ชุมพร,1997,4,1997-04,1997-03,,28.786451612903225,16.77,62.519999999999996,21.511935483870968,31,31,31,31,31,0,no_target_record,train
86,ชุมพร,1997,5,1997-05,1997-04,,28.459666666666667,119.75,68.667,22.025333333333332,30,30,30,30,30,0,no_target_record,train
86,ชุมพร,1997,6,1997-06,1997-05,,27.968064516129033,180.57999999999996,76.56451612903226,18.627741935483872,31,31,31,31,31,0,no_target_record,train
86,ชุมพร,1997,7,1997-07,1997-06,,26.721333333333334,207.67,83.94800000000001,18.37066666666667,30,30,30,30,30,0,no_target_record,train
86,ชุมพร,1997,8,1997-08,1997-07,,25.61709677419355,454.35,90.07935483870968,15.494516129032258,31,31,31,31,31,0,no_target_record,train
86,ชุมพร,1997,9,1997-09,1997-08,,25.698387096774194,584.0,89.34967741935485,15.01,31,31,31,31,31,0,no_target_record,train
86,ชุมพร,1997,10,1997-10,1997-09,,25.883333333333333,300.01,88.73866666666666,17.71966666666667,30,30,30,30,30,0,no_target_record,train
86,ชุมพร,1997,11,1997-11,1997-10,,26.015806451612903,184.79000000000002,87.98677419354838,17.674193548387095,31,31,31,31,31,0,no_target_record,train
86,ชุมพร,1997,12,1997-12,1997-11,,25.799666666666667,143.19,86.79299999999999,16.139333333333333,30,30,30,30,30,0,no_target_record,train
86,ชุมพร,1998,1,1998-01,1997-12,,25.87258064516129,57.910000000000004,81.73516129032258,16.483870967741936,31,31,31,31,31,0,no_target_record,train
86,ชุมพร,1998,2,1998-02,1998-01,,26.41483870967742,6.830000000000001,76.8683870967742,17.879677419354838,31,31,31,31,31,0,no_target_record,train
86,ชุมพร,1998,3,1998-03,1998-02,,28.81392857142857,1.4500000000000002,64.5475,20.718214285714286,28,28,28,28,28,0,no_target_record,train
86,ชุมพร,1998,4,1998-04,1998-03,,29.768709677419356,4.659999999999999,58.87387096774193,22.06709677419355,31,31,31,31,31,0,no_target_record,train
86,ชุมพร,1998,5,1998-05,1998-04,,31.582666666666668,5.579999999999999,56.04966666666667,22.098666666666666,30,30,30,30,30,0,no_target_record,train
86,ชุมพร,1998,6,1998-06,1998-05,,29.563548387096777,188.44999999999996,73.39935483870968,18.969032258064516,31,31,31,31,31,0,no_target_record,train
86,ชุมพร,1998,7,1998-07,1998-06,,26.64466666666667,269.34,88.563,17.419,30,30,30,30,30,0,no_target_record,train
86,ชุมพร,1998,8,1998-08,1998-07,,26.267419354838708,146.22,88.80806451612904,19.948387096774194,31,31,31,31,31,0,no_target_record,train
86,ชุมพร,1998,9,1998-09,1998-08,,26.176451612903225,253.85999999999999,89.01096774193549,18.97290322580645,31,31,31,31,31,0,no_target_record,train
86,ชุมพร,1998,10,1998-10,1998-09,,25.761333333333333,362.32,90.44366666666666,17.028333333333332,30,30,30,30,30,0,no_target_record,train
86,ชุมพร,1998,11,1998-11,1998-10,,25.781612903225806,486.49,91.05612903225807,14.838387096774193,31,31,31,31,31,0,no_target_record,train
86,ชุมพร,1998,12,1998-12,1998-11,,25.538999999999998,257.44,88.41000000000001,12.295,30,30,30,30,30,0,no_target_record,train
86,ชุมพร,1999,1,1999-01,1998-12,,24.62741935483871,50.660000000000004,85.57935483870968,14.39774193548387,31,31,31,31,31,0,no_target_record,train
86,ชุมพร,1999,2,1999-02,1999-01,,25.02258064516129,81.63000000000001,82.68258064516128,16.12290322580645,31,31,31,31,31,0,no_target_record,train
86,ชุมพร,1999,3,1999-03,1999-02,,25.380357142857143,99.32,82.1282142857143,17.778928571428573,28,28,28,28,28,0,no_target_record,train
86,ชุมพร,1999,4,1999-04,1999-03,,27.200322580645164,109.03999999999999,76.9025806451613,21.051612903225806,31,31,31,31,31,0,no_target_record,train
86,ชุมพร,1999,5,1999-05,1999-04,,26.199,251.05000000000007,87.43233333333333,17.896333333333335,30,30,30,30,30,0,no_target_record,train
86,ชุมพร,1999,6,1999-06,1999-05,,26.057741935483868,202.90000000000003,88.01806451612903,18.77548387096774,31,31,31,31,31,0,no_target_record,train
86,ชุมพร,1999,7,1999-07,1999-06,,25.358,275.46,88.75466666666667,17.015,30,30,30,30,30,0,no_target_record,train
86,ชุมพร,1999,8,1999-08,1999-07,,25.50258064516129,301.92,89.56258064516129,17.213870967741936,31,31,31,31,31,0,no_target_record,train
86,ชุมพร,1999,9,1999-09,1999-08,,25.272903225806452,154.48,89.01967741935485,19.61258064516129,31,31,31,31,31,0,no_target_record,train
86,ชุมพร,1999,10,1999-10,1999-09,,25.413999999999998,203.44,89.113,19.157,30,30,30,30,30,0,no_target_record,train
86,ชุมพร,1999,11,1999-11,1999-10,,25.36935483870968,299.98999999999995,89.73193548387097,15.72258064516129,31,31,31,31,31,0,no_target_record,train
86,ชุมพร,1999,12,1999-12,1999-11,,25.054333333333332,161.08,88.29266666666668,14.531666666666666,30,30,30,30,30,0,no_target_record,train
86,ชุมพร,2000,1,2000-01,1999-12,,22.918387096774193,199.21,83.89096774193548,15.830967741935483,31,31,31,31,31,0,no_target_record,train
86,ชุมพร,2000,2,2000-02,2000-01,,25.123225806451615,25.49,82.2158064516129,17.343870967741935,31,31,31,31,31,0,no_target_record,train
86,ชุมพร,2000,3,2000-03,2000-02,,25.906896551724138,75.07,75.01793103448276,19.68,29,29,29,29,29,0,no_target_record,train
86,ชุมพร,2000,4,2000-04,2000-03,,27.04290322580645,162.5,76.71354838709676,19.688709677419357,31,31,31,31,31,0,no_target_record,train
86,ชุมพร,2000,5,2000-05,2000-04,,26.805999999999997,160.98999999999995,83.66733333333333,18.887333333333334,30,30,30,30,30,0,no_target_record,train
86,ชุมพร,2000,6,2000-06,2000-05,,26.312580645161294,257.34,87.79096774193549,18.46548387096774,31,31,31,31,31,0,no_target_record,train
86,ชุมพร,2000,7,2000-07,2000-06,,25.604333333333333,295.63,89.509,16.09433333333333,30,30,30,30,30,0,no_target_record,train
86,ชุมพร,2000,8,2000-08,2000-07,,25.658709677419353,214.77,88.44483870967741,18.850967741935484,31,31,31,31,31,0,no_target_record,train
86,ชุมพร,2000,9,2000-09,2000-08,,25.243870967741934,326.03000000000003,90.22516129032257,16.659032258064517,31,31,31,31,31,0,no_target_record,train
86,ชุมพร,2000,10,2000-10,2000-09,,25.571,159.89,88.251,18.478,30,30,30,30,30,0,no_target_record,train
86,ชุมพร,2000,11,2000-11,2000-10,,25.253548387096775,269.17,90.2741935483871,15.536129032258065,31,31,31,31,31,0,no_target_record,train
86,ชุมพร,2000,12,2000-12,2000-11,,24.71466666666667,160.79999999999998,85.40033333333334,15.266666666666667,30,30,30,30,30,0,no_target_record,train
86,ชุมพร,2001,1,2001-01,2000-12,,25.046451612903226,71.68,84.37161290322581,15.556774193548387,31,31,31,31,31,0,no_target_record,train
86,ชุมพร,2001,2,2001-02,2001-01,,25.212903225806453,82.60000000000002,83.41129032258064,16.28322580645161,31,31,31,31,31,0,no_target_record,train
86,ชุมพร,2001,3,2001-03,2001-02,,26.572499999999998,13.600000000000001,74.15642857142858,19.853928571428572,28,28,28,28,28,0,no_target_record,train
86,ชุมพร,2001,4,2001-04,2001-03,,26.356774193548386,333.46999999999997,83.28354838709677,17.51322580645161,31,31,31,31,31,0,no_target_record,train
86,ชุมพร,2001,5,2001-05,2001-04,,27.653666666666666,75.25,82.07433333333333,20.505333333333333,30,30,30,30,30,0,no_target_record,train
86,ชุมพร,2001,6,2001-06,2001-05,,26.286451612903225,319.28000000000003,89.5883870967742,17.949677419354842,31,31,31,31,31,0,no_target_record,train
86,ชุมพร,2001,7,2001-07,2001-06,,25.733,370.92,89.48133333333334,16.603,30,30,30,30,30,0,no_target_record,train
86,ชุมพร,2001,8,2001-08,2001-07,,25.68516129032258,245.25,89.89032258064516,18.621290322580645,31,31,31,31,31,0,no_target_record,train
86,ชุมพร,2001,9,2001-09,2001-08,,25.47741935483871,384.14,89.81032258064516,14.854193548387098,31,31,31,31,31,0,no_target_record,train
86,ชุมพร,2001,10,2001-10,2001-09,,25.357333333333333,188.53,90.24666666666667,19.932666666666666,30,30,30,30,30,0,no_target_record,train
86,ชุมพร,2001,11,2001-11,2001-10,,25.364193548387096,333.39,91.71032258064515,13.84032258064516,31,31,31,31,31,0,no_target_record,train
86,ชุมพร,2001,12,2001-12,2001-11,,24.514666666666667,64.59,84.742,15.757,30,30,30,30,30,0,no_target_record,train
86,ชุมพร,2002,1,2002-01,2001-12,,24.942903225806454,71.01,82.51967741935485,15.753225806451614,31,31,31,31,31,0,no_target_record,train
86,ชุมพร,2002,2,2002-02,2002-01,,25.043870967741935,25.8,78.81838709677419,16.93935483870968,31,31,31,31,31,0,no_target_record,train
86,ชุมพร,2002,3,2002-03,2002-02,,26.579642857142858,1.45,72.53892857142857,19.580000000000002,28,28,28,28,28,0,no_target_record,train
86,ชุมพร,2002,4,2002-04,2002-03,,28.37741935483871,47.6,68.65064516129033,21.12,31,31,31,31,31,0,no_target_record,train
86,ชุมพร,2002,5,2002-05,2002-04,,29.057000000000002,108.36999999999999,69.39333333333335,20.42366666666667,30,30,30,30,30,0,no_target_record,train
86,ชุมพร,2002,6,2002-06,2002-05,,27.24741935483871,252.82000000000005,83.38354838709677,18.593548387096774,31,31,31,31,31,0,no_target_record,train
86,ชุมพร,2002,7,2002-07,2002-06,,26.149333333333335,204.94,87.85666666666665,18.476,30,30,30,30,30,0,no_target_record,train
86,ชุมพร,2002,8,2002-08,2002-07,,26.399032258064516,238.14000000000001,87.53967741935485,19.19,31,31,31,31,31,0,no_target_record,train
86,ชุมพร,2002,9,2002-09,2002-08,,25.67322580645161,303.72999999999996,88.56451612903226,15.284193548387098,31,31,31,31,31,0,no_target_record,train
86,ชุมพร,2002,10,2002-10,2002-09,,25.415666666666667,254.29999999999998,88.657,18.48033333333333,30,30,30,30,30,0,no_target_record,train
86,ชุมพร,2002,11,2002-11,2002-10,,26.27032258064516,141.36000000000004,85.36387096774195,18.094193548387096,31,31,31,31,31,0,no_target_record,train
86,ชุมพร,2002,12,2002-12,2002-11,,25.565,282.98,88.75800000000001,13.073666666666666,30,30,30,30,30,0,no_target_record,train
86,ชุมพร,2003,1,2003-01,2002-12,,25.791935483870965,289.11,87.77193548387096,13.953870967741935,31,31,31,31,31,0,no_target_record,train
86,ชุมพร,2003,2,2003-02,2003-01,,24.940645161290323,17.919999999999998,81.21419354838709,18.540967741935482,31,31,31,31,31,0,no_target_record,train
86,ชุมพร,2003,3,2003-03,2003-02,,26.455357142857142,36.45,78.36678571428571,19.28392857142857,28,28,28,28,28,0,no_target_record,train
86,ชุมพร,2003,4,2003-04,2003-03,,27.261935483870968,118.07000000000001,78.04451612903226,19.28806451612903,31,31,31,31,31,0,no_target_record,train
86,ชุมพร,2003,5,2003-05,2003-04,,28.906,59.11,70.23766666666667,23.438,30,30,30,30,30,0,no_target_record,train
86,ชุมพร,2003,6,2003-06,2003-05,,27.13032258064516,274.6,85.28806451612903,16.643225806451614,31,31,31,31,31,0,no_target_record,train
86,ชุมพร,2003,7,2003-07,2003-06,,26.3,98.15999999999997,86.20433333333334,19.258666666666667,30,30,30,30,30,0,no_target_record,train
86,ชุมพร,2003,8,2003-08,2003-07,,25.656451612903226,206.24000000000004,88.60516129032257,17.46451612903226,31,31,31,31,31,0,no_target_record,train
86,ชุมพร,2003,9,2003-09,2003-08,,25.977096774193548,266.40999999999997,89.20548387096774,18.260967741935485,31,31,31,31,31,0,no_target_record,train
86,ชุมพร,2003,10,2003-10,2003-09,,25.419333333333334,258.8,89.76366666666667,16.724,30,30,30,30,30,0,no_target_record,train
86,ชุมพร,2003,11,2003-11,2003-10,,25.465806451612902,335.93000000000006,90.55967741935484,13.422580645161291,31,31,31,31,31,0,no_target_record,train
86,ชุมพร,2003,12,2003-12,2003-11,,25.916666666666668,105.21,84.443,16.366666666666667,30,30,30,30,30,0,no_target_record,train
86,ชุมพร,2004,1,2004-01,2003-12,1233.0,24.248709677419356,95.64000000000001,81.57677419354839,15.685483870967742,31,31,31,31,31,1,,train
86,ชุมพร,2004,2,2004-02,2004-01,1710.0,25.47967741935484,30.05,81.6658064516129,16.983870967741936,31,31,31,31,31,1,,train
86,ชุมพร,2004,3,2004-03,2004-02,2989.0,26.517241379310345,37.06,74.58793103448276,18.957241379310343,29,29,29,29,29,1,,train
86,ชุมพร,2004,4,2004-04,2004-03,139.0,28.516129032258064,43.06,67.11999999999999,21.312258064516133,31,31,31,31,31,1,,train
86,ชุมพร,2004,5,2004-05,2004-04,2164.0,30.836000000000002,25.44,58.763333333333335,22.238666666666667,30,30,30,30,30,1,,train
86,ชุมพร,2004,6,2004-06,2004-05,4944.0,27.292580645161287,296.72,82.94322580645161,17.423870967741934,31,31,31,31,31,1,,train
86,ชุมพร,2004,7,2004-07,2004-06,14017.0,25.998333333333335,305.54,88.54833333333333,17.377333333333336,30,30,30,30,30,1,,train
86,ชุมพร,2004,8,2004-08,2004-07,19356.0,25.49516129032258,200.9,89.53064516129032,18.048709677419353,31,31,31,31,31,1,,train
86,ชุมพร,2004,9,2004-09,2004-08,26777.0,25.493225806451612,313.09000000000003,90.19032258064516,16.36548387096774,31,31,31,31,31,1,,train
86,ชุมพร,2004,10,2004-10,2004-09,14645.0,25.786,215.89,88.79666666666667,18.291999999999998,30,30,30,30,30,1,,train
86,ชุมพร,2004,11,2004-11,2004-10,23032.0,25.789677419354838,177.59,86.19096774193548,16.56451612903226,31,31,31,31,31,1,,train
86,ชุมพร,2004,12,2004-12,2004-11,5316.0,25.913,187.67000000000002,84.53999999999999,15.388,30,30,30,30,30,1,,train
86,ชุมพร,2005,1,2005-01,2004-12,,24.491935483870968,3.6399999999999997,79.90870967741935,17.620967741935484,31,31,31,31,31,0,no_target_record,train
86,ชุมพร,2005,2,2005-02,2005-01,,25.605806451612903,27.65,75.55064516129033,17.836129032258064,31,31,31,31,31,0,no_target_record,train
86,ชุมพร,2005,3,2005-03,2005-02,,28.131785714285716,0.12000000000000001,65.04,21.35928571428571,28,28,28,28,28,0,no_target_record,train
86,ชุมพร,2005,4,2005-04,2005-03,,28.94483870967742,20.93,62.87677419354839,21.156451612903226,31,31,31,31,31,0,no_target_record,train
86,ชุมพร,2005,5,2005-05,2005-04,4500.0,30.755333333333333,28.220000000000002,60.44766666666667,21.669333333333334,30,30,30,30,30,1,,train
86,ชุมพร,2005,6,2005-06,2005-05,9164.0,28.039032258064516,128.58,78.67516129032258,19.75258064516129,31,31,31,31,31,1,,train
86,ชุมพร,2005,7,2005-07,2005-06,18381.0,26.351666666666667,288.82,88.735,17.172,30,30,30,30,30,1,,train
86,ชุมพร,2005,8,2005-08,2005-07,41274.0,25.982580645161292,295.23,88.95032258064516,15.300645161290323,31,31,31,31,31,1,,train
86,ชุมพร,2005,9,2005-09,2005-08,13753.0,25.891935483870967,169.84000000000006,89.17967741935485,18.417419354838707,31,31,31,31,31,1,,train
86,ชุมพร,2005,10,2005-10,2005-09,4583.0,25.692333333333334,274.2300000000001,89.51266666666668,17.562333333333335,30,30,30,30,30,1,,train
86,ชุมพร,2005,11,2005-11,2005-10,,25.933870967741935,272.52000000000004,88.7658064516129,15.147096774193548,31,31,31,31,31,0,no_target_record,train
86,ชุมพร,2005,12,2005-12,2005-11,,25.682000000000002,188.55,87.26833333333335,14.917333333333334,30,30,30,30,30,0,no_target_record,train
86,ชุมพร,2006,1,2006-01,2005-12,,24.175806451612903,147.73000000000002,87.04677419354839,12.934516129032257,31,31,31,31,31,0,no_target_record,train
86,ชุมพร,2006,2,2006-02,2006-01,,24.921935483870968,18.15,81.18935483870968,18.16548387096774,31,31,31,31,31,0,no_target_record,train
86,ชุมพร,2006,3,2006-03,2006-02,,26.492142857142856,64.64,79.4875,18.326785714285712,28,28,28,28,28,0,no_target_record,train
86,ชุมพร,2006,4,2006-04,2006-03,,27.754516129032258,49.23,74.25225806451614,20.614838709677418,31,31,31,31,31,0,no_target_record,train
86,ชุมพร,2006,5,2006-05,2006-04,1597.0,28.287,69.29000000000002,74.12266666666666,20.508333333333333,30,30,30,30,30,1,,train
86,ชุมพร,2006,6,2006-06,2006-05,9631.0,26.896774193548385,313.3899999999999,84.35,17.66032258064516,31,31,31,31,31,1,,train
86,ชุมพร,2006,7,2006-07,2006-06,26849.0,25.988666666666667,213.24,88.91499999999999,18.438,30,30,30,30,30,1,,train
86,ชุมพร,2006,8,2006-08,2006-07,25552.0,25.784193548387094,411.86,89.48193548387097,15.091612903225805,31,31,31,31,31,1,,train
86,ชุมพร,2006,9,2006-09,2006-08,7486.0,25.320967741935487,477.2799999999999,90.35516129032258,15.18483870967742,31,31,31,31,31,1,,train
86,ชุมพร,2006,10,2006-10,2006-09,2249.0,25.245,305.96,89.99233333333333,17.583000000000002,30,30,30,30,30,1,,train
86,ชุมพร,2006,11,2006-11,2006-10,524.0,25.86032258064516,275.16,88.27064516129032,17.111290322580647,31,31,31,31,31,1,,train
86,ชุมพร,2006,12,2006-12,2006-11,973.0,26.23166666666667,45.28,83.25833333333334,17.529333333333334,30,30,30,30,30,1,,train
86,ชุมพร,2007,1,2007-01,2006-12,,24.903548387096773,85.44000000000001,80.78903225806452,16.225483870967743,31,31,31,31,31,0,no_target_record,train
86,ชุมพร,2007,2,2007-02,2007-01,1602.0,25.22741935483871,17.96,77.24580645161289,17.019032258064517,31,31,31,31,31,1,,train
86,ชุมพร,2007,3,2007-03,2007-02,668.0,27.085,3.6100000000000003,66.67535714285715,21.029642857142857,28,28,28,28,28,1,,train
86,ชุมพร,2007,4,2007-04,2007-03,,29.223548387096773,34.58000000000001,62.163225806451614,21.620967741935484,31,31,31,31,31,0,no_target_record,train
86,ชุมพร,2007,5,2007-05,2007-04,5208.0,29.126666666666665,146.68,69.47566666666667,20.165333333333333,30,30,30,30,30,1,,train
86,ชุมพร,2007,6,2007-06,2007-05,15890.0,26.361290322580647,388.89,88.84483870967742,16.851290322580645,31,31,31,31,31,1,,train
86,ชุมพร,2007,7,2007-07,2007-06,37522.0,26.363333333333333,234.96999999999997,89.05733333333333,19.125999999999998,30,30,30,30,30,1,,train
86,ชุมพร,2007,8,2007-08,2007-07,43798.0,25.87,406.30999999999995,89.3674193548387,15.056129032258065,31,31,31,31,31,1,,train
86,ชุมพร,2007,9,2007-09,2007-08,16424.0,25.583870967741937,250.49,90.02193548387096,17.13032258064516,31,31,31,31,31,1,,train
86,ชุมพร,2007,10,2007-10,2007-09,3071.0,25.590333333333334,272.02,90.00533333333333,17.437333333333335,30,30,30,30,30,1,,train
86,ชุมพร,2007,11,2007-11,2007-10,5476.0,25.2958064516129,498.94000000000005,90.74967741935482,13.433225806451613,31,31,31,31,31,1,,train
86,ชุมพร,2007,12,2007-12,2007-11,3873.0,24.642,137.16,86.134,15.020999999999999,30,30,30,30,30,1,,train
86,ชุมพร,2008,1,2008-01,2007-12,,25.13806451612903,17.94,81.87129032258065,16.89,31,31,31,31,31,0,no_target_record,train
86,ชุมพร,2008,2,2008-02,2008-01,,25.803870967741933,27.17,77.04774193548387,17.309354838709677,31,31,31,31,31,0,no_target_record,train
86,ชุมพร,2008,3,2008-03,2008-02,,26.494137931034484,71.35,74.50827586206896,17.236896551724136,29,29,29,29,29,0,no_target_record,train
86,ชุมพร,2008,4,2008-04,2008-03,,27.773548387096774,48.86000000000001,71.04645161290323,20.24516129032258,31,31,31,31,31,0,no_target_record,train
86,ชุมพร,2008,5,2008-05,2008-04,5100.0,28.608,126.83,71.185,19.781333333333333,30,30,30,30,30,1,,train
86,ชุมพร,2008,6,2008-06,2008-05,15862.0,26.07709677419355,486.32,87.8367741935484,16.96677419354839,31,31,31,31,31,1,,train
86,ชุมพร,2008,7,2008-07,2008-06,20107.0,25.822333333333333,338.50000000000006,89.78866666666666,17.005,30,30,30,30,30,1,,train
86,ชุมพร,2008,8,2008-08,2008-07,27570.0,25.350322580645162,222.34000000000003,89.49806451612903,16.370645161290323,31,31,31,31,31,1,,train
86,ชุมพร,2008,9,2008-09,2008-08,23496.0,25.608387096774194,146.0,88.64,19.27064516129032,31,31,31,31,31,1,,train
86,ชุมพร,2008,10,2008-10,2008-09,3802.0,25.50133333333333,365.36,89.313,16.615,30,30,30,30,30,1,,train
86,ชุมพร,2008,11,2008-11,2008-10,3279.0,26.030967741935484,205.14000000000001,87.57000000000001,16.13774193548387,31,31,31,31,31,1,,train
86,ชุมพร,2008,12,2008-12,2008-11,1368.0,25.130333333333333,243.27,87.58166666666666,12.351,30,30,30,30,30,1,,train
86,ชุมพร,2009,1,2009-01,2008-12,2517.0,24.12258064516129,4.43,81.84451612903226,16.450645161290325,31,31,31,31,31,1,,train
86,ชุมพร,2009,2,2009-02,2009-01,2517.0,23.92225806451613,12.120000000000003,76.19354838709677,18.063548387096777,31,31,31,31,31,1,,train
86,ชุมพร,2009,3,2009-03,2009-02,2517.0,27.54714285714286,0.4,67.19357142857143,20.143214285714286,28,28,28,28,28,1,,train
86,ชุมพร,2009,4,2009-04,2009-03,,27.952903225806452,99.88000000000002,71.90354838709678,21.188387096774196,31,31,31,31,31,0,no_target_record,train
86,ชุมพร,2009,5,2009-05,2009-04,3831.0,27.29366666666667,220.06000000000003,82.90166666666667,19.562666666666665,30,30,30,30,30,1,,train
86,ชุมพร,2009,6,2009-06,2009-05,9257.0,26.44741935483871,309.25,87.49,17.90774193548387,31,31,31,31,31,1,,train
86,ชุมพร,2009,7,2009-07,2009-06,35753.0,26.255,363.48,89.50666666666666,18.79866666666667,30,30,30,30,30,1,,train
86,ชุมพร,2009,8,2009-08,2009-07,35778.0,25.811290322580643,448.29999999999995,90.06516129032258,16.43258064516129,31,31,31,31,31,1,,train
86,ชุมพร,2009,9,2009-09,2009-08,13984.0,26.009032258064515,315.21000000000004,89.12451612903226,18.348064516129032,31,31,31,31,31,1,,train
86,ชุมพร,2009,10,2009-10,2009-09,9847.0,25.581666666666667,369.23999999999995,90.352,15.79,30,30,30,30,30,1,,train
86,ชุมพร,2009,11,2009-11,2009-10,4260.0,25.370645161290323,218.23999999999998,89.55483870967741,17.106774193548386,31,31,31,31,31,1,,train
86,ชุมพร,2009,12,2009-12,2009-11,2517.0,25.774,119.96,83.229,17.328666666666667,30,30,30,30,30,1,,train
86,ชุมพร,2010,1,2010-01,2009-12,33.0,25.59967741935484,54.36999999999999,81.69193548387096,16.05258064516129,31,31,31,31,31,1,,train
86,ชุมพร,2010,2,2010-02,2010-01,,26.06064516129032,57.06999999999999,78.72419354838709,17.61774193548387,31,31,31,31,31,0,no_target_record,train
86,ชุมพร,2010,3,2010-03,2010-02,2632.0,27.80785714285714,8.61,70.03142857142856,21.168928571428573,28,28,28,28,28,1,,train
86,ชุมพร,2010,4,2010-04,2010-03,26.0,29.160645161290322,94.55,65.54677419354839,21.15096774193548,31,31,31,31,31,1,,train
86,ชุมพร,2010,5,2010-05,2010-04,2143.0,30.689,15.65,61.48833333333334,22.812333333333335,30,30,30,30,30,1,,train
86,ชุมพร,2010,6,2010-06,2010-05,1256.0,29.391612903225806,202.81,73.84225806451613,20.22774193548387,31,31,31,31,31,1,,train
86,ชุมพร,2010,7,2010-07,2010-06,3393.0,26.629,205.47,87.13066666666667,17.89,30,30,30,30,30,1,,train
86,ชุมพร,2010,8,2010-08,2010-07,24515.0,25.963548387096775,285.51,88.6383870967742,18.23774193548387,31,31,31,31,31,1,,train
86,ชุมพร,2010,9,2010-09,2010-08,12810.0,25.72193548387097,327.55,89.24645161290321,16.88741935483871,31,31,31,31,31,1,,train
86,ชุมพร,2010,10,2010-10,2010-09,9701.0,25.952333333333335,221.49999999999997,86.98966666666666,18.332333333333334,30,30,30,30,30,1,,train
86,ชุมพร,2010,11,2010-11,2010-10,9153.0,25.466129032258067,354.68999999999994,88.70225806451613,14.333225806451612,31,31,31,31,31,1,,train
86,ชุมพร,2010,12,2010-12,2010-11,469.0,24.955666666666666,254.92000000000002,89.56766666666667,12.100666666666665,30,30,30,30,30,1,,train
86,ชุมพร,2011,1,2011-01,2010-12,,24.942903225806454,170.89,85.71935483870968,15.179032258064517,31,31,31,31,31,0,no_target_record,train
86,ชุมพร,2011,2,2011-02,2011-01,,24.794516129032257,46.059999999999995,81.48645161290322,14.710967741935484,31,31,31,31,31,0,no_target_record,train
86,ชุมพร,2011,3,2011-03,2011-02,,26.351428571428574,24.92,76.46142857142857,19.449285714285715,28,28,28,28,28,0,no_target_record,train
86,ชุมพร,2011,4,2011-04,2011-03,,26.075483870967744,457.62999999999994,81.72645161290322,15.349032258064517,31,31,31,31,31,0,no_target_record,train
86,ชุมพร,2011,5,2011-05,2011-04,,26.740666666666666,62.81,83.08099999999999,21.529999999999998,30,30,30,30,30,0,no_target_record,train
86,ชุมพร,2011,6,2011-06,2011-05,6468.0,26.531290322580645,311.60000000000014,87.83258064516129,20.124193548387098,31,31,31,31,31,1,,train
86,ชุมพร,2011,7,2011-07,2011-06,9670.0,26.229333333333333,297.83000000000004,89.09633333333333,16.772000000000002,30,30,30,30,30,1,,train
86,ชุมพร,2011,8,2011-08,2011-07,18707.0,25.55806451612903,456.6000000000001,89.74225806451614,17.1,31,31,31,31,31,1,,train
86,ชุมพร,2011,9,2011-09,2011-08,13030.0,25.519354838709678,306.13999999999993,88.69709677419355,17.825806451612905,31,31,31,31,31,1,,train
86,ชุมพร,2011,10,2011-10,2011-09,1492.0,25.25133333333333,388.03000000000003,89.633,16.277666666666665,30,30,30,30,30,1,,train
86,ชุมพร,2011,11,2011-11,2011-10,1660.0,25.511290322580646,227.24999999999997,89.06032258064516,16.989032258064515,31,31,31,31,31,1,,train
86,ชุมพร,2011,12,2011-12,2011-11,5065.0,25.945333333333334,114.66000000000003,85.33566666666667,16.247333333333334,30,30,30,30,30,1,,train
86,ชุมพร,2012,1,2012-01,2011-12,3323.0,24.59161290322581,68.26,82.8083870967742,14.095161290322581,31,31,31,31,31,1,,train
86,ชุมพร,2012,2,2012-02,2012-01,2135.0,25.351935483870967,275.61,84.43677419354839,16.131290322580647,31,31,31,31,31,1,,train
86,ชุมพร,2012,3,2012-03,2012-02,726.0,26.38344827586207,69.16,81.56413793103448,19.274137931034485,29,29,29,29,29,1,,train
86,ชุมพร,2012,4,2012-04,2012-03,1782.0,27.21516129032258,82.81,77.55645161290323,21.0458064516129,31,31,31,31,31,1,,train
86,ชุมพร,2012,5,2012-05,2012-04,4291.0,27.482000000000003,145.11999999999998,81.252,20.082,30,30,30,30,30,1,,train
86,ชุมพร,2012,6,2012-06,2012-05,11674.0,26.489032258064515,352.72,87.61225806451613,18.65032258064516,31,31,31,31,31,1,,train
86,ชุมพร,2012,7,2012-07,2012-06,20542.0,26.038,442.07,88.85233333333333,17.697999999999997,30,30,30,30,30,1,,train
86,ชุมพร,2012,8,2012-08,2012-07,21147.0,25.52806451612903,279.21,89.8541935483871,18.38193548387097,31,31,31,31,31,1,,train
86,ชุมพร,2012,9,2012-09,2012-08,25020.0,25.640645161290323,328.16999999999996,88.2683870967742,19.184193548387096,31,31,31,31,31,1,,train
86,ชุมพร,2012,10,2012-10,2012-09,10023.0,24.893666666666665,457.93,90.90866666666668,16.57633333333333,30,30,30,30,30,1,,train
86,ชุมพร,2012,11,2012-11,2012-10,4401.0,25.812580645161294,212.97,86.89645161290322,17.710967741935484,31,31,31,31,31,1,,train
86,ชุมพร,2012,12,2012-12,2012-11,4962.0,26.166999999999998,336.19000000000005,87.185,13.929666666666666,30,30,30,30,30,1,,train
86,ชุมพร,2013,1,2013-01,2012-12,6822.0,25.86064516129032,138.35999999999999,85.2683870967742,15.651935483870966,31,31,31,31,31,1,,train
86,ชุมพร,2013,2,2013-02,2013-01,4955.0,25.594193548387096,67.21000000000001,81.85677419354839,17.026129032258062,31,31,31,31,31,1,,train
86,ชุมพร,2013,3,2013-03,2013-02,,26.34892857142857,38.910000000000004,80.78571428571429,16.9175,28,28,28,28,28,0,no_target_record,train
86,ชุมพร,2013,4,2013-04,2013-03,,28.53322580645161,31.310000000000002,70.8025806451613,22.56064516129032,31,31,31,31,31,0,no_target_record,train
86,ชุมพร,2013,5,2013-05,2013-04,,28.213,195.72,75.65100000000001,20.01833333333333,30,30,30,30,30,0,no_target_record,train
86,ชุมพร,2013,6,2013-06,2013-05,6975.0,26.873225806451615,228.74,86.54193548387097,19.384516129032257,31,31,31,31,31,1,,train
86,ชุมพร,2013,7,2013-07,2013-06,12133.0,26.08,401.84,89.88933333333333,17.538333333333334,30,30,30,30,30,1,,train
86,ชุมพร,2013,8,2013-08,2013-07,38330.0,25.32741935483871,525.03,89.81709677419354,16.123548387096772,31,31,31,31,31,1,,train
86,ชุมพร,2013,9,2013-09,2013-08,32752.0,25.588387096774195,229.81999999999996,89.04709677419355,18.568387096774195,31,31,31,31,31,1,,train
86,ชุมพร,2013,10,2013-10,2013-09,8944.0,25.485333333333333,342.28999999999996,89.325,16.950333333333333,30,30,30,30,30,1,,train
86,ชุมพร,2013,11,2013-11,2013-10,9630.0,25.52741935483871,313.54,87.67258064516129,16.059677419354838,31,31,31,31,31,1,,train
86,ชุมพร,2013,12,2013-12,2013-11,6505.0,25.868333333333332,409.35,87.17166666666667,14.837666666666667,30,30,30,30,30,1,,train
86,ชุมพร,2014,1,2014-01,2013-12,605.0,23.881290322580643,26.64,81.98129032258065,15.881612903225806,31,31,31,31,31,1,,train
86,ชุมพร,2014,2,2014-02,2014-01,907.0,24.021935483870966,3.0199999999999996,76.5525806451613,18.45774193548387,31,31,31,31,31,1,,train
86,ชุมพร,2014,3,2014-03,2014-02,453.0,26.72357142857143,3.02,68.92142857142856,21.177142857142858,28,28,28,28,28,1,,train
86,ชุมพร,2014,4,2014-04,2014-03,302.0,29.177096774193547,22.74,61.377096774193554,22.41,31,31,31,31,31,1,,train
86,ชุมพร,2014,5,2014-05,2014-04,756.0,29.822666666666667,74.47999999999999,65.79033333333334,22.229666666666667,30,30,30,30,30,1,,train
86,ชุมพร,2014,6,2014-06,2014-05,5894.0,28.475161290322582,161.48999999999998,77.0283870967742,20.95483870967742,31,31,31,31,31,1,,train
86,ชุมพร,2014,7,2014-07,2014-06,29170.0,26.702333333333335,534.29,88.702,16.975,30,30,30,30,30,1,,train
86,ชุมพร,2014,8,2014-08,2014-07,79198.0,25.890967741935484,583.4999999999999,89.74548387096775,15.830645161290322,31,31,31,31,31,1,,train
86,ชุมพร,2014,9,2014-09,2014-08,23125.0,25.769354838709678,271.74,88.54935483870969,18.91,31,31,31,31,31,1,,train
86,ชุมพร,2014,10,2014-10,2014-09,8010.0,25.76066666666667,326.86,87.44766666666666,18.85533333333333,30,30,30,30,30,1,,train
86,ชุมพร,2014,11,2014-11,2014-10,1814.0,26.014193548387098,346.5300000000001,87.35645161290323,15.824516129032258,31,31,31,31,31,1,,train
86,ชุมพร,2014,12,2014-12,2014-11,907.0,26.214,262.56,87.00033333333334,15.517333333333333,30,30,30,30,30,1,,train
86,ชุมพร,2015,1,2015-01,2014-12,1282.0,25.231290322580644,99.85,82.98967741935483,15.358387096774194,31,31,31,31,31,1,,train
86,ชุมพร,2015,2,2015-02,2015-01,685.0,24.503225806451614,41.19,79.6083870967742,17.637096774193548,31,31,31,31,31,1,,train
86,ชุมพร,2015,3,2015-03,2015-02,100.0,26.31392857142857,2.33,72.20142857142858,20.49285714285714,28,28,28,28,28,1,,train
86,ชุมพร,2015,4,2015-04,2015-03,37.0,29.149354838709677,33.559999999999995,64.48838709677419,21.434193548387096,31,31,31,31,31,1,,train
86,ชุมพร,2015,5,2015-05,2015-04,212.0,29.000333333333334,137.31,69.19433333333333,19.955,30,30,30,30,30,1,,train
86,ชุมพร,2015,6,2015-06,2015-05,10072.0,27.71548387096774,159.28,82.12193548387097,21.098064516129032,31,31,31,31,31,1,,train
86,ชุมพร,2015,7,2015-07,2015-06,33900.0,26.655666666666665,277.63000000000005,85.68266666666666,17.31,30,30,30,30,30,1,,train
86,ชุมพร,2015,8,2015-08,2015-07,44905.0,26.24806451612903,327.19,87.95225806451613,17.88806451612903,31,31,31,31,31,1,,train
86,ชุมพร,2015,9,2015-09,2015-08,15935.0,25.80838709677419,370.39,88.73032258064515,17.300967741935484,31,31,31,31,31,1,,train
86,ชุมพร,2015,10,2015-10,2015-09,5901.0,25.58533333333333,448.07,89.58666666666666,17.96033333333333,30,30,30,30,30,1,,train
86,ชุมพร,2015,11,2015-11,2015-10,5216.0,26.29290322580645,210.68999999999997,87.76354838709678,16.48741935483871,31,31,31,31,31,1,,train
86,ชุมพร,2015,12,2015-12,2015-11,6250.0,26.124666666666666,255.00000000000003,88.84566666666666,13.942666666666666,30,30,30,30,30,1,,train
86,ชุมพร,2016,1,2016-01,2015-12,4323.0,25.997096774193547,138.6,84.54096774193549,15.255806451612903,31,31,31,31,31,1,,train
86,ชุมพร,2016,2,2016-02,2016-01,6320.0,26.006774193548388,107.62,82.8532258064516,17.90516129032258,31,31,31,31,31,1,,train
86,ชุมพร,2016,3,2016-03,2016-02,2709.0,25.99551724137931,12.610000000000001,77.10172413793103,18.99655172413793,29,29,29,29,29,1,,train
86,ชุมพร,2016,4,2016-04,2016-03,137.0,29.059677419354838,60.92999999999999,66.19032258064516,22.19483870967742,31,31,31,31,31,1,,train
86,ชุมพร,2016,5,2016-05,2016-04,328.0,30.723,12.85,62.82566666666666,23.290000000000003,30,30,30,30,30,1,,train
86,ชุมพร,2016,6,2016-06,2016-05,2928.0,29.796774193548387,252.82000000000005,70.18774193548387,19.331290322580646,31,31,31,31,31,1,,train
86,ชุมพร,2016,7,2016-07,2016-06,28086.0,26.384999999999998,276.25,87.79966666666665,17.763333333333332,30,30,30,30,30,1,,train
86,ชุมพร,2016,8,2016-08,2016-07,6813.0,25.970322580645163,337.5,89.02645161290323,16.905161290322578,31,31,31,31,31,1,,train
86,ชุมพร,2016,9,2016-09,2016-08,48334.0,25.984193548387097,401.9900000000001,90.20290322580645,17.575806451612905,31,31,31,31,31,1,,train
86,ชุมพร,2016,10,2016-10,2016-09,31671.0,25.279,346.51,90.55,16.809666666666665,30,30,30,30,30,1,,train
86,ชุมพร,2016,11,2016-11,2016-10,2052.0,25.30548387096774,434.3199999999999,90.12516129032258,14.614516129032259,31,31,31,31,31,1,,train
86,ชุมพร,2016,12,2016-12,2016-11,3106.0,26.06066666666667,149.21,88.32600000000001,15.998666666666667,30,30,30,30,30,1,,train
86,ชุมพร,2017,1,2017-01,2016-12,1702.0,25.008064516129032,280.90999999999997,88.06806451612904,12.247096774193547,31,31,31,31,31,1,,train
86,ชุมพร,2017,2,2017-02,2017-01,2137.0,24.890967741935484,598.9,87.64741935483872,12.963870967741935,31,31,31,31,31,1,,train
86,ชุมพร,2017,3,2017-03,2017-02,868.0,25.482499999999998,55.97,80.82571428571428,19.705357142857142,28,28,28,28,28,1,,train
86,ชุมพร,2017,4,2017-04,2017-03,114.0,27.407096774193548,80.6,77.34903225806453,21.08709677419355,31,31,31,31,31,1,,train
86,ชุมพร,2017,5,2017-05,2017-04,1143.0,27.321666666666665,124.54,82.38266666666667,19.23033333333333,30,30,30,30,30,1,,train
86,ชุมพร,2017,6,2017-06,2017-05,1257.0,27.364516129032257,366.46,86.30967741935484,17.510322580645163,31,31,31,31,31,1,,train
86,ชุมพร,2017,7,2017-07,2017-06,14556.0,26.325,303.84999999999997,88.71133333333334,18.169666666666668,30,30,30,30,30,1,,train
86,ชุมพร,2017,8,2017-08,2017-07,56862.0,25.688709677419357,428.40999999999997,89.1783870967742,15.942580645161291,31,31,31,31,31,1,,train
86,ชุมพร,2017,9,2017-09,2017-08,20920.0,25.754516129032258,352.88000000000005,90.20806451612903,18.583870967741937,31,31,31,31,31,1,,train
86,ชุมพร,2017,10,2017-10,2017-09,9951.0,26.073,289.97,89.30666666666666,18.126666666666665,30,30,30,30,30,1,,train
86,ชุมพร,2017,11,2017-11,2017-10,3839.0,26.001612903225805,188.92999999999998,88.26580645161292,17.12451612903226,31,31,31,31,31,1,,train
86,ชุมพร,2017,12,2017-12,2017-11,903.0,25.61,218.08000000000004,89.11066666666667,12.940666666666667,30,30,30,30,30,1,,train
86,ชุมพร,2018,1,2018-01,2017-12,7352.0,24.859032258064516,204.32000000000005,85.23193548387097,14.896451612903226,31,31,31,31,31,1,,train
86,ชุมพร,2018,2,2018-02,2018-01,9735.0,25.485806451612902,64.63,83.19032258064516,16.558709677419355,31,31,31,31,31,1,,train
86,ชุมพร,2018,3,2018-03,2018-02,6361.0,26.018571428571427,56.99,78.94785714285715,19.185,28,28,28,28,28,1,,train
86,ชุมพร,2018,4,2018-04,2018-03,139.0,28.18290322580645,69.97,72.92290322580645,21.468709677419355,31,31,31,31,31,1,,train
86,ชุมพร,2018,5,2018-05,2018-04,5897.0,28.004666666666665,248.19000000000005,76.95466666666667,19.238666666666667,30,30,30,30,30,1,,train
86,ชุมพร,2018,6,2018-06,2018-05,11051.0,27.323870967741936,239.50000000000003,84.28548387096774,20.075483870967744,31,31,31,31,31,1,,train
86,ชุมพร,2018,7,2018-07,2018-06,38167.0,26.027333333333335,398.64,88.14833333333333,16.733999999999998,30,30,30,30,30,1,,train
86,ชุมพร,2018,8,2018-08,2018-07,40163.0,25.88193548387097,474.65,89.48096774193547,14.870000000000001,31,31,31,31,31,1,,train
86,ชุมพร,2018,9,2018-09,2018-08,13620.0,25.613548387096774,490.13,89.88225806451612,14.866451612903226,31,31,31,31,31,1,,train
86,ชุมพร,2018,10,2018-10,2018-09,9333.0,25.723666666666666,252.51999999999998,88.57833333333333,17.69,30,30,30,30,30,1,,train
86,ชุมพร,2018,11,2018-11,2018-10,7770.0,26.27806451612903,294.81999999999994,86.92677419354838,16.08516129032258,31,31,31,31,31,1,,train
86,ชุมพร,2018,12,2018-12,2018-11,5185.0,26.17733333333333,260.02000000000004,85.93033333333332,15.626,30,30,30,30,30,1,,train
86,ชุมพร,2019,1,2019-01,2018-12,11081.0,25.925161290322578,166.86999999999998,87.27161290322582,13.803548387096775,31,31,31,31,31,1,,train
86,ชุมพร,2019,2,2019-02,2019-01,14192.0,25.296451612903226,166.70000000000002,84.60774193548387,15.651612903225805,31,31,31,31,31,1,,train
86,ชุมพร,2019,3,2019-03,2019-02,7054.0,26.407857142857143,30.31,80.38142857142857,20.80535714285714,28,28,28,28,28,1,,train
86,ชุมพร,2019,4,2019-04,2019-03,1111.0,28.54290322580645,17.0,69.39290322580645,22.51290322580645,31,31,31,31,31,1,,train
86,ชุมพร,2019,5,2019-05,2019-04,1055.0,30.309,65.72,65.27733333333333,22.293,30,30,30,30,30,1,,train
86,ชุมพร,2019,6,2019-06,2019-05,6304.0,27.318387096774195,282.74,84.32645161290323,20.029354838709676,31,31,31,31,31,1,,train
86,ชุมพร,2019,7,2019-07,2019-06,31661.0,26.762333333333334,326.01000000000005,88.69866666666667,16.790333333333333,30,30,30,30,30,1,,train
86,ชุมพร,2019,8,2019-08,2019-07,127534.0,26.343225806451613,263.68,87.41258064516128,18.723870967741938,31,31,31,31,31,1,,train
86,ชุมพร,2019,9,2019-09,2019-08,39410.0,25.783870967741933,583.43,90.3167741935484,14.892903225806451,31,31,31,31,31,1,,train
86,ชุมพร,2019,10,2019-10,2019-09,6471.0,25.591666666666665,369.2300000000001,89.73366666666668,15.854333333333333,30,30,30,30,30,1,,train
86,ชุมพร,2019,11,2019-11,2019-10,10526.0,26.54548387096774,207.98999999999998,86.1174193548387,17.543225806451613,31,31,31,31,31,1,,train
86,ชุมพร,2019,12,2019-12,2019-11,21330.0,26.081000000000003,185.43,83.94933333333333,16.818333333333335,30,30,30,30,30,1,,train
86,ชุมพร,2020,1,2020-01,2019-12,2556.0,24.888387096774192,57.72999999999999,83.17935483870967,16.9541935483871,31,31,31,31,31,1,,train
86,ชุมพร,2020,2,2020-02,2020-01,1383.0,26.19,22.46,78.80064516129033,18.128387096774194,31,31,31,31,31,1,,train
86,ชุมพร,2020,3,2020-03,2020-02,731.0,26.71,76.73,75.2896551724138,18.361379310344827,29,29,29,29,29,1,,train
86,ชุมพร,2020,4,2020-04,2020-03,316.0,29.813870967741938,0.09,61.33516129032258,23.309354838709677,31,31,31,31,31,1,,train
86,ชุมพร,2020,5,2020-05,2020-04,8015.0,29.630333333333333,139.32,67.57300000000001,19.733999999999998,30,30,30,30,30,1,,train
86,ชุมพร,2020,6,2020-06,2020-05,39507.0,28.72935483870968,183.3,78.06161290322581,20.319032258064517,31,31,31,31,31,1,,train
86,ชุมพร,2020,7,2020-07,2020-06,86114.0,26.261000000000003,385.71,89.412,17.706333333333337,30,30,30,30,30,1,,train
86,ชุมพร,2020,8,2020-08,2020-07,61818.0,26.100967741935484,318.05,88.02483870967743,18.91483870967742,31,31,31,31,31,1,,train
86,ชุมพร,2020,9,2020-09,2020-08,78454.0,26.247096774193547,281.74,87.79709677419355,18.480967741935483,31,31,31,31,31,1,,train
86,ชุมพร,2020,10,2020-10,2020-09,30302.0,26.061666666666667,406.48,89.12100000000001,17.169666666666668,30,30,30,30,30,1,,train
86,ชุมพร,2020,11,2020-11,2020-10,3778.0,25.47193548387097,436.2,89.57645161290323,14.249677419354839,31,31,31,31,31,1,,train
86,ชุมพร,2020,12,2020-12,2020-11,2578.0,26.08,139.88,86.57199999999999,16.415333333333333,30,30,30,30,30,1,,train
86,ชุมพร,2021,1,2021-01,2020-12,2614.0,25.002903225806453,229.92000000000002,85.37612903225806,15.10483870967742,31,31,31,31,31,1,,train
86,ชุมพร,2021,2,2021-02,2021-01,2958.0,24.635483870967743,17.970000000000002,80.11290322580645,16.999354838709678,31,31,31,31,31,1,,train
86,ชุมพร,2021,3,2021-03,2021-02,2270.0,26.54,16.31,74.33785714285715,20.778214285714284,28,28,28,28,28,1,,train
86,ชุมพร,2021,4,2021-04,2021-03,344.0,28.78258064516129,18.799999999999997,66.6325806451613,20.991290322580646,31,31,31,31,31,1,,train
86,ชุมพร,2021,5,2021-05,2021-04,8701.0,27.58566666666667,150.35999999999999,78.55533333333332,20.22233333333333,30,30,30,30,30,1,,train
86,ชุมพร,2021,6,2021-06,2021-05,44741.0,27.42290322580645,293.88,84.30290322580645,18.655483870967743,31,31,31,31,31,1,,train
86,ชุมพร,2021,7,2021-07,2021-06,106573.0,26.365666666666666,247.52999999999997,87.82199999999999,19.611333333333334,30,30,30,30,30,1,,train
86,ชุมพร,2021,8,2021-08,2021-07,72013.0,26.131612903225808,553.31,89.56290322580645,15.521290322580644,31,31,31,31,31,1,,train
86,ชุมพร,2021,9,2021-09,2021-08,83912.0,25.845161290322583,439.05999999999995,90.20645161290322,17.771290322580644,31,31,31,31,31,1,,train
86,ชุมพร,2021,10,2021-10,2021-09,17676.0,25.721,340.47,89.09333333333333,16.798333333333332,30,30,30,30,30,1,,train
86,ชุมพร,2021,11,2021-11,2021-10,1066.0,25.869354838709675,528.65,89.43064516129031,14.552903225806451,31,31,31,31,31,1,,train
86,ชุมพร,2021,12,2021-12,2021-11,1032.0,25.740333333333336,561.39,90.591,11.419,30,30,30,30,30,1,,train
86,ชุมพร,2022,1,2022-01,2021-12,5740.0,24.741612903225807,74.68000000000002,84.14387096774193,16.364838709677418,31,31,31,31,31,1,,validation
86,ชุมพร,2022,2,2022-02,2022-01,848.0,25.86193548387097,21.060000000000002,79.26,19.535806451612903,31,31,31,31,31,1,,validation
86,ชุมพร,2022,3,2022-03,2022-02,195.0,26.267857142857142,296.65,83.125,16.0025,28,28,28,28,28,1,,validation
86,ชุมพร,2022,4,2022-04,2022-03,,26.938064516129035,168.99,83.66645161290322,21.054516129032258,31,31,31,31,31,0,no_target_record,validation
86,ชุมพร,2022,5,2022-05,2022-04,5812.0,27.155666666666665,96.75999999999998,83.37666666666668,19.253666666666668,30,30,30,30,30,1,,validation
86,ชุมพร,2022,6,2022-06,2022-05,111499.0,26.495806451612903,610.92,88.67064516129032,14.80225806451613,31,31,31,31,31,1,,validation
86,ชุมพร,2022,7,2022-07,2022-06,53067.0,26.084,214.81999999999996,89.16866666666667,21.032666666666668,30,30,30,30,30,1,,validation
86,ชุมพร,2022,8,2022-08,2022-07,1617.0,26.121612903225806,471.84999999999997,89.64870967741936,16.35258064516129,31,31,31,31,31,1,,validation
86,ชุมพร,2022,9,2022-09,2022-08,340.0,26.011935483870968,224.47000000000003,89.11193548387097,17.850322580645162,31,31,31,31,31,1,,validation
86,ชุมพร,2022,10,2022-10,2022-09,10606.0,25.619000000000003,391.95000000000005,88.53066666666668,16.977333333333334,30,30,30,30,30,1,,validation
86,ชุมพร,2022,11,2022-11,2022-10,21796.0,25.510645161290324,566.4300000000001,89.95032258064516,14.434516129032257,31,31,31,31,31,1,,validation
86,ชุมพร,2022,12,2022-12,2022-11,49712.0,25.586666666666666,390.10999999999996,88.15433333333334,12.925,30,30,30,30,30,1,,validation
86,ชุมพร,2023,1,2023-01,2022-12,6677.0,24.856129032258064,164.61999999999998,84.96387096774194,14.851290322580645,31,31,31,31,31,1,,validation
86,ชุมพร,2023,2,2023-02,2023-01,6102.0,24.99516129032258,11.83,79.13483870967741,17.97225806451613,31,31,31,31,31,1,,validation
86,ชุมพร,2023,3,2023-03,2023-02,,26.674285714285713,58.56,75.93714285714285,19.332142857142856,28,28,28,28,28,0,no_target_record,validation
86,ชุมพร,2023,4,2023-04,2023-03,,28.457741935483874,10.7,67.58290322580646,21.806774193548385,31,31,31,31,31,0,no_target_record,validation
86,ชุมพร,2023,5,2023-05,2023-04,,30.388666666666666,18.81,62.67033333333334,21.845333333333333,30,30,30,30,30,0,no_target_record,validation
86,ชุมพร,2023,6,2023-06,2023-05,169362.0,28.950322580645164,165.35,76.04967741935484,20.44,31,31,31,31,31,1,,validation
86,ชุมพร,2023,7,2023-07,2023-06,39944.0,26.971,308.1199999999999,86.836,17.564333333333334,30,30,30,30,30,1,,validation
86,ชุมพร,2023,8,2023-08,2023-07,6525.0,26.481612903225805,441.02,88.08290322580646,16.19967741935484,31,31,31,31,31,1,,validation
86,ชุมพร,2023,9,2023-09,2023-08,16193.0,26.458709677419357,238.68000000000004,88.68354838709678,19.36741935483871,31,31,31,31,31,1,,validation
86,ชุมพร,2023,10,2023-10,2023-09,11716.0,25.901666666666664,421.70000000000005,89.77266666666667,16.761666666666667,30,30,30,30,30,1,,validation
86,ชุมพร,2023,11,2023-11,2023-10,5388.0,26.33967741935484,244.16,88.40612903225806,16.633548387096774,31,31,31,31,31,1,,validation
86,ชุมพร,2023,12,2023-12,2023-11,9563.0,26.171,331.15000000000003,88.107,13.030000000000001,30,30,30,30,30,1,,validation
86,ชุมพร,2024,1,2024-01,2023-12,2234.0,26.02709677419355,100.91,85.68193548387096,15.725483870967743,31,31,31,31,31,1,,test
86,ชุมพร,2024,2,2024-02,2024-01,1856.0,26.58258064516129,65.6,80.63000000000001,16.488709677419354,31,31,31,31,31,1,,test
86,ชุมพร,2024,3,2024-03,2024-02,120.0,27.560344827586206,31.590000000000003,75.82413793103449,19.82344827586207,29,29,29,29,29,1,,test
86,ชุมพร,2024,4,2024-04,2024-03,,29.878387096774194,14.93,64.88032258064516,21.481612903225805,31,31,31,31,31,0,no_target_record,test
86,ชุมพร,2024,5,2024-05,2024-04,10000.0,32.737,5.099999999999999,53.81466666666667,23.588,30,30,30,30,30,1,,test
86,ชุมพร,2024,6,2024-06,2024-05,79730.0,29.99774193548387,183.89999999999998,72.95483870967742,18.854193548387098,31,31,31,31,31,1,,test
86,ชุมพร,2024,7,2024-07,2024-06,17773.0,27.331,283.61999999999995,85.15866666666666,16.878,30,30,30,30,30,1,,test
86,ชุมพร,2024,8,2024-08,2024-07,41615.0,26.411612903225805,455.7999999999999,88.86645161290323,15.334516129032258,31,31,31,31,31,1,,test
86,ชุมพร,2024,9,2024-09,2024-08,32675.0,26.559354838709677,216.01999999999995,89.23290322580644,19.496774193548386,31,31,31,31,31,1,,test
86,ชุมพร,2024,10,2024-10,2024-09,10770.0,26.416333333333334,341.53999999999996,88.72933333333334,16.352666666666668,30,30,30,30,30,1,,test
86,ชุมพร,2024,11,2024-11,2024-10,9979.0,26.60451612903226,298.77000000000004,88.56741935483872,16.391612903225806,31,31,31,31,31,1,,test
86,ชุมพร,2024,12,2024-12,2024-11,19822.0,26.514,398.04999999999995,87.72933333333334,13.468,30,30,30,30,30,1,,test
86,ชุมพร,2025,1,2025-01,2024-12,2219.0,25.166774193548385,317.97999999999996,85.86322580645162,14.81225806451613,31,31,31,31,31,1,,test
86,ชุมพร,2025,2,2025-02,2025-01,8006.0,24.46709677419355,19.990000000000002,80.0741935483871,18.17967741935484,31,31,31,31,31,1,,test
86,ชุมพร,2025,3,2025-03,2025-02,,26.415714285714284,135.71,78.1842857142857,17.45642857142857,28,28,28,28,28,0,no_target_record,test
86,ชุมพร,2025,4,2025-04,2025-03,,27.78516129032258,28.740000000000002,75.85903225806452,20.412580645161288,31,31,31,31,31,0,no_target_record,test
86,ชุมพร,2025,5,2025-05,2025-04,968.0,28.157,171.30999999999997,78.28266666666667,20.517,30,30,30,30,30,1,,test
86,ชุมพร,2025,6,2025-06,2025-05,100922.0,27.544838709677418,283.2,85.38870967741936,16.168064516129032,31,31,31,31,31,1,,test
86,ชุมพร,2025,7,2025-07,2025-06,120405.0,26.481333333333335,407.8,88.435,16.822333333333333,30,30,30,30,30,1,,test
86,ชุมพร,2025,8,2025-08,2025-07,8183.0,26.48677419354839,260.77,89.54903225806451,16.980967741935483,31,31,31,31,31,1,,test
86,ชุมพร,2025,9,2025-09,2025-08,12017.0,26.05483870967742,413.14,88.79774193548387,17.752903225806453,31,31,31,31,31,1,,test
86,ชุมพร,2025,10,2025-10,2025-09,10331.0,25.850666666666665,341.62000000000006,89.714,16.808333333333334,30,30,30,30,30,1,,test
86,ชุมพร,2025,11,2025-11,2025-10,9640.0,26.109354838709677,322.28,88.9025806451613,14.699677419354838,31,31,31,31,31,1,,test
86,ชุมพร,2025,12,2025-12,2025-11,6149.0,25.144333333333336,190.98999999999998,86.13766666666668,15.714666666666666,30,30,30,30,30,1,,test
86,ชุมพร,2026,1,2026-01,2025-12,,25.151290322580643,94.39999999999998,83.26290322580645,16.94677419354839,31,31,31,31,31,0,no_target_record,future_holdout
86,ชุมพร,2026,2,2026-02,2026-01,,24.746451612903225,9.750000000000002,77.17483870967742,18.100322580645162,31,31,31,31,31,0,no_target_record,future_holdout
86,ชุมพร,2026,3,2026-03,2026-02,,27.193214285714284,33.809999999999995,73.6217857142857,19.238928571428573,28,28,28,28,28,0,no_target_record,future_holdout
86,ชุมพร,2026,4,2026-04,2026-03,,28.824193548387097,27.689999999999998,64.42645161290322,22.23032258064516,31,31,31,31,31,0,no_target_record,future_holdout
86,ชุมพร,2026,5,2026-05,2026-04,,31.621,11.329999999999998,53.921,23.611333333333334,30,30,30,30,30,0,no_target_record,future_holdout
86,ชุมพร,2026,6,2026-06,2026-05,,28.05838709677419,326.41999999999996,81.11193548387097,17.44161290322581,31,31,31,31,31,0,no_target_record,future_holdout
86,ชุมพร,2026,7,2026-07,2026-06,,26.596666666666668,303.95000000000005,88.81033333333333,19.011333333333333,30,30,30,30,30,0,no_target_record,future_holdout
86,ชุมพร,2026,8,2026-08,2026-07,,26.53838709677419,372.40000000000003,89.09129032258065,15.931612903225806,31,31,31,31,31,0,no_target_record,future_holdout
86,ชุมพร,2026,9,2026-09,2026-08,,26.536451612903225,340.99999999999994,89.93645161290323,14.47,31,31,31,31,31,0,no_target_record,future_holdout
